Time,header.seq,header.stamp.secs,header.stamp.nsecs,header.frame_id,wrench.force.x,wrench.force.y,wrench.force.z,wrench.torque.x,wrench.torque.y,wrench.torque.z
1742955463.123132,5709,1742955463,122958704,ft_sensor0_wrench,0.050135135650634766,-0.023670196533203125,0.03272104263305664,-0.0005119740962982178,-0.0007649734616279602,0.00011810660362243652
1742955463.1296558,5710,1742955463,129584194,ft_sensor0_wrench,0.019772052764892578,-0.04123687744140625,-0.01514291763305664,-0.0009928643703460693,8.940696716308594e-05,0.0001096874475479126
1742955463.1363454,5711,1742955463,136250774,ft_sensor0_wrench,0.0327906608581543,-0.05472373962402344,0.032964229583740234,-0.0009918212890625,-0.00049620121717453,0.0005396455526351929
1742955463.1431372,5712,1742955463,142935363,ft_sensor0_wrench,-0.009551048278808594,-0.0051784515380859375,0.03298377990722656,0.0004411935806274414,-0.0002574324607849121,0.00031176209449768066
1742955463.1497421,5713,1742955463,149614378,ft_sensor0_wrench,0.04700040817260742,-0.05548095703125,0.009737968444824219,-0.0014341473579406738,-0.000699751079082489,0.00011827051639556885
1742955463.1564229,5714,1742955463,156251121,ft_sensor0_wrench,-0.0021262168884277344,0.008899688720703125,0.03314018249511719,-5.066394805908203e-07,-7.4729323387146e-06,0.00012382864952087402
1742955463.1630807,5715,1742955463,162936426,ft_sensor0_wrench,-0.008760929107666016,0.023143768310546875,0.031154632568359375,0.0008672773838043213,0.00047209858894348145,0.0003229975700378418
1742955463.1696477,5716,1742955463,169585098,ft_sensor0_wrench,-0.01189565658569336,-0.0086669921875,0.008171558380126953,-5.4895877838134766e-05,0.0005373209714889526,0.0003231465816497803
1742955463.1763973,5717,1742955463,176250479,ft_sensor0_wrench,-0.006404399871826172,-0.0078582763671875,0.07941722869873047,-6.183981895446777e-05,0.0004188045859336853,0.000324249267578125
1742955463.183084,5718,1742955463,182936091,ft_sensor0_wrench,0.02760791778564453,-0.0369415283203125,0.08091449737548828,-0.0005036890506744385,-0.0008238554000854492,9.940564632415771e-05
1742955463.189666,5719,1742955463,189587524,ft_sensor0_wrench,-0.04509782791137695,-0.0049610137939453125,0.033069610595703125,0.00044843554496765137,0.0002692900598049164,-0.00013691186904907227
1742955463.1963482,5720,1742955463,196249774,ft_sensor0_wrench,-0.0299835205078125,-0.04026222229003906,0.00816965103149414,-0.0005433261394500732,0.000819675624370575,8.237361907958984e-05
1742955463.2030149,5721,1742955463,202935462,ft_sensor0_wrench,0.01297616958618164,0.008090972900390625,-0.015210151672363281,0.0004329383373260498,-0.00019854307174682617,0.0003304779529571533
1742955463.209669,5722,1742955463,209589158,ft_sensor0_wrench,0.040204524993896484,-0.0061550140380859375,0.009670734405517578,-8.344650268554688e-06,-0.0009877011179924011,0.00033906102180480957
1742955463.2163863,5723,1742955463,216263401,ft_sensor0_wrench,0.056919097900390625,-0.03850555419921875,0.009337425231933594,-0.0005125701427459717,-0.0012184828519821167,-0.00011533498764038086
1742955463.2231164,5724,1742955463,222948796,ft_sensor0_wrench,0.056919097900390625,-0.03850555419921875,0.009337425231933594,-0.0005125701427459717,-0.0012184828519821167,-0.00011533498764038086
1742955463.2296977,5725,1742955463,229584686,ft_sensor0_wrench,0.07500696182250977,-0.0069103240966796875,0.009339332580566406,-2.4139881134033203e-05,-0.001500837504863739,0.00012543797492980957
1742955463.236363,5726,1742955463,236283755,ft_sensor0_wrench,0.022116661071777344,-0.03774833679199219,0.009668827056884766,-0.0004967749118804932,-0.0007053464651107788,9.828805923461914e-05
1742955463.2430518,5727,1742955463,242934511,ft_sensor0_wrench,-0.02633523941040039,-0.08690834045410156,-0.03819704055786133,-0.0014660954475402832,0.0004313848912715912,-0.00015091896057128906
1742955463.2496655,5728,1742955463,249584961,ft_sensor0_wrench,0.012346267700195312,-0.05531501770019531,-0.015300273895263672,-0.0005511343479156494,-0.00016055256128311157,0.00029762089252471924
1742955463.2563944,5729,1742955463,256303873,ft_sensor0_wrench,0.004657745361328125,-0.0059375762939453125,0.00975656509399414,-1.1026859283447266e-06,-0.00046097487211227417,-0.00010961294174194336
1742955463.263005,5730,1742955463,262934541,ft_sensor0_wrench,0.004657745361328125,-0.0059375762939453125,0.00975656509399414,-1.1026859283447266e-06,-0.00046097487211227417,-0.00010961294174194336
1742955463.2696385,5731,1742955463,269582846,ft_sensor0_wrench,-0.045085906982421875,-0.03945350646972656,0.05651998519897461,-0.0009767711162567139,0.0010107457637786865,-0.00012427568435668945
1742955463.2764165,5732,1742955463,276314927,ft_sensor0_wrench,0.015332698822021484,-0.022912979125976562,0.03305244445800781,-0.0004961788654327393,-0.0002518370747566223,0.0003317296504974365
1742955463.283072,5733,1742955463,282935430,ft_sensor0_wrench,0.066802978515625,-0.08380508422851562,0.03446149826049805,-0.0014336705207824707,-0.0017388686537742615,0.00031478703022003174
1742955463.2897303,5734,1742955463,289585091,ft_sensor0_wrench,0.018980979919433594,-0.06956100463867188,-0.013314247131347656,-0.0014189481735229492,-0.0006401240825653076,9.845197200775146e-05
1742955463.296469,5735,1742955463,296331171,ft_sensor0_wrench,0.039460182189941406,-0.0066928863525390625,0.009425163269042969,-1.6897916793823242e-05,-0.0009741112589836121,-0.00032323598861694336
1742955463.3030343,5736,1742955463,302935661,ft_sensor0_wrench,0.0003795623779296875,-0.022695541381835938,0.05603361129760742,-6.243586540222168e-05,-3.470480442047119e-05,9.080767631530762e-05
1742955463.3097188,5737,1742955463,309584416,ft_sensor0_wrench,-0.0027551651000976562,-0.05450630187988281,0.033050537109375,-0.0009846091270446777,3.0517578125e-05,9.09566879272461e-05
1742955463.3164253,5738,1742955463,316277927,ft_sensor0_wrench,0.0562891960144043,-0.10190963745117188,0.009247303009033203,-0.001496642827987671,-0.0011804960668087006,-0.0001482069492340088
1742955463.3230605,5739,1742955463,322935585,ft_sensor0_wrench,0.022116661071777344,-0.03774833679199219,0.009668827056884766,-0.0004967749118804932,-0.0007053464651107788,9.828805923461914e-05
1742955463.3296528,5740,1742955463,329583146,ft_sensor0_wrench,-0.023349761962890625,-0.05450630187988281,0.010155200958251953,-0.001411139965057373,0.0003401041030883789,-0.00011678040027618408
1742955463.3363895,5741,1742955463,336295369,ft_sensor0_wrench,0.015332698822021484,-0.022912979125976562,0.03305244445800781,-0.0004961788654327393,-0.0002518370747566223,0.0003317296504974365
1742955463.343037,5742,1742955463,342936035,ft_sensor0_wrench,0.015332698822021484,-0.022912979125976562,0.03305244445800781,-0.0004961788654327393,-0.0002518370747566223,0.0003317296504974365
1742955463.3496685,5743,1742955463,349585823,ft_sensor0_wrench,-0.0027551651000976562,-0.05450630187988281,0.033050537109375,-0.0009846091270446777,3.0517578125e-05,9.09566879272461e-05
1742955463.3563125,5744,1742955463,356249465,ft_sensor0_wrench,0.007014274597167969,-0.0369415283203125,0.058019161224365234,-0.0009301900863647461,-0.0005142688751220703,-0.00010834634304046631
1742955463.3631198,5745,1742955463,362943738,ft_sensor0_wrench,-0.005261898040771484,-0.022912979125976562,0.010157108306884766,-0.0009227097034454346,5.774945020675659e-05,0.00012399256229400635
1742955463.369676,5746,1742955463,369594355,ft_sensor0_wrench,0.02891254425048828,-0.08707618713378906,0.009736061096191406,-0.0019225776195526123,-0.0004173964262008667,-0.00012250244617462158
1742955463.3763325,5747,1742955463,376254048,ft_sensor0_wrench,-0.0021262168884277344,0.008899688720703125,0.03314018249511719,-5.066394805908203e-07,-7.4729323387146e-06,0.00012382864952087402
1742955463.3830338,5748,1742955463,382937450,ft_sensor0_wrench,-0.051091670989990234,0.03819847106933594,0.05462455749511719,0.0008751153945922852,0.001452326774597168,0.00010776519775390625
1742955463.3896983,5749,1742955463,389584073,ft_sensor0_wrench,-0.026219844818115234,0.05495643615722656,0.031242847442626953,0.0013629496097564697,0.0007164627313613892,0.0001150965690612793
1742955463.3964157,5750,1742955463,396250854,ft_sensor0_wrench,-0.0299835205078125,-0.04026222229003906,0.00816965103149414,-0.0005433261394500732,0.000819675624370575,8.237361907958984e-05
1742955463.403171,5751,1742955463,402935504,ft_sensor0_wrench,0.022276878356933594,-0.0728302001953125,0.007750034332275391,-0.0010547637939453125,6.217509508132935e-05,7.666647434234619e-05
1742955463.409657,5752,1742955463,409584669,ft_sensor0_wrench,0.004818916320800781,-0.041019439697265625,0.007838249206542969,-0.0005591213703155518,0.00030653923749923706,-0.00013124942779541016
1742955463.4163396,5753,1742955463,416251159,ft_sensor0_wrench,0.022276878356933594,-0.0728302001953125,0.007750034332275391,-0.0010547637939453125,6.217509508132935e-05,7.666647434234619e-05
1742955463.4230201,5754,1742955463,422936728,ft_sensor0_wrench,0.014702796936035156,-0.08631706237792969,0.03296232223510742,-0.0014802515506744385,-0.00021384656429290771,0.00029887259006500244
1742955463.4297392,5755,1742955463,429586145,ft_sensor0_wrench,-0.06478691101074219,-0.0395050048828125,0.008501052856445312,-0.0005275309085845947,0.0013328120112419128,0.00029599666595458984
1742955463.4363525,5756,1742955463,436251686,ft_sensor0_wrench,-0.0051116943359375,-0.023504257202148438,-0.015212059020996094,-5.549192428588867e-05,8.381158113479614e-05,8.970499038696289e-05
1742955463.4430642,5757,1742955463,442936570,ft_sensor0_wrench,-0.011118412017822266,0.054149627685546875,-0.01710796356201172,0.0017963945865631104,0.0005253925919532776,0.0003217458724975586
1742955463.4496648,5758,1742955463,449593023,ft_sensor0_wrench,-0.008760929107666016,0.023143768310546875,0.031154632568359375,0.0008672773838043213,0.00047209858894348145,0.0003229975700378418
1742955463.4563572,5759,1742955463,456248775,ft_sensor0_wrench,0.018467426300048828,0.008899688720703125,0.056035518646240234,0.0004259943962097168,-0.0003170594573020935,0.00033158063888549805
1742955463.4630313,5760,1742955463,462915003,ft_sensor0_wrench,0.005562305450439453,-0.040477752685546875,0.008083343505859375,-0.0005505383014678955,0.0002929568290710449,0.0005310624837875366
1742955463.469638,5761,1742955463,469581930,ft_sensor0_wrench,0.04700040817260742,-0.05548095703125,0.009737968444824219,-0.0014341473579406738,-0.000699751079082489,0.00011827051639556885
1742955463.4763384,5762,1742955463,476249569,ft_sensor0_wrench,0.02875041961669922,-0.05199432373046875,0.011654376983642578,-0.0013645589351654053,-0.001184910535812378,-0.00010086596012115479
1742955463.483067,5763,1742955463,482914616,ft_sensor0_wrench,0.021175384521484375,-0.06548309326171875,0.03686666488647461,-0.0017900466918945312,-0.001460924744606018,0.00012134015560150146
1742955463.489743,5764,1742955463,489590136,ft_sensor0_wrench,-0.03692960739135742,0.009656906127929688,0.03347206115722656,1.52587890625e-05,0.0005056634545326233,0.000337451696395874
1742955463.496379,5765,1742955463,496251046,ft_sensor0_wrench,-0.01503133773803711,-0.04047966003417969,-0.014811515808105469,-0.0009770691394805908,0.0006025433540344238,0.0003233104944229126
1742955463.5030715,5766,1742955463,502934815,ft_sensor0_wrench,-0.005890846252441406,-0.0863189697265625,0.010067462921142578,-0.0019067823886871338,9.573996067047119e-05,9.112060070037842e-05
1742955463.509659,5767,1742955463,509584120,ft_sensor0_wrench,-0.0027551651000976562,-0.05450630187988281,0.033050537109375,-0.0009846091270446777,3.0517578125e-05,9.09566879272461e-05
1742955463.5164826,5768,1742955463,516250152,ft_sensor0_wrench,0.015332698822021484,-0.022912979125976562,0.03305244445800781,-0.0004961788654327393,-0.0002518370747566223,0.0003317296504974365
1742955463.5230596,5769,1742955463,522944515,ft_sensor0_wrench,-0.055646419525146484,-0.0853424072265625,0.03338003158569336,-0.0014572441577911377,0.0008260048925876617,6.380677223205566e-05
1742955463.5296426,5770,1742955463,529584183,ft_sensor0_wrench,0.018467426300048828,0.008899688720703125,0.056035518646240234,0.0004259943962097168,-0.0003170594573020935,0.00033158063888549805
1742955463.5363436,5771,1742955463,536250897,ft_sensor0_wrench,0.06759309768676758,-0.05548095703125,0.03263282775878906,-0.0010076165199279785,-0.001009337604045868,0.00032602250576019287
1742955463.5430415,5772,1742955463,542945360,ft_sensor0_wrench,-0.023349761962890625,-0.05450630187988281,0.010155200958251953,-0.001411139965057373,0.0003401041030883789,-0.00011678040027618408
1742955463.5496564,5773,1742955463,549583938,ft_sensor0_wrench,-0.00824737548828125,-0.05531501770019531,-0.038195133209228516,-0.0009776651859283447,0.00014903396368026733,8.986890316009521e-05
1742955463.5563123,5774,1742955463,556249544,ft_sensor0_wrench,-0.05120706558227539,-0.10366630554199219,-0.014815330505371094,-0.0019539296627044678,0.00116724893450737,-0.0001582503318786621
1742955463.5630844,5775,1742955463,562935247,ft_sensor0_wrench,-0.0027551651000976562,-0.05450630187988281,0.033050537109375,-0.0009846091270446777,3.0517578125e-05,9.09566879272461e-05
1742955463.56967,5776,1742955463,569589912,ft_sensor0_wrench,-0.04744243621826172,-0.008449554443359375,0.008257389068603516,-4.7653913497924805e-05,0.0010640397667884827,-0.00012552738189697266
1742955463.5763311,5777,1742955463,576250845,ft_sensor0_wrench,-0.03912496566772461,0.0055789947509765625,-0.016709327697753906,0.0003863871097564697,0.0013264790177345276,0.000314563512802124
1742955463.58307,5778,1742955463,582940224,ft_sensor0_wrench,0.018467426300048828,0.008899688720703125,0.056035518646240234,0.0004259943962097168,-0.0003170594573020935,0.00033158063888549805
1742955463.5897653,5779,1742955463,589583752,ft_sensor0_wrench,0.040204524993896484,-0.0061550140380859375,0.009670734405517578,-8.344650268554688e-06,-0.0009877011179924011,0.00033906102180480957
1742955463.596346,5780,1742955463,596249223,ft_sensor0_wrench,-0.041437625885009766,-0.08609962463378906,0.01015329360961914,-0.0018995702266693115,0.0006224550306797028,-0.00035756826400756836
1742955463.6030972,5781,1742955463,602938853,ft_sensor0_wrench,-0.030774593353271484,-0.06858444213867188,0.009998321533203125,-0.0009694099426269531,9.014084935188293e-05,7.113814353942871e-05
1742955463.6096497,5782,1742955463,609584067,ft_sensor0_wrench,0.022116661071777344,-0.03774833679199219,0.009668827056884766,-0.0004967749118804932,-0.0007053464651107788,9.828805923461914e-05
1742955463.6163116,5783,1742955463,616249280,ft_sensor0_wrench,0.11895084381103516,-0.053508758544921875,0.03388643264770508,-0.000969618558883667,-0.0025207698345184326,-0.00032036006450653076
1742955463.6230547,5784,1742955463,622936543,ft_sensor0_wrench,0.05264091491699219,-0.05526161193847656,0.055614471435546875,-0.0005738735198974609,-0.0007922053337097168,8.510053157806396e-05
1742955463.6296475,5785,1742955463,629584099,ft_sensor0_wrench,0.01297616958618164,0.008090972900390625,-0.015210151672363281,0.0004329383373260498,-0.00019854307174682617,0.0003304779529571533
1742955463.6363425,5786,1742955463,636257688,ft_sensor0_wrench,0.09246492385864258,-0.03872108459472656,0.009251117706298828,-0.0005197823047637939,-0.0017452016472816467,0.0003333538770675659
1742955463.6430194,5787,1742955463,642916042,ft_sensor0_wrench,0.04700040817260742,-0.05548095703125,0.009737968444824219,-0.0014341473579406738,-0.000699751079082489,0.00011827051639556885
1742955463.6497352,5788,1742955463,649585160,ft_sensor0_wrench,0.018980979919433594,-0.06956100463867188,-0.013314247131347656,-0.0014189481735229492,-0.0006401240825653076,9.845197200775146e-05
1742955463.6563346,5789,1742955463,656249209,ft_sensor0_wrench,0.022745609283447266,0.02565765380859375,0.009758472442626953,0.00048732757568359375,-0.0007433295249938965,0.00013116002082824707
1742955463.6630418,5790,1742955463,662935939,ft_sensor0_wrench,0.022745609283447266,0.02565765380859375,0.009758472442626953,0.00048732757568359375,-0.0007433295249938965,0.00013116002082824707
1742955463.6697133,5791,1742955463,669586310,ft_sensor0_wrench,0.015332698822021484,-0.022912979125976562,0.03305244445800781,-0.0004961788654327393,-0.0002518370747566223,0.0003317296504974365
1742955463.6763787,5792,1742955463,676250007,ft_sensor0_wrench,-0.03991508483886719,-0.022747039794921875,-0.014880657196044922,-3.9696693420410156e-05,0.000596947968006134,0.0003033280372619629
1742955463.683042,5793,1742955463,682935140,ft_sensor0_wrench,-0.03311920166015625,-0.07207298278808594,-0.014813423156738281,-0.0014654994010925293,0.0008848980069160461,8.253753185272217e-05
1742955463.6897013,5794,1742955463,689583329,ft_sensor0_wrench,0.018980979919433594,-0.06956100463867188,-0.013314247131347656,-0.0014189481735229492,-0.0006401240825653076,9.845197200775146e-05
1742955463.6963623,5795,1742955463,696249815,ft_sensor0_wrench,0.037068843841552734,-0.03796577453613281,-0.013312339782714844,-0.0009305179119110107,-0.0009224787354469299,0.0003392249345779419
1742955463.702995,5796,1742955463,702916177,ft_sensor0_wrench,0.037068843841552734,-0.03796577453613281,-0.013312339782714844,-0.0009305179119110107,-0.0009224787354469299,0.0003392249345779419
1742955463.709718,5797,1742955463,709585218,ft_sensor0_wrench,-0.030145645141601562,-0.00518035888671875,0.010088443756103516,1.4662742614746094e-05,5.216151475906372e-05,0.00010401010513305664
1742955463.7163768,5798,1742955463,716251751,ft_sensor0_wrench,-0.0051116943359375,-0.023504257202148438,-0.015212059020996094,-5.549192428588867e-05,8.381158113479614e-05,8.970499038696289e-05
1742955463.7230885,5799,1742955463,722980581,ft_sensor0_wrench,0.022906780242919922,-0.009424209594726562,0.007840156555175781,-7.069110870361328e-05,2.4184584617614746e-05,0.00010952353477478027
1742955463.7296815,5800,1742955463,729585148,ft_sensor0_wrench,0.022745609283447266,0.02565765380859375,0.009758472442626953,0.00048732757568359375,-0.0007433295249938965,0.00013116002082824707
1742955463.736367,5801,1742955463,736251467,ft_sensor0_wrench,-0.0051116943359375,-0.023504257202148438,-0.015212059020996094,-5.549192428588867e-05,8.381158113479614e-05,8.970499038696289e-05
1742955463.74304,5802,1742955463,742915994,ft_sensor0_wrench,-0.01425313949584961,0.022336959838867188,-0.04009103775024414,0.0008742213249206543,0.0005906149744987488,0.00032189488410949707
1742955463.749694,5803,1742955463,749585626,ft_sensor0_wrench,-0.0051116943359375,-0.023504257202148438,-0.015212059020996094,-5.549192428588867e-05,8.381158113479614e-05,8.970499038696289e-05
1742955463.7563226,5804,1742955463,756249238,ft_sensor0_wrench,0.07264947891235352,0.024091720581054688,-0.03892326354980469,0.0009049773216247559,-0.001447536051273346,0.00012418627738952637
1742955463.7631073,5805,1742955463,762963484,ft_sensor0_wrench,0.07783126831054688,0.00630950927734375,-0.08687305450439453,0.00041687488555908203,-0.0011198781430721283,0.0005644410848617554
1742955463.7696967,5806,1742955463,769585136,ft_sensor0_wrench,0.012231826782226562,0.0075511932373046875,-0.01545572280883789,0.00042438507080078125,-0.0001849532127380371,-0.0003318190574645996
1742955463.7764287,5807,1742955463,776249689,ft_sensor0_wrench,0.004657745361328125,-0.0059375762939453125,0.00975656509399414,-1.1026859283447266e-06,-0.00046097487211227417,-0.00010961294174194336
1742955463.7830532,5808,1742955463,782936334,ft_sensor0_wrench,0.04700040817260742,-0.05548095703125,0.009737968444824219,-0.0014341473579406738,-0.000699751079082489,0.00011827051639556885
1742955463.7897441,5809,1742955463,789583351,ft_sensor0_wrench,0.050135135650634766,-0.023670196533203125,0.03272104263305664,-0.0005119740962982178,-0.0007649734616279602,0.00011810660362243652
1742955463.7963686,5810,1742955463,796249790,ft_sensor0_wrench,0.022745609283447266,0.02565765380859375,0.009758472442626953,0.00048732757568359375,-0.0007433295249938965,0.00013116002082824707
1742955463.8030963,5811,1742955463,802944061,ft_sensor0_wrench,0.018980979919433594,-0.06956100463867188,-0.013314247131347656,-0.0014189481735229492,-0.0006401240825653076,9.845197200775146e-05
1742955463.8097005,5812,1742955463,809583949,ft_sensor0_wrench,0.001522064208984375,-0.03774833679199219,-0.013226509094238281,-0.0009233057498931885,-0.000395752489566803,-0.00010944902896881104
1742955463.8163972,5813,1742955463,816249171,ft_sensor0_wrench,0.001522064208984375,-0.03774833679199219,-0.013226509094238281,-0.0009233057498931885,-0.000395752489566803,-0.00010944902896881104
1742955463.8230596,5814,1742955463,822938872,ft_sensor0_wrench,-0.015193462371826172,-0.005397796630859375,-0.012892723083496094,-0.0004190802574157715,-0.0001649707555770874,0.0003449469804763794
1742955463.8296585,5815,1742955463,829586627,ft_sensor0_wrench,0.018980979919433594,-0.06956100463867188,-0.013314247131347656,-0.0014189481735229492,-0.0006401240825653076,9.845197200775146e-05
1742955463.8363829,5816,1742955463,836251958,ft_sensor0_wrench,-0.00824737548828125,-0.05531501770019531,-0.038195133209228516,-0.0009776651859283447,0.00014903396368026733,8.986890316009521e-05
1742955463.8431027,5817,1742955463,842934625,ft_sensor0_wrench,0.018980979919433594,-0.06956100463867188,-0.013314247131347656,-0.0014189481735229492,-0.0006401240825653076,9.845197200775146e-05
1742955463.8496788,5818,1742955463,849597406,ft_sensor0_wrench,0.018980979919433594,-0.06956100463867188,-0.013314247131347656,-0.0014189481735229492,-0.0006401240825653076,9.845197200775146e-05
1742955463.8563385,5819,1742955463,856249846,ft_sensor0_wrench,0.026556015014648438,-0.056072235107421875,-0.03852653503417969,-0.0009934604167938232,-0.00036410242319107056,-0.00012375414371490479
1742955463.8630252,5820,1742955463,862936095,ft_sensor0_wrench,0.05472278594970703,-0.04258155822753906,-0.040843963623046875,-0.00014144182205200195,-0.0003976747393608093,-0.000138208270072937
1742955463.8696434,5821,1742955463,869583952,ft_sensor0_wrench,0.030434131622314453,-0.02371978759765625,-0.01529836654663086,-6.270408630371094e-05,-0.0004429072141647339,0.0005383938550949097
1742955463.8764012,5822,1742955463,876249436,ft_sensor0_wrench,0.040204524993896484,-0.0061550140380859375,0.009670734405517578,-8.344650268554688e-06,-0.0009877011179924011,0.00033906102180480957
1742955463.8830795,5823,1742955463,882943320,ft_sensor0_wrench,-0.03311920166015625,-0.07207298278808594,-0.014813423156738281,-0.0014654994010925293,0.0008848980069160461,8.253753185272217e-05
1742955463.8896859,5824,1742955463,889589336,ft_sensor0_wrench,0.0016841888427734375,-0.0728302001953125,-0.015144824981689453,-0.0014812946319580078,0.00037176162004470825,-0.00013108551502227783
1742955463.8963273,5825,1742955463,896250673,ft_sensor0_wrench,-0.01816701889038086,-0.07229232788085938,-0.037795066833496094,-0.0018992722034454346,0.000667765736579895,0.0003234595060348511
1742955463.9030497,5826,1742955463,902938618,ft_sensor0_wrench,0.026556015014648438,-0.056072235107421875,-0.03852653503417969,-0.0009934604167938232,-0.00036410242319107056,-0.00012375414371490479
1742955463.9096544,5827,1742955463,909584703,ft_sensor0_wrench,0.032047271728515625,-0.055263519287109375,0.03271913528442383,-0.0010004043579101562,-0.0004826188087463379,-0.0001226663589477539
1742955463.9163787,5828,1742955463,916249822,ft_sensor0_wrench,0.040204524993896484,-0.0061550140380859375,0.009670734405517578,-8.344650268554688e-06,-0.0009877011179924011,0.00033906102180480957
1742955463.9230692,5829,1742955463,922919373,ft_sensor0_wrench,-4.4345855712890625e-05,0.021579742431640625,-0.06331777572631836,0.00043192505836486816,0.0003870651125907898,-9.94652509689331e-05
1742955463.9296646,5830,1742955463,929585441,ft_sensor0_wrench,-0.007618427276611328,0.008090972900390625,-0.03810548782348633,6.407499313354492e-06,0.00011105090379714966,0.00012274086475372314
1742955463.9363322,5831,1742955463,936250269,ft_sensor0_wrench,-9.202957153320312e-05,-0.0062046051025390625,-0.061243534088134766,1.4394521713256836e-05,-0.000356040894985199,0.0005515962839126587
1742955463.9430602,5832,1742955463,942936010,ft_sensor0_wrench,-0.04305076599121094,-0.05455780029296875,-0.037863731384277344,-0.0009618699550628662,0.0006621703505516052,0.0003034919500350952
1742955463.9497156,5833,1742955463,949584695,ft_sensor0_wrench,-0.018179893493652344,-0.037799835205078125,-0.06124544143676758,-0.00047403573989868164,-7.368624210357666e-05,0.00031082332134246826
1742955463.9563432,5834,1742955463,956252003,ft_sensor0_wrench,-0.03234100341796875,-0.009258270263671875,-0.04009294509887695,0.0003857910633087158,0.0008729696273803711,8.112192153930664e-05
1742955463.963001,5835,1742955463,962918104,ft_sensor0_wrench,-0.007470130920410156,0.0075016021728515625,-0.06347465515136719,0.0008736252784729004,0.00013710558414459229,8.845329284667969e-05
1742955463.9696503,5836,1742955463,969583274,ft_sensor0_wrench,0.0024614334106445312,-0.010013580322265625,-0.040424346923828125,0.0003699958324432373,0.0003598332405090332,-0.00013250112533569336
1742955463.976372,5837,1742955463,976249909,ft_sensor0_wrench,-0.01738882064819336,-0.0094757080078125,-0.06307411193847656,-4.795193672180176e-05,0.00065583735704422,0.0003220587968826294
1742955463.98305,5838,1742955463,982963242,ft_sensor0_wrench,0.02792835235595703,0.007871627807617188,-0.03819084167480469,-8.046627044677734e-07,-0.00041567161679267883,0.0005714148283004761
1742955463.9896727,5839,1742955463,989585426,ft_sensor0_wrench,-0.01503133773803711,-0.04047966003417969,-0.014811515808105469,-0.0009770691394805908,0.0006025433540344238,0.0003233104944229126
1742955463.9963143,5840,1742955463,996251190,ft_sensor0_wrench,-0.06866598129272461,-0.07185554504394531,-0.014727592468261719,-0.001458287239074707,0.0014116130769252777,-0.0003661513328552246
1742955464.003058,5841,1742955464,2951454,ft_sensor0_wrench,-0.012126445770263672,-0.08766555786132812,-0.06142377853393555,-0.0019083917140960693,0.00022784247994422913,-0.0005722790956497192
1742955464.0096369,5842,1742955464,9584899,ft_sensor0_wrench,0.012231826782226562,0.0075511932373046875,-0.01545572280883789,0.00042438507080078125,-0.0001849532127380371,-0.0003318190574645996
1742955464.0163262,5843,1742955464,16249517,ft_sensor0_wrench,-0.02570629119873047,-0.023504257202148438,-0.03810739517211914,-0.000482022762298584,0.00039340555667877197,-0.00011803209781646729
1742955464.0230043,5844,1742955464,22920703,ft_sensor0_wrench,0.001522064208984375,-0.03774833679199219,-0.013226509094238281,-0.0009233057498931885,-0.000395752489566803,-0.00010944902896881104
1742955464.0296412,5845,1742955464,29584073,ft_sensor0_wrench,0.031575679779052734,-0.03877449035644531,-0.08455848693847656,-0.0009235739707946777,-0.0008039548993110657,0.00033812224864959717
1742955464.0363693,5846,1742955464,36250584,ft_sensor0_wrench,0.017252445220947266,0.02484893798828125,-0.06148719787597656,0.0004942417144775391,-0.0006248131394386292,0.0001300722360610962
1742955464.0431008,5847,1742955464,42936681,ft_sensor0_wrench,-0.020214080810546875,-0.022695541381835938,0.033138275146484375,-0.0004889369010925293,0.0002748817205429077,-0.0001169443130493164
1742955464.0496833,5848,1742955464,49586642,ft_sensor0_wrench,-0.010443687438964844,-0.005130767822265625,0.05810737609863281,-0.00043454766273498535,-0.0002699047327041626,-0.0003162473440170288
1742955464.0564363,5849,1742955464,56249951,ft_sensor0_wrench,-0.029515743255615234,0.05822563171386719,0.010178565979003906,0.000998765230178833,1.4171004295349121e-05,0.00013688206672668457
1742955464.0630167,5850,1742955464,62932940,ft_sensor0_wrench,-0.007618427276611328,0.008090972900390625,-0.03810548782348633,6.407499313354492e-06,0.00011105090379714966,0.00012274086475372314
1742955464.0696523,5851,1742955464,69583238,ft_sensor0_wrench,0.017252445220947266,0.02484893798828125,-0.06148719787597656,0.0004942417144775391,-0.0006248131394386292,0.0001300722360610962
1742955464.07639,5852,1742955464,76248372,ft_sensor0_wrench,-0.03328132629394531,-0.036991119384765625,-0.012894630432128906,-0.00090751051902771,0.00011738389730453491,0.00010417401790618896
1742955464.083018,5853,1742955464,82915023,ft_sensor0_wrench,-0.0027551651000976562,-0.05450630187988281,0.033050537109375,-0.0009846091270446777,3.0517578125e-05,9.09566879272461e-05
1742955464.089655,5854,1742955464,89582127,ft_sensor0_wrench,-0.050739288330078125,-0.00518035888671875,-0.012806415557861328,-0.0004118382930755615,0.0003617480397224426,-0.00010372698307037354
1742955464.096449,5855,1742955464,96270022,ft_sensor0_wrench,-0.06067085266113281,0.012334823608398438,-0.03585672378540039,9.179115295410156e-05,0.00013902783393859863,0.00011722743511199951
1742955464.1031282,5856,1742955464,102934702,ft_sensor0_wrench,-0.012686729431152344,-0.036991119384765625,0.010000228881835938,-0.00048097968101501465,-0.00019221007823944092,0.00031191110610961914
1742955464.1096485,5857,1742955464,109584644,ft_sensor0_wrench,0.015170574188232422,0.01216888427734375,0.03497123718261719,6.183981895446777e-05,-0.0010193511843681335,0.00035338103771209717
1742955464.1163654,5858,1742955464,116296346,ft_sensor0_wrench,-0.05831336975097656,-0.01866912841796875,0.012405872344970703,-0.0008372962474822998,8.573383092880249e-05,0.00011847913265228271
1742955464.1230788,5859,1742955464,122920892,ft_sensor0_wrench,0.03125715255737305,-0.083587646484375,0.03454780578613281,-0.0014264583587646484,-0.001212146133184433,-0.00013390183448791504
1742955464.1296482,5860,1742955464,129584514,ft_sensor0_wrench,0.007014274597167969,-0.0369415283203125,0.058019161224365234,-0.0009301900863647461,-0.0005142688751220703,-0.00010834634304046631
1742955464.1363854,5861,1742955464,136314927,ft_sensor0_wrench,-0.08381509780883789,-0.09883308410644531,0.03569746017456055,-0.0023092329502105713,0.0008595772087574005,7.827579975128174e-05
1742955464.143007,5862,1742955464,142919238,ft_sensor0_wrench,-0.0103302001953125,-0.06799507141113281,0.05826282501220703,-0.001410067081451416,-0.00024549663066864014,0.0003131777048110962
1742955464.1498158,5863,1742955464,149588365,ft_sensor0_wrench,-0.000560760498046875,-0.05042839050292969,0.08323144912719727,-0.0013557076454162598,-0.0007902905344963074,0.00011385977268218994
1742955464.1564248,5864,1742955464,156290315,ft_sensor0_wrench,-0.03222846984863281,-0.01786041259765625,0.10654640197753906,-0.0004177093505859375,-0.0003423765301704407,0.00032733380794525146
1742955464.1631613,5865,1742955464,162934740,ft_sensor0_wrench,0.01767730712890625,-0.0194244384765625,0.05786466598510742,-5.960464477539063e-08,-0.0010465830564498901,0.00032036006450653076
1742955464.1696517,5866,1742955464,169585297,ft_sensor0_wrench,0.018306255340576172,0.04398155212402344,0.05795431137084961,0.0009840428829193115,-0.0010845735669136047,0.0003532320261001587
1742955464.1764553,5867,1742955464,176308668,ft_sensor0_wrench,-0.024814605712890625,0.03070831298828125,0.0832529067993164,0.0005657672882080078,-0.0008338689804077148,0.000126764178276062
1742955464.1831372,5868,1742955464,182967313,ft_sensor0_wrench,0.01374959945678711,-0.07956123352050781,0.03670978546142578,-0.0013483166694641113,-0.001710887998342514,0.00030925869941711426
1742955464.1896746,5869,1742955464,189584290,ft_sensor0_wrench,-0.012849807739257812,-0.001911163330078125,0.011919021606445312,7.703900337219238e-05,-0.0009597167372703552,0.0003335624933242798
1742955464.196433,5870,1742955464,196299737,ft_sensor0_wrench,0.024940967559814453,0.029733657836914062,0.05993986129760742,0.00011622905731201172,-0.0015641376376152039,0.00015406310558319092
1742955464.2030666,5871,1742955464,202934026,ft_sensor0_wrench,-0.02037525177001953,0.012384414672851562,0.03505754470825195,6.908178329467773e-05,-0.0004926249384880066,-9.529292583465576e-05
1742955464.2097366,5872,1742955464,209582706,ft_sensor0_wrench,-0.02778911590576172,-0.03618431091308594,0.05835103988647461,-0.0009144246578216553,-1.1324882507324219e-06,0.00010527670383453369
1742955464.2163432,5873,1742955464,216251483,ft_sensor0_wrench,-0.02037525177001953,0.012384414672851562,0.03505754470825195,6.908178329467773e-05,-0.0004926249384880066,-9.529292583465576e-05
1742955464.223054,5874,1742955464,222917213,ft_sensor0_wrench,-0.0029172897338867188,-0.019426345825195312,0.034969329833984375,-0.0004265904426574707,-0.0007369965314865112,0.00011260807514190674
1742955464.229664,5875,1742955464,229584144,ft_sensor0_wrench,-0.07691478729248047,0.028196334838867188,0.08175373077392578,0.0005192160606384277,0.000691145658493042,0.00011084973812103271
1742955464.236355,5876,1742955464,236250239,ft_sensor0_wrench,-0.0866851806640625,0.010631561279296875,0.056784629821777344,0.0004648268222808838,0.0012359321117401123,0.0003101527690887451
1742955464.24306,5877,1742955464,242921475,ft_sensor0_wrench,-0.0512995719909668,0.04549407958984375,0.05861711502075195,0.0010156035423278809,-5.83156943321228e-05,0.0007804781198501587
1742955464.249686,5878,1742955464,249582742,ft_sensor0_wrench,-0.027950286865234375,-0.001102447509765625,0.06026935577392578,-0.00035640597343444824,-0.0007686465978622437,0.0001269131898880005
1742955464.2564602,5879,1742955464,256315422,ft_sensor0_wrench,-0.052822113037109375,-0.017862319946289062,0.08365106582641602,-0.0008442401885986328,-3.2782554626464844e-05,0.00011958181858062744
1742955464.2630768,5880,1742955464,262945059,ft_sensor0_wrench,-0.05595684051513672,-0.04967308044433594,0.060667991638183594,-0.0017664134502410889,3.243982791900635e-05,0.00011973083019256592
1742955464.2696667,5881,1742955464,269582635,ft_sensor0_wrench,-0.05517864227294922,0.013141632080078125,0.035388946533203125,8.487701416015625e-05,2.05114483833313e-05,0.00011833012104034424
1742955464.2763493,5882,1742955464,276253103,ft_sensor0_wrench,0.011873722076416016,0.015438079833984375,0.013906478881835938,-0.00030231475830078125,-0.0017216354608535767,0.00037516653537750244
1742955464.2830644,5883,1742955464,282932456,ft_sensor0_wrench,-0.03786897659301758,-0.018079757690429688,0.060669898986816406,-0.0012779831886291504,-0.00024991482496261597,0.00036050379276275635
1742955464.2896574,5884,1742955464,289582488,ft_sensor0_wrench,-0.11798858642578125,-0.034671783447265625,0.03611898422241211,-0.0013093650341033936,0.0013347268104553223,0.00032477080821990967
1742955464.2963867,5885,1742955464,296271440,ft_sensor0_wrench,-0.08240699768066406,0.027387619018554688,0.010508060455322266,0.000526130199432373,0.0008096620440483093,0.00010973215103149414
1742955464.303063,5886,1742955464,302935315,ft_sensor0_wrench,-0.027950286865234375,-0.001102447509765625,0.06026935577392578,-0.00035640597343444824,-0.0007686465978622437,0.0001269131898880005
1742955464.3096807,5887,1742955464,309585690,ft_sensor0_wrench,-0.04101753234863281,-0.015399932861328125,0.014235973358154297,-0.0007749795913696289,-0.0009261444211006165,0.000348016619682312
1742955464.3163617,5888,1742955464,316279909,ft_sensor0_wrench,-0.015354633331298828,0.029682159423828125,-0.010973930358886719,0.00013896822929382324,-0.0009324848651885986,0.0003665834665298462
1742955464.3230383,5889,1742955464,322949479,ft_sensor0_wrench,-0.01551675796508789,0.06476402282714844,-0.009055614471435547,0.0006969869136810303,-0.0016999989748001099,0.000388219952583313
1742955464.3296824,5890,1742955464,329585093,ft_sensor0_wrench,-0.04619932174682617,0.002384185791015625,0.062186241149902344,-0.0002868175506591797,-0.001253809779882431,-9.222328662872314e-05
1742955464.3363838,5891,1742955464,336297335,ft_sensor0_wrench,-0.09014415740966797,0.048980712890625,0.03763866424560547,0.0006586611270904541,-0.00023386627435684204,0.00035358965396881104
1742955464.3430398,5892,1742955464,342917994,ft_sensor0_wrench,-0.05910539627075195,-0.046993255615234375,0.014234066009521484,-0.0012634098529815674,-0.0006437934935092926,0.00010724365711212158
1742955464.3496435,5893,1742955464,349580616,ft_sensor0_wrench,-0.0863337516784668,-0.03274726867675781,-0.010646343231201172,-0.0008221268653869629,0.00014535710215568542,9.866058826446533e-05
1742955464.3563037,5894,1742955464,356246035,ft_sensor0_wrench,-0.10806894302368164,-0.017694473266601562,0.035718441009521484,-0.0003877580165863037,0.000815998762845993,9.118020534515381e-05
1742955464.362997,5895,1742955464,362913397,ft_sensor0_wrench,-0.07770490646362305,-0.0001277923583984375,0.08358240127563477,9.313225746154785e-05,-3.839656710624695e-05,9.959936141967773e-05
1742955464.3696635,5896,1742955464,369582122,ft_sensor0_wrench,-0.08319807052612305,-0.0009365081787109375,0.01233673095703125,0.00010007619857788086,8.013471961021423e-05,9.851157665252686e-05
1742955464.3763328,5897,1742955464,376251280,ft_sensor0_wrench,-0.05153036117553711,-0.033504486083984375,-0.010977745056152344,-0.0008378922939300537,-0.00036777928471565247,-0.00011496245861053467
1742955464.3831859,5898,1742955464,382940896,ft_sensor0_wrench,-0.11120462417602539,-0.04950523376464844,0.012735366821289062,-0.0013099610805511475,0.0008812211453914642,9.132921695709229e-05
1742955464.3896468,5899,1742955464,389582505,ft_sensor0_wrench,-0.05517864227294922,0.013141632080078125,0.035388946533203125,8.487701416015625e-05,2.05114483833313e-05,0.00011833012104034424
1742955464.3964605,5900,1742955464,396279185,ft_sensor0_wrench,-0.05517864227294922,0.013141632080078125,0.035388946533203125,8.487701416015625e-05,2.05114483833313e-05,0.00011833012104034424
1742955464.403082,5901,1742955464,402940044,ft_sensor0_wrench,-0.10064411163330078,-0.0036182403564453125,0.03587532043457031,-0.0008294582366943359,0.001065962016582489,-9.675323963165283e-05
1742955464.4096975,5902,1742955464,409583331,ft_sensor0_wrench,-0.05831336975097656,-0.01866912841796875,0.012405872344970703,-0.0008372962474822998,8.573383092880249e-05,0.00011847913265228271
1742955464.4163935,5903,1742955464,416271015,ft_sensor0_wrench,-0.0030794143676757812,0.015655517578125,0.03688764572143555,0.00013142824172973633,-0.0015045031905174255,0.00013424456119537354
1742955464.4230146,5904,1742955464,422936373,ft_sensor0_wrench,-0.03344249725341797,-0.001911163330078125,-0.010975837707519531,-0.00034946203231811523,-0.0006501302123069763,0.00012581050395965576
1742955464.4296582,5905,1742955464,429582353,ft_sensor0_wrench,0.028588294982910156,-0.016912460327148438,0.013573169708251953,-0.0008065402507781982,-0.0019524171948432922,-7.922947406768799e-05
1742955464.436348,5906,1742955464,436253045,ft_sensor0_wrench,-0.07577228546142578,0.013141632080078125,0.012493610382080078,-0.00034162402153015137,0.0003300979733467102,-8.942186832427979e-05
1742955464.4430568,5907,1742955464,442935191,ft_sensor0_wrench,-0.08570480346679688,0.030656814575195312,-0.010556697845458984,0.00016197562217712402,0.00010737776756286621,0.00013153254985809326
1742955464.4496663,5908,1742955464,449582444,ft_sensor0_wrench,-0.0855417251586914,-0.0044231414794921875,-0.012475013732910156,-0.000396043062210083,0.0008748844265937805,0.00010989606380462646
1742955464.4563086,5909,1742955464,456248363,ft_sensor0_wrench,-0.06431913375854492,0.05898284912109375,0.010509967803955078,0.0010145604610443115,0.000527307391166687,0.00035050511360168457
1742955464.4631941,5910,1742955464,462927268,ft_sensor0_wrench,0.021175384521484375,-0.06548309326171875,0.03686666488647461,-0.0017900466918945312,-0.001460924744606018,0.00012134015560150146
1742955464.469684,5911,1742955464,469584995,ft_sensor0_wrench,-0.04524707794189453,-0.0043735504150390625,0.05843925476074219,-0.00041875243186950684,0.0002432316541671753,-0.00010262429714202881
1742955464.4763772,5912,1742955464,476265472,ft_sensor0_wrench,0.009677410125732422,0.011362075805664062,-0.03627443313598633,6.875395774841309e-05,-0.0009008347988128662,0.00035227835178375244
1742955464.4831145,5913,1742955464,482928840,ft_sensor0_wrench,-0.04022550582885742,0.0129241943359375,0.012407779693603516,-0.00034886598587036133,-0.00019662082195281982,0.00035925209522247314
1742955464.4896917,5914,1742955464,489594485,ft_sensor0_wrench,-0.07058954238891602,-0.004642486572265625,-0.03545665740966797,-0.0008297860622406006,0.0006577521562576294,0.00035081803798675537
1742955464.4963863,5915,1742955464,496259373,ft_sensor0_wrench,-0.050739288330078125,-0.00518035888671875,-0.012806415557861328,-0.0004118382930755615,0.0003617480397224426,-0.00010372698307037354
1742955464.503054,5916,1742955464,502917239,ft_sensor0_wrench,-0.0409698486328125,0.012384414672851562,0.012162208557128906,-0.0003574192523956299,-0.00018303841352462769,-0.0003030449151992798
1742955464.5097334,5917,1742955464,509596995,ft_sensor0_wrench,-0.040191650390625,0.07520103454589844,-0.013117313385009766,0.0014938414096832275,-0.00019496679306030273,-0.0003044605255126953
1742955464.5163078,5918,1742955464,516246872,ft_sensor0_wrench,-0.13529729843139648,-0.003448486328125,0.010837554931640625,5.3495168685913086e-05,0.001605149358510971,8.258223533630371e-05
1742955464.523045,5919,1742955464,522929816,ft_sensor0_wrench,-0.0899810791015625,0.013898849487304688,0.0357203483581543,0.00010067224502563477,0.0005336478352546692,0.00033195316791534424
1742955464.5297074,5920,1742955464,529595709,ft_sensor0_wrench,-0.050739288330078125,-0.00518035888671875,-0.012806415557861328,-0.0004118382930755615,0.0003617480397224426,-0.00010372698307037354
1742955464.5363343,5921,1742955464,536254613,ft_sensor0_wrench,-0.15823650360107422,-0.006938934326171875,-0.03686952590942383,-0.0008691251277923584,0.002709493041038513,-0.00011377036571502686
1742955464.5430002,5922,1742955464,542916476,ft_sensor0_wrench,-0.09386014938354492,-0.018451690673828125,0.012491703033447266,-0.0008300542831420898,0.0006124489009380341,-0.0003301948308944702
1742955464.5496328,5923,1742955464,549580365,ft_sensor0_wrench,-0.0764012336730957,-0.050262451171875,0.01240396499633789,-0.0013257265090942383,0.00036808475852012634,-0.00012229382991790771
1742955464.556294,5924,1742955464,556246380,ft_sensor0_wrench,-0.02037525177001953,0.012384414672851562,0.03505754470825195,6.908178329467773e-05,-0.0004926249384880066,-9.529292583465576e-05
1742955464.5629807,5925,1742955464,562917008,ft_sensor0_wrench,-0.05831336975097656,-0.01866912841796875,0.012405872344970703,-0.0008372962474822998,8.573383092880249e-05,0.00011847913265228271
1742955464.569662,5926,1742955464,569585010,ft_sensor0_wrench,-0.06082010269165039,0.012922286987304688,-0.010487556457519531,-0.0007753670215606689,0.00011296570301055908,0.00015151500701904297
1742955464.5764005,5927,1742955464,576259996,ft_sensor0_wrench,-0.06572723388671875,-0.06723976135253906,0.03569936752319336,-0.0018208026885986328,0.0005772262811660767,0.00031904876232147217
1742955464.58305,5928,1742955464,582924720,ft_sensor0_wrench,-0.0029172897338867188,-0.019426345825195312,0.034969329833984375,-0.0004265904426574707,-0.0007369965314865112,0.00011260807514190674
1742955464.589765,5929,1742955464,589599945,ft_sensor0_wrench,0.027958393096923828,-0.08031654357910156,0.013483047485351562,-0.0017906427383422852,-0.001914437860250473,-0.00011210143566131592
1742955464.5963843,5930,1742955464,596249945,ft_sensor0_wrench,-0.07326650619506836,-0.018451690673828125,0.03538703918457031,-0.0004035532474517822,0.00030286237597465515,-0.00012245774269104004
1742955464.6030335,5931,1742955464,602914507,ft_sensor0_wrench,-0.05517864227294922,0.013141632080078125,0.035388946533203125,8.487701416015625e-05,2.05114483833313e-05,0.00011833012104034424
1742955464.6096807,5932,1742955464,609581979,ft_sensor0_wrench,-0.02351093292236328,-0.019426345825195312,0.012074470520019531,-0.0008530914783477783,-0.0004274025559425354,-9.514391422271729e-05
1742955464.616368,5933,1742955464,616246456,ft_sensor0_wrench,0.01631307601928711,-0.0028858184814453125,-0.034288883209228516,-0.0007990002632141113,-0.0013803988695144653,0.00015312433242797852
1742955464.6230319,5934,1742955464,622914372,ft_sensor0_wrench,0.018817901611328125,-0.03447914123535156,-0.011395454406738281,-0.0008609294891357422,-0.001407630741596222,0.00012008845806121826
1742955464.6296778,5935,1742955464,629584363,ft_sensor0_wrench,0.021175384521484375,-0.06548309326171875,0.03686666488647461,-0.0017900466918945312,-0.001460924744606018,0.00012134015560150146
1742955464.6363318,5936,1742955464,636251280,ft_sensor0_wrench,-0.019632816314697266,0.012926101684570312,0.03530263900756836,7.763504981994629e-05,-0.0005062147974967957,0.0005670040845870972
1742955464.6430094,5937,1742955464,642935324,ft_sensor0_wrench,-0.07252311706542969,-0.017911911010742188,0.03563213348388672,-0.00039499998092651367,0.00028927624225616455,0.0005398541688919067
1742955464.6496503,5938,1742955464,649582261,ft_sensor0_wrench,-0.037720680236816406,-0.01866912841796875,0.03530073165893555,-0.0004107952117919922,-0.00022386014461517334,0.00032623112201690674
1742955464.6564214,5939,1742955464,656269069,ft_sensor0_wrench,-0.02037525177001953,0.012384414672851562,0.03505754470825195,6.908178329467773e-05,-0.0004926249384880066,-9.529292583465576e-05
1742955464.6630442,5940,1742955464,662919377,ft_sensor0_wrench,-0.0029172897338867188,-0.019426345825195312,0.034969329833984375,-0.0004265904426574707,-0.0007369965314865112,0.00011260807514190674
1742955464.6697206,5941,1742955464,669580807,ft_sensor0_wrench,-0.05831336975097656,-0.01866912841796875,0.012405872344970703,-0.0008372962474822998,8.573383092880249e-05,0.00011847913265228271
1742955464.6763668,5942,1742955464,676247955,ft_sensor0_wrench,-0.012849807739257812,-0.001911163330078125,0.011919021606445312,7.703900337219238e-05,-0.0009597167372703552,0.0003335624933242798
1742955464.6831458,5943,1742955464,682930571,ft_sensor0_wrench,-0.05440044403076172,0.075958251953125,0.010109424591064453,0.0019361376762390137,8.58306884765625e-06,0.00011691451072692871
1742955464.6896946,5944,1742955464,689581145,ft_sensor0_wrench,-0.03344249725341797,-0.001911163330078125,-0.010975837707519531,-0.00034946203231811523,-0.0006501302123069763,0.00012581050395965576
1742955464.696372,5945,1742955464,696249159,ft_sensor0_wrench,-0.04085540771484375,-0.050479888916015625,0.012317657470703125,-0.0013329684734344482,-0.00015863776206970215,0.0003263801336288452
1742955464.7030814,5946,1742955464,702935265,ft_sensor0_wrench,-0.040078163146972656,0.012334823608398438,-0.012961864471435547,0.0005182921886444092,-0.0001705661416053772,0.0003249645233154297
1742955464.709679,5947,1742955464,709582853,ft_sensor0_wrench,0.005238056182861328,0.029684066772460938,0.011920928955078125,0.0005654692649841309,-0.0012420713901519775,0.0005743354558944702
1742955464.7164195,5948,1742955464,716265585,ft_sensor0_wrench,-0.06745386123657227,0.027170181274414062,-0.012473106384277344,9.238719940185547e-05,0.0005925297737121582,0.0003506690263748169
1742955464.7230544,5949,1742955464,722921692,ft_sensor0_wrench,-0.06745386123657227,0.027170181274414062,-0.012473106384277344,9.238719940185547e-05,0.0005925297737121582,0.0003506690263748169
1742955464.7296627,5950,1742955464,729581877,ft_sensor0_wrench,0.009677410125732422,0.011362075805664062,-0.03627443313598633,6.875395774841309e-05,-0.0009008347988128662,0.00035227835178375244
1742955464.7364254,5951,1742955464,736305131,ft_sensor0_wrench,-0.012057781219482422,0.026414871215820312,0.010090351104736328,0.0005030930042266846,-0.0002301931381225586,0.00034478306770324707
1742955464.7430968,5952,1742955464,742942082,ft_sensor0_wrench,-0.012057781219482422,0.026414871215820312,0.010090351104736328,0.0005030930042266846,-0.0002301931381225586,0.00034478306770324707
1742955464.7496696,5953,1742955464,749581834,ft_sensor0_wrench,-0.05517864227294922,0.013141632080078125,0.035388946533203125,8.487701416015625e-05,2.05114483833313e-05,0.00011833012104034424
1742955464.756411,5954,1742955464,756255142,ft_sensor0_wrench,-0.05517864227294922,0.013141632080078125,0.035388946533203125,8.487701416015625e-05,2.05114483833313e-05,0.00011833012104034424
1742955464.7630317,5955,1742955464,762914129,ft_sensor0_wrench,-0.08240699768066406,0.027387619018554688,0.010508060455322266,0.000526130199432373,0.0008096620440483093,0.00010973215103149414
1742955464.7696917,5956,1742955464,769579663,ft_sensor0_wrench,-0.030145645141601562,-0.00518035888671875,0.010088443756103516,1.4662742614746094e-05,5.216151475906372e-05,0.00010401010513305664
1742955464.776344,5957,1742955464,776259828,ft_sensor0_wrench,-0.03328132629394531,-0.036991119384765625,-0.012894630432128906,-0.00090751051902771,0.00011738389730453491,0.00010417401790618896
1742955464.7830274,5958,1742955464,782913006,ft_sensor0_wrench,-0.0680837631225586,-0.03623390197753906,-0.012563228607177734,-0.0008917152881622314,0.0006305202841758728,0.00031779706478118896
1742955464.7896798,5959,1742955464,789583004,ft_sensor0_wrench,-0.047603607177734375,0.026630401611328125,0.010176658630371094,0.0005103349685668945,0.00029652565717697144,-0.00010389089584350586
1742955464.796308,5960,1742955464,796247438,ft_sensor0_wrench,0.03188610076904297,-0.020183563232421875,0.034637451171875,-0.0004423558712005615,-0.0012501329183578491,-0.00010101497173309326
1742955464.8030229,5961,1742955464,802912921,ft_sensor0_wrench,-0.03328132629394531,-0.036991119384765625,-0.012894630432128906,-0.00090751051902771,0.00011738389730453491,0.00010417401790618896
1742955464.8096504,5962,1742955464,809579325,ft_sensor0_wrench,-0.047603607177734375,0.026630401611328125,0.010176658630371094,0.0005103349685668945,0.00029652565717697144,-0.00010389089584350586
1742955464.816342,5963,1742955464,816256466,ft_sensor0_wrench,-0.07247543334960938,0.0098724365234375,0.03355836868286133,2.250075340270996e-05,0.0010323897004127502,-0.0001112222671508789
1742955464.823085,5964,1742955464,822921966,ft_sensor0_wrench,-0.037720680236816406,-0.01866912841796875,0.03530073165893555,-0.0004107952117919922,-0.00022386014461517334,0.00032623112201690674
1742955464.8296604,5965,1742955464,829583464,ft_sensor0_wrench,-0.037720680236816406,-0.01866912841796875,0.03530073165893555,-0.0004107952117919922,-0.00022386014461517334,0.00032623112201690674
1742955464.836387,5966,1742955464,836250812,ft_sensor0_wrench,-0.030145645141601562,-0.00518035888671875,0.010088443756103516,1.4662742614746094e-05,5.216151475906372e-05,0.00010401010513305664
1742955464.8431342,5967,1742955464,842936234,ft_sensor0_wrench,-0.050739288330078125,-0.00518035888671875,-0.012806415557861328,-0.0004118382930755615,0.0003617480397224426,-0.00010372698307037354
1742955464.8497164,5968,1742955464,849582974,ft_sensor0_wrench,-0.02351093292236328,-0.019426345825195312,0.012074470520019531,-0.0008530914783477783,-0.0004274025559425354,-9.514391422271729e-05
1742955464.8563843,5969,1742955464,856250841,ft_sensor0_wrench,0.04683828353881836,-0.0204010009765625,0.01165628433227539,-0.0008761286735534668,-0.0014672651886940002,0.00013990700244903564
1742955464.8631194,5970,1742955464,862935594,ft_sensor0_wrench,-0.012057781219482422,0.026414871215820312,0.010090351104736328,0.0005030930042266846,-0.0002301931381225586,0.00034478306770324707
1742955464.8697,5971,1742955464,869581521,ft_sensor0_wrench,-0.0822458267211914,-0.0076923370361328125,0.00858926773071289,-3.1888484954833984e-05,0.0015771761536598206,8.809566497802734e-05
1742955464.8764098,5972,1742955464,876262230,ft_sensor0_wrench,-0.0482335090637207,-0.036773681640625,0.010086536407470703,-0.0004737675189971924,0.0003345124423503876,-0.0001367628574371338
1742955464.883154,5973,1742955464,882917715,ft_sensor0_wrench,0.015170574188232422,0.01216888427734375,0.03497123718261719,6.183981895446777e-05,-0.0010193511843681335,0.00035338103771209717
1742955464.889662,5974,1742955464,889581817,ft_sensor0_wrench,-0.015193462371826172,-0.005397796630859375,-0.012892723083496094,-0.0004190802574157715,-0.0001649707555770874,0.0003449469804763794
1742955464.8963778,5975,1742955464,896257205,ft_sensor0_wrench,0.001522064208984375,-0.03774833679199219,-0.013226509094238281,-0.0009233057498931885,-0.000395752489566803,-0.00010944902896881104
1742955464.9030998,5976,1742955464,902930610,ft_sensor0_wrench,0.007014274597167969,-0.0369415283203125,0.058019161224365234,-0.0009301900863647461,-0.0005142688751220703,-0.00010834634304046631
1742955464.9096699,5977,1742955464,909579397,ft_sensor0_wrench,-0.0029172897338867188,-0.019426345825195312,0.034969329833984375,-0.0004265904426574707,-0.0007369965314865112,0.00011260807514190674
1742955464.9163885,5978,1742955464,916250792,ft_sensor0_wrench,-0.015193462371826172,-0.005397796630859375,-0.012892723083496094,-0.0004190802574157715,-0.0001649707555770874,0.0003449469804763794
1742955464.9230497,5979,1742955464,922944275,ft_sensor0_wrench,-0.0022873878479003906,0.043979644775390625,0.035059452056884766,0.0005575120449066162,-0.0007749795913696289,0.00014548003673553467
1742955464.9296823,5980,1742955464,929583856,ft_sensor0_wrench,-0.03692960739135742,0.009656906127929688,0.03347206115722656,1.52587890625e-05,0.0005056634545326233,0.000337451696395874
1742955464.9363422,5981,1742955464,936249289,ft_sensor0_wrench,-0.04006528854370117,-0.02215576171875,0.01048898696899414,-0.0009069144725799561,0.0005708858370780945,0.00033761560916900635
1742955464.9430368,5982,1742955464,942934354,ft_sensor0_wrench,-0.0680837631225586,-0.03623390197753906,-0.012563228607177734,-0.0008917152881622314,0.0006305202841758728,0.00031779706478118896
1742955464.949669,5983,1742955464,949585211,ft_sensor0_wrench,0.004657745361328125,-0.0059375762939453125,0.00975656509399414,-1.1026859283447266e-06,-0.00046097487211227417,-0.00010961294174194336
1742955464.9563334,5984,1742955464,956248471,ft_sensor0_wrench,-0.012686729431152344,-0.036991119384765625,0.010000228881835938,-0.00048097968101501465,-0.00019221007823944092,0.00031191110610961914
1742955464.9629934,5985,1742955464,962928063,ft_sensor0_wrench,-0.015193462371826172,-0.005397796630859375,-0.012892723083496094,-0.0004190802574157715,-0.0001649707555770874,0.0003449469804763794
1742955464.9696538,5986,1742955464,969580321,ft_sensor0_wrench,-0.032651424407958984,0.0264129638671875,-0.012804508209228516,7.659196853637695e-05,7.939338684082031e-05,0.0001370459794998169
1742955464.9763498,5987,1742955464,976271234,ft_sensor0_wrench,-0.057374000549316406,0.009065628051757812,-0.014792442321777344,0.0004559457302093506,0.0008413195610046387,9.542703628540039e-05
1742955464.983024,5988,1742955464,982920496,ft_sensor0_wrench,-0.015193462371826172,-0.005397796630859375,-0.012892723083496094,-0.0004190802574157715,-0.0001649707555770874,0.0003449469804763794
1742955464.9896889,5989,1742955464,989582234,ft_sensor0_wrench,0.019609928131103516,-0.0061550140380859375,-0.013224601745605469,-0.00043487548828125,-0.0006781071424484253,0.0001313239336013794
1742955464.9963496,5990,1742955464,996271957,ft_sensor0_wrench,-0.030145645141601562,-0.00518035888671875,0.010088443756103516,1.4662742614746094e-05,5.216151475906372e-05,0.00010401010513305664
1742955465.0030556,5991,1742955465,2934053,ft_sensor0_wrench,-0.0021262168884277344,0.008899688720703125,0.03314018249511719,-5.066394805908203e-07,-7.4729323387146e-06,0.00012382864952087402
1742955465.0096521,5992,1742955465,9582242,ft_sensor0_wrench,-0.04994821548461914,0.023143768310546875,-0.014635562896728516,1.424551010131836e-05,0.0010912790894508362,-9.24915075302124e-05
1742955465.016319,5993,1742955465,16248420,ft_sensor0_wrench,-0.05575990676879883,-0.022478103637695312,0.03322458267211914,-0.00048172473907470703,0.0008016042411327362,-0.0005656182765960693
1742955465.0229807,5994,1742955465,22915964,ft_sensor0_wrench,-0.045085906982421875,-0.03945350646972656,0.05651998519897461,-0.0009767711162567139,0.0010107457637786865,-0.00012427568435668945
1742955465.0296369,5995,1742955465,29579974,ft_sensor0_wrench,-0.0027551651000976562,-0.05450630187988281,0.033050537109375,-0.0009846091270446777,3.0517578125e-05,9.09566879272461e-05
1742955465.036344,5996,1742955465,36278886,ft_sensor0_wrench,0.022116661071777344,-0.03774833679199219,0.009668827056884766,-0.0004967749118804932,-0.0007053464651107788,9.828805923461914e-05
1742955465.0430214,5997,1742955465,42921468,ft_sensor0_wrench,0.039460182189941406,-0.0066928863525390625,0.009425163269042969,-1.6897916793823242e-05,-0.0009741112589836121,-0.00032323598861694336
1742955465.0496426,5998,1742955465,49581423,ft_sensor0_wrench,-0.022719860076904297,0.008897781372070312,0.010245323181152344,-0.00042703747749328613,0.00030212104320526123,-8.390843868255615e-05
1742955465.0563238,5999,1742955465,56259201,ft_sensor0_wrench,-0.005261898040771484,-0.022912979125976562,0.010157108306884766,-0.0009227097034454346,5.774945020675659e-05,0.00012399256229400635
1742955465.063039,6000,1742955465,62915939,ft_sensor0_wrench,-0.02570629119873047,-0.023504257202148438,-0.03810739517211914,-0.000482022762298584,0.00039340555667877197,-0.00011803209781646729
1742955465.0696607,6001,1742955465,69583655,ft_sensor0_wrench,0.001522064208984375,-0.03774833679199219,-0.013226509094238281,-0.0009233057498931885,-0.000395752489566803,-0.00010944902896881104
1742955465.0763419,6002,1742955465,76254552,ft_sensor0_wrench,-0.03328132629394531,-0.036991119384765625,-0.012894630432128906,-0.00090751051902771,0.00011738389730453491,0.00010417401790618896
1742955465.083017,6003,1742955465,82935478,ft_sensor0_wrench,-0.039286136627197266,0.04065895080566406,-0.014790534973144531,0.0009443759918212891,0.0005589649081230164,0.0003361999988555908
1742955465.089645,6004,1742955465,89581726,ft_sensor0_wrench,0.04448080062866211,0.0106048583984375,-0.0366063117980957,5.295872688293457e-05,-0.001413971185684204,0.00013865530490875244
1742955465.0963366,6005,1742955465,96268990,ft_sensor0_wrench,0.001522064208984375,-0.03774833679199219,-0.013226509094238281,-0.0009233057498931885,-0.000395752489566803,-0.00010944902896881104
1742955465.1030083,6006,1742955465,102934809,ft_sensor0_wrench,0.022116661071777344,-0.03774833679199219,0.009668827056884766,-0.0004967749118804932,-0.0007053464651107788,9.828805923461914e-05
1742955465.1096618,6007,1742955465,109583682,ft_sensor0_wrench,-0.02570629119873047,-0.023504257202148438,-0.03810739517211914,-0.000482022762298584,0.00039340555667877197,-0.00011803209781646729
1742955465.1163583,6008,1742955465,116251031,ft_sensor0_wrench,-0.0299835205078125,-0.04026222229003906,0.00816965103149414,-0.0005433261394500732,0.000819675624370575,8.237361907958984e-05
1742955465.1230452,6009,1742955465,122916086,ft_sensor0_wrench,-0.0299835205078125,-0.04026222229003906,0.00816965103149414,-0.0005433261394500732,0.000819675624370575,8.237361907958984e-05
1742955465.129634,6010,1742955465,129580341,ft_sensor0_wrench,0.014588356018066406,-0.0234527587890625,0.0328068733215332,-0.0005047321319580078,-0.00023825466632843018,-0.0003305673599243164
1742955465.1363795,6011,1742955465,136250332,ft_sensor0_wrench,0.039460182189941406,-0.0066928863525390625,0.009425163269042969,-1.6897916793823242e-05,-0.0009741112589836121,-0.00032323598861694336
1742955465.1430357,6012,1742955465,142918166,ft_sensor0_wrench,-0.00824737548828125,-0.05531501770019531,-0.038195133209228516,-0.0009776651859283447,0.00014903396368026733,8.986890316009521e-05
1742955465.1496706,6013,1742955465,149582779,ft_sensor0_wrench,-0.018018722534179688,-0.07287979125976562,-0.06316423416137695,-0.0010320544242858887,0.0006938204169273376,0.00028918683528900146
1742955465.156338,6014,1742955465,156247321,ft_sensor0_wrench,0.047148704528808594,-0.05607032775878906,-0.015631675720214844,-0.0005669295787811279,-0.0006736889481544495,8.399784564971924e-05
1742955465.1630013,6015,1742955465,162912893,ft_sensor0_wrench,0.019772052764892578,-0.04123687744140625,-0.01514291763305664,-0.0009928643703460693,8.940696716308594e-05,0.0001096874475479126
1742955465.1696508,6016,1742955465,169580399,ft_sensor0_wrench,0.00984048843383789,-0.023721694946289062,-0.0381932258605957,-0.0004892349243164062,-0.00013332068920135498,0.00033064186573028564
1742955465.176312,6017,1742955465,176250523,ft_sensor0_wrench,-0.03328132629394531,-0.036991119384765625,-0.012894630432128906,-0.00090751051902771,0.00011738389730453491,0.00010417401790618896
1742955465.1830091,6018,1742955465,182918640,ft_sensor0_wrench,-0.030145645141601562,-0.00518035888671875,0.010088443756103516,1.4662742614746094e-05,5.216151475906372e-05,0.00010401010513305664
1742955465.1896477,6019,1742955465,189582531,ft_sensor0_wrench,-0.012525558471679688,-0.07207298278808594,0.008081436157226562,-0.001038968563079834,0.0005753114819526672,0.0002902895212173462
1742955465.1963189,6020,1742955465,196248253,ft_sensor0_wrench,0.022906780242919922,-0.009424209594726562,0.007840156555175781,-7.069110870361328e-05,2.4184584617614746e-05,0.00010952353477478027
1742955465.203053,6021,1742955465,202920323,ft_sensor0_wrench,-0.0362548828125,-0.10388565063476562,-0.037796974182128906,-0.002387702465057373,0.0009501203894615173,8.268654346466064e-05
1742955465.209659,6022,1742955465,209582968,ft_sensor0_wrench,0.05378437042236328,-0.07031631469726562,-0.013645648956298828,-0.0014347434043884277,-0.0011532604694366455,-0.00011517107486724854
1742955465.2163656,6023,1742955465,216249101,ft_sensor0_wrench,0.0507969856262207,-0.10271835327148438,-0.06199836730957031,-0.0014896988868713379,-0.0010619796812534332,-0.00014929473400115967
1742955465.223075,6024,1742955465,222945683,ft_sensor0_wrench,0.06135845184326172,-0.05682945251464844,-0.03885841369628906,-0.0010092556476593018,-0.0008772388100624084,-0.0003373771905899048
1742955465.2297254,6025,1742955465,229609207,ft_sensor0_wrench,0.009097099304199219,-0.024259567260742188,-0.03843879699707031,-0.0004977881908416748,-0.00011973083019256592,-0.0003316551446914673
1742955465.2364826,6026,1742955465,236268864,ft_sensor0_wrench,0.037847042083740234,0.02484893798828125,-0.038591861724853516,0.0009207725524902344,-0.0009343996644020081,0.00033780932426452637
1742955465.2430673,6027,1742955465,242944302,ft_sensor0_wrench,0.012346267700195312,-0.05531501770019531,-0.015300273895263672,-0.0005511343479156494,-0.00016055256128311157,0.00029762089252471924
1742955465.2496629,6028,1742955465,249584058,ft_sensor0_wrench,0.022116661071777344,-0.03774833679199219,0.009668827056884766,-0.0004967749118804932,-0.0007053464651107788,9.828805923461914e-05
1742955465.2563856,6029,1742955465,256270743,ft_sensor0_wrench,0.018980979919433594,-0.06956100463867188,-0.013314247131347656,-0.0014189481735229492,-0.0006401240825653076,9.845197200775146e-05
1742955465.262979,6030,1742955465,262913573,ft_sensor0_wrench,0.00984048843383789,-0.023721694946289062,-0.0381932258605957,-0.0004892349243164062,-0.00013332068920135498,0.00033064186573028564
1742955465.2696724,6031,1742955465,269585112,ft_sensor0_wrench,0.019772052764892578,-0.04123687744140625,-0.01514291763305664,-0.0009928643703460693,8.940696716308594e-05,0.0001096874475479126
1742955465.2763703,6032,1742955465,276281517,ft_sensor0_wrench,0.01589202880859375,-0.07358741760253906,-0.038372039794921875,-0.001923590898513794,0.00016821175813674927,-0.0005524605512619019
1742955465.2830267,6033,1742955465,282935694,ft_sensor0_wrench,0.026556015014648438,-0.056072235107421875,-0.03852653503417969,-0.0009934604167938232,-0.00036410242319107056,-0.00012375414371490479
1742955465.2896576,6034,1742955465,289582014,ft_sensor0_wrench,-0.03234100341796875,-0.009258270263671875,-0.04009294509887695,0.0003857910633087158,0.0008729696273803711,8.112192153930664e-05
1742955465.2963407,6035,1742955465,296268049,ft_sensor0_wrench,-0.0051116943359375,-0.023504257202148438,-0.015212059020996094,-5.549192428588867e-05,8.381158113479614e-05,8.970499038696289e-05
1742955465.30302,6036,1742955465,302918699,ft_sensor0_wrench,-0.004482746124267578,0.0399017333984375,-0.015122413635253906,0.0009286105632781982,4.582852125167847e-05,0.00012257695198059082
1742955465.3096602,6037,1742955465,309582485,ft_sensor0_wrench,-0.004482746124267578,0.0399017333984375,-0.015122413635253906,0.0009286105632781982,4.582852125167847e-05,0.00012257695198059082
1742955465.3163915,6038,1742955465,316264110,ft_sensor0_wrench,-0.02257061004638672,0.00830841064453125,-0.015124320983886719,0.00044018030166625977,0.0003281831741333008,-0.00011819601058959961
1742955465.3230271,6039,1742955465,322915474,ft_sensor0_wrench,-0.029354572296142578,0.023143768310546875,0.008259296417236328,0.00044077634811401367,0.0007816851139068604,0.00011524558067321777
1742955465.329683,6040,1742955465,329601748,ft_sensor0_wrench,0.05076408386230469,0.03973579406738281,0.03281116485595703,0.00047212839126586914,-0.0008029602468013763,0.00015097856521606445
1742955465.3363566,6041,1742955465,336251642,ft_sensor0_wrench,0.040204524993896484,-0.0061550140380859375,0.009670734405517578,-8.344650268554688e-06,-0.0009877011179924011,0.00033906102180480957
1742955465.3430178,6042,1742955465,342930227,ft_sensor0_wrench,-0.0021262168884277344,0.008899688720703125,0.03314018249511719,-5.066394805908203e-07,-7.4729323387146e-06,0.00012382864952087402
1742955465.3496943,6043,1742955465,349601684,ft_sensor0_wrench,-0.023349761962890625,-0.05450630187988281,0.010155200958251953,-0.001411139965057373,0.0003401041030883789,-0.00011678040027618408
1742955465.3564076,6044,1742955465,356258683,ft_sensor0_wrench,0.022745609283447266,0.02565765380859375,0.009758472442626953,0.00048732757568359375,-0.0007433295249938965,0.00013116002082824707
1742955465.3629763,6045,1742955465,362915330,ft_sensor0_wrench,-0.039286136627197266,0.04065895080566406,-0.014790534973144531,0.0009443759918212891,0.0005589649081230164,0.0003361999988555908
1742955465.3696566,6046,1742955465,369582263,ft_sensor0_wrench,-0.06792259216308594,-0.07131576538085938,-0.01448202133178711,-0.0014497041702270508,0.001398034393787384,0.00029616057872772217
1742955465.3763297,6047,1742955465,376249240,ft_sensor0_wrench,0.004657745361328125,-0.0059375762939453125,0.00975656509399414,-1.1026859283447266e-06,-0.00046097487211227417,-0.00010961294174194336
1742955465.3829734,6048,1742955465,382914916,ft_sensor0_wrench,0.004657745361328125,-0.0059375762939453125,0.00975656509399414,-1.1026859283447266e-06,-0.00046097487211227417,-0.00010961294174194336
1742955465.3896887,6049,1742955465,389581694,ft_sensor0_wrench,0.019609928131103516,-0.0061550140380859375,-0.013224601745605469,-0.00043487548828125,-0.0006781071424484253,0.0001313239336013794
1742955465.3963418,6050,1742955465,396254350,ft_sensor0_wrench,-0.005261898040771484,-0.022912979125976562,0.010157108306884766,-0.0009227097034454346,5.774945020675659e-05,0.00012399256229400635
1742955465.403003,6051,1742955465,402916272,ft_sensor0_wrench,0.004657745361328125,-0.0059375762939453125,0.00975656509399414,-1.1026859283447266e-06,-0.00046097487211227417,-0.00010961294174194336
1742955465.409712,6052,1742955465,409580211,ft_sensor0_wrench,0.03396797180175781,-0.0075016021728515625,-0.06182050704956055,-9.953975677490234e-06,-0.0008555948734283447,-0.00032432377338409424
1742955465.416372,6053,1742955465,416266647,ft_sensor0_wrench,0.037068843841552734,-0.03796577453613281,-0.013312339782714844,-0.0009305179119110107,-0.0009224787354469299,0.0003392249345779419
1742955465.423028,6054,1742955465,422937731,ft_sensor0_wrench,-0.012057781219482422,0.026414871215820312,0.010090351104736328,0.0005030930042266846,-0.0002301931381225586,0.00034478306770324707
1742955465.4296463,6055,1742955465,429582394,ft_sensor0_wrench,-0.0021262168884277344,0.008899688720703125,0.03314018249511719,-5.066394805908203e-07,-7.4729323387146e-06,0.00012382864952087402
1742955465.4364574,6056,1742955465,436287743,ft_sensor0_wrench,-0.0051116943359375,-0.023504257202148438,-0.015212059020996094,-5.549192428588867e-05,8.381158113479614e-05,8.970499038696289e-05
1742955465.4430494,6057,1742955465,442937532,ft_sensor0_wrench,-0.005261898040771484,-0.022912979125976562,0.010157108306884766,-0.0009227097034454346,5.774945020675659e-05,0.00012399256229400635
1742955465.4496467,6058,1742955465,449581877,ft_sensor0_wrench,-0.03311920166015625,-0.07207298278808594,-0.014813423156738281,-0.0014654994010925293,0.0008848980069160461,8.253753185272217e-05
1742955465.4564137,6059,1742955465,456291535,ft_sensor0_wrench,-0.005890846252441406,-0.0863189697265625,0.010067462921142578,-0.0019067823886871338,9.573996067047119e-05,9.112060070037842e-05
1742955465.4629807,6060,1742955465,462919685,ft_sensor0_wrench,0.03632545471191406,-0.03850555419921875,-0.013557910919189453,-0.0009390711784362793,-0.0009088888764381409,-0.00032307207584381104
1742955465.4696474,6061,1742955465,469582756,ft_sensor0_wrench,0.05754804611206055,0.024900436401367188,0.009427070617675781,0.00047153234481811523,-0.0012564659118652344,-8.246302604675293e-05
1742955465.476378,6062,1742955465,476272974,ft_sensor0_wrench,0.009727001190185547,0.03914451599121094,-0.03834867477416992,0.0004862844944000244,-0.00015772134065628052,-0.00029878318309783936
1742955465.4830382,6063,1742955465,482934200,ft_sensor0_wrench,-0.007618427276611328,0.008090972900390625,-0.03810548782348633,6.407499313354492e-06,0.00011105090379714966,0.00012274086475372314
1742955465.4896514,6064,1742955465,489582886,ft_sensor0_wrench,0.040204524993896484,-0.0061550140380859375,0.009670734405517578,-8.344650268554688e-06,-0.0009877011179924011,0.00033906102180480957
1742955465.4963307,6065,1742955465,496257654,ft_sensor0_wrench,0.04761648178100586,0.042415618896484375,-0.013623237609863281,0.0009751617908477783,-0.0014791935682296753,0.00013849139213562012
1742955465.5030315,6066,1742955465,502935101,ft_sensor0_wrench,-0.04082059860229492,0.011796951293945312,-0.013206958770751953,0.0005097389221191406,-0.0001569800078868866,-0.00033733248710632324
1742955465.5096457,6067,1742955465,509581665,ft_sensor0_wrench,-0.03328132629394531,-0.036991119384765625,-0.012894630432128906,-0.00090751051902771,0.00011738389730453491,0.00010417401790618896
1742955465.5164945,6068,1742955465,516298520,ft_sensor0_wrench,-0.040078163146972656,0.012334823608398438,-0.012961864471435547,0.0005182921886444092,-0.0001705661416053772,0.0003249645233154297
1742955465.5230155,6069,1742955465,522924298,ft_sensor0_wrench,0.004657745361328125,-0.0059375762939453125,0.00975656509399414,-1.1026859283447266e-06,-0.00046097487211227417,-0.00010961294174194336
1742955465.5296552,6070,1742955465,529582696,ft_sensor0_wrench,0.005447864532470703,0.022386550903320312,0.007927894592285156,0.00042498111724853516,0.00026854872703552246,-9.837746620178223e-05
1742955465.5363572,6071,1742955465,536255303,ft_sensor0_wrench,-0.004482746124267578,0.0399017333984375,-0.015122413635253906,0.0009286105632781982,4.582852125167847e-05,0.00012257695198059082
1742955465.5430222,6072,1742955465,542934768,ft_sensor0_wrench,-0.034422874450683594,-0.021938323974609375,0.0563654899597168,-4.6640634536743164e-05,0.0004784315824508667,0.0003044307231903076
1742955465.5496461,6073,1742955465,549581640,ft_sensor0_wrench,-0.0027551651000976562,-0.05450630187988281,0.033050537109375,-0.0009846091270446777,3.0517578125e-05,9.09566879272461e-05
1742955465.5564132,6074,1742955465,556250551,ft_sensor0_wrench,0.0003795623779296875,-0.022695541381835938,0.05603361129760742,-6.243586540222168e-05,-3.470480442047119e-05,9.080767631530762e-05
1742955465.563004,6075,1742955465,562947592,ft_sensor0_wrench,0.04333925247192383,0.02565765380859375,0.03265380859375,0.0009138286113739014,-0.0010529235005378723,0.0003389120101928711
1742955465.5696766,6076,1742955465,569582160,ft_sensor0_wrench,0.03502082824707031,0.011629104614257812,0.057621002197265625,0.00047981739044189453,-0.0013153553009033203,-0.00010116398334503174
1742955465.5764062,6077,1742955465,576248004,ft_sensor0_wrench,-0.030145645141601562,-0.00518035888671875,0.010088443756103516,1.4662742614746094e-05,5.216151475906372e-05,0.00010401010513305664
1742955465.583046,6078,1742955465,582932799,ft_sensor0_wrench,0.06193971633911133,-0.021207809448242188,-0.03669404983520508,-0.00044268369674682617,-0.0016583353281021118,0.00034655630588531494
1742955465.5896547,6079,1742955465,589581931,ft_sensor0_wrench,0.02952861785888672,0.010822296142578125,-0.013625144958496094,0.00048673152923583984,-0.001196838915348053,-0.00010228157043457031
1742955465.596352,6080,1742955465,596248133,ft_sensor0_wrench,-0.03402376174926758,-0.03753089904785156,-0.013140201568603516,-0.0009160637855529785,0.0001309625804424286,-0.0005581378936767578
1742955465.6030314,6081,1742955465,602930333,ft_sensor0_wrench,-0.023349761962890625,-0.05450630187988281,0.010155200958251953,-0.001411139965057373,0.0003401041030883789,-0.00011678040027618408
1742955465.6096408,6082,1742955465,609581386,ft_sensor0_wrench,-0.012800216674804688,0.025873184204101562,0.009844779968261719,0.000494539737701416,-0.00021661072969436646,-0.00031751394271850586
1742955465.6163445,6083,1742955465,616248371,ft_sensor0_wrench,-0.050739288330078125,-0.00518035888671875,-0.012806415557861328,-0.0004118382930755615,0.0003617480397224426,-0.00010372698307037354
1742955465.6229842,6084,1742955465,622916433,ft_sensor0_wrench,-0.07796764373779297,0.009063720703125,-0.03768730163574219,2.944469451904297e-05,0.0011509060859680176,-0.00011231005191802979
1742955465.6296415,6085,1742955465,629580683,ft_sensor0_wrench,-0.03092479705810547,-0.06799507141113281,0.03536796569824219,-0.0018365979194641113,6.408989429473877e-05,0.00010542571544647217
1742955465.6363475,6086,1742955465,636250170,ft_sensor0_wrench,-0.022606372833251953,-0.053966522216796875,0.010400772094726562,-0.0014025568962097168,0.00032652169466018677,0.0005455166101455688
1742955465.643,6087,1742955465,642914169,ft_sensor0_wrench,0.04698753356933594,-0.020990371704101562,-0.013712882995605469,-8.940696716308594e-06,-0.0014412030577659607,0.00010561943054199219
1742955465.6496544,6088,1742955465,649581727,ft_sensor0_wrench,0.03632545471191406,-0.03850555419921875,-0.013557910919189453,-0.0009390711784362793,-0.0009088888764381409,-0.00032307207584381104
1742955465.6563118,6089,1742955465,656248575,ft_sensor0_wrench,0.02875041961669922,-0.05199432373046875,0.011654376983642578,-0.0013645589351654053,-0.001184910535812378,-0.00010086596012115479
1742955465.663134,6090,1742955465,662914121,ft_sensor0_wrench,0.04997396469116211,0.011411666870117188,0.03463935852050781,4.607439041137695e-05,-0.0015324875712394714,0.00013975799083709717
1742955465.6696336,6091,1742955465,669581036,ft_sensor0_wrench,-0.06244230270385742,-0.03601646423339844,0.03331327438354492,-3.1441450119018555e-05,0.0005380548536777496,0.00028461217880249023
1742955465.6763299,6092,1742955465,676249810,ft_sensor0_wrench,-0.009551048278808594,-0.0051784515380859375,0.03298377990722656,0.0004411935806274414,-0.0002574324607849121,0.00031176209449768066
1742955465.6830137,6093,1742955465,682921547,ft_sensor0_wrench,0.015170574188232422,0.01216888427734375,0.03497123718261719,6.183981895446777e-05,-0.0010193511843681335,0.00035338103771209717
1742955465.689662,6094,1742955465,689581109,ft_sensor0_wrench,-0.037720680236816406,-0.01866912841796875,0.03530073165893555,-0.0004107952117919922,-0.00022386014461517334,0.00032623112201690674
1742955465.696348,6095,1742955465,696248563,ft_sensor0_wrench,-0.037720680236816406,-0.01866912841796875,0.03530073165893555,-0.0004107952117919922,-0.00022386014461517334,0.00032623112201690674
1742955465.7030127,6096,1742955465,702931770,ft_sensor0_wrench,-0.02037525177001953,0.012384414672851562,0.03505754470825195,6.908178329467773e-05,-0.0004926249384880066,-9.529292583465576e-05
1742955465.7096374,6097,1742955465,709581145,ft_sensor0_wrench,-0.02778911590576172,-0.03618431091308594,0.05835103988647461,-0.0009144246578216553,-1.1324882507324219e-06,0.00010527670383453369
1742955465.7163773,6098,1742955465,716250613,ft_sensor0_wrench,-0.006052970886230469,-0.05123710632324219,0.011986255645751953,-0.0013487637042999268,-0.00067177414894104,0.00011275708675384521
1742955465.7230203,6099,1742955465,722917221,ft_sensor0_wrench,-0.012800216674804688,0.025873184204101562,0.009844779968261719,0.000494539737701416,-0.00021661072969436646,-0.00031751394271850586
1742955465.7296693,6100,1742955465,729581633,ft_sensor0_wrench,0.021953582763671875,-0.002666473388671875,0.01158761978149414,6.124377250671387e-05,-0.0014728531241416931,0.00011993944644927979
1742955465.7363439,6101,1742955465,736249346,ft_sensor0_wrench,0.021953582763671875,-0.002666473388671875,0.01158761978149414,6.124377250671387e-05,-0.0014728531241416931,0.00011993944644927979
1742955465.7430596,6102,1742955465,742944882,ft_sensor0_wrench,0.034859657287597656,0.046710968017578125,0.059539794921875,0.0010378062725067139,-0.0020828619599342346,-7.952749729156494e-05
1742955465.7496543,6103,1742955465,749583114,ft_sensor0_wrench,0.0008482933044433594,0.07579231262207031,0.05804252624511719,0.0014796853065490723,-0.0008402019739151001,0.0001453310251235962
1742955465.7563748,6104,1742955465,756248273,ft_sensor0_wrench,-0.047603607177734375,0.026630401611328125,0.010176658630371094,0.0005103349685668945,0.00029652565717697144,-0.00010389089584350586
1742955465.7630877,6105,1742955465,762930715,ft_sensor0_wrench,-0.04524707794189453,-0.0043735504150390625,0.05843925476074219,-0.00041875243186950684,0.0002432316541671753,-0.00010262429714202881
1742955465.7696416,6106,1742955465,769581235,ft_sensor0_wrench,-0.02778911590576172,-0.03618431091308594,0.05835103988647461,-0.0009144246578216553,-1.1324882507324219e-06,0.00010527670383453369
1742955465.7763386,6107,1742955465,776248526,ft_sensor0_wrench,0.007014274597167969,-0.0369415283203125,0.058019161224365234,-0.0009301900863647461,-0.0005142688751220703,-0.00010834634304046631
1742955465.7829967,6108,1742955465,782914834,ft_sensor0_wrench,-0.0029172897338867188,-0.019426345825195312,0.034969329833984375,-0.0004265904426574707,-0.0007369965314865112,0.00011260807514190674
1742955465.7896452,6109,1742955465,789581705,ft_sensor0_wrench,-0.05517864227294922,0.013141632080078125,0.035388946533203125,8.487701416015625e-05,2.05114483833313e-05,0.00011833012104034424
1742955465.7963188,6110,1742955465,796248258,ft_sensor0_wrench,-0.032651424407958984,0.0264129638671875,-0.012804508209228516,7.659196853637695e-05,7.939338684082031e-05,0.0001370459794998169
1742955465.8030522,6111,1742955465,802927496,ft_sensor0_wrench,-0.029515743255615234,0.05822563171386719,0.010178565979003906,0.000998765230178833,1.4171004295349121e-05,0.00013688206672668457
1742955465.809648,6112,1742955465,809582626,ft_sensor0_wrench,-0.02778911590576172,-0.03618431091308594,0.05835103988647461,-0.0009144246578216553,-1.1324882507324219e-06,0.00010527670383453369
1742955465.8163164,6113,1742955465,816249574,ft_sensor0_wrench,-0.009701251983642578,-0.004589080810546875,0.05835294723510742,-0.0004259943962097168,-0.00028348714113235474,0.0003460496664047241
1742955465.823006,6114,1742955465,822916084,ft_sensor0_wrench,0.0008482933044433594,0.07579231262207031,0.05804252624511719,0.0014796853065490723,-0.0008402019739151001,0.0001453310251235962
1742955465.8296733,6115,1742955465,829597532,ft_sensor0_wrench,-0.03846311569213867,-0.019208908081054688,0.03505563735961914,-0.00041934847831726074,-0.00021027401089668274,-0.00033608078956604004
1742955465.836308,6116,1742955465,836249049,ft_sensor0_wrench,-0.006052970886230469,-0.05123710632324219,0.011986255645751953,-0.0013487637042999268,-0.00067177414894104,0.00011275708675384521
1742955465.8430636,6117,1742955465,842917866,ft_sensor0_wrench,-0.006052970886230469,-0.05123710632324219,0.011986255645751953,-0.0013487637042999268,-0.00067177414894104,0.00011275708675384521
1742955465.849657,6118,1742955465,849581880,ft_sensor0_wrench,-0.032651424407958984,0.0264129638671875,-0.012804508209228516,7.659196853637695e-05,7.939338684082031e-05,0.0001370459794998169
1742955465.8563466,6119,1742955465,856248165,ft_sensor0_wrench,0.011279582977294922,0.014308929443359375,-0.011707782745361328,0.0005563199520111084,-0.0016820020973682404,-0.00032141804695129395
1742955465.8630576,6120,1742955465,862934092,ft_sensor0_wrench,-0.05753612518310547,0.04414558410644531,-0.012873649597167969,0.0010139644145965576,7.380545139312744e-05,0.00011706352233886719
1742955465.8696513,6121,1742955465,869581408,ft_sensor0_wrench,-0.05831336975097656,-0.01866912841796875,0.012405872344970703,-0.0008372962474822998,8.573383092880249e-05,0.00011847913265228271
1742955465.876327,6122,1742955465,876249660,ft_sensor0_wrench,-0.029515743255615234,0.05822563171386719,0.010178565979003906,0.000998765230178833,1.4171004295349121e-05,0.00013688206672668457
1742955465.883026,6123,1742955465,882915020,ft_sensor0_wrench,-0.009701251983642578,-0.004589080810546875,0.05835294723510742,-0.0004259943962097168,-0.00028348714113235474,0.0003460496664047241
1742955465.8897338,6124,1742955465,889579949,ft_sensor0_wrench,0.015170574188232422,0.01216888427734375,0.03497123718261719,6.183981895446777e-05,-0.0010193511843681335,0.00035338103771209717
1742955465.8963077,6125,1742955465,896247389,ft_sensor0_wrench,-0.030145645141601562,-0.00518035888671875,0.010088443756103516,1.4662742614746094e-05,5.216151475906372e-05,0.00010401010513305664
1742955465.903092,6126,1742955465,902933836,ft_sensor0_wrench,-0.012686729431152344,-0.036991119384765625,0.010000228881835938,-0.00048097968101501465,-0.00019221007823944092,0.00031191110610961914
1742955465.9096656,6127,1742955465,909582898,ft_sensor0_wrench,-0.06494903564453125,-0.0044231414794921875,0.010419845581054688,3.045797348022461e-05,0.0005652979016304016,0.00031763315200805664
1742955465.9163938,6128,1742955465,916264788,ft_sensor0_wrench,0.012813091278076172,0.04317283630371094,-0.013291358947753906,0.0009909272193908691,-0.0009660571813583374,0.0003521144390106201
1742955465.923008,6129,1742955465,922914734,ft_sensor0_wrench,-0.02276754379272461,-0.018886566162109375,0.012319564819335938,-0.0008445382118225098,-0.00044099241495132446,0.0005671530961990356
1742955465.929642,6130,1742955465,929580022,ft_sensor0_wrench,-0.05831336975097656,-0.01866912841796875,0.012405872344970703,-0.0008372962474822998,8.573383092880249e-05,0.00011847913265228271
1742955465.9363346,6131,1742955465,936250276,ft_sensor0_wrench,-0.047603607177734375,0.026630401611328125,0.010176658630371094,0.0005103349685668945,0.00029652565717697144,-0.00010389089584350586
1742955465.9430563,6132,1742955465,942931800,ft_sensor0_wrench,-0.027950286865234375,-0.001102447509765625,0.06026935577392578,-0.00035640597343444824,-0.0007686465978622437,0.0001269131898880005
1742955465.9496381,6133,1742955465,949580077,ft_sensor0_wrench,0.015170574188232422,0.01216888427734375,0.03497123718261719,6.183981895446777e-05,-0.0010193511843681335,0.00035338103771209717
1742955465.9563596,6134,1742955465,956247697,ft_sensor0_wrench,-0.012057781219482422,0.026414871215820312,0.010090351104736328,0.0005030930042266846,-0.0002301931381225586,0.00034478306770324707
1742955465.9630165,6135,1742955465,962914304,ft_sensor0_wrench,-0.050739288330078125,-0.00518035888671875,-0.012806415557861328,-0.0004118382930755615,0.0003617480397224426,-0.00010372698307037354
1742955465.969655,6136,1742955465,969580349,ft_sensor0_wrench,-0.015193462371826172,-0.005397796630859375,-0.012892723083496094,-0.0004190802574157715,-0.0001649707555770874,0.0003449469804763794
1742955465.9763882,6137,1742955465,976248823,ft_sensor0_wrench,-0.015193462371826172,-0.005397796630859375,-0.012892723083496094,-0.0004190802574157715,-0.0001649707555770874,0.0003449469804763794
1742955465.98302,6138,1742955465,982914975,ft_sensor0_wrench,-0.050739288330078125,-0.00518035888671875,-0.012806415557861328,-0.0004118382930755615,0.0003617480397224426,-0.00010372698307037354
1742955465.9897044,6139,1742955465,989580138,ft_sensor0_wrench,-0.047603607177734375,0.026630401611328125,0.010176658630371094,0.0005103349685668945,0.00029652565717697144,-0.00010389089584350586
1742955465.9963503,6140,1742955465,996247503,ft_sensor0_wrench,-0.030145645141601562,-0.00518035888671875,0.010088443756103516,1.4662742614746094e-05,5.216151475906372e-05,0.00010401010513305664
1742955466.0030806,6141,1742955466,2930984,ft_sensor0_wrench,-0.03328132629394531,-0.036991119384765625,-0.012894630432128906,-0.00090751051902771,0.00011738389730453491,0.00010417401790618896
1742955466.0096507,6142,1742955466,9580924,ft_sensor0_wrench,-0.03328132629394531,-0.036991119384765625,-0.012894630432128906,-0.00090751051902771,0.00011738389730453491,0.00010417401790618896
1742955466.0163605,6143,1742955466,16247826,ft_sensor0_wrench,0.015170574188232422,0.01216888427734375,0.03497123718261719,6.183981895446777e-05,-0.0010193511843681335,0.00035338103771209717
1742955466.0230844,6144,1742955466,22914393,ft_sensor0_wrench,0.0038657188415527344,-0.034259796142578125,0.011585712432861328,-0.0004271864891052246,-0.0011905021965503693,-0.00012084841728210449
1742955466.029643,6145,1742955466,29580949,ft_sensor0_wrench,-0.030937671661376953,-0.033504486083984375,0.0119171142578125,-0.0004113912582397461,-0.0006773658096790314,9.277462959289551e-05
1742955466.03631,6146,1742955466,36248460,ft_sensor0_wrench,-0.07546186447143555,-0.022527694702148438,-0.014794349670410156,-3.248453140258789e-05,0.0011236704885959625,-0.00014534592628479004
1742955466.0430467,6147,1742955466,42915442,ft_sensor0_wrench,-0.02257061004638672,0.00830841064453125,-0.015124320983886719,0.00044018030166625977,0.0003281831741333008,-0.00011819601058959961
1742955466.0496511,6148,1742955466,49581982,ft_sensor0_wrench,-0.012800216674804688,0.025873184204101562,0.009844779968261719,0.000494539737701416,-0.00021661072969436646,-0.00031751394271850586
1742955466.0563319,6149,1742955466,56253680,ft_sensor0_wrench,0.001522064208984375,-0.03774833679199219,-0.013226509094238281,-0.0009233057498931885,-0.000395752489566803,-0.00010944902896881104
1742955466.0630379,6150,1742955466,62930677,ft_sensor0_wrench,-0.030145645141601562,-0.00518035888671875,0.010088443756103516,1.4662742614746094e-05,5.216151475906372e-05,0.00010401010513305664
1742955466.0697017,6151,1742955466,69585949,ft_sensor0_wrench,-0.02257061004638672,0.00830841064453125,-0.015124320983886719,0.00044018030166625977,0.0003281831741333008,-0.00011819601058959961
1742955466.0763192,6152,1742955466,76247791,ft_sensor0_wrench,0.039460182189941406,-0.0066928863525390625,0.009425163269042969,-1.6897916793823242e-05,-0.0009741112589836121,-0.00032323598861694336
1742955466.0830796,6153,1742955466,82930899,ft_sensor0_wrench,-0.005856037139892578,-0.024042129516601562,-0.015457630157470703,-6.404519081115723e-05,9.739771485328674e-05,-0.00057259202003479
1742955466.089666,6154,1742955466,89596341,ft_sensor0_wrench,-0.02414083480834961,-0.08283042907714844,0.01198434829711914,-0.0018371939659118652,-0.0003894232213497162,-0.00012801587581634521
1742955466.096363,6155,1742955466,96250265,ft_sensor0_wrench,-0.0035462379455566406,-0.08283042907714844,0.034879207611083984,-0.00141066312789917,-0.0006990097463130951,7.972121238708496e-05
1742955466.1030517,6156,1742955466,102915184,ft_sensor0_wrench,0.039460182189941406,-0.0066928863525390625,0.009425163269042969,-1.6897916793823242e-05,-0.0009741112589836121,-0.00032323598861694336
1742955466.1096697,6157,1742955466,109580403,ft_sensor0_wrench,0.09485816955566406,-0.007450103759765625,0.031989097595214844,0.00039383769035339355,-0.0017968416213989258,-0.00032910704612731934
1742955466.1163409,6158,1742955466,116248102,ft_sensor0_wrench,0.05127763748168945,-0.038722991943359375,-0.03653907775878906,-0.0013728141784667969,-0.001126021146774292,-8.215010166168213e-05
1742955466.123059,6159,1742955466,122917652,ft_sensor0_wrench,0.026244640350341797,-0.0204010009765625,-0.011238574981689453,-0.0013026297092437744,-0.0011576712131500244,-6.783008575439453e-05
1742955466.1296694,6160,1742955466,129587962,ft_sensor0_wrench,0.011453628540039062,-0.055263519287109375,0.009823799133300781,-0.0014269053936004639,-0.00017303228378295898,-0.0003304034471511841
1742955466.1363952,6161,1742955466,136255826,ft_sensor0_wrench,0.03785991668701172,-0.0096435546875,-0.015140533447265625,-0.0005044341087341309,-0.00019294396042823792,0.00035046041011810303
1742955466.14304,6162,1742955466,142918495,ft_sensor0_wrench,0.012825965881347656,0.008680343627929688,0.010159492492675781,-0.0004342794418334961,-0.00022460147738456726,0.0003647655248641968
1742955466.1496532,6163,1742955466,149582452,ft_sensor0_wrench,0.06273174285888672,0.0071163177490234375,-0.03852224349975586,-1.659989356994629e-05,-0.0009288080036640167,0.0003577917814254761
1742955466.1563294,6164,1742955466,156247461,ft_sensor0_wrench,0.07944631576538086,-0.025234222412109375,-0.03885650634765625,-0.0005208253860473633,-0.0011595934629440308,-9.660422801971436e-05
1742955466.1630611,6165,1742955466,162932425,ft_sensor0_wrench,-0.019071578979492188,-0.037750244140625,-0.036121368408203125,-0.001349806785583496,-8.616596460342407e-05,-0.00031720101833343506
1742955466.1697247,6166,1742955466,169584607,ft_sensor0_wrench,0.05143880844116211,-0.07380485534667969,-0.03845787048339844,-0.001930832862854004,-0.00035850703716278076,-0.00010378658771514893
1742955466.1763296,6167,1742955466,176247574,ft_sensor0_wrench,0.005447864532470703,0.022386550903320312,0.007927894592285156,0.00042498111724853516,0.00026854872703552246,-9.837746620178223e-05
1742955466.1831446,6168,1742955466,182933990,ft_sensor0_wrench,0.04543304443359375,0.00384521484375,-0.04035329818725586,-7.894635200500488e-05,8.307769894599915e-05,0.00012825429439544678
1742955466.1896708,6169,1742955466,189580972,ft_sensor0_wrench,0.04700040817260742,-0.05548095703125,0.009737968444824219,-0.0014341473579406738,-0.000699751079082489,0.00011827051639556885
1742955466.1963658,6170,1742955466,196249447,ft_sensor0_wrench,0.03048086166381836,0.0040645599365234375,-0.017372608184814453,0.0003547966480255127,0.0003002062439918518,-0.00011268258094787598
1742955466.203015,6171,1742955466,202920871,ft_sensor0_wrench,0.009097099304199219,-0.024259567260742188,-0.03843879699707031,-0.0004977881908416748,-0.00011973083019256592,-0.0003316551446914673
1742955466.2096534,6172,1742955466,209582525,ft_sensor0_wrench,0.018980979919433594,-0.06956100463867188,-0.013314247131347656,-0.0014189481735229492,-0.0006401240825653076,9.845197200775146e-05
1742955466.2163665,6173,1742955466,216248502,ft_sensor0_wrench,0.10003995895385742,-0.025234222412109375,-0.015961170196533203,-9.429454803466797e-05,-0.0014691799879074097,0.00011114776134490967
1742955466.2230527,6174,1742955466,222918697,ft_sensor0_wrench,-0.03249025344848633,-0.0086669921875,-0.014723777770996094,-0.0004814267158508301,0.0008469074964523315,0.0001154094934463501
1742955466.2296705,6175,1742955466,229586033,ft_sensor0_wrench,-0.005099773406982422,-0.057994842529296875,0.008238792419433594,-0.001480698585510254,0.0008252710103988647,0.00010235607624053955
1742955466.2363286,6176,1742955466,236248675,ft_sensor0_wrench,-0.023349761962890625,-0.05450630187988281,0.010155200958251953,-0.001411139965057373,0.0003401041030883789,-0.00011678040027618408
1742955466.2429962,6177,1742955466,242916351,ft_sensor0_wrench,0.0544133186340332,-0.0069103240966796875,-0.01355600357055664,-0.0004506409168243408,-0.0011912435293197632,-8.22991132736206e-05
1742955466.2496443,6178,1742955466,249581456,ft_sensor0_wrench,-0.018328189849853516,-0.03720855712890625,-0.03587627410888672,-0.0013412535190582275,-9.974837303161621e-05,0.00034509599208831787
1742955466.2563183,6179,1742955466,256248939,ft_sensor0_wrench,0.02792835235595703,0.007871627807617188,-0.03819084167480469,-8.046627044677734e-07,-0.00041567161679267883,0.0005714148283004761
1742955466.263111,6180,1742955466,262932073,ft_sensor0_wrench,-0.050739288330078125,-0.00518035888671875,-0.012806415557861328,-0.0004118382930755615,0.0003617480397224426,-0.00010372698307037354
1742955466.2697022,6181,1742955466,269583483,ft_sensor0_wrench,-0.007618427276611328,0.008090972900390625,-0.03810548782348633,6.407499313354492e-06,0.00011105090379714966,0.00012274086475372314
1742955466.2764187,6182,1742955466,276287167,ft_sensor0_wrench,0.027022838592529297,0.042415618896484375,-0.036518096923828125,0.000548630952835083,-0.0011695995926856995,-6.924569606781006e-05
1742955466.283176,6183,1742955466,282940392,ft_sensor0_wrench,0.02969074249267578,-0.024259567260742188,-0.015543460845947266,-7.128715515136719e-05,-0.00042932480573654175,-0.0001239180564880371
1742955466.2897005,6184,1742955466,289586289,ft_sensor0_wrench,0.03188610076904297,-0.020183563232421875,0.034637451171875,-0.0004423558712005615,-0.0012501329183578491,-0.00010101497173309326
1742955466.296403,6185,1742955466,296318445,ft_sensor0_wrench,0.02875041961669922,-0.05199432373046875,0.011654376983642578,-0.0013645589351654053,-0.001184910535812378,-0.00010086596012115479
1742955466.3031437,6186,1742955466,302939055,ft_sensor0_wrench,0.03188610076904297,-0.020183563232421875,0.034637451171875,-0.0004423558712005615,-0.0012501329183578491,-0.00010101497173309326
1742955466.3096488,6187,1742955466,309582775,ft_sensor0_wrench,0.02969074249267578,-0.024259567260742188,-0.015543460845947266,-7.128715515136719e-05,-0.00042932480573654175,-0.0001239180564880371
1742955466.3163972,6188,1742955466,316300198,ft_sensor0_wrench,0.004818916320800781,-0.041019439697265625,0.007838249206542969,-0.0005591213703155518,0.00030653923749923706,-0.00013124942779541016
1742955466.3230875,6189,1742955466,322934546,ft_sensor0_wrench,-0.023349761962890625,-0.05450630187988281,0.010155200958251953,-0.001411139965057373,0.0003401041030883789,-0.00011678040027618408
1742955466.3296645,6190,1742955466,329585702,ft_sensor0_wrench,0.05457448959350586,-0.04199409484863281,-0.015474796295166016,-0.0010086596012115479,-0.00042372941970825195,-0.0001039355993270874
1742955466.33639,6191,1742955466,336287477,ft_sensor0_wrench,0.004657745361328125,-0.0059375762939453125,0.00975656509399414,-1.1026859283447266e-06,-0.00046097487211227417,-0.00010961294174194336
1742955466.3430135,6192,1742955466,342943127,ft_sensor0_wrench,0.03695535659790039,0.024900436401367188,-0.013467788696289062,4.500150680541992e-05,-0.0009468793869018555,-0.0002902001142501831
1742955466.3496895,6193,1742955466,349582800,ft_sensor0_wrench,0.022116661071777344,-0.03774833679199219,0.009668827056884766,-0.0004967749118804932,-0.0007053464651107788,9.828805923461914e-05
1742955466.3563375,6194,1742955466,356251831,ft_sensor0_wrench,-0.012525558471679688,-0.07207298278808594,0.008081436157226562,-0.001038968563079834,0.0005753114819526672,0.0002902895212173462
1742955466.3629994,6195,1742955466,362932761,ft_sensor0_wrench,-0.022457122802734375,-0.05455780029296875,-0.014968395233154297,-0.0005353689193725586,0.0003525838255882263,0.0005112439393997192
1742955466.3696475,6196,1742955466,369582994,ft_sensor0_wrench,0.01297616958618164,0.008090972900390625,-0.015210151672363281,0.0004329383373260498,-0.00019854307174682617,0.0003304779529571533
1742955466.376345,6197,1742955466,376278995,ft_sensor0_wrench,-0.004369258880615234,-0.022962570190429688,-0.014966487884521484,-4.693865776062012e-05,7.0229172706604e-05,0.0007520169019699097
1742955466.383056,6198,1742955466,382933974,ft_sensor0_wrench,0.021953582763671875,-0.002666473388671875,0.01158761978149414,6.124377250671387e-05,-0.0014728531241416931,0.00011993944644927979
1742955466.3896492,6199,1742955466,389583992,ft_sensor0_wrench,0.07814264297485352,0.024900436401367188,0.03232240676879883,0.0008980631828308105,-0.0015660598874092102,0.0001252889633178711
1742955466.3963823,6200,1742955466,396269481,ft_sensor0_wrench,-0.0021262168884277344,0.008899688720703125,0.03314018249511719,-5.066394805908203e-07,-7.4729323387146e-06,0.00012382864952087402
1742955466.4030757,6201,1742955466,402929126,ft_sensor0_wrench,0.03267621994018555,0.008142471313476562,0.032808780670166016,-1.6301870346069336e-05,-0.0005206093192100525,-8.979439735412598e-05
1742955466.4097102,6202,1742955466,409580018,ft_sensor0_wrench,0.004657745361328125,-0.0059375762939453125,0.00975656509399414,-1.1026859283447266e-06,-0.00046097487211227417,-0.00010961294174194336
1742955466.4163916,6203,1742955466,416258031,ft_sensor0_wrench,-0.02257061004638672,0.00830841064453125,-0.015124320983886719,0.00044018030166625977,0.0003281831741333008,-0.00011819601058959961
1742955466.4230273,6204,1742955466,422934425,ft_sensor0_wrench,0.019759178161621094,-0.006744384765625,-0.03859376907348633,0.0004323422908782959,-0.0006520450115203857,9.703636169433594e-05
1742955466.4296393,6205,1742955466,429580690,ft_sensor0_wrench,0.0007300376892089844,-0.06607246398925781,-0.011397361755371094,-0.0013493597507476807,-0.001125279814004898,-0.00012068450450897217
1742955466.4363756,6206,1742955466,436246983,ft_sensor0_wrench,-0.01326894760131836,-0.07261276245117188,0.007836341857910156,-0.0010475516319274902,0.0005888901650905609,-0.0003720223903656006
1742955466.4430816,6207,1742955466,442932713,ft_sensor0_wrench,-0.036267757415771484,-0.06939315795898438,-0.06124734878540039,-0.0009624660015106201,0.0002086646854877472,7.003545761108398e-05
1742955466.4496946,6208,1742955466,449581041,ft_sensor0_wrench,-0.08287477493286133,-0.07109832763671875,0.0084991455078125,-0.0010159611701965332,0.0016151629388332367,5.5223703384399414e-05
1742955466.4563847,6209,1742955466,456249498,ft_sensor0_wrench,-0.02528238296508789,-0.06777763366699219,0.08124446868896484,-0.0009763240814208984,-2.8368085622787476e-05,7.224082946777344e-05
1742955466.4630597,6210,1742955466,462914650,ft_sensor0_wrench,0.02372884750366211,-0.06929206848144531,0.05768585205078125,-0.001434415578842163,-0.0007450543344020844,-0.0005627572536468506
1742955466.4696448,6211,1742955466,469580145,ft_sensor0_wrench,-0.03516721725463867,-0.0224761962890625,0.05611991882324219,-5.519390106201172e-05,0.0004920102655887604,-0.0003578662872314453
1742955466.476379,6212,1742955466,476247729,ft_sensor0_wrench,0.03962230682373047,-0.04177665710449219,0.007506370544433594,-0.0005749166011810303,-0.00020659714937210083,-0.00034487247467041016
1742955466.4830613,6213,1742955466,482916136,ft_sensor0_wrench,0.004657745361328125,-0.0059375762939453125,0.00975656509399414,-1.1026859283447266e-06,-0.00046097487211227417,-0.00010961294174194336
1742955466.4896548,6214,1742955466,489581160,ft_sensor0_wrench,0.02969074249267578,-0.024259567260742188,-0.015543460845947266,-7.128715515136719e-05,-0.00042932480573654175,-0.0001239180564880371
1742955466.4963062,6215,1742955466,496247026,ft_sensor0_wrench,0.02969074249267578,-0.024259567260742188,-0.015543460845947266,-7.128715515136719e-05,-0.00042932480573654175,-0.0001239180564880371
1742955466.503021,6216,1742955466,502925891,ft_sensor0_wrench,0.025251388549804688,-0.0059356689453125,0.03265190124511719,0.0004253983497619629,-0.00077056884765625,9.813904762268066e-05
1742955466.5096517,6217,1742955466,509580568,ft_sensor0_wrench,0.03282642364501953,0.0075511932373046875,0.007439613342285156,0.0008509159088134766,-0.0004945471882820129,-0.00012406706809997559
1742955466.5163326,6218,1742955466,516253151,ft_sensor0_wrench,-0.01013326644897461,-0.04080009460449219,0.030819416046142578,-0.00012534856796264648,0.0005236677825450897,-0.00037217140197753906
1742955466.523028,6219,1742955466,522916002,ft_sensor0_wrench,-0.04807138442993164,-0.07185554504394531,0.008167743682861328,-0.0010317564010620117,0.0011020265519618988,-0.00015839934349060059
1742955466.5296772,6220,1742955466,529581448,ft_sensor0_wrench,-0.01326894760131836,-0.07261276245117188,0.007836341857910156,-0.0010475516319274902,0.0005888901650905609,-0.0003720223903656006
1742955466.5363195,6221,1742955466,536249412,ft_sensor0_wrench,0.04954195022583008,-0.024799346923828125,0.007106304168701172,0.00034669041633605957,-0.000725332647562027,-0.000578463077545166
1742955466.5430615,6222,1742955466,542932028,ft_sensor0_wrench,0.004657745361328125,-0.0059375762939453125,0.00975656509399414,-1.1026859283447266e-06,-0.00046097487211227417,-0.00010961294174194336
1742955466.5496647,6223,1742955466,549581334,ft_sensor0_wrench,0.03048086166381836,0.0040645599365234375,-0.017372608184814453,0.0003547966480255127,0.0003002062439918518,-0.00011268258094787598
1742955466.5563426,6224,1742955466,556247253,ft_sensor0_wrench,0.013135433197021484,-0.026988983154296875,-0.017128944396972656,-0.00012505054473876953,0.0005689710378646851,0.00030885636806488037
1742955466.5631027,6225,1742955466,562935656,ft_sensor0_wrench,0.020549297332763672,0.021579742431640625,-0.04042243957519531,0.0008584260940551758,7.747858762741089e-05,0.00010827183723449707
1742955466.5696807,6226,1742955466,569593658,ft_sensor0_wrench,-0.004322528839111328,0.00482177734375,-0.017040729522705078,0.0003705918788909912,0.0008133426308631897,0.00010094046592712402
1742955466.5763757,6227,1742955466,576248803,ft_sensor0_wrench,0.04464387893676758,-0.024477005004882812,-0.038524627685546875,-0.0005050301551818848,-0.0006464570760726929,0.00011701881885528564
1742955466.5830083,6228,1742955466,582915320,ft_sensor0_wrench,0.013135433197021484,-0.026988983154296875,-0.017128944396972656,-0.00012505054473876953,0.0005689710378646851,0.00030885636806488037
1742955466.589728,6229,1742955466,589602042,ft_sensor0_wrench,-0.0482335090637207,-0.036773681640625,0.010086536407470703,-0.0004737675189971924,0.0003345124423503876,-0.0001367628574371338
1742955466.5963924,6230,1742955466,596263327,ft_sensor0_wrench,-0.026848793029785156,-0.008449554443359375,0.031152725219726562,0.0003788471221923828,0.0007544532418251038,8.222460746765137e-05
1742955466.6030512,6231,1742955466,602945404,ft_sensor0_wrench,0.022116661071777344,-0.03774833679199219,0.009668827056884766,-0.0004967749118804932,-0.0007053464651107788,9.828805923461914e-05
1742955466.609658,6232,1742955466,609583516,ft_sensor0_wrench,0.022116661071777344,-0.03774833679199219,0.009668827056884766,-0.0004967749118804932,-0.0007053464651107788,9.828805923461914e-05
1742955466.6163025,6233,1742955466,616247398,ft_sensor0_wrench,0.040204524993896484,-0.0061550140380859375,0.009670734405517578,-8.344650268554688e-06,-0.0009877011179924011,0.00033906102180480957
1742955466.6230307,6234,1742955466,622913166,ft_sensor0_wrench,0.08258199691772461,0.0065765380859375,-0.015873432159423828,0.0004013478755950928,-0.001224815845489502,-9.676814079284668e-05
1742955466.6296382,6235,1742955466,629581835,ft_sensor0_wrench,0.025251388549804688,-0.0059356689453125,0.03265190124511719,0.0004253983497619629,-0.00077056884765625,9.813904762268066e-05
1742955466.63634,6236,1742955466,636246261,ft_sensor0_wrench,-0.001965045928955078,-0.026182174682617188,0.031221866607666016,-0.0005585253238677979,0.0007600486278533936,0.00010219216346740723
1742955466.643079,6237,1742955466,642944372,ft_sensor0_wrench,-0.01503133773803711,-0.04047966003417969,-0.014811515808105469,-0.0009770691394805908,0.0006025433540344238,0.0003233104944229126
1742955466.649725,6238,1742955466,649582597,ft_sensor0_wrench,-0.012057781219482422,0.026414871215820312,0.010090351104736328,0.0005030930042266846,-0.0002301931381225586,0.00034478306770324707
1742955466.6563625,6239,1742955466,656270766,ft_sensor0_wrench,-0.0299835205078125,-0.04026222229003906,0.00816965103149414,-0.0005433261394500732,0.000819675624370575,8.237361907958984e-05
1742955466.663091,6240,1742955466,662927235,ft_sensor0_wrench,-0.00824737548828125,-0.05531501770019531,-0.038195133209228516,-0.0009776651859283447,0.00014903396368026733,8.986890316009521e-05
1742955466.6696548,6241,1742955466,669588709,ft_sensor0_wrench,-0.03328132629394531,-0.036991119384765625,-0.012894630432128906,-0.00090751051902771,0.00011738389730453491,0.00010417401790618896
1742955466.6763992,6242,1742955466,676262937,ft_sensor0_wrench,-0.05204296112060547,0.04495429992675781,0.05837202072143555,0.0010070502758026123,-4.471093416213989e-05,0.00011818110942840576
1742955466.6831224,6243,1742955466,682935876,ft_sensor0_wrench,0.022116661071777344,-0.03774833679199219,0.009668827056884766,-0.0004967749118804932,-0.0007053464651107788,9.828805923461914e-05
1742955466.6897542,6244,1742955466,689581655,ft_sensor0_wrench,0.032047271728515625,-0.055263519287109375,0.03271913528442383,-0.0010004043579101562,-0.0004826188087463379,-0.0001226663589477539
1742955466.6963625,6245,1742955466,696260369,ft_sensor0_wrench,-0.09813833236694336,-0.03520965576171875,0.05876874923706055,-0.0008913874626159668,0.001038718968629837,-0.00012978911399841309
1742955466.7030365,6246,1742955466,702913545,ft_sensor0_wrench,0.026042461395263672,0.022388458251953125,0.030823230743408203,0.0008515119552612305,-4.1037797927856445e-05,0.0001093745231628418
1742955466.7096446,6247,1742955466,709580708,ft_sensor0_wrench,-0.03767204284667969,0.009115219116210938,0.03322649002075195,6.705522537231445e-06,0.0005192533135414124,-0.0003248453140258789
1742955466.7163649,6248,1742955466,716256016,ft_sensor0_wrench,-0.045085906982421875,-0.03945350646972656,0.05651998519897461,-0.0009767711162567139,0.0010107457637786865,-0.00012427568435668945
1742955466.723023,6249,1742955466,722929433,ft_sensor0_wrench,0.024473190307617188,-0.06875228881835938,0.05793142318725586,-0.0014258623123168945,-0.000758633017539978,9.955465793609619e-05
1742955466.7296393,6250,1742955466,729580822,ft_sensor0_wrench,0.05362129211425781,-0.035236358642578125,-0.011727333068847656,-0.0008767247200012207,-0.0019207671284675598,-9.353458881378174e-05
1742955466.7365332,6251,1742955466,736251628,ft_sensor0_wrench,0.08258199691772461,0.0065765380859375,-0.015873432159423828,0.0004013478755950928,-0.001224815845489502,-9.676814079284668e-05
1742955466.74308,6252,1742955466,742935826,ft_sensor0_wrench,0.004657745361328125,-0.0059375762939453125,0.00975656509399414,-1.1026859283447266e-06,-0.00046097487211227417,-0.00010961294174194336
1742955466.7496693,6253,1742955466,749591921,ft_sensor0_wrench,-0.005274772644042969,0.011579513549804688,-0.013293266296386719,0.0005024969577789307,-0.0006837025284767151,0.00011134147644042969
1742955466.756395,6254,1742955466,756246332,ft_sensor0_wrench,-0.004482746124267578,0.0399017333984375,-0.015122413635253906,0.0009286105632781982,4.582852125167847e-05,0.00012257695198059082
1742955466.7630172,6255,1742955466,762932089,ft_sensor0_wrench,-0.0029172897338867188,-0.019426345825195312,0.034969329833984375,-0.0004265904426574707,-0.0007369965314865112,0.00011260807514190674
1742955466.7696798,6256,1742955466,769580904,ft_sensor0_wrench,-0.03834962844848633,-0.08207321166992188,0.035210609436035156,-0.0013948678970336914,-0.0001858733594417572,0.00029334425926208496
1742955466.7763233,6257,1742955466,776249797,ft_sensor0_wrench,0.04950523376464844,-0.08707427978515625,0.03263092041015625,-0.001496046781539917,-0.0007269829511642456,8.524954319000244e-05
1742955466.7830489,6258,1742955466,782913193,ft_sensor0_wrench,0.004657745361328125,-0.0059375762939453125,0.00975656509399414,-1.1026859283447266e-06,-0.00046097487211227417,-0.00010961294174194336
1742955466.7896376,6259,1742955466,789580319,ft_sensor0_wrench,-0.007780551910400391,0.04317283630371094,-0.03618621826171875,0.0005644261837005615,-0.0006564632058143616,0.00014437735080718994
1742955466.7963011,6260,1742955466,796246159,ft_sensor0_wrench,0.07500696182250977,-0.0069103240966796875,0.009339332580566406,-2.4139881134033203e-05,-0.001500837504863739,0.00012543797492980957
1742955466.8030195,6261,1742955466,802927308,ft_sensor0_wrench,0.018467426300048828,0.008899688720703125,0.056035518646240234,0.0004259943962097168,-0.0003170594573020935,0.00033158063888549805
1742955466.8096526,6262,1742955466,809583555,ft_sensor0_wrench,0.014702796936035156,-0.08631706237792969,0.03296232223510742,-0.0014802515506744385,-0.00021384656429290771,0.00029887259006500244
1742955466.8163683,6263,1742955466,816249014,ft_sensor0_wrench,-0.06478691101074219,-0.0395050048828125,0.008501052856445312,-0.0005275309085845947,0.0013328120112419128,0.00029599666595458984
1742955466.8230267,6264,1742955466,822934830,ft_sensor0_wrench,-0.029515743255615234,0.05822563171386719,0.010178565979003906,0.000998765230178833,1.4171004295349121e-05,0.00013688206672668457
1742955466.8297126,6265,1742955466,829597036,ft_sensor0_wrench,0.015332698822021484,-0.022912979125976562,0.03305244445800781,-0.0004961788654327393,-0.0002518370747566223,0.0003317296504974365
1742955466.8363876,6266,1742955466,836251305,ft_sensor0_wrench,-0.04744243621826172,-0.008449554443359375,0.008257389068603516,-4.7653913497924805e-05,0.0010640397667884827,-0.00012552738189697266
1742955466.843072,6267,1742955466,842934495,ft_sensor0_wrench,0.005447864532470703,0.022386550903320312,0.007927894592285156,0.00042498111724853516,0.00026854872703552246,-9.837746620178223e-05
1742955466.8498347,6268,1742955466,849583171,ft_sensor0_wrench,0.0975341796875,0.006359100341796875,-0.038854122161865234,-3.2395124435424805e-05,-0.0014419443905353546,0.00014416873455047607
1742955466.856344,6269,1742955466,856248868,ft_sensor0_wrench,0.050135135650634766,-0.023670196533203125,0.03272104263305664,-0.0005119740962982178,-0.0007649734616279602,0.00011810660362243652
1742955466.8629827,6270,1742955466,862914925,ft_sensor0_wrench,0.04620933532714844,-0.08380699157714844,0.011566638946533203,-0.001860201358795166,-0.0014292746782302856,0.00010703504085540771
1742955466.8696637,6271,1742955466,869582583,ft_sensor0_wrench,0.05457448959350586,-0.04199409484863281,-0.015474796295166016,-0.0010086596012115479,-0.00042372941970825195,-0.0001039355993270874
1742955466.8763478,6272,1742955466,876249953,ft_sensor0_wrench,0.08274126052856445,-0.02850341796875,-0.017791748046875,-0.00015664100646972656,-0.0004573017358779907,-0.00011838972568511963
1742955466.8830242,6273,1742955466,882933958,ft_sensor0_wrench,0.0850987434387207,-0.05950736999511719,0.030470848083496094,-0.0010857582092285156,-0.0005105957388877869,-0.00011713802814483643
1742955466.8896613,6274,1742955466,889581611,ft_sensor0_wrench,0.03283834457397461,-0.02693939208984375,0.03088998794555664,-0.0005743205547332764,0.00024691224098205566,-0.00011143088340759277
1742955466.8963265,6275,1742955466,896250908,ft_sensor0_wrench,0.012231826782226562,0.0075511932373046875,-0.01545572280883789,0.00042438507080078125,-0.0001849532127380371,-0.0003318190574645996
1742955466.9030213,6276,1742955466,902930903,ft_sensor0_wrench,0.03188610076904297,-0.020183563232421875,0.034637451171875,-0.0004423558712005615,-0.0012501329183578491,-0.00010101497173309326
1742955466.909762,6277,1742955466,909610075,ft_sensor0_wrench,0.1204843521118164,-0.024644851684570312,0.032303810119628906,-0.0005349814891815186,-0.0018048249185085297,0.0003531724214553833
1742955466.9163668,6278,1742955466,916262098,ft_sensor0_wrench,0.06759309768676758,-0.05548095703125,0.03263282775878906,-0.0010076165199279785,-0.001009337604045868,0.00032602250576019287
1742955466.9230382,6279,1742955466,922915030,ft_sensor0_wrench,0.005447864532470703,0.022386550903320312,0.007927894592285156,0.00042498111724853516,0.00026854872703552246,-9.837746620178223e-05
1742955466.929665,6280,1742955466,929581569,ft_sensor0_wrench,0.009727001190185547,0.03914451599121094,-0.03834867477416992,0.0004862844944000244,-0.00015772134065628052,-0.00029878318309783936
1742955466.9363534,6281,1742955466,936250483,ft_sensor0_wrench,0.00988626480102539,0.0040645599365234375,-0.0402674674987793,-7.170438766479492e-05,0.0006097927689552307,-0.00032041966915130615
1742955466.943051,6282,1742955466,942931547,ft_sensor0_wrench,0.03534412384033203,-0.05853271484375,0.053783416748046875,-0.0006362199783325195,0.00021967291831970215,-0.00014443695545196533
1742955466.949634,6283,1742955466,949580600,ft_sensor0_wrench,0.0682229995727539,0.007923126220703125,0.032723426818847656,-2.3543834686279297e-05,-0.001047324389219284,0.00035887956619262695
1742955466.9563534,6284,1742955466,956247035,ft_sensor0_wrench,0.006192207336425781,0.02292633056640625,0.008173942565917969,0.0004335343837738037,0.0002549700438976288,0.0005639195442199707
1742955466.9630163,6285,1742955466,962929936,ft_sensor0_wrench,0.05786943435668945,-0.045261383056640625,0.005589962005615234,-0.0006444752216339111,0.0002785623073577881,-0.00012572109699249268
1742955466.9696386,6286,1742955466,969580520,ft_sensor0_wrench,0.040364742279052734,-0.04123497009277344,0.007751941680908203,-0.000566333532333374,-0.00022017955780029297,0.0003174394369125366
1742955466.9763222,6287,1742955466,976247666,ft_sensor0_wrench,0.022906780242919922,-0.009424209594726562,0.007840156555175781,-7.069110870361328e-05,2.4184584617614746e-05,0.00010952353477478027
1742955466.9830148,6288,1742955466,982914394,ft_sensor0_wrench,0.08274126052856445,-0.02850341796875,-0.017791748046875,-0.00015664100646972656,-0.0004573017358779907,-0.00011838972568511963
1742955466.9896343,6289,1742955466,989580842,ft_sensor0_wrench,0.03597402572631836,0.0048732757568359375,0.053873538970947266,0.0003478825092315674,0.00018168985843658447,-0.00011157989501953125
1742955466.9963255,6290,1742955466,996248988,ft_sensor0_wrench,-0.029354572296142578,0.023143768310546875,0.008259296417236328,0.00044077634811401367,0.0007816851139068604,0.00011524558067321777
1742955467.003066,6291,1742955467,2914199,ft_sensor0_wrench,0.022906780242919922,-0.009424209594726562,0.007840156555175781,-7.069110870361328e-05,2.4184584617614746e-05,0.00010952353477478027
1742955467.0096786,6292,1742955467,9580922,ft_sensor0_wrench,0.018980979919433594,-0.06956100463867188,-0.013314247131347656,-0.0014189481735229492,-0.0006401240825653076,9.845197200775146e-05
1742955467.0163054,6293,1742955467,16247374,ft_sensor0_wrench,0.07140254974365234,-0.13721084594726562,-0.01565265655517578,-0.0024884045124053955,-0.000630110502243042,7.109344005584717e-05
1742955467.0230043,6294,1742955467,22915102,ft_sensor0_wrench,0.08619451522827148,-0.10234642028808594,-0.036715030670166016,-0.002364128828048706,-0.0016147568821907043,0.0003336668014526367
1742955467.029661,6295,1742955467,29584011,ft_sensor0_wrench,0.022906780242919922,-0.009424209594726562,0.007840156555175781,-7.069110870361328e-05,2.4184584617614746e-05,0.00010952353477478027
1742955467.036305,6296,1742955467,36247658,ft_sensor0_wrench,0.043500423431396484,-0.00942230224609375,0.030735492706298828,0.00035583972930908203,-0.00028540194034576416,0.00031729042530059814
1742955467.0430193,6297,1742955467,42914874,ft_sensor0_wrench,0.06759309768676758,-0.05548095703125,0.03263282775878906,-0.0010076165199279785,-0.001009337604045868,0.00032602250576019287
1742955467.049726,6298,1742955467,49580559,ft_sensor0_wrench,0.06445837020874023,-0.08729171752929688,0.00964975357055664,-0.0019297897815704346,-0.0009441152215003967,0.00032617151737213135
1742955467.0563369,6299,1742955467,56247812,ft_sensor0_wrench,0.018980979919433594,-0.06956100463867188,-0.013314247131347656,-0.0014189481735229492,-0.0006401240825653076,9.845197200775146e-05
1742955467.0630138,6300,1742955467,62917600,ft_sensor0_wrench,0.05927562713623047,-0.06950950622558594,0.05760002136230469,-0.001441657543182373,-0.001271769404411316,-0.00011406838893890381
1742955467.0697196,6301,1742955467,69580119,ft_sensor0_wrench,0.059436798095703125,-0.10458946228027344,0.05568122863769531,-0.00199967622756958,-0.0005042627453804016,-0.0001357048749923706
1742955467.076411,6302,1742955467,76260787,ft_sensor0_wrench,0.02891254425048828,-0.08707618713378906,0.009736061096191406,-0.0019225776195526123,-0.0004173964262008667,-0.00012250244617462158
1742955467.0830753,6303,1742955467,82932384,ft_sensor0_wrench,0.06445837020874023,-0.08729171752929688,0.00964975357055664,-0.0019297897815704346,-0.0009441152215003967,0.00032617151737213135
1742955467.0897253,6304,1742955467,89599368,ft_sensor0_wrench,0.02639293670654297,-0.020990371704101562,-0.036608219146728516,-0.0004354715347290039,-0.0011316165328025818,-0.00010211765766143799
1742955467.0963762,6305,1742955467,96249900,ft_sensor0_wrench,0.00984048843383789,-0.023721694946289062,-0.0381932258605957,-0.0004892349243164062,-0.00013332068920135498,0.00033064186573028564
1742955467.103088,6306,1742955467,102916013,ft_sensor0_wrench,0.022906780242919922,-0.009424209594726562,0.007840156555175781,-7.069110870361328e-05,2.4184584617614746e-05,0.00010952353477478027
1742955467.1096478,6307,1742955467,109581831,ft_sensor0_wrench,0.0544133186340332,-0.0069103240966796875,-0.01355600357055664,-0.0004506409168243408,-0.0011912435293197632,-8.22991132736206e-05
1742955467.1163952,6308,1742955467,116246873,ft_sensor0_wrench,0.05771017074584961,-0.010181427001953125,0.007508277893066406,-8.64863395690918e-05,-0.0004889518022537231,-0.00010409951210021973
1742955467.1230304,6309,1742955467,122921020,ft_sensor0_wrench,0.10761308670043945,-0.011745452880859375,-0.041173458099365234,0.000331193208694458,-0.0011931657791137695,-0.00011105835437774658
1742955467.129656,6310,1742955467,129582673,ft_sensor0_wrench,0.0016841888427734375,-0.0728302001953125,-0.015144824981689453,-0.0014812946319580078,0.00037176162004470825,-0.00013108551502227783
1742955467.1363542,6311,1742955467,136253107,ft_sensor0_wrench,0.05771017074584961,-0.010181427001953125,0.007508277893066406,-8.64863395690918e-05,-0.0004889518022537231,-0.00010409951210021973
1742955467.1430314,6312,1742955467,142934698,ft_sensor0_wrench,0.05833911895751953,0.05322265625,0.007598876953125,0.0008976161479949951,-0.0005269385874271393,-7.12275505065918e-05
1742955467.1496477,6313,1742955467,149581499,ft_sensor0_wrench,0.05754804611206055,0.024900436401367188,0.009427070617675781,0.00047153234481811523,-0.0012564659118652344,-8.246302604675293e-05
1742955467.156338,6314,1742955467,156252168,ft_sensor0_wrench,0.10003995895385742,-0.025234222412109375,-0.015961170196533203,-9.429454803466797e-05,-0.0014691799879074097,0.00011114776134490967
1742955467.1629786,6315,1742955467,162915943,ft_sensor0_wrench,0.1453561782836914,-0.007884979248046875,0.008922100067138672,-4.7147274017333984e-05,-0.0025406889617443085,0.00036050379276275635
1742955467.169644,6316,1742955467,169581715,ft_sensor0_wrench,0.04997396469116211,0.011411666870117188,0.03463935852050781,4.607439041137695e-05,-0.0015324875712394714,0.00013975799083709717
1742955467.1763203,6317,1742955467,176248630,ft_sensor0_wrench,0.04777860641479492,0.0073337554931640625,-0.015541553497314453,0.0004171431064605713,-0.0007116794586181641,0.00011685490608215332
1742955467.1830463,6318,1742955467,182935317,ft_sensor0_wrench,0.05771017074584961,-0.010181427001953125,0.007508277893066406,-8.64863395690918e-05,-0.0004889518022537231,-0.00010409951210021973
1742955467.1896758,6319,1742955467,189585667,ft_sensor0_wrench,0.0544133186340332,-0.0069103240966796875,-0.01355600357055664,-0.0004506409168243408,-0.0011912435293197632,-8.22991132736206e-05
1742955467.1964297,6320,1742955467,196249788,ft_sensor0_wrench,0.012392997741699219,-0.027530670166015625,-0.017374515533447266,-0.00013363361358642578,0.0005825608968734741,-0.0003534555435180664
1742955467.2030854,6321,1742955467,202932802,ft_sensor0_wrench,0.06229686737060547,-0.029092788696289062,-0.0660562515258789,0.000284045934677124,-0.00012165307998657227,-0.0003604292869567871
1742955467.2096465,6322,1742955467,209582617,ft_sensor0_wrench,0.08622932434082031,-0.04007148742675781,-0.0622401237487793,-0.0005214214324951172,-0.0016130954027175903,-0.00033004581928253174
1742955467.2163703,6323,1742955467,216249535,ft_sensor0_wrench,0.0016841888427734375,-0.0728302001953125,-0.015144824981689453,-0.0014812946319580078,0.00037176162004470825,-0.00013108551502227783
1742955467.2230408,6324,1742955467,222919665,ft_sensor0_wrench,-0.029824256896972656,-0.07534217834472656,0.006250858306884766,-0.0011013150215148926,0.0015871897339820862,6.0752034187316895e-05
1742955467.2296543,6325,1742955467,229582723,ft_sensor0_wrench,-0.0025949478149414062,-0.08958816528320312,0.031131744384765625,-0.001542598009109497,0.0007980316877365112,6.933510303497314e-05
1742955467.236404,6326,1742955467,236249296,ft_sensor0_wrench,0.07516813278198242,-0.0419921875,0.007420539855957031,-0.0005821287631988525,-0.0007333159446716309,0.00010381639003753662
1742955467.2430768,6327,1742955467,242940084,ft_sensor0_wrench,0.10333490371704102,-0.02850341796875,0.005103111267089844,0.00026988983154296875,-0.0007668882608413696,8.934736251831055e-05
1742955467.2497134,6328,1742955467,249595889,ft_sensor0_wrench,0.03282642364501953,0.0075511932373046875,0.007439613342285156,0.0008509159088134766,-0.0004945471882820129,-0.00012406706809997559
1742955467.2564242,6329,1742955467,256262106,ft_sensor0_wrench,0.030319690704345703,0.03914642333984375,-0.015453815460205078,0.0009128153324127197,-0.0004673078656196594,-9.104609489440918e-05
1742955467.263153,6330,1742955467,262938271,ft_sensor0_wrench,0.05786943435668945,-0.045261383056640625,0.005589962005615234,-0.0006444752216339111,0.0002785623073577881,-0.00012572109699249268
1742955467.2696543,6331,1742955467,269582582,ft_sensor0_wrench,0.05394458770751953,-0.10539817810058594,-0.015564441680908203,-0.001992732286453247,-0.00038573890924453735,-0.00013680756092071533
1742955467.276321,6332,1742955467,276248391,ft_sensor0_wrench,0.03648662567138672,-0.07358741760253906,-0.015476703643798828,-0.0014970898628234863,-0.00014137476682662964,-0.00034470856189727783
1742955467.2830544,6333,1742955467,282919857,ft_sensor0_wrench,0.08274126052856445,-0.02850341796875,-0.017791748046875,-0.00015664100646972656,-0.0004573017358779907,-0.00011838972568511963
1742955467.2896535,6334,1742955467,289582987,ft_sensor0_wrench,0.07203245162963867,-0.07380485534667969,-0.01556253433227539,-0.0015043020248413086,-0.0006680935621261597,0.0001039654016494751
1742955467.2963357,6335,1742955467,296248651,ft_sensor0_wrench,0.04480314254760742,-0.059558868408203125,-0.04044342041015625,-0.001063019037246704,0.00012105703353881836,9.538233280181885e-05
1742955467.3030393,6336,1742955467,302942713,ft_sensor0_wrench,0.04700040817260742,-0.05548095703125,0.009737968444824219,-0.0014341473579406738,-0.000699751079082489,0.00011827051639556885
1742955467.3096662,6337,1742955467,309581024,ft_sensor0_wrench,0.07516813278198242,-0.0419921875,0.007420539855957031,-0.0005821287631988525,-0.0007333159446716309,0.00010381639003753662
1742955467.3164,6338,1742955467,316252995,ft_sensor0_wrench,0.012346267700195312,-0.05531501770019531,-0.015300273895263672,-0.0005511343479156494,-0.00016055256128311157,0.00029762089252471924
1742955467.3230705,6339,1742955467,322949930,ft_sensor0_wrench,0.04777860641479492,0.0073337554931640625,-0.015541553497314453,0.0004171431064605713,-0.0007116794586181641,0.00011685490608215332
1742955467.329704,6340,1742955467,329590173,ft_sensor0_wrench,0.009257316589355469,-0.0593414306640625,-0.04035758972167969,-0.0010558068752288818,0.0006477832794189453,-0.0003532916307449341
1742955467.336376,6341,1742955467,336250540,ft_sensor0_wrench,-0.03311920166015625,-0.07207298278808594,-0.014813423156738281,-0.0014654994010925293,0.0008848980069160461,8.253753185272217e-05
1742955467.3430965,6342,1742955467,342932838,ft_sensor0_wrench,0.019931316375732422,-0.07631683349609375,-0.017061710357666016,-0.0015508532524108887,0.0008569210767745972,8.80509614944458e-05
1742955467.349678,6343,1742955467,349586717,ft_sensor0_wrench,-0.0006732940673828125,-0.04182624816894531,-0.06340742111206055,-0.0005521774291992188,0.0004250556230545044,-0.00013233721256256104
1742955467.3563225,6344,1742955467,356249850,ft_sensor0_wrench,0.04793882369995117,-0.027746200561523438,-0.017460346221923828,-0.00014084577560424805,5.583465099334717e-05,9.523332118988037e-05
1742955467.3630319,6345,1742955467,362933687,ft_sensor0_wrench,0.019772052764892578,-0.04123687744140625,-0.01514291763305664,-0.0009928643703460693,8.940696716308594e-05,0.0001096874475479126
1742955467.3696496,6346,1742955467,369581334,ft_sensor0_wrench,0.01428079605102539,-0.15701866149902344,0.028879642486572266,-0.002604842185974121,0.0013347603380680084,-0.00040671229362487793
1742955467.376335,6347,1742955467,376249315,ft_sensor0_wrench,0.09125280380249023,-0.13774871826171875,0.006997108459472656,-0.0020704269409179688,-0.0009261183440685272,-0.0003834664821624756
1742955467.3830075,6348,1742955467,382921205,ft_sensor0_wrench,0.05708026885986328,-0.07358741760253906,0.007418632507324219,-0.001070559024810791,-0.00045096129179000854,-0.0001369565725326538
1742955467.3896668,6349,1742955467,389599597,ft_sensor0_wrench,0.04950523376464844,-0.08707427978515625,0.03263092041015625,-0.001496046781539917,-0.0007269829511642456,8.524954319000244e-05
1742955467.3963196,6350,1742955467,396250031,ft_sensor0_wrench,0.07516813278198242,-0.0419921875,0.007420539855957031,-0.0005821287631988525,-0.0007333159446716309,0.00010381639003753662
1742955467.4029956,6351,1742955467,402913962,ft_sensor0_wrench,0.06445837020874023,-0.08729171752929688,0.00964975357055664,-0.0019297897815704346,-0.0009441152215003967,0.00032617151737213135
1742955467.409664,6352,1742955467,409583716,ft_sensor0_wrench,0.06523656845092773,-0.024477005004882812,-0.01562976837158203,-7.849931716918945e-05,-0.0009560436010360718,0.00032477080821990967
1742955467.4163578,6353,1742955467,416251186,ft_sensor0_wrench,0.09266090393066406,-0.011526107788085938,-0.018192291259765625,0.0007649362087249756,-0.0009760335087776184,-0.00035199522972106934
1742955467.4230573,6354,1742955467,422931718,ft_sensor0_wrench,0.05771017074584961,-0.010181427001953125,0.007508277893066406,-8.64863395690918e-05,-0.0004889518022537231,-0.00010409951210021973
1742955467.4296455,6355,1742955467,429582706,ft_sensor0_wrench,0.06602668762207031,0.0038471221923828125,-0.017457962036132812,0.00034758448600769043,-0.00022651627659797668,0.0003360062837600708
1742955467.4364147,6356,1742955467,436314752,ft_sensor0_wrench,0.033420562744140625,0.008680343627929688,0.03305482864379883,-7.748603820800781e-06,-0.0005341880023479462,0.000572502613067627
1742955467.4430354,6357,1742955467,442925262,ft_sensor0_wrench,0.04099464416503906,0.022169113159179688,0.007842540740966797,0.0004177391529083252,-0.0002581663429737091,0.0003502964973449707
1742955467.4496691,6358,1742955467,449583465,ft_sensor0_wrench,0.016271114349365234,0.0048236846923828125,0.005854606628417969,0.0007971227169036865,0.0005037486553192139,0.0003087073564529419
1742955467.4564123,6359,1742955467,456282432,ft_sensor0_wrench,0.050444602966308594,-0.05933952331542969,0.005432605743408203,-0.0002027451992034912,2.8602778911590576e-05,6.221234798431396e-05
1742955467.4630842,6360,1742955467,462943323,ft_sensor0_wrench,0.08524703979492188,-0.06009674072265625,0.005101203918457031,-0.00021854043006896973,-0.0004845336079597473,-0.00015142560005187988
1742955467.4696493,6361,1742955467,469581897,ft_sensor0_wrench,-0.0299835205078125,-0.04026222229003906,0.00816965103149414,-0.0005433261394500732,0.000819675624370575,8.237361907958984e-05
1742955467.4763668,6362,1742955467,476251916,ft_sensor0_wrench,0.03534412384033203,-0.05853271484375,0.053783416748046875,-0.0006362199783325195,0.00021967291831970215,-0.00014443695545196533
1742955467.4829817,6363,1742955467,482916117,ft_sensor0_wrench,0.05264091491699219,-0.05526161193847656,0.055614471435546875,-0.0005738735198974609,-0.0007922053337097168,8.510053157806396e-05
1742955467.4896543,6364,1742955467,489581525,ft_sensor0_wrench,-0.01013326644897461,-0.04080009460449219,0.030819416046142578,-0.00012534856796264648,0.0005236677825450897,-0.00037217140197753906
1742955467.4963088,6365,1742955467,496248371,ft_sensor0_wrench,0.07767391204833984,-0.07358551025390625,0.030313491821289062,-0.0006440281867980957,-0.0007605552673339844,7.079541683197021e-05
1742955467.5030305,6366,1742955467,502936309,ft_sensor0_wrench,0.01297616958618164,0.008090972900390625,-0.015210151672363281,0.0004329383373260498,-0.00019854307174682617,0.0003304779529571533
1742955467.5096736,6367,1742955467,509583376,ft_sensor0_wrench,0.019772052764892578,-0.04123687744140625,-0.01514291763305664,-0.0009928643703460693,8.940696716308594e-05,0.0001096874475479126
1742955467.5163727,6368,1742955467,516274653,ft_sensor0_wrench,0.056919097900390625,-0.03850555419921875,0.009337425231933594,-0.0005125701427459717,-0.0012184828519821167,-0.00011533498764038086
1742955467.5230627,6369,1742955467,522933227,ft_sensor0_wrench,0.06210184097290039,-0.05628776550292969,-0.03861284255981445,-0.0010006725788116455,-0.0008908212184906006,0.00032491981983184814
1742955467.5296671,6370,1742955467,529581919,ft_sensor0_wrench,0.17038822174072266,-0.026208877563476562,-0.016378402709960938,-0.00011730194091796875,-0.002509038895368576,0.0003461986780166626
1742955467.5363991,6371,1742955467,536250691,ft_sensor0_wrench,0.08049917221069336,-0.006103515625,0.08058500289916992,-3.102421760559082e-05,-0.0016193464398384094,0.00012655556201934814
1742955467.543002,6372,1742955467,542919293,ft_sensor0_wrench,0.0880742073059082,0.00738525390625,0.05537271499633789,0.00039443373680114746,-0.0013433322310447693,-9.566545486450195e-05
1742955467.5496666,6373,1742955467,549581916,ft_sensor0_wrench,0.03962230682373047,-0.04177665710449219,0.007506370544433594,-0.0005749166011810303,-0.00020659714937210083,-0.00034487247467041016
1742955467.5563722,6374,1742955467,556270148,ft_sensor0_wrench,0.004818916320800781,-0.041019439697265625,0.007838249206542969,-0.0005591213703155518,0.00030653923749923706,-0.00013124942779541016
1742955467.5630352,6375,1742955467,562932465,ft_sensor0_wrench,0.026202678680419922,-0.012691497802734375,0.028904438018798828,0.00029349327087402344,0.0007264763116836548,8.775293827056885e-05
1742955467.5697029,6376,1742955467,569582783,ft_sensor0_wrench,0.040364742279052734,-0.04123497009277344,0.007751941680908203,-0.000566333532333374,-0.00022017955780029297,0.0003174394369125366
1742955467.576331,6377,1742955467,576250137,ft_sensor0_wrench,0.0818028450012207,-0.05623817443847656,0.009406089782714844,-0.0014499425888061523,-0.001212887465953827,-9.535253047943115e-05
1742955467.583028,6378,1742955467,582934888,ft_sensor0_wrench,0.05771017074584961,-0.010181427001953125,0.007508277893066406,-8.64863395690918e-05,-0.0004889518022537231,-0.00010409951210021973
1742955467.5896382,6379,1742955467,589582858,ft_sensor0_wrench,0.025412559509277344,-0.04101753234863281,0.030733585357666016,-0.00013259053230285645,-3.0472874641418457e-06,7.651746273040771e-05
1742955467.596354,6380,1742955467,596269026,ft_sensor0_wrench,0.10569238662719727,-0.05950736999511719,0.05336570739746094,-0.0006592273712158203,-0.0008201822638511658,9.059906005859375e-05
1742955467.6030025,6381,1742955467,602918869,ft_sensor0_wrench,0.09576177597045898,-0.0419921875,0.030315399169921875,-0.00015559792518615723,-0.0010429099202156067,0.00031156837940216064
1742955467.6096406,6382,1742955467,609581751,ft_sensor0_wrench,0.043500423431396484,-0.00942230224609375,0.030735492706298828,0.00035583972930908203,-0.00028540194034576416,0.00031729042530059814
1742955467.6164265,6383,1742955467,616309813,ft_sensor0_wrench,0.04793882369995117,-0.027746200561523438,-0.017460346221923828,-0.00014084577560424805,5.583465099334717e-05,9.523332118988037e-05
1742955467.623111,6384,1742955467,622969163,ft_sensor0_wrench,0.06759309768676758,-0.05548095703125,0.03263282775878906,-0.0010076165199279785,-0.001009337604045868,0.00032602250576019287
1742955467.6297266,6385,1742955467,629583642,ft_sensor0_wrench,0.0850987434387207,-0.05950736999511719,0.030470848083496094,-0.0010857582092285156,-0.0005105957388877869,-0.00011713802814483643
1742955467.63635,6386,1742955467,636255176,ft_sensor0_wrench,0.05771017074584961,-0.010181427001953125,0.007508277893066406,-8.64863395690918e-05,-0.0004889518022537231,-0.00010409951210021973
1742955467.643095,6387,1742955467,642936721,ft_sensor0_wrench,0.02985095977783203,-0.0593414306640625,-0.01746225357055664,-0.0006292760372161865,0.0003381893038749695,-0.00014553964138031006
1742955467.6496477,6388,1742955467,649579888,ft_sensor0_wrench,0.07830381393432617,-0.010179519653320312,0.030403614044189453,0.0003400444984436035,-0.000798538327217102,0.00010366737842559814
1742955467.6563292,6389,1742955467,656246343,ft_sensor0_wrench,0.04272127151489258,-0.07223892211914062,0.0560145378112793,-0.001495450735092163,-0.00027348101139068604,0.0003186911344528198
1742955467.663033,6390,1742955467,662913075,ft_sensor0_wrench,0.09188270568847656,-0.07434272766113281,0.007087230682373047,-0.0010863542556762695,-0.0009640976786613464,-0.0003505796194076538
1742955467.6696715,6391,1742955467,669584907,ft_sensor0_wrench,0.03726482391357422,-0.010770797729492188,-0.0407562255859375,0.0003542006015777588,-0.0001533031463623047,-0.00034612417221069336
1742955467.676316,6392,1742955467,676247176,ft_sensor0_wrench,0.04876279830932617,-0.08761405944824219,0.03238534927368164,-0.0015046298503875732,-0.0007134042680263519,-0.0005770623683929443
1742955467.6830761,6393,1742955467,682945256,ft_sensor0_wrench,0.032047271728515625,-0.055263519287109375,0.03271913528442383,-0.0010004043579101562,-0.0004826188087463379,-0.0001226663589477539
1742955467.6896496,6394,1742955467,689581950,ft_sensor0_wrench,0.049666404724121094,-0.12215614318847656,0.030712127685546875,-0.002054065465927124,4.0531158447265625e-05,6.361305713653564e-05
1742955467.6963809,6395,1742955467,696271684,ft_sensor0_wrench,0.022116661071777344,-0.03774833679199219,0.009668827056884766,-0.0004967749118804932,-0.0007053464651107788,9.828805923461914e-05
1742955467.7029967,6396,1742955467,702919750,ft_sensor0_wrench,0.040364742279052734,-0.04123497009277344,0.007751941680908203,-0.000566333532333374,-0.00022017955780029297,0.0003174394369125366
1742955467.709643,6397,1742955467,709582727,ft_sensor0_wrench,0.056919097900390625,-0.03850555419921875,0.009337425231933594,-0.0005125701427459717,-0.0012184828519821167,-0.00011533498764038086
1742955467.7164125,6398,1742955467,716294512,ft_sensor0_wrench,0.07516813278198242,-0.0419921875,0.007420539855957031,-0.0005821287631988525,-0.0007333159446716309,0.00010381639003753662
1742955467.7230659,6399,1742955467,722933787,ft_sensor0_wrench,0.06508827209472656,-0.02388763427734375,0.009740352630615234,-0.0009457170963287354,-0.0009821020066738129,0.0003590434789657593
1742955467.729654,6400,1742955467,729583505,ft_sensor0_wrench,-0.012525558471679688,-0.07207298278808594,0.008081436157226562,-0.001038968563079834,0.0005753114819526672,0.0002902895212173462
1742955467.7363377,6401,1742955467,736254282,ft_sensor0_wrench,-0.0025949478149414062,-0.08958816528320312,0.031131744384765625,-0.001542598009109497,0.0007980316877365112,6.933510303497314e-05
1742955467.7430916,6402,1742955467,742957336,ft_sensor0_wrench,0.014588356018066406,-0.0234527587890625,0.0328068733215332,-0.0005047321319580078,-0.00023825466632843018,-0.0003305673599243164
1742955467.7496521,6403,1742955467,749582621,ft_sensor0_wrench,0.04793882369995117,-0.027746200561523438,-0.017460346221923828,-0.00014084577560424805,5.583465099334717e-05,9.523332118988037e-05
1742955467.756373,6404,1742955467,756310097,ft_sensor0_wrench,0.040204524993896484,-0.0061550140380859375,0.009670734405517578,-8.344650268554688e-06,-0.0009877011179924011,0.00033906102180480957
1742955467.7629988,6405,1742955467,762920874,ft_sensor0_wrench,0.08936500549316406,-0.008258819580078125,-0.039257049560546875,0.00040075182914733887,-0.0016783177852630615,-0.00033020973205566406
1742955467.7696373,6406,1742955467,769582812,ft_sensor0_wrench,0.05457448959350586,-0.04199409484863281,-0.015474796295166016,-0.0010086596012115479,-0.00042372941970825195,-0.0001039355993270874
1742955467.776356,6407,1742955467,776266544,ft_sensor0_wrench,0.004818916320800781,-0.041019439697265625,0.007838249206542969,-0.0005591213703155518,0.00030653923749923706,-0.00013124942779541016
1742955467.7830663,6408,1742955467,782937331,ft_sensor0_wrench,0.040364742279052734,-0.04123497009277344,0.007751941680908203,-0.000566333532333374,-0.00022017955780029297,0.0003174394369125366
1742955467.789653,6409,1742955467,789581769,ft_sensor0_wrench,0.08524703979492188,-0.06009674072265625,0.005101203918457031,-0.00021854043006896973,-0.0004845336079597473,-0.00015142560005187988
1742955467.796353,6410,1742955467,796254671,ft_sensor0_wrench,-0.0299835205078125,-0.04026222229003906,0.00816965103149414,-0.0005433261394500732,0.000819675624370575,8.237361907958984e-05
1742955467.8030326,6411,1742955467,802944289,ft_sensor0_wrench,-0.01326894760131836,-0.07261276245117188,0.007836341857910156,-0.0010475516319274902,0.0005888901650905609,-0.0003720223903656006
1742955467.8096523,6412,1742955467,809582926,ft_sensor0_wrench,0.05786943435668945,-0.045261383056640625,0.005589962005615234,-0.0006444752216339111,0.0002785623073577881,-0.00012572109699249268
1742955467.8164,6413,1742955467,816284937,ft_sensor0_wrench,0.05378437042236328,-0.07031631469726562,-0.013645648956298828,-0.0014347434043884277,-0.0011532604694366455,-0.00011517107486724854
1742955467.8230495,6414,1742955467,822933003,ft_sensor0_wrench,0.07437705993652344,-0.07031631469726562,0.009249210357666016,-0.0010082125663757324,-0.0014628469944000244,9.258091449737549e-05
1742955467.8297088,6415,1742955467,829591428,ft_sensor0_wrench,0.10239648818969727,-0.05623817443847656,0.03230142593383789,-0.001023411750793457,-0.0015224739909172058,0.00011239945888519287
1742955467.8363998,6416,1742955467,836289013,ft_sensor0_wrench,0.07422876358032227,-0.06972694396972656,0.03461885452270508,-0.0018754005432128906,-0.001488901674747467,0.0001268535852432251
1742955467.843083,6417,1742955467,842935711,ft_sensor0_wrench,0.08101272583007812,-0.08456230163574219,0.011235237121582031,-0.0018759965896606445,-0.0019424110651016235,-0.00010658800601959229
1742955467.8496492,6418,1742955467,849582623,ft_sensor0_wrench,0.1191110610961914,-0.08858871459960938,0.031968116760253906,-0.001527637243270874,-0.0017532557249069214,-0.00034199655055999756
1742955467.8563519,6419,1742955467,856270583,ft_sensor0_wrench,0.09251260757446289,-0.010938644409179688,0.007176876068115234,-0.00010225176811218262,-0.001002088189125061,-0.0003177225589752197
1742955467.8629773,6420,1742955467,862917116,ft_sensor0_wrench,0.10317564010620117,0.0065784454345703125,0.007021903991699219,0.0008278787136077881,-0.0015344023704528809,0.00011099874973297119
1742955467.8696506,6421,1742955467,869581636,ft_sensor0_wrench,0.10003995895385742,-0.025234222412109375,-0.015961170196533203,-9.429454803466797e-05,-0.0014691799879074097,0.00011114776134490967
1742955467.8763096,6422,1742955467,876248950,ft_sensor0_wrench,0.0858769416809082,0.0033092498779296875,0.005191326141357422,0.0007655322551727295,-0.0005225241184234619,-0.00011855363845825195
1742955467.8830898,6423,1742955467,883027545,ft_sensor0_wrench,0.10569238662719727,-0.05950736999511719,0.05336570739746094,-0.0006592273712158203,-0.0008201822638511658,9.059906005859375e-05
1742955467.8897245,6424,1742955467,889584094,ft_sensor0_wrench,0.09811830520629883,-0.07299423217773438,0.07857799530029297,-0.0010847151279449463,-0.0010962039232254028,0.00031282007694244385
1742955467.896426,6425,1742955467,896250984,ft_sensor0_wrench,0.05359220504760742,-0.06201934814453125,0.05186653137207031,-0.0007058084011077881,0.0007048323750495911,7.468461990356445e-05
1742955467.9030707,6426,1742955467,902915361,ft_sensor0_wrench,0.05786943435668945,-0.045261383056640625,0.005589962005615234,-0.0006444752216339111,0.0002785623073577881,-0.00012572109699249268
1742955467.9097018,6427,1742955467,909581975,ft_sensor0_wrench,0.0621485710144043,-0.02850341796875,-0.04068708419799805,-0.0005831718444824219,-0.0001477077603340149,-0.00032614171504974365
1742955467.9163766,6428,1742955467,916249218,ft_sensor0_wrench,0.08353233337402344,-0.000179290771484375,-0.01961994171142578,0.0002694427967071533,0.00027222558856010437,-0.00010716915130615234
1742955467.9230852,6429,1742955467,922922999,ft_sensor0_wrench,0.07752466201782227,-0.07299613952636719,0.055683135986328125,-0.0015112459659576416,-0.0007866173982620239,0.00010506808757781982
1742955467.9296744,6430,1742955467,929585960,ft_sensor0_wrench,0.0934152603149414,-0.04547882080078125,0.005504131317138672,-0.0006516873836517334,-0.0002481602132320404,0.00032295286655426025
1742955467.9363232,6431,1742955467,936250872,ft_sensor0_wrench,0.04793882369995117,-0.027746200561523438,-0.017460346221923828,-0.00014084577560424805,5.583465099334717e-05,9.523332118988037e-05
1742955467.9429822,6432,1742955467,942914446,ft_sensor0_wrench,0.1318669319152832,-0.09288406372070312,-0.04119443893432617,-0.0015902519226074219,-0.001149587333202362,-0.00012396275997161865
1742955467.9496408,6433,1742955467,949581227,ft_sensor0_wrench,0.07516813278198242,-0.0419921875,0.007420539855957031,-0.0005821287631988525,-0.0007333159446716309,0.00010381639003753662
1742955467.9563303,6434,1742955467,956250583,ft_sensor0_wrench,0.09204292297363281,-0.10942459106445312,0.005168437957763672,-0.0016443431377410889,-0.00019659101963043213,-0.0003722161054611206
1742955467.9629698,6435,1742955467,962914125,ft_sensor0_wrench,0.06151866912841797,-0.09190940856933594,-0.040776729583740234,-0.001567244529724121,-0.00010972470045089722,-0.0003590136766433716
1742955467.969639,6436,1742955467,969580999,ft_sensor0_wrench,0.11013078689575195,-0.07782936096191406,0.005170345306396484,-0.0011559128761291504,-0.00047894567251205444,-0.00013144314289093018
1742955467.9763083,6437,1742955467,976249022,ft_sensor0_wrench,0.0759572982788086,-0.013668060302734375,0.00559234619140625,-0.00015604496002197266,-3.7886202335357666e-06,0.00011505186557769775
1742955467.9830043,6438,1742955467,982913668,ft_sensor0_wrench,0.11738443374633789,0.0058193206787109375,-0.016204833984375,0.00038558244705200195,-0.0017379522323608398,-0.0003103911876678467
1742955467.9896557,6439,1742955467,989582368,ft_sensor0_wrench,0.10019922256469727,-0.060314178466796875,-0.017879962921142578,-0.0006522834300994873,-0.0007016658782958984,8.951127529144287e-05
1742955467.9963408,6440,1742955467,996247670,ft_sensor0_wrench,0.1381382942199707,-0.029260635375976562,0.004771709442138672,0.00025409460067749023,-0.0012800320982933044,-0.00012427568435668945
1742955468.0030441,6441,1742955468,2932821,ft_sensor0_wrench,0.06465339660644531,-0.06009674072265625,-0.017793655395507812,-0.000645071268081665,-0.0001749470829963684,-0.00035916268825531006
1742955468.0096397,6442,1742955468,9580959,ft_sensor0_wrench,0.08823442459106445,-0.0276947021484375,0.053453922271728516,-0.00016358494758605957,-0.0005758181214332581,-0.00011730194091796875
1742955468.016307,6443,1742955468,16248298,ft_sensor0_wrench,0.1282186508178711,-0.04623603820800781,0.0051727294921875,-0.0006674826145172119,-0.0007612966001033783,0.00010932981967926025
1742955468.0230482,6444,1742955468,22944175,ft_sensor0_wrench,0.1318669319152832,-0.09288406372070312,-0.04119443893432617,-0.0015902519226074219,-0.001149587333202362,-0.00012396275997161865
1742955468.0296414,6445,1742955468,29581977,ft_sensor0_wrench,0.1348423957824707,-0.025991439819335938,-0.016292572021484375,-0.00011008977890014648,-0.0019823163747787476,-0.00010247528553009033
1742955468.0363379,6446,1742955468,36248081,ft_sensor0_wrench,0.11754465103149414,-0.029260635375976562,-0.018123149871826172,-0.00017243623733520508,-0.0009704381227493286,-0.00033201277256011963
1742955468.0430417,6447,1742955468,42945330,ft_sensor0_wrench,0.08274126052856445,-0.02850341796875,-0.017791748046875,-0.00015664100646972656,-0.0004573017358779907,-0.00011838972568511963
1742955468.0496588,6448,1742955468,49582481,ft_sensor0_wrench,0.1099705696105957,-0.04274940490722656,0.007089138031005859,-0.0005979239940643311,-0.0012464523315429688,-0.00010980665683746338
1742955468.0563102,6449,1742955468,56247737,ft_sensor0_wrench,0.1497955322265625,-0.026208877563476562,-0.03927326202392578,-0.0005438327789306641,-0.0021994449198246002,0.00013844668865203857
1742955468.0629594,6450,1742955468,62914137,ft_sensor0_wrench,0.07203245162963867,-0.07380485534667969,-0.01556253433227539,-0.0015043020248413086,-0.0006680935621261597,0.0001039654016494751
1742955468.0696654,6451,1742955468,69581485,ft_sensor0_wrench,0.03220844268798828,-0.09034538269042969,0.030800342559814453,-0.0015583932399749756,0.00028489530086517334,-0.00014428794384002686
1742955468.0763304,6452,1742955468,76248086,ft_sensor0_wrench,0.12508296966552734,-0.0780487060546875,-0.017810344696044922,-0.001589655876159668,-0.0006960742175579071,0.00010947883129119873
1742955468.0830276,6453,1742955468,82933901,ft_sensor0_wrench,0.1008291244506836,0.00308990478515625,-0.017789363861083984,0.0003317892551422119,-0.0007396526634693146,0.0001223832368850708
1742955468.0896542,6454,1742955468,89581645,ft_sensor0_wrench,0.1008291244506836,0.00308990478515625,-0.017789363861083984,0.0003317892551422119,-0.0007396526634693146,0.0001223832368850708
1742955468.0963454,6455,1742955468,96249098,ft_sensor0_wrench,0.08274126052856445,-0.02850341796875,-0.017791748046875,-0.00015664100646972656,-0.0004573017358779907,-0.00011838972568511963
1742955468.1030476,6456,1742955468,102930271,ft_sensor0_wrench,0.009257316589355469,-0.0593414306640625,-0.04035758972167969,-0.0010558068752288818,0.0006477832794189453,-0.0003532916307449341
1742955468.109641,6457,1742955468,109581502,ft_sensor0_wrench,0.04793882369995117,-0.027746200561523438,-0.017460346221923828,-0.00014084577560424805,5.583465099334717e-05,9.523332118988037e-05
1742955468.116347,6458,1742955468,116249323,ft_sensor0_wrench,0.047308921813964844,-0.09115219116210938,-0.01755046844482422,-0.001124948263168335,9.382516145706177e-05,6.236135959625244e-05
1742955468.1230416,6459,1742955468,122915088,ft_sensor0_wrench,0.05708026885986328,-0.07358741760253906,0.007418632507324219,-0.001070559024810791,-0.00045096129179000854,-0.0001369565725326538
1742955468.1296406,6460,1742955468,129581501,ft_sensor0_wrench,0.10003995895385742,-0.025234222412109375,-0.015961170196533203,-9.429454803466797e-05,-0.0014691799879074097,0.00011114776134490967
1742955468.136334,6461,1742955468,136254321,ft_sensor0_wrench,0.06523656845092773,-0.024477005004882812,-0.01562976837158203,-7.849931716918945e-05,-0.0009560436010360718,0.00032477080821990967
1742955468.1430438,6462,1742955468,142933380,ft_sensor0_wrench,0.05394458770751953,-0.10539817810058594,-0.015564441680908203,-0.001992732286453247,-0.00038573890924453735,-0.00013680756092071533
1742955468.1496744,6463,1742955468,149582453,ft_sensor0_wrench,0.1099705696105957,-0.04274940490722656,0.007089138031005859,-0.0005979239940643311,-0.0012464523315429688,-0.00010980665683746338
1742955468.156311,6464,1742955468,156248304,ft_sensor0_wrench,0.07516813278198242,-0.0419921875,0.007420539855957031,-0.0005821287631988525,-0.0007333159446716309,0.00010381639003753662
1742955468.162998,6465,1742955468,162933271,ft_sensor0_wrench,0.06084585189819336,0.021631240844726562,0.03049182891845703,0.000835716724395752,-0.0005541741847991943,-0.0001042485237121582
1742955468.1696358,6466,1742955468,169581305,ft_sensor0_wrench,0.07814264297485352,0.024900436401367188,0.03232240676879883,0.0008980631828308105,-0.0015660598874092102,0.0001252889633178711
1742955468.1763315,6467,1742955468,176248911,ft_sensor0_wrench,0.09251260757446289,-0.010938644409179688,0.007176876068115234,-0.00010225176811218262,-0.001002088189125061,-0.0003177225589752197
1742955468.1830592,6468,1742955468,182932791,ft_sensor0_wrench,0.10239648818969727,-0.05623817443847656,0.03230142593383789,-0.001023411750793457,-0.0015224739909172058,0.00011239945888519287
1742955468.1896555,6469,1742955468,189583204,ft_sensor0_wrench,0.0609583854675293,-0.04123497009277344,0.03064727783203125,-0.0001398026943206787,-0.0005297735333442688,0.0005251914262771606
1742955468.1963103,6470,1742955468,196248678,ft_sensor0_wrench,0.09262609481811523,-0.07380485534667969,0.007332324981689453,-0.001077800989151001,-0.0009776875376701355,0.0003117173910140991
1742955468.2030184,6471,1742955468,202934310,ft_sensor0_wrench,0.034290313720703125,-0.07766342163085938,-0.0656576156616211,-0.0011259615421295166,0.0006794333457946777,-0.00036759674549102783
1742955468.2096636,6472,1742955468,209582431,ft_sensor0_wrench,0.07960653305053711,-0.060314178466796875,-0.04077482223510742,-0.0010788142681121826,-0.00039207935333251953,-0.00011824071407318115
1742955468.2163217,6473,1742955468,216250100,ft_sensor0_wrench,0.15544795989990234,-0.060482025146484375,0.03005361557006836,-0.0011087656021118164,-0.0015504471957683563,0.0001179128885269165
1742955468.2230566,6474,1742955468,222930789,ft_sensor0_wrench,0.1099705696105957,-0.04274940490722656,0.007089138031005859,-0.0005979239940643311,-0.0012464523315429688,-0.00010980665683746338
1742955468.2296588,6475,1742955468,229581637,ft_sensor0_wrench,0.08274126052856445,-0.02850341796875,-0.017791748046875,-0.00015664100646972656,-0.0004573017358779907,-0.00011838972568511963
1742955468.2363186,6476,1742955468,236248645,ft_sensor0_wrench,0.11013078689575195,-0.07782936096191406,0.005170345306396484,-0.0011559128761291504,-0.00047894567251205444,-0.00013144314289093018
1742955468.2430365,6477,1742955468,242920152,ft_sensor0_wrench,0.09188270568847656,-0.07434272766113281,0.007087230682373047,-0.0010863542556762695,-0.0009640976786613464,-0.0003505796194076538
1742955468.2496407,6478,1742955468,249581914,ft_sensor0_wrench,0.13500261306762695,-0.06107139587402344,-0.01821136474609375,-0.0006680786609649658,-0.0012148097157478333,-0.00012411177158355713
1742955468.2563703,6479,1742955468,256247431,ft_sensor0_wrench,0.1622319221496582,-0.0753173828125,0.006669521331787109,-0.0011093616485595703,-0.0020039603114128113,-0.00011552870273590088
1742955468.2630103,6480,1742955468,262914224,ft_sensor0_wrench,0.11013078689575195,-0.07782936096191406,0.005170345306396484,-0.0011559128761291504,-0.00047894567251205444,-0.00013144314289093018
1742955468.2696438,6481,1742955468,269580905,ft_sensor0_wrench,0.0850987434387207,-0.05950736999511719,0.030470848083496094,-0.0010857582092285156,-0.0005105957388877869,-0.00011713802814483643
1742955468.2763474,6482,1742955468,276250696,ft_sensor0_wrench,0.09655094146728516,-0.013668060302734375,0.028487205505371094,0.00027048587799072266,-0.0003133825957775116,0.00032278895378112793
1742955468.2830677,6483,1742955468,282953481,ft_sensor0_wrench,0.10036134719848633,-0.09539413452148438,-0.019798755645751953,-0.0012103021144866943,6.584823131561279e-05,6.785988807678223e-05
1742955468.2896628,6484,1742955468,289581882,ft_sensor0_wrench,0.07610654830932617,-0.014257431030273438,-0.019777774810791016,0.0007111728191375732,2.22623348236084e-05,8.07642936706543e-05
1742955468.2963018,6485,1742955468,296247204,ft_sensor0_wrench,0.12005043029785156,-0.06085395812988281,0.004769802093505859,-0.00023433566093444824,-0.0009976774454116821,-0.0003650486469268799
1742955468.3030005,6486,1742955468,302927539,ft_sensor0_wrench,0.1099705696105957,-0.04274940490722656,0.007089138031005859,-0.0005979239940643311,-0.0012464523315429688,-0.00010980665683746338
1742955468.3096642,6487,1742955468,309581852,ft_sensor0_wrench,0.1282186508178711,-0.04623603820800781,0.0051727294921875,-0.0006674826145172119,-0.0007612966001033783,0.00010932981967926025
1742955468.3163035,6488,1742955468,316247350,ft_sensor0_wrench,0.04115486145019531,-0.012910842895507812,0.005923748016357422,-0.00014024972915649414,0.0005093477666378021,0.00032867491245269775
1742955468.3230047,6489,1742955468,322913537,ft_sensor0_wrench,0.16851520538330078,-0.04618644714355469,0.07608699798583984,-0.0006902217864990234,-0.0013929493725299835,-0.00010320544242858887
1742955468.329639,6490,1742955468,329581040,ft_sensor0_wrench,0.12006330490112305,-0.09534454345703125,0.028220176696777344,-0.0016595423221588135,-0.0002562180161476135,-0.0003523975610733032
1742955468.3363607,6491,1742955468,336251874,ft_sensor0_wrench,0.1318669319152832,-0.09288406372070312,-0.04119443893432617,-0.0015902519226074219,-0.001149587333202362,-0.00012396275997161865
1742955468.3430777,6492,1742955468,342943782,ft_sensor0_wrench,0.1373600959777832,-0.09207534790039062,0.030051231384277344,-0.0015971958637237549,-0.0012680962681770325,-0.00012286007404327393
1742955468.3496568,6493,1742955468,349581683,ft_sensor0_wrench,0.11707687377929688,-0.12774658203125,-0.020132064819335938,-0.0017145276069641113,-0.00016493350267410278,-0.0003865361213684082
1742955468.3564148,6494,1742955468,356248049,ft_sensor0_wrench,0.11013078689575195,-0.07782936096191406,0.005170345306396484,-0.0011559128761291504,-0.00047894567251205444,-0.00013144314289093018
1742955468.3630388,6495,1742955468,362940877,ft_sensor0_wrench,0.14493417739868164,-0.07858657836914062,0.004838466644287109,-0.001171708106994629,-0.0009920820593833923,-0.0003450661897659302
1742955468.3696554,6496,1742955468,369583104,ft_sensor0_wrench,0.07297086715698242,-0.04606819152832031,-0.04276084899902344,-0.0002110004425048828,8.748471736907959e-05,8.091330528259277e-05
1742955468.3763547,6497,1742955468,376250543,ft_sensor0_wrench,0.10349702835083008,-0.0635833740234375,0.003184795379638672,-0.0002881288528442383,6.258487701416016e-07,6.771087646484375e-05
1742955468.3831263,6498,1742955468,382950421,ft_sensor0_wrench,0.09042978286743164,-0.07787895202636719,-0.042849063873291016,-0.0007066726684570312,-0.00015687942504882812,0.0002888143062591553
1742955468.3896384,6499,1742955468,389582384,ft_sensor0_wrench,0.18062925338745117,-0.07939338684082031,-0.020616531372070312,-0.00031173229217529297,-0.0014927461743354797,6.93202018737793e-05
1742955468.3963184,6500,1742955468,396249744,ft_sensor0_wrench,0.16239309310913086,-0.1103973388671875,0.004750728607177734,-0.0016673803329467773,-0.0012364462018013,-0.00013716518878936768
1742955468.403015,6501,1742955468,402922872,ft_sensor0_wrench,0.09753704071044922,-0.10861587524414062,0.07641410827636719,-0.0016512870788574219,-0.00031510740518569946,-0.0003711283206939697
1742955468.4096508,6502,1742955468,409593486,ft_sensor0_wrench,0.07846307754516602,-0.045261383056640625,0.028484821319580078,-0.00021794438362121582,-3.1031668186187744e-05,8.20159912109375e-05
1742955468.4163165,6503,1742955468,416252078,ft_sensor0_wrench,0.10019922256469727,-0.060314178466796875,-0.017879962921142578,-0.0006522834300994873,-0.0007016658782958984,8.951127529144287e-05
1742955468.4230123,6504,1742955468,422916655,ft_sensor0_wrench,0.10036134719848633,-0.09539413452148438,-0.019798755645751953,-0.0012103021144866943,6.584823131561279e-05,6.785988807678223e-05
1742955468.4296913,6505,1742955468,429583243,ft_sensor0_wrench,0.07846307754516602,-0.045261383056640625,0.028484821319580078,-0.00021794438362121582,-3.1031668186187744e-05,8.20159912109375e-05
1742955468.4363408,6506,1742955468,436252601,ft_sensor0_wrench,0.13072538375854492,-0.07782936096191406,0.02806568145751953,-0.0007294118404388428,-0.0007885321974754333,7.62939453125e-05
1742955468.4430933,6507,1742955468,442917570,ft_sensor0_wrench,0.06465339660644531,-0.06009674072265625,-0.017793655395507812,-0.000645071268081665,-0.0001749470829963684,-0.00035916268825531006
1742955468.4496398,6508,1742955468,449582666,ft_sensor0_wrench,0.099456787109375,-0.06085395812988281,-0.018125057220458984,-0.0006608664989471436,-0.0006880834698677063,-0.0005727857351303101
1742955468.456421,6509,1742955468,456252693,ft_sensor0_wrench,0.1622319221496582,-0.0753173828125,0.006669521331787109,-0.0011093616485595703,-0.0020039603114128113,-0.00011552870273590088
1742955468.463074,6510,1742955468,462934169,ft_sensor0_wrench,0.12758970260620117,-0.10964012145996094,0.005082130432128906,-0.0016515851020812988,-0.0007233098149299622,7.645785808563232e-05
1742955468.469663,6511,1742955468,469584476,ft_sensor0_wrench,0.08274126052856445,-0.02850341796875,-0.017791748046875,-0.00015664100646972656,-0.0004573017358779907,-0.00011838972568511963
1742955468.4763885,6512,1742955468,476249671,ft_sensor0_wrench,0.10934066772460938,-0.1061553955078125,0.006999015808105469,-0.0015819966793060303,-0.001208469271659851,-0.0001426786184310913
1742955468.4830437,6513,1742955468,482933768,ft_sensor0_wrench,0.1373600959777832,-0.09207534790039062,0.030051231384277344,-0.0015971958637237549,-0.0012680962681770325,-0.00012286007404327393
1742955468.4896545,6514,1742955468,489584039,ft_sensor0_wrench,0.10239648818969727,-0.05623817443847656,0.03230142593383789,-0.001023411750793457,-0.0015224739909172058,0.00011239945888519287
1742955468.4963446,6515,1742955468,496251013,ft_sensor0_wrench,0.15544795989990234,-0.060482025146484375,0.03005361557006836,-0.0011087656021118164,-0.0015504471957683563,0.0001179128885269165
1742955468.503056,6516,1742955468,502921802,ft_sensor0_wrench,0.18031978607177734,-0.04372406005859375,0.006671905517578125,-0.0006209313869476318,-0.002286311239004135,0.00012524425983428955
1742955468.5096555,6517,1742955468,509584516,ft_sensor0_wrench,0.15622615814208984,0.0023326873779296875,0.0047740936279296875,0.0007425248622894287,-0.0015623830258846283,0.00011649727821350098
1742955468.5163395,6518,1742955468,516248820,ft_sensor0_wrench,0.1099705696105957,-0.04274940490722656,0.007089138031005859,-0.0005979239940643311,-0.0012464523315429688,-0.00010980665683746338
1742955468.523012,6519,1742955468,522917563,ft_sensor0_wrench,0.10683584213256836,-0.07456016540527344,-0.015893936157226562,-0.0015200972557067871,-0.0011812299489974976,-0.0001096576452255249
1742955468.5296597,6520,1742955468,529584436,ft_sensor0_wrench,0.09188270568847656,-0.07434272766113281,0.007087230682373047,-0.0010863542556762695,-0.0009640976786613464,-0.0003505796194076538
1742955468.5363214,6521,1742955468,536251128,ft_sensor0_wrench,0.03220844268798828,-0.09034538269042969,0.030800342559814453,-0.0015583932399749756,0.00028489530086517334,-0.00014428794384002686
1742955468.54302,6522,1742955468,542915830,ft_sensor0_wrench,0.09580850601196289,-0.0142059326171875,0.028241634368896484,0.0002619326114654541,-0.000299796462059021,-0.000339508056640625
1742955468.5496817,6523,1742955468,549589731,ft_sensor0_wrench,0.05092620849609375,0.0046539306640625,0.030892372131347656,-8.589029312133789e-05,-3.543868660926819e-05,0.00012934207916259766
1742955468.5563207,6524,1742955468,556250681,ft_sensor0_wrench,0.14049577713012695,-0.06026458740234375,0.053034305572509766,-0.0006750226020812988,-0.0013333186507225037,-0.00012302398681640625
1742955468.5630429,6525,1742955468,562920033,ft_sensor0_wrench,0.07532739639282227,-0.0770721435546875,0.005501747131347656,-0.0011401176452636719,3.419071435928345e-05,8.217990398406982e-05
1742955468.569671,6526,1742955468,569582453,ft_sensor0_wrench,0.16536760330200195,-0.043506622314453125,0.02965259552001953,-0.00018718838691711426,-0.0020691826939582825,-0.0001156926155090332
1742955468.5763545,6527,1742955468,576249267,ft_sensor0_wrench,0.1760425567626953,-0.060482025146484375,0.052948951721191406,-0.0006822645664215088,-0.0018600337207317352,0.0003256499767303467
1742955468.5830398,6528,1742955468,582928988,ft_sensor0_wrench,0.09267282485961914,-0.04601860046386719,0.0052585601806640625,-0.0006602704524993896,-0.0002345740795135498,-0.0003393441438674927
1742955468.5896695,6529,1742955468,589580154,ft_sensor0_wrench,0.12742853164672852,-0.07456016540527344,0.007000923156738281,-0.0010935664176940918,-0.0014908239245414734,9.809434413909912e-05
1742955468.5963507,6530,1742955468,596248273,ft_sensor0_wrench,0.14049577713012695,-0.06026458740234375,0.053034305572509766,-0.0006750226020812988,-0.0013333186507225037,-0.00012302398681640625
1742955468.6030712,6531,1742955468,602922863,ft_sensor0_wrench,0.1132664680480957,-0.04601860046386719,0.028153419494628906,-0.00023373961448669434,-0.0005441680550575256,-0.0001316070556640625
1742955468.6097279,6532,1742955468,609594636,ft_sensor0_wrench,0.13072538375854492,-0.07782936096191406,0.02806568145751953,-0.0007294118404388428,-0.0007885321974754333,7.62939453125e-05
1742955468.616428,6533,1742955468,616286711,ft_sensor0_wrench,0.05814504623413086,-0.14320755004882812,0.003826618194580078,-0.002178013324737549,0.0010704770684242249,0.0004820525646209717
1742955468.6230965,6534,1742955468,622936982,ft_sensor0_wrench,0.15262269973754883,-0.12796401977539062,-0.020218372344970703,-0.0017217397689819336,-0.0006916597485542297,6.213784217834473e-05
1742955468.6296854,6535,1742955468,629586653,ft_sensor0_wrench,0.11765813827514648,-0.09212493896484375,-0.017968177795410156,-0.0011479556560516357,-0.0009460374712944031,0.00029741227626800537
1742955468.636372,6536,1742955468,636286362,ft_sensor0_wrench,0.1406569480895996,-0.09534454345703125,0.05111551284790039,-0.0012330412864685059,-0.0005658045411109924,-0.00014466047286987305
1742955468.643019,6537,1742955468,642944336,ft_sensor0_wrench,0.13387298583984375,-0.08050918579101562,0.07449960708618164,-0.001232445240020752,-0.0001122988760471344,8.878111839294434e-05
1742955468.6496904,6538,1742955468,649581782,ft_sensor0_wrench,0.1519489288330078,-0.014423370361328125,0.05105113983154297,0.0006811916828155518,-0.0011361204087734222,0.00031691789627075195
1742955468.6563768,6539,1742955468,656300581,ft_sensor0_wrench,0.18142032623291016,-0.05106925964355469,-0.022444725036621094,0.00011432170867919922,-0.0007632113993167877,8.055567741394043e-05
1742955468.6629872,6540,1742955468,662918282,ft_sensor0_wrench,0.14269113540649414,-0.11044883728027344,-0.04326820373535156,-0.0012181401252746582,-0.0009143874049186707,0.0002830922603607178
1742955468.669653,6541,1742955468,669583201,ft_sensor0_wrench,0.1501169204711914,-0.09637069702148438,-0.04311084747314453,-0.0016598403453826904,-0.0006644167006015778,9.517371654510498e-05
1742955468.6763449,6542,1742955468,676249186,ft_sensor0_wrench,0.15575742721557617,-0.09615135192871094,0.002765178680419922,-0.0007995665073394775,-0.0007568821310997009,6.198883056640625e-05
1742955468.6831396,6543,1742955468,682962863,ft_sensor0_wrench,0.16615676879882812,-0.015180587768554688,0.02782440185546875,0.00023889541625976562,-0.0013396553695201874,-0.00010445713996887207
1742955468.6898015,6544,1742955468,689598508,ft_sensor0_wrench,0.1762385368347168,-0.033283233642578125,0.02550506591796875,0.0006024837493896484,-0.0010908842086791992,-0.0003596842288970947
1742955468.6964064,6545,1742955468,696252592,ft_sensor0_wrench,0.1550149917602539,-0.09669113159179688,0.0025196075439453125,-0.0008081495761871338,-0.0007432922720909119,-0.0006003081798553467
1742955468.70311,6546,1742955468,702943933,ft_sensor0_wrench,0.10212373733520508,-0.12752723693847656,0.002849102020263672,-0.0012807846069335938,5.219504237174988e-05,-0.000627472996711731
1742955468.7096531,6547,1742955468,709582251,ft_sensor0_wrench,0.18820428848266602,-0.06590461730957031,-0.045828819274902344,0.00011372566223144531,-0.0012167245149612427,-0.00015288591384887695
1742955468.7163587,6548,1742955468,716250187,ft_sensor0_wrench,0.1782846450805664,-0.08288192749023438,-0.045427799224853516,-0.0008078515529632568,-0.0006979890167713165,8.07046890258789e-05
1742955468.7230628,6549,1742955468,722922960,ft_sensor0_wrench,0.16333246231079102,-0.08266258239746094,-0.02244710922241211,-0.00037410855293273926,-0.00048086047172546387,-0.00016021728515625
1742955468.7296848,6550,1742955468,729588040,ft_sensor0_wrench,0.1699671745300293,-0.0969085693359375,-0.020461559295654297,-0.0012418925762176514,-0.000960424542427063,-0.0003593862056732178
1742955468.7363925,6551,1742955468,736253280,ft_sensor0_wrench,0.10349702835083008,-0.0635833740234375,0.003184795379638672,-0.0002881288528442383,6.258487701416016e-07,6.771087646484375e-05
1742955468.74308,6552,1742955468,742938837,ft_sensor0_wrench,0.12084054946899414,-0.032527923583984375,0.002941131591796875,0.00019174814224243164,-0.0002681463956832886,-0.00035381317138671875
1742955468.7497284,6553,1742955468,749583416,ft_sensor0_wrench,0.14493417739868164,-0.07858657836914062,0.004838466644287109,-0.001171708106994629,-0.0009920820593833923,-0.0003450661897659302
1742955468.7563648,6554,1742955468,756250387,ft_sensor0_wrench,0.10019922256469727,-0.060314178466796875,-0.017879962921142578,-0.0006522834300994873,-0.0007016658782958984,8.951127529144287e-05
1742955468.7630386,6555,1742955468,762917358,ft_sensor0_wrench,0.1874251365661621,-0.12871932983398438,-0.020549774169921875,-0.0017375349998474121,-0.0012047961354255676,-0.00015148520469665527
1742955468.7696393,6556,1742955468,769580464,ft_sensor0_wrench,0.19056081771850586,-0.0969085693359375,0.00243377685546875,-0.0008153617382049561,-0.0012700185179710388,-0.00015163421630859375
1742955468.776331,6557,1742955468,776248261,ft_sensor0_wrench,0.12021160125732422,-0.09593391418457031,0.0028510093688964844,-0.0007923543453216553,-0.00023015588521957397,-0.0003866851329803467
1742955468.7830682,6558,1742955468,782933154,ft_sensor0_wrench,0.15894174575805664,-0.03655433654785156,0.023674488067626953,0.0005400776863098145,-7.900595664978027e-05,-0.0005892366170883179
1742955468.7897153,6559,1742955468,789588366,ft_sensor0_wrench,0.14127397537231445,0.002552032470703125,0.027755260467529297,0.0011762678623199463,-0.0013452693819999695,-0.00012442469596862793
1742955468.7963805,6560,1742955468,796249883,ft_sensor0_wrench,0.17310285568237305,-0.06509590148925781,0.002521514892578125,-0.0003197193145751953,-0.0010256469249725342,-0.00035953521728515625
1742955468.8030965,6561,1742955468,802929104,ft_sensor0_wrench,0.08211135864257812,-0.09190940856933594,-0.01788187026977539,-0.0011407136917114258,-0.0004193112254142761,-0.00015126168727874756
1742955468.8096523,6562,1742955468,809581311,ft_sensor0_wrench,0.11377906799316406,-0.12447738647460938,-0.041196346282958984,-0.0020786821842193604,-0.0008672326803207397,-0.0003647357225418091
1742955468.8163486,6563,1742955468,816247806,ft_sensor0_wrench,0.14493417739868164,-0.07858657836914062,0.004838466644287109,-0.001171708106994629,-0.0009920820593833923,-0.0003450661897659302
1742955468.8230753,6564,1742955468,822919596,ft_sensor0_wrench,0.17373180389404297,-0.0016918182373046875,0.0026121139526367188,0.0006643831729888916,-0.0010636337101459503,-0.0003266632556915283
1742955468.8296678,6565,1742955468,829583748,ft_sensor0_wrench,0.16615676879882812,-0.015180587768554688,0.02782440185546875,0.00023889541625976562,-0.0013396553695201874,-0.00010445713996887207
1742955468.8363154,6566,1742955468,836249474,ft_sensor0_wrench,0.16302204132080078,-0.046993255615234375,0.004840850830078125,-0.0006832778453826904,-0.0012744329869747162,-0.00010429322719573975
1742955468.8430617,6567,1742955468,842944147,ft_sensor0_wrench,0.19719552993774414,-0.11115455627441406,0.0044193267822265625,-0.0016831755638122559,-0.001749582588672638,-0.0003507882356643677
1742955468.8496504,6568,1742955468,849583205,ft_sensor0_wrench,0.2003312110900879,-0.07934188842773438,0.027402400970458984,-0.0007610023021697998,-0.0018148049712181091,-0.0003509521484375
1742955468.8563178,6569,1742955468,856248799,ft_sensor0_wrench,0.17529821395874023,-0.0610198974609375,0.052702903747558594,-0.0006908178329467773,-0.0018464550375938416,-0.00033664703369140625
1742955468.8630114,6570,1742955468,862931562,ft_sensor0_wrench,0.09671401977539062,-0.048748016357421875,0.026568889617919922,-0.0002875328063964844,0.00045413151383399963,0.00030115246772766113
1742955468.8696458,6571,1742955468,869580139,ft_sensor0_wrench,0.1563873291015625,-0.032745361328125,0.0028553009033203125,0.00018450617790222168,-0.0007948614656925201,9.486079216003418e-05
1742955468.876354,6572,1742955468,876248057,ft_sensor0_wrench,0.1936964988708496,-0.06509590148925781,0.025416851043701172,0.0001068115234375,-0.0013352558016777039,-0.00015178322792053223
1742955468.8830945,6573,1742955468,882923913,ft_sensor0_wrench,0.15811491012573242,-0.12715530395507812,0.051027774810791016,-0.0017287135124206543,-0.0008101761341094971,6.324052810668945e-05
1742955468.8896635,6574,1742955468,889582582,ft_sensor0_wrench,0.16882562637329102,-0.08185386657714844,0.048798561096191406,-0.00038102269172668457,-0.000599391758441925,-0.00015911459922790527
1742955468.8963666,6575,1742955468,896251104,ft_sensor0_wrench,0.2108449935913086,-0.061237335205078125,0.05261707305908203,-0.0006980597972869873,-0.002373170107603073,0.00011202692985534668
1742955468.9030414,6576,1742955468,902927937,ft_sensor0_wrench,0.18361568450927734,-0.04699134826660156,0.027736186981201172,-0.0002567768096923828,-0.001584019511938095,0.00010344386100769043
1742955468.9096644,6577,1742955468,909584212,ft_sensor0_wrench,0.1260242462158203,-0.05031394958496094,-0.04500865936279297,-0.0002964138984680176,5.9518963098526e-05,8.64267349243164e-05
1742955468.9163647,6578,1742955468,916258139,ft_sensor0_wrench,0.19558238983154297,-0.07961273193359375,-0.04359769821166992,-0.0007454752922058105,-0.0017098747193813324,0.0003102421760559082
1742955468.9230318,6579,1742955468,922933696,ft_sensor0_wrench,0.19114303588867188,-0.06128883361816406,0.004598140716552734,-0.00024878978729248047,-0.0020511113107204437,0.000532299280166626
1742955468.9297113,6580,1742955468,929583438,ft_sensor0_wrench,0.11087417602539062,-0.07728958129882812,0.005415916442871094,-0.0011473596096038818,-0.0004925243556499481,0.0005308538675308228
1742955468.9363286,6581,1742955468,936251837,ft_sensor0_wrench,0.1414480209350586,-0.06702041625976562,0.04928731918334961,-0.000806957483291626,0.00016372278332710266,-0.00013342499732971191
1742955468.9430075,6582,1742955468,942928591,ft_sensor0_wrench,0.1417984962463379,-0.11039924621582031,-0.018144607543945312,-0.002093881368637085,-0.0009268596768379211,-0.0003449171781539917
1742955468.9496732,6583,1742955468,949587070,ft_sensor0_wrench,0.12100362777709961,-0.06760978698730469,0.0010228157043457031,-0.0003663003444671631,0.0004993677139282227,-0.00037544965744018555
1742955468.9563458,6584,1742955468,956248018,ft_sensor0_wrench,0.13829946517944336,-0.06433868408203125,0.002852916717529297,-0.0003039240837097168,-0.0005125105381011963,-0.00014591217041015625
1742955468.96304,6585,1742955468,962935268,ft_sensor0_wrench,0.17310285568237305,-0.06509590148925781,0.002521514892578125,-0.0003197193145751953,-0.0010256469249725342,-0.00035953521728515625
1742955468.969705,6586,1742955468,969582070,ft_sensor0_wrench,0.12838172912597656,-0.08131599426269531,0.003253936767578125,-0.001225501298904419,6.2175095081329346e-06,8.767843246459961e-05
1742955468.9763408,6587,1742955468,976251061,ft_sensor0_wrench,0.19354820251464844,-0.06450653076171875,0.050786495208740234,-0.0007604062557220459,-0.0013612918555736542,-0.00011751055717468262
1742955468.9830682,6588,1742955468,982925799,ft_sensor0_wrench,0.208648681640625,-0.06531524658203125,0.0024361610412597656,-0.0003269314765930176,-0.0015523694455623627,8.913874626159668e-05
1742955468.989672,6589,1742955468,989583101,ft_sensor0_wrench,0.19056081771850586,-0.0969085693359375,0.00243377685546875,-0.0008153617382049561,-0.0012700185179710388,-0.00015163421630859375
1742955468.9963481,6590,1742955468,996250025,ft_sensor0_wrench,0.19056081771850586,-0.0969085693359375,0.00243377685546875,-0.0008153617382049561,-0.0012700185179710388,-0.00015163421630859375
1742955469.003066,6591,1742955469,2934499,ft_sensor0_wrench,0.17310285568237305,-0.06509590148925781,0.002521514892578125,-0.0003197193145751953,-0.0010256469249725342,-0.00035953521728515625
1742955469.0096855,6592,1742955469,9588257,ft_sensor0_wrench,0.1563873291015625,-0.032745361328125,0.0028553009033203125,0.00018450617790222168,-0.0007948614656925201,9.486079216003418e-05
1742955469.0163944,6593,1742955469,16251752,ft_sensor0_wrench,0.208648681640625,-0.06531524658203125,0.0024361610412597656,-0.0003269314765930176,-0.0015523694455623627,8.913874626159668e-05
1742955469.0230846,6594,1742955469,22934309,ft_sensor0_wrench,0.21622371673583984,-0.05182647705078125,-0.022776126861572266,9.85264778137207e-05,-0.0012763477861881256,-0.00013306736946105957
1742955469.0296843,6595,1742955469,29590644,ft_sensor0_wrench,0.20629215240478516,-0.03431129455566406,-0.04582643508911133,0.0006021559238433838,-0.0014990754425525665,8.788704872131348e-05
1742955469.036307,6596,1742955469,36248867,ft_sensor0_wrench,0.1738452911376953,-0.06455802917480469,0.0027675628662109375,-0.00031113624572753906,-0.0010392330586910248,0.0003027617931365967
1742955469.0430298,6597,1742955469,42924200,ft_sensor0_wrench,0.20107364654541016,-0.07880401611328125,0.027648448944091797,-0.0007524192333221436,-0.0018283836543560028,0.00031134486198425293
1742955469.0496557,6598,1742955469,49582820,ft_sensor0_wrench,0.1987171173095703,-0.04780006408691406,-0.020614147186279297,0.0001766979694366455,-0.0017750971019268036,0.0003100931644439697
1742955469.056346,6599,1742955469,56249254,ft_sensor0_wrench,0.208648681640625,-0.06531524658203125,0.0024361610412597656,-0.0003269314765930176,-0.0015523694455623627,8.913874626159668e-05
1742955469.062965,6600,1742955469,62915107,ft_sensor0_wrench,0.27397823333740234,-0.08358573913574219,0.0480499267578125,-0.00041982531547546387,-0.0021523721516132355,-0.0001377016305923462
1742955469.0696557,6601,1742955469,69581967,ft_sensor0_wrench,0.24894428253173828,-0.06526374816894531,0.07335042953491211,-0.0003496706485748291,-0.0021840371191501617,-0.0001233816146850586
1742955469.076357,6602,1742955469,76253326,ft_sensor0_wrench,0.2218780517578125,-0.08609962463378906,0.046550750732421875,-0.00046640634536743164,-0.0006273500621318817,-0.0001536160707473755
1742955469.0830894,6603,1742955469,82933072,ft_sensor0_wrench,0.2360401153564453,-0.11464118957519531,0.02539825439453125,-0.001326233148574829,-0.0015740133821964264,7.608532905578613e-05
1742955469.0896544,6604,1742955469,89581983,ft_sensor0_wrench,0.20630550384521484,-0.06880378723144531,-0.02237558364868164,-0.0008230805397033691,-0.0007576122879981995,0.00010052323341369629
1742955469.0963683,6605,1742955469,96248172,ft_sensor0_wrench,0.12253761291503906,-0.038745880126953125,-0.0005602836608886719,6.833672523498535e-05,0.001215316355228424,0.00029806792736053467
1742955469.103036,6606,1742955469,102914625,ft_sensor0_wrench,0.18770408630371094,-0.021936416625976562,0.04697275161743164,0.0005334615707397461,-0.0001522153615951538,9.287893772125244e-05
1742955469.1096857,6607,1742955469,109586147,ft_sensor0_wrench,0.18691349029541016,-0.05026054382324219,0.04880094528198242,0.0001074075698852539,-0.0008817426860332489,8.165836334228516e-05
1742955469.1163127,6608,1742955469,116248223,ft_sensor0_wrench,0.1944875717163086,-0.036773681640625,0.023589134216308594,0.0005328655242919922,-0.0006057210266590118,-0.00014056265354156494
1742955469.1230156,6609,1742955469,122915505,ft_sensor0_wrench,0.19511795043945312,0.026632308959960938,0.02367877960205078,0.0015169382095336914,-0.000643707811832428,-0.00010769069194793701
1742955469.1296635,6610,1742955469,129584442,ft_sensor0_wrench,0.17702960968017578,-0.0049610137939453125,0.02367687225341797,0.001028507947921753,-0.0003613568842411041,-0.00034846365451812744
1742955469.1363218,6611,1742955469,136251207,ft_sensor0_wrench,0.24361419677734375,-0.10115242004394531,0.00018596649169921875,-0.0009007751941680908,-0.0012979917228221893,-0.00014612078666687012
1742955469.1430275,6612,1742955469,142919311,ft_sensor0_wrench,0.2510261535644531,-0.05258369445800781,-0.023107528686523438,8.273124694824219e-05,-0.0017894841730594635,-0.00034669041633605957
1742955469.1496596,6613,1742955469,149582285,ft_sensor0_wrench,0.25432491302490234,-0.055850982666015625,-0.0020432472229003906,0.0004469156265258789,-0.0010871924459934235,-0.0003684908151626587
1742955469.1563134,6614,1742955469,156246334,ft_sensor0_wrench,0.19072389602661133,-0.131988525390625,0.000514984130859375,-0.0013734102249145508,-0.0005025044083595276,-0.00017327070236206055
1742955469.162959,6615,1742955469,162913124,ft_sensor0_wrench,0.1234736442565918,-0.16147804260253906,0.04944038391113281,-0.002270907163619995,0.00047047436237335205,0.00025522708892822266
1742955469.1696365,6616,1742955469,169580762,ft_sensor0_wrench,0.17562150955200195,-0.1311817169189453,0.04886579513549805,-0.0018068253993988037,-0.000311434268951416,-0.00037992000579833984
1742955469.1763194,6617,1742955469,176249578,ft_sensor0_wrench,0.1696157455444336,-0.053531646728515625,0.04697084426879883,4.503130912780762e-05,0.00013013556599617004,-0.000147894024848938
1742955469.1831288,6618,1742955469,182939684,ft_sensor0_wrench,0.21178436279296875,-0.03350257873535156,0.025419235229492188,0.0005952417850494385,-0.0016176067292690277,8.89897346496582e-05
1742955469.189656,6619,1742955469,189582703,ft_sensor0_wrench,0.18382549285888672,-0.05428886413574219,0.023743629455566406,-0.0003972947597503662,-7.339194416999817e-05,-0.0005692541599273682
1742955469.1964154,6620,1742955469,196248926,ft_sensor0_wrench,0.21294021606445312,-0.08304786682128906,-0.020390033721923828,-0.0016908347606658936,-0.0012371838092803955,-9.863078594207764e-05
1742955469.2030168,6621,1742955469,202922725,ft_sensor0_wrench,0.2689671516418457,-0.020399093627929688,0.0022635459899902344,-0.00029602646827697754,-0.0020978935062885284,-7.164478302001953e-05
1742955469.209649,6622,1742955469,209582178,ft_sensor0_wrench,0.2714719772338867,-0.05199241638183594,0.025156497955322266,-0.0003579258918762207,-0.0021251291036605835,-0.00010466575622558594
1742955469.2163434,6623,1742955469,216248114,ft_sensor0_wrench,0.27397823333740234,-0.08358573913574219,0.0480499267578125,-0.00041982531547546387,-0.0021523721516132355,-0.0001377016305923462
1742955469.2231069,6624,1742955469,222938887,ft_sensor0_wrench,0.22250747680664062,-0.022693634033203125,0.046640872955322266,0.0005176663398742676,-0.0006653293967247009,-0.00012074410915374756
1742955469.2296746,6625,1742955469,229586661,ft_sensor0_wrench,0.17777347564697266,-0.004421234130859375,0.023922443389892578,0.0010370910167694092,-0.0003749355673789978,0.00031384825706481934
1742955469.2363455,6626,1742955469,236254129,ft_sensor0_wrench,0.19135284423828125,-0.06858444213867188,0.0006055831909179688,-0.00038930773735046387,-0.0005404837429523468,-0.00014039874076843262
1742955469.2431133,6627,1742955469,242919313,ft_sensor0_wrench,0.2639322280883789,-0.003204345703125,0.02484416961669922,0.0010593235492706299,-0.002399493008852005,-0.0005461722612380981
1742955469.2496488,6628,1742955469,249581494,ft_sensor0_wrench,0.21622371673583984,-0.05182647705078125,-0.022776126861572266,9.85264778137207e-05,-0.0012763477861881256,-0.00013306736946105957
1742955469.256335,6629,1742955469,256246634,ft_sensor0_wrench,0.22599411010742188,-0.034259796142578125,0.0021924972534179688,0.00015294551849365234,-0.001821134239435196,-0.0003323853015899658
1742955469.2630365,6630,1742955469,262935309,ft_sensor0_wrench,0.2167048454284668,0.012166976928710938,0.0026831626892089844,0.00021544098854064941,-0.0013403929769992828,-6.592273712158203e-05
1742955469.2697375,6631,1742955469,269596043,ft_sensor0_wrench,0.21921157836914062,-0.0194244384765625,0.025576114654541016,0.00015351176261901855,-0.0013676285743713379,-9.894371032714844e-05
1742955469.2763898,6632,1742955469,276260386,ft_sensor0_wrench,0.23666954040527344,-0.051235198974609375,0.02548837661743164,-0.0003421306610107422,-0.0016119927167892456,0.00010895729064941406
1742955469.2830637,6633,1742955469,282923875,ft_sensor0_wrench,0.19198322296142578,-0.0051784515380859375,0.0006957054138183594,0.0005947649478912354,-0.0005784705281257629,-0.00010752677917480469
1742955469.2896488,6634,1742955469,289580852,ft_sensor0_wrench,0.20191383361816406,-0.022693634033203125,0.02374553680419922,9.113550186157227e-05,-0.000355742871761322,-0.00032848119735717773
1742955469.2963593,6635,1742955469,296249593,ft_sensor0_wrench,0.2064676284790039,-0.10388374328613281,-0.02429485321044922,-0.0013810694217681885,9.901821613311768e-06,7.888674736022949e-05
1742955469.3030262,6636,1742955469,302921119,ft_sensor0_wrench,0.2809319496154785,-0.053020477294921875,-0.06906986236572266,-0.000784754753112793,-0.002223741263151169,0.00013515353202819824
1742955469.309728,6637,1742955469,309583678,ft_sensor0_wrench,0.20693540573120117,-0.005397796630859375,-0.02228546142578125,0.00016102194786071777,-0.0007955990731716156,0.00013339519500732422
1742955469.316353,6638,1742955469,316249187,ft_sensor0_wrench,0.26079654693603516,-0.03501701354980469,0.0018610954284667969,0.00013715028762817383,-0.002334270626306534,-0.0005460083484649658
1742955469.323058,6639,1742955469,322915276,ft_sensor0_wrench,0.19135284423828125,-0.06858444213867188,0.0006055831909179688,-0.00038930773735046387,-0.0005404837429523468,-0.00014039874076843262
1742955469.3297038,6640,1742955469,329597513,ft_sensor0_wrench,0.12917232513427734,-0.05299186706542969,0.0014252662658691406,-0.0007994472980499268,0.000735752284526825,9.891390800476074e-05
1742955469.3363526,6641,1742955469,336254943,ft_sensor0_wrench,0.2276902198791504,-0.040477752685546875,-0.0013089179992675781,2.9534101486206055e-05,-0.0003376714885234833,0.0003194957971572876
1742955469.3430405,6642,1742955469,342916652,ft_sensor0_wrench,0.2799515724182129,-0.07304573059082031,-0.0017285346984863281,-0.0004819035530090332,-0.0010951794683933258,0.00031378865242004395
1742955469.349661,6643,1742955469,349582472,ft_sensor0_wrench,0.21607589721679688,-0.05123710632324219,0.0025930404663085938,-0.0007686614990234375,-0.0013024061918258667,-9.879469871520996e-05
1742955469.3563266,6644,1742955469,356246737,ft_sensor0_wrench,0.2965059280395508,-0.07031631469726562,-0.00014352798461914062,-0.00042814016342163086,-0.002093479037284851,-0.00011897087097167969
1742955469.3630009,6645,1742955469,362920120,ft_sensor0_wrench,0.2759113311767578,-0.07031631469726562,-0.023038864135742188,-0.0008546411991119385,-0.0017838850617408752,-0.0003267228603363037
1742955469.3696485,6646,1742955469,369581547,ft_sensor0_wrench,0.22365093231201172,-0.03774833679199219,-0.022619247436523438,-0.0003432035446166992,-0.0010263845324516296,-0.0003210008144378662
1742955469.3763309,6647,1742955469,376250699,ft_sensor0_wrench,0.2908635139465332,-0.07053565979003906,-0.046019554138183594,-0.001288384199142456,-0.002001013606786728,-8.58008861541748e-05
1742955469.3830009,6648,1742955469,382914337,ft_sensor0_wrench,0.25024890899658203,-0.11539840698242188,0.0021715164184570312,-0.0017685294151306152,-0.0017775557935237885,-0.0003452897071838379
1742955469.3896456,6649,1742955469,389581904,ft_sensor0_wrench,0.3033018112182617,-0.11964225769042969,-7.677078247070312e-05,-0.00185394287109375,-0.001805528998374939,-0.00033977627754211426
1742955469.3963614,6650,1742955469,396259098,ft_sensor0_wrench,0.2988624572753906,-0.101318359375,0.04811859130859375,-0.0013572275638580322,-0.002146773040294647,-0.00011771917343139648
1742955469.403015,6651,1742955469,402916142,ft_sensor0_wrench,0.2821469306945801,-0.06896781921386719,0.04845237731933594,-0.0008530020713806152,-0.0019159875810146332,0.00033667683601379395
1742955469.4096456,6652,1742955469,409582581,ft_sensor0_wrench,0.2525620460510254,-0.02371978759765625,-0.024690628051757812,0.0005173683166503906,-0.001073535531759262,0.00032682716846466064
1742955469.4163752,6653,1742955469,416249875,ft_sensor0_wrench,0.26908063888549805,-0.08326530456542969,0.002418994903564453,-0.0012715458869934082,-0.002073492854833603,0.0005577802658081055
1742955469.4229844,6654,1742955469,422913693,ft_sensor0_wrench,0.20945405960083008,-0.07148361206054688,0.02405834197998047,-0.0013260841369628906,-8.137896656990051e-05,0.00011301040649414062
1742955469.4297755,6655,1742955469,429596040,ft_sensor0_wrench,0.25417518615722656,-0.055263519287109375,0.023326396942138672,-0.000420302152633667,-0.0011132434010505676,-0.00033420324325561523
1742955469.4364202,6656,1742955469,436250367,ft_sensor0_wrench,0.2898831367492676,-0.0905609130859375,0.02132129669189453,-0.0009855329990386963,-0.0008724518120288849,9.28342342376709e-05
1742955469.4430962,6657,1742955469,442946272,ft_sensor0_wrench,0.3089418411254883,-0.11942481994628906,0.04579973220825195,-0.0009936690330505371,-0.0018979869782924652,-0.00037294626235961914
1742955469.4496553,6658,1742955469,449581875,ft_sensor0_wrench,0.27727413177490234,-0.08685684204101562,0.06911468505859375,-5.570054054260254e-05,-0.0014500878751277924,-0.00015947222709655762
1742955469.4563086,6659,1742955469,456247254,ft_sensor0_wrench,0.341982364654541,-0.08804893493652344,0.02282094955444336,-0.0009389817714691162,-0.0023974664509296417,0.0001087486743927002
1742955469.4630263,6660,1742955469,462918152,ft_sensor0_wrench,0.2897219657897949,-0.05548095703125,0.02324056625366211,-0.00042754411697387695,-0.0016399659216403961,0.0001144707202911377
1742955469.4696417,6661,1742955469,469582364,ft_sensor0_wrench,0.27100372314453125,-0.1504802703857422,0.023148059844970703,-0.0019000470638275146,-0.0013196282088756561,-0.00015917420387268066
1742955469.4763439,6662,1742955469,476248772,ft_sensor0_wrench,0.2642078399658203,-0.10115242004394531,0.023081302642822266,-0.0004742443561553955,-0.0016075782477855682,6.16312026977539e-05
1742955469.4830701,6663,1742955469,482930473,ft_sensor0_wrench,0.29724836349487305,-0.06977653503417969,0.00010204315185546875,-0.0004195570945739746,-0.0021070577204227448,0.0005433261394500732
1742955469.4897068,6664,1742955469,489582825,ft_sensor0_wrench,0.26405906677246094,-0.10056114196777344,0.04844999313354492,-0.0013414323329925537,-0.0016336366534233093,9.590387344360352e-05
1742955469.4964137,6665,1742955469,496251410,ft_sensor0_wrench,0.1882171630859375,-0.10039710998535156,-0.022377490997314453,-0.0013115108013153076,-0.0004752613604068756,-0.00014024972915649414
1742955469.5030744,6666,1742955469,502941410,ft_sensor0_wrench,0.2360401153564453,-0.11464118957519531,0.02539825439453125,-0.001326233148574829,-0.0015740133821964264,7.608532905578613e-05
1742955469.5096605,6667,1742955469,509582026,ft_sensor0_wrench,0.2218780517578125,-0.08609962463378906,0.046550750732421875,-0.00046640634536743164,-0.0006273500621318817,-0.0001536160707473755
1742955469.516355,6668,1742955469,516247071,ft_sensor0_wrench,0.25354576110839844,-0.1186676025390625,0.02323627471923828,-0.001404404640197754,-0.0010752640664577484,-0.00036707520484924316
1742955469.523059,6669,1742955469,522923196,ft_sensor0_wrench,0.24362659454345703,-0.13564491271972656,0.023636341094970703,-0.002325981855392456,-0.0005565285682678223,-0.0001334846019744873
1742955469.52973,6670,1742955469,529585153,ft_sensor0_wrench,0.269289493560791,-0.09056282043457031,-0.0015740394592285156,-0.0014120638370513916,-0.000562865287065506,-0.00011491775512695312
1742955469.536434,6671,1742955469,536254222,ft_sensor0_wrench,0.2475414276123047,-0.041015625,0.021340370178222656,0.0004475116729736328,-0.0006336793303489685,-0.0001350492238998413
1742955469.5430422,6672,1742955469,542915840,ft_sensor0_wrench,0.212738037109375,-0.04025840759277344,0.021671772003173828,0.00046330690383911133,-0.00012054294347763062,7.857382297515869e-05
1742955469.5496502,6673,1742955469,549580842,ft_sensor0_wrench,0.27476978302001953,-0.05526161193847656,0.046221256256103516,6.22868537902832e-06,-0.0014228373765945435,-0.00012646615505218506
1742955469.556392,6674,1742955469,556253514,ft_sensor0_wrench,0.27841758728027344,-0.10190963745117188,-0.00014543533325195312,-0.0009165704250335693,-0.0018111281096935272,-0.0003597438335418701
1742955469.5630286,6675,1742955469,562916049,ft_sensor0_wrench,0.24361419677734375,-0.10115242004394531,0.00018596649169921875,-0.0009007751941680908,-0.0012979917228221893,-0.00014612078666687012
1742955469.5696888,6676,1742955469,569580470,ft_sensor0_wrench,0.2915983200073242,-0.15047836303710938,0.04604339599609375,-0.0014735162258148193,-0.001629222184419632,4.857778549194336e-05
1742955469.5763845,6677,1742955469,576249699,ft_sensor0_wrench,0.274139404296875,-0.1186676025390625,0.04613161087036133,-0.0009778738021850586,-0.0013848505914211273,-0.00015932321548461914
1742955469.583002,6678,1742955469,582914616,ft_sensor0_wrench,0.2848491668701172,-0.07336616516113281,0.043901920318603516,0.00036978721618652344,-0.0011740736663341522,-0.0003816932439804077
1742955469.5897613,6679,1742955469,589584518,ft_sensor0_wrench,0.3194427490234375,-0.06682777404785156,0.04756307601928711,0.000494539737701416,-0.003197837620973587,7.739663124084473e-05
1742955469.5964057,6680,1742955469,596247687,ft_sensor0_wrench,0.307065486907959,-0.024427413940429688,0.022996902465820312,5.233287811279297e-05,-0.0019087307155132294,-0.0003070533275604248
1742955469.603074,6681,1742955469,602927430,ft_sensor0_wrench,0.2659916877746582,-0.08729362487792969,-0.02263784408569336,-0.0017762184143066406,-0.001265149563550949,-9.313225746154785e-05
1742955469.6097448,6682,1742955469,609596978,ft_sensor0_wrench,0.22600746154785156,-0.06875228881835938,0.025642871856689453,-0.0012722909450531006,-0.0010796785354614258,-0.000319749116897583
1742955469.6163788,6683,1742955469,616247035,ft_sensor0_wrench,0.24283599853515625,-0.1639690399169922,0.025465011596679688,-0.0027520358562469482,-0.0012860633432865143,-0.00014472007751464844
1742955469.6230574,6684,1742955469,622918277,ft_sensor0_wrench,0.35505056381225586,-0.07375335693359375,0.06885433197021484,-0.0005204081535339355,-0.002239968627691269,-0.00011235475540161133
1742955469.629645,6685,1742955469,629580980,ft_sensor0_wrench,0.2897219657897949,-0.05548095703125,0.02324056625366211,-0.00042754411697387695,-0.0016399659216403961,0.0001144707202911377
1742955469.6363225,6686,1742955469,636248133,ft_sensor0_wrench,0.30717992782592773,-0.08729171752929688,0.02315235137939453,-0.0009231865406036377,-0.0018843300640583038,0.0003223717212677002
1742955469.6429954,6687,1742955469,642915682,ft_sensor0_wrench,0.21179771423339844,-0.06799507141113281,0.048870086669921875,-0.0008299648761749268,-0.0008761361241340637,0.00010162591934204102
1742955469.6497076,6688,1742955469,649599737,ft_sensor0_wrench,0.30837011337280273,-0.07456207275390625,-0.04818153381347656,-0.0013665258884429932,-0.0015022717416286469,-0.0005289614200592041
1742955469.656332,6689,1742955469,656255655,ft_sensor0_wrench,0.24425554275512695,-0.07224082946777344,0.023726940155029297,-0.0013418793678283691,-0.0005945153534412384,-0.00010061264038085938
1742955469.663002,6690,1742955469,662913109,ft_sensor0_wrench,0.23745965957641602,-0.022912979125976562,0.02366018295288086,8.392333984375e-05,-0.0008824579417705536,0.0001201927661895752
1742955469.6696308,6691,1742955469,669579028,ft_sensor0_wrench,0.31475400924682617,-0.07380294799804688,-0.0020599365234375,-0.0004976987838745117,-0.0016083158552646637,0.00010016560554504395
1742955469.676304,6692,1742955469,676247139,ft_sensor0_wrench,0.3413410186767578,-0.11696243286132812,-0.0007200241088867188,-0.0004978477954864502,-0.0031009428203105927,6.324052810668945e-05
1742955469.6830218,6693,1742955469,682917076,ft_sensor0_wrench,0.2890787124633789,-0.08439445495605469,-0.00030040740966796875,1.3619661331176758e-05,-0.002343442291021347,6.896257400512695e-05
1742955469.6896536,6694,1742955469,689581299,ft_sensor0_wrench,0.27115392684936523,-0.15106773376464844,-0.0022215843200683594,-0.0010328292846679688,-0.001293577253818512,-0.00019346177577972412
1742955469.6963565,6695,1742955469,696248033,ft_sensor0_wrench,0.28673553466796875,-0.08788108825683594,-0.025112628936767578,-0.0004824995994567871,-0.0015486925840377808,8.034706115722656e-05
1742955469.7031198,6696,1742955469,702928799,ft_sensor0_wrench,0.29666614532470703,-0.10539627075195312,-0.0020623207092285156,-0.0009861290454864502,-0.0013259649276733398,-0.00014060735702514648
1742955469.7097027,6697,1742955469,709580228,ft_sensor0_wrench,0.2611198425292969,-0.1051788330078125,-0.001976490020751953,-0.0009788870811462402,-0.0007992424070835114,-0.0005892962217330933
1742955469.7163997,6698,1742955469,716251466,ft_sensor0_wrench,0.2503972053527832,-0.11598777770996094,-0.02319812774658203,-0.000901341438293457,-0.0017514973878860474,-0.0003795623779296875
1742955469.723064,6699,1742955469,722933409,ft_sensor0_wrench,0.30328845977783203,-0.08515167236328125,-0.023527145385742188,-0.00042870640754699707,-0.002546984702348709,-0.00035241246223449707
1742955469.7296493,6700,1742955469,729582088,ft_sensor0_wrench,0.31772947311401367,-0.0069103240966796875,0.022841930389404297,0.0009824931621551514,-0.002441052347421646,0.00012163817882537842
1742955469.736372,6701,1742955469,736249892,ft_sensor0_wrench,0.23342037200927734,-0.020181655883789062,0.002349376678466797,-0.0002887845039367676,-0.0015711784362792969,-0.0005203187465667725
1742955469.7430277,6702,1742955469,742929204,ft_sensor0_wrench,0.21686697006225586,-0.022912979125976562,0.0007648468017578125,-0.0003426074981689453,-0.0005728714168071747,-8.755922317504883e-05
1742955469.7496748,6703,1742955469,749583930,ft_sensor0_wrench,0.2412700653076172,-0.10464096069335938,-0.02462625503540039,-0.001396864652633667,-0.0005032345652580261,-0.0001347362995147705
1742955469.7563634,6704,1742955469,756249049,ft_sensor0_wrench,0.23384380340576172,-0.11871910095214844,-0.02478313446044922,-0.0009551346302032471,-0.000753205269575119,5.319714546203613e-05
1742955469.7631106,6705,1742955469,762922819,ft_sensor0_wrench,0.23620033264160156,-0.14972305297851562,0.023479461669921875,-0.0018842518329620361,-0.0008064918220043182,5.4448843002319336e-05
1742955469.7697036,6706,1742955469,769579885,ft_sensor0_wrench,0.23004674911499023,-0.07148170471191406,0.04695320129394531,-0.000899583101272583,-0.0003909654915332794,0.00032076239585876465
1742955469.7763793,6707,1742955469,776250559,ft_sensor0_wrench,0.23745965957641602,-0.022912979125976562,0.02366018295288086,8.392333984375e-05,-0.0008824579417705536,0.0001201927661895752
1742955469.7830372,6708,1742955469,782917838,ft_sensor0_wrench,0.2965059280395508,-0.07031631469726562,-0.00014352798461914062,-0.00042814016342163086,-0.002093479037284851,-0.00011897087097167969
1742955469.7896333,6709,1742955469,789581116,ft_sensor0_wrench,0.23369598388671875,-0.11812973022460938,0.0005860328674316406,-0.001822352409362793,-0.0007792562246322632,8.746981620788574e-05
1742955469.796363,6710,1742955469,796246109,ft_sensor0_wrench,0.27826786041259766,-0.10132026672363281,0.025223731994628906,-0.0017837285995483398,-0.0018371790647506714,-0.0003254711627960205
1742955469.8030493,6711,1742955469,802914181,ft_sensor0_wrench,0.2368307113647461,-0.08631706237792969,0.023569583892822266,-0.0009001791477203369,-0.0008444786071777344,8.732080459594727e-05
1742955469.8096557,6712,1742955469,809581952,ft_sensor0_wrench,0.2163858413696289,-0.08690643310546875,-0.02469491958618164,-0.00045949220657348633,-0.0005088336765766144,-0.00015471875667572021
1742955469.8163805,6713,1742955469,816248250,ft_sensor0_wrench,0.2716341018676758,-0.08707427978515625,0.023238182067871094,-0.0009159743785858154,-0.0013576149940490723,-0.00012630224227905273
1742955469.8230112,6714,1742955469,822913994,ft_sensor0_wrench,0.2873654365539551,-0.024477005004882812,-0.025022029876708984,0.0005015730857849121,-0.0015866719186306,0.00011320412158966064
1742955469.8296628,6715,1742955469,829580516,ft_sensor0_wrench,0.2716341018676758,-0.08707427978515625,0.023238182067871094,-0.0009159743785858154,-0.0013576149940490723,-0.00012630224227905273
1742955469.8363562,6716,1742955469,836246506,ft_sensor0_wrench,0.2897219657897949,-0.05548095703125,0.02324056625366211,-0.00042754411697387695,-0.0016399659216403961,0.0001144707202911377
1742955469.8430521,6717,1742955469,842920531,ft_sensor0_wrench,0.238250732421875,0.0054111480712890625,0.021831035614013672,0.0005100369453430176,-0.0001529306173324585,0.00013141334056854248
1742955469.8496525,6718,1742955469,849582249,ft_sensor0_wrench,0.26312255859375,0.022169113159179688,-0.0015501976013183594,0.0009978413581848145,-0.0008887946605682373,0.00013874471187591553
1742955469.8563013,6719,1742955469,856246728,ft_sensor0_wrench,0.308438777923584,0.03951835632324219,0.023333072662353516,0.0010450184345245361,-0.001960296183824539,0.00038811564445495605
1742955469.86305,6720,1742955469,862927435,ft_sensor0_wrench,0.25998687744140625,-0.009641647338867188,-0.024533748626708984,7.56978988647461e-05,-0.0008235722780227661,0.00013890862464904785
1742955469.86964,6721,1742955469,869579662,ft_sensor0_wrench,0.30393075942993164,-0.05623817443847656,1.3828277587890625e-05,-0.0008698403835296631,-0.0018435083329677582,-0.00030690431594848633
1742955469.8763888,6722,1742955469,876251827,ft_sensor0_wrench,0.25417518615722656,-0.055263519287109375,0.023326396942138672,-0.000420302152633667,-0.0011132434010505676,-0.00033420324325561523
1742955469.883097,6723,1742955469,882932008,ft_sensor0_wrench,0.22016286849975586,-0.026182174682617188,0.02182912826538086,2.1576881408691406e-05,0.00012942031025886536,-0.00010935962200164795
1742955469.889671,6724,1742955469,889599575,ft_sensor0_wrench,0.2034473419189453,0.006168365478515625,0.022162437438964844,0.0005258321762084961,0.0003602057695388794,0.0003450363874435425
1742955469.8963017,6725,1742955469,896246764,ft_sensor0_wrench,0.2283320426940918,-0.011564254760742188,0.0222320556640625,-0.00041154026985168457,0.00036579743027687073,0.0003650188446044922
1742955469.9030657,6726,1742955469,902933413,ft_sensor0_wrench,0.25006723403930664,-0.02661895751953125,-0.024132728576660156,-0.0008459091186523438,-0.00030483677983283997,0.0003724992275238037
1742955469.9096632,6727,1742955469,909583673,ft_sensor0_wrench,0.25920772552490234,-0.07245826721191406,0.0007457733154296875,-0.0017756223678588867,-0.0008116438984870911,0.00014030933380126953
1742955469.9163294,6728,1742955469,916249324,ft_sensor0_wrench,0.24425554275512695,-0.07224082946777344,0.023726940155029297,-0.0013418793678283691,-0.0005945153534412384,-0.00010061264038085938
1742955469.9230711,6729,1742955469,922935338,ft_sensor0_wrench,0.2872152328491211,-0.023889541625976562,0.000347137451171875,-0.0003656148910522461,-0.0016127228736877441,0.0001474916934967041
1742955469.929668,6730,1742955469,929583786,ft_sensor0_wrench,0.29464101791381836,-0.009809494018554688,0.0005044937133789062,-0.0008073151111602783,-0.0013627596199512482,-4.044175148010254e-05
1742955469.9363298,6731,1742955469,936251860,ft_sensor0_wrench,0.23924493789672852,-0.009054183959960938,-0.02205944061279297,-0.0012180507183074951,-0.0005400218069553375,-3.4555792808532715e-05
1742955469.9430556,6732,1742955469,942921397,ft_sensor0_wrench,0.31037235260009766,0.05278778076171875,-0.047756195068359375,0.0006102323532104492,-0.0015918165445327759,0.0001990795135498047
1742955469.9497333,6733,1742955469,949587572,ft_sensor0_wrench,0.3021674156188965,-0.024106979370117188,-0.02263355255126953,-0.000799328088760376,-0.0018298514187335968,0.000388413667678833
1742955469.9563892,6734,1742955469,956248201,ft_sensor0_wrench,0.29903268814086914,-0.05591773986816406,-0.04561662673950195,-0.001721501350402832,-0.0017646141350269318,0.00038857758045196533
1742955469.963073,6735,1742955469,962917530,ft_sensor0_wrench,0.25006723403930664,-0.02661895751953125,-0.024132728576660156,-0.0008459091186523438,-0.00030483677983283997,0.0003724992275238037
1742955469.9696982,6736,1742955469,969589688,ft_sensor0_wrench,0.2872281074523926,-0.058380126953125,0.023797988891601562,-0.0017907917499542236,-0.000871267169713974,0.00016012787818908691
1742955469.9763916,6737,1742955469,976250913,ft_sensor0_wrench,0.2971467971801758,-0.04140281677246094,0.023396968841552734,-0.0008692145347595215,-0.0013900026679039001,-7.346272468566895e-05
1742955469.9830813,6738,1742955469,982930201,ft_sensor0_wrench,0.30028247833251953,-0.009592056274414062,0.04638051986694336,5.2928924560546875e-05,-0.0014552250504493713,-7.361173629760742e-05
1742955469.989655,6739,1742955469,989581497,ft_sensor0_wrench,0.2623434066772461,-0.04064750671386719,0.02372884750366211,-0.000853419303894043,-0.0008768662810325623,0.00014016032218933105
1742955469.9963372,6740,1742955469,996248305,ft_sensor0_wrench,0.2573227882385254,-0.05794334411621094,0.06976032257080078,-0.0009233355522155762,-0.0004370100796222687,-0.0003217160701751709
1742955470.0030684,6741,1742955470,2919520,ft_sensor0_wrench,0.25491857528686523,-0.05472373962402344,0.02357196807861328,-0.00041174888610839844,-0.0011268295347690582,0.0003280937671661377
1742955470.0096662,6742,1742955470,9583227,ft_sensor0_wrench,0.2971348762512207,-0.0069122314453125,-5.2928924560546875e-05,0.0005559623241424561,-0.0021314583718776703,-8.609890937805176e-05
1742955470.016347,6743,1742955470,16249107,ft_sensor0_wrench,0.29729604721069336,-0.0419921875,-0.001972198486328125,-2.0265579223632812e-06,-0.001363944262266159,-0.0001077502965927124
1742955470.023013,6744,1742955470,22914719,ft_sensor0_wrench,0.3289637565612793,-0.07456016540527344,-0.02528667449951172,-0.0009399950504302979,-0.0018118582665920258,-0.0003212094306945801
1742955470.0296702,6745,1742955470,29585939,ft_sensor0_wrench,0.3328418731689453,-0.042209625244140625,-0.0020580291748046875,-9.238719940185547e-06,-0.0018906667828559875,0.0003409385681152344
1742955470.0364358,6746,1742955470,36252242,ft_sensor0_wrench,0.2905130386352539,-0.027154922485351562,0.021411418914794922,-1.430511474609375e-06,-0.000910438597202301,0.00012569129467010498
1742955470.0430853,6747,1742955470,42919276,ft_sensor0_wrench,0.2601490020751953,-0.0447235107421875,-0.026453018188476562,-0.00048232078552246094,-5.605816841125488e-05,0.00011727213859558105
1742955470.04965,6748,1742955470,49583120,ft_sensor0_wrench,0.294952392578125,-0.04548072814941406,-0.026784420013427734,-0.0004981160163879395,-0.0005691945552825928,-9.635090827941895e-05
1742955470.0563488,6749,1742955470,56246632,ft_sensor0_wrench,0.34705162048339844,-0.04296684265136719,-0.025284767150878906,-0.0004515647888183594,-0.0020942091941833496,-8.043646812438965e-05
1742955470.0630796,6750,1742955470,62934883,ft_sensor0_wrench,0.32218074798583984,-0.05972480773925781,-0.001903533935546875,-0.0009394288063049316,-0.0013583526015281677,-8.77678394317627e-05
1742955470.0697215,6751,1742955470,69585224,ft_sensor0_wrench,0.24755334854125977,-0.07550811767578125,0.044791221618652344,-0.0009776949882507324,0.00010777637362480164,-0.0001224130392074585
1742955470.0763714,6752,1742955470,76248538,ft_sensor0_wrench,0.22694683074951172,-0.04101753234863281,-0.0015544891357421875,2.09808349609375e-05,-0.0003240928053855896,-0.00034280121326446533
1742955470.0830564,6753,1742955470,82935595,ft_sensor0_wrench,0.2760734558105469,-0.10539627075195312,-0.024957656860351562,-0.0014126598834991455,-0.001016370952129364,-0.0003483593463897705
1742955470.0896437,6754,1742955470,89580516,ft_sensor0_wrench,0.24692344665527344,-0.13891220092773438,0.04470062255859375,-0.0019617974758148193,0.00014575570821762085,-0.00015527009963989258
1742955470.0963094,6755,1742955470,96247170,ft_sensor0_wrench,0.2014455795288086,-0.12118148803710938,0.021736621856689453,-0.001450955867767334,0.0004497505724430084,-0.0003830045461654663
1742955470.1030653,6756,1742955470,102920635,ft_sensor0_wrench,0.23608684539794922,-0.08685684204101562,0.02332448959350586,-0.0009087324142456055,-0.0008308924734592438,-0.0005749762058258057
1742955470.109695,6757,1742955470,109600071,ft_sensor0_wrench,0.25418806076049805,-0.08975601196289062,0.046776771545410156,-0.0018455088138580322,-0.0003717876970767975,-0.0003215670585632324
1742955470.1163468,6758,1742955470,116250224,ft_sensor0_wrench,0.29981470108032227,-0.10807609558105469,0.044371604919433594,-0.0014891624450683594,-0.0006497316062450409,-0.00012812018394470215
1742955470.1230333,6759,1742955470,122916915,ft_sensor0_wrench,0.3238945007324219,-0.11964225769042969,0.022818565368652344,-0.0014274120330810547,-0.002115115523338318,-0.00013202428817749023
1742955470.1296895,6760,1742955470,129591065,ft_sensor0_wrench,0.2897219657897949,-0.05548095703125,0.02324056625366211,-0.00042754411697387695,-0.0016399659216403961,0.0001144707202911377
1742955470.1363604,6761,1742955470,136256785,ft_sensor0_wrench,0.27179527282714844,-0.12215423583984375,0.021318912506103516,-0.0014739632606506348,-0.000590100884437561,-0.00014793872833251953
1742955470.1430464,6762,1742955470,142937093,ft_sensor0_wrench,0.3178896903991699,-0.04199028015136719,0.020923137664794922,0.00042447447776794434,-0.0016735382378101349,0.00010000169277191162
1742955470.149646,6763,1742955470,149582716,ft_sensor0_wrench,0.25417518615722656,-0.055263519287109375,0.023326396942138672,-0.000420302152633667,-0.0011132434010505676,-0.00033420324325561523
1742955470.1563194,6764,1742955470,156248502,ft_sensor0_wrench,0.3245244026184082,-0.05623817443847656,0.022908687591552734,-0.0004433095455169678,-0.002153102308511734,-9.91523265838623e-05
1742955470.163062,6765,1742955470,162923843,ft_sensor0_wrench,0.3245244026184082,-0.05623817443847656,0.022908687591552734,-0.0004433095455169678,-0.002153102308511734,-9.91523265838623e-05
1742955470.1696463,6766,1742955470,169581339,ft_sensor0_wrench,0.2963557243347168,-0.06972694396972656,0.025226116180419922,-0.0012952983379364014,-0.0021195299923419952,-8.469820022583008e-05
1742955470.1764061,6767,1742955470,176248549,ft_sensor0_wrench,0.23745965957641602,-0.022912979125976562,0.02366018295288086,8.392333984375e-05,-0.0008824579417705536,0.0001201927661895752
1742955470.1831012,6768,1742955470,182936441,ft_sensor0_wrench,0.2550797462463379,-0.08980560302734375,0.021653175354003906,-0.0009697377681732178,-0.000359315425157547,0.0003064572811126709
1742955470.1896632,6769,1742955470,189582299,ft_sensor0_wrench,0.341982364654541,-0.08804893493652344,0.02282094955444336,-0.0009389817714691162,-0.0023974664509296417,0.0001087486743927002
1742955470.1963897,6770,1742955470,196259804,ft_sensor0_wrench,0.24424362182617188,-0.03774833679199219,0.0002760887145996094,8.33272933959961e-05,-0.0013359710574150085,-0.00011324882507324219
1742955470.2030156,6771,1742955470,202935118,ft_sensor0_wrench,0.2957267761230469,-0.1331310272216797,0.025135517120361328,-0.0022794008255004883,-0.002081550657749176,-0.00011757016181945801
1742955470.2096562,6772,1742955470,209582579,ft_sensor0_wrench,0.34626150131225586,-0.07129096984863281,-0.023456096649169922,-0.000877678394317627,-0.0028237439692020416,-9.167194366455078e-05
1742955470.2163413,6773,1742955470,216248751,ft_sensor0_wrench,0.25872802734375,-0.13645172119140625,-0.024713993072509766,-0.0018925070762634277,-0.0007476061582565308,7.316470146179199e-05
1742955470.2231028,6774,1742955470,222936484,ft_sensor0_wrench,0.23369598388671875,-0.11812973022460938,0.0005860328674316406,-0.001822352409362793,-0.0007792562246322632,8.746981620788574e-05
1742955470.2297642,6775,1742955470,229597523,ft_sensor0_wrench,0.21623706817626953,-0.0863189697265625,0.0006742477416992188,-0.0013266801834106445,-0.0005348846316337585,-0.00012043118476867676
1742955470.2363534,6776,1742955470,236251266,ft_sensor0_wrench,0.20113658905029297,-0.08551025390625,0.04902458190917969,-0.0017601251602172852,-0.00034381449222564697,-0.00032708048820495605
1742955470.2430959,6777,1742955470,242918438,ft_sensor0_wrench,0.28203344345092773,-0.006103515625,0.04829740524291992,0.00012251734733581543,-0.0019403882324695587,-0.00029274821281433105
1742955470.2497005,6778,1742955470,249584587,ft_sensor0_wrench,0.26912736892700195,-0.05548286437988281,0.0003452301025390625,-0.0008540451526641846,-0.0013303719460964203,-9.328126907348633e-05
1742955470.2563283,6779,1742955470,256249976,ft_sensor0_wrench,0.2418990135192871,-0.04123687744140625,-0.024535655975341797,-0.0004127621650695801,-0.0005412213504314423,-0.00010186433792114258
1742955470.263028,6780,1742955470,262918053,ft_sensor0_wrench,0.3251533508300781,0.0071659088134765625,0.022998809814453125,0.0005407929420471191,-0.0021910816431045532,-6.628036499023438e-05
1742955470.2696621,6781,1742955470,269583232,ft_sensor0_wrench,0.26991844177246094,-0.027158737182617188,-0.001483917236328125,-0.0004279613494873047,-0.0006008446216583252,-8.20457935333252e-05
1742955470.276321,6782,1742955470,276249090,ft_sensor0_wrench,0.3220186233520508,-0.024644851684570312,1.5735626220703125e-05,-0.0003814101219177246,-0.002125859260559082,-6.61313533782959e-05
1742955470.2830992,6783,1742955470,282934919,ft_sensor0_wrench,0.3295927047729492,-0.011156082153320312,-0.025196552276611328,4.410743713378906e-05,-0.001849845051765442,-0.00028833746910095215
1742955470.2896612,6784,1742955470,289584451,ft_sensor0_wrench,0.3289637565612793,-0.07456016540527344,-0.02528667449951172,-0.0009399950504302979,-0.0018118582665920258,-0.0003212094306945801
1742955470.2963517,6785,1742955470,296250646,ft_sensor0_wrench,0.26186370849609375,-0.10463905334472656,-0.0017309188842773438,-0.0009703338146209717,-0.000812828540802002,7.301568984985352e-05
1742955470.303042,6786,1742955470,302935561,ft_sensor0_wrench,0.2716341018676758,-0.08707427978515625,0.023238182067871094,-0.0009159743785858154,-0.0013576149940490723,-0.00012630224227905273
1742955470.3096473,6787,1742955470,309582120,ft_sensor0_wrench,0.28737735748291016,-0.05896949768066406,-0.0015721321105957031,-0.0009236335754394531,-0.0008452162146568298,0.0001258552074432373
1742955470.3163288,6788,1742955470,316248881,ft_sensor0_wrench,0.28737735748291016,-0.05896949768066406,-0.0015721321105957031,-0.0009236335754394531,-0.0008452162146568298,0.0001258552074432373
1742955470.323136,6789,1742955470,322951675,ft_sensor0_wrench,0.3115048408508301,-0.04274940490722656,-0.02519845962524414,-0.0004443526268005371,-0.001567494124174118,-0.0005291104316711426
1742955470.3296826,6790,1742955470,329586232,ft_sensor0_wrench,0.3413534164428711,-0.15145301818847656,0.022730350494384766,-0.0019230544567108154,-0.0023594871163368225,7.587671279907227e-05
1742955470.3363948,6791,1742955470,336256864,ft_sensor0_wrench,0.3139638900756836,-0.1021270751953125,-0.00023174285888671875,-0.0009237825870513916,-0.002337843179702759,8.893013000488281e-05
1742955470.3430278,6792,1742955470,342933978,ft_sensor0_wrench,0.28658628463745117,-0.08729362487792969,0.0002570152282714844,-0.001349717378616333,-0.001574743539094925,0.00011461973190307617
1742955470.349638,6793,1742955470,349580742,ft_sensor0_wrench,0.2933821678161621,-0.13661956787109375,0.0003237724304199219,-0.002775520086288452,-0.0012867935001850128,-0.0001061856746673584
1742955470.356357,6794,1742955470,356250707,ft_sensor0_wrench,0.29651784896850586,-0.10480880737304688,0.023306846618652344,-0.001853346824645996,-0.001352015882730484,-0.00010633468627929688
1742955470.363036,6795,1742955470,362915413,ft_sensor0_wrench,0.3040928840637207,-0.09132003784179688,-0.0019054412841796875,-0.0014278590679168701,-0.0010760016739368439,-0.0003285408020019531
1742955470.3697226,6796,1742955470,369580449,ft_sensor0_wrench,0.3314695358276367,-0.10615348815917969,-0.0023937225341796875,-0.0010019242763519287,-0.0018391013145446777,-0.0003542304039001465
1742955470.3763118,6797,1742955470,376247019,ft_sensor0_wrench,0.2998018264770508,-0.07358360290527344,0.020920753479003906,-6.395578384399414e-05,-0.001391187310218811,-0.0001407712697982788
1742955470.3830135,6798,1742955470,382915909,ft_sensor0_wrench,0.2543373107910156,-0.09034347534179688,0.021407127380371094,-0.0009782910346984863,-0.0003457367420196533,-0.0003558546304702759
1742955470.38967,6799,1742955470,389585083,ft_sensor0_wrench,0.3040928840637207,-0.09132003784179688,-0.0019054412841796875,-0.0014278590679168701,-0.0010760016739368439,-0.0003285408020019531
1742955470.3963265,6800,1742955470,396250728,ft_sensor0_wrench,0.2774925231933594,-0.013669967651367188,-0.026696205139160156,-2.4437904357910156e-06,-0.00032483041286468506,-0.00030425190925598145
1742955470.4030085,6801,1742955470,402932641,ft_sensor0_wrench,0.2526206970214844,-0.030427932739257812,-0.003314495086669922,-0.0004903078079223633,0.00041103363037109375,-0.0003115832805633545
1742955470.4096594,6802,1742955470,409580732,ft_sensor0_wrench,0.269289493560791,-0.09056282043457031,-0.0015740394592285156,-0.0014120638370513916,-0.000562865287065506,-0.00011491775512695312
1742955470.416378,6803,1742955470,416250592,ft_sensor0_wrench,0.3065986633300781,-0.12291145324707031,0.020987510681152344,-0.0014897584915161133,-0.001103237271308899,-0.00036156177520751953
1742955470.4230373,6804,1742955470,422931599,ft_sensor0_wrench,0.32468652725219727,-0.09131813049316406,0.02098989486694336,-0.0010013282299041748,-0.0013855881989002228,-0.0001207888126373291
1742955470.4296613,6805,1742955470,429584173,ft_sensor0_wrench,0.2760734558105469,-0.10539627075195312,-0.024957656860351562,-0.0014126598834991455,-0.001016370952129364,-0.0003483593463897705
1742955470.436395,6806,1742955470,436247513,ft_sensor0_wrench,0.2716341018676758,-0.08707427978515625,0.023238182067871094,-0.0009159743785858154,-0.0013576149940490723,-0.00012630224227905273
1742955470.44302,6807,1742955470,442918657,ft_sensor0_wrench,0.2897348403930664,-0.08997154235839844,0.04669046401977539,-0.0018527507781982422,-0.000898510217666626,0.0001271069049835205
1742955470.4497006,6808,1742955470,449589632,ft_sensor0_wrench,0.3116321563720703,-0.1401081085205078,-0.0015926361083984375,-0.0028450489044189453,-0.0008016377687454224,0.00011295080184936523
1742955470.4563644,6809,1742955470,456250443,ft_sensor0_wrench,0.27544307708740234,-0.16880226135253906,-0.025047779083251953,-0.0023967325687408447,-0.0009783916175365448,-0.00038123130798339844
1742955470.4630144,6810,1742955470,462935777,ft_sensor0_wrench,0.29666614532470703,-0.10539627075195312,-0.0020623207092285156,-0.0009861290454864502,-0.0013259649276733398,-0.00014060735702514648
1742955470.469651,6811,1742955470,469581595,ft_sensor0_wrench,0.2694368362426758,-0.09115219116210938,-0.026943206787109375,-0.0005448460578918457,-0.0005368068814277649,-0.00014919042587280273
1742955470.4763174,6812,1742955470,476249063,ft_sensor0_wrench,0.34511804580688477,-0.05623626708984375,0.04580402374267578,-1.6808509826660156e-05,-0.002462688833475113,0.00010859966278076172
1742955470.483013,6813,1742955470,482918765,ft_sensor0_wrench,0.3103156089782715,-0.05548095703125,0.046135902404785156,-1.0132789611816406e-06,-0.001949552446603775,0.0003222227096557617
1742955470.4896636,6814,1742955470,489582667,ft_sensor0_wrench,0.29067420959472656,-0.06223869323730469,0.019492626190185547,-0.0005594491958618164,-0.0001429244875907898,0.00010406970977783203
1742955470.496394,6815,1742955470,496252034,ft_sensor0_wrench,0.2200016975402832,0.008899688720703125,0.023747920989990234,0.0005795657634735107,-0.0006380937993526459,-8.77082347869873e-05
1742955470.5030727,6816,1742955470,502941591,ft_sensor0_wrench,0.25491857528686523,-0.05472373962402344,0.02357196807861328,-0.00041174888610839844,-0.0011268295347690582,0.0003280937671661377
1742955470.509647,6817,1742955470,509580270,ft_sensor0_wrench,0.2557096481323242,-0.026399612426757812,0.021742820739746094,1.436471939086914e-05,-0.00039730221033096313,0.000339314341545105
1742955470.5163558,6818,1742955470,516252580,ft_sensor0_wrench,0.32075977325439453,-0.15145492553710938,-0.00016498565673828125,-0.0023495852947235107,-0.0020498931407928467,-0.0001318603754043579
1742955470.5230238,6819,1742955470,522929507,ft_sensor0_wrench,0.3040800094604492,-0.05682563781738281,-0.025356292724609375,-2.6226043701171875e-06,-0.001817457377910614,-0.0003411918878555298
1742955470.5296583,6820,1742955470,529583227,ft_sensor0_wrench,0.3009452819824219,-0.0886383056640625,-0.0483393669128418,-0.0009248256683349609,-0.0017522349953651428,-0.00034102797508239746
1742955470.5363889,6821,1742955470,536250791,ft_sensor0_wrench,0.25856781005859375,-0.10136985778808594,-0.022795677185058594,-0.0013345181941986084,-0.001515120267868042,9.480118751525879e-05
1742955470.543026,6822,1742955470,542930850,ft_sensor0_wrench,0.2185811996459961,-0.08283042907714844,0.025486469268798828,-0.0008305609226226807,-0.0013296417891979218,-0.00013181567192077637
1742955470.5496964,6823,1742955470,549602839,ft_sensor0_wrench,0.2617025375366211,-0.06955909729003906,0.00018787384033203125,-0.00041234493255615234,-0.0015803426504135132,9.465217590332031e-05
1742955470.5563421,6824,1742955470,556247537,ft_sensor0_wrench,0.23432493209838867,-0.05472564697265625,0.0006766319274902344,-0.0008382499217987061,-0.0008172355592250824,0.00012034177780151367
1742955470.562979,6825,1742955470,562914283,ft_sensor0_wrench,0.2137312889099121,-0.05472564697265625,-0.02221822738647461,-0.0012647807598114014,-0.0005076490342617035,-8.741021156311035e-05
1742955470.5696702,6826,1742955470,569580780,ft_sensor0_wrench,0.2697572708129883,0.007923126220703125,0.0004353523254394531,0.00013005733489990234,-0.0013683587312698364,-6.04093074798584e-05
1742955470.576321,6827,1742955470,576248986,ft_sensor0_wrench,0.27054834365844727,0.03624725341796875,-0.0013933181762695312,0.0005561411380767822,-0.0006388314068317413,-4.9173831939697266e-05
1742955470.5830166,6828,1742955470,582916940,ft_sensor0_wrench,0.314605712890625,-0.07321357727050781,0.023308753967285156,-0.00136488676071167,-0.0016343668103218079,0.00013443827629089355
1742955470.589644,6829,1742955470,589582479,ft_sensor0_wrench,0.315396785736084,-0.04488945007324219,0.021480560302734375,-0.00093880295753479,-0.0009048394858837128,0.0001456737518310547
1742955470.5963037,6830,1742955470,596248171,ft_sensor0_wrench,0.2842416763305664,-0.09078025817871094,-0.024555206298828125,-0.0018457770347595215,-0.0007799938321113586,0.00012600421905517578
1742955470.6029975,6831,1742955470,602917005,ft_sensor0_wrench,0.2601490020751953,-0.0447235107421875,-0.026453018188476562,-0.00048232078552246094,-5.605816841125488e-05,0.00011727213859558105
1742955470.6096606,6832,1742955470,609582172,ft_sensor0_wrench,0.3320636749267578,-0.1050262451171875,0.02322101593017578,-0.0018605589866638184,-0.0018787384033203125,0.0003423541784286499
1742955470.616341,6833,1742955470,616249276,ft_sensor0_wrench,0.3394775390625,-0.05645561218261719,-7.2479248046875e-05,-0.000877082347869873,-0.0023702308535575867,0.0001417696475982666
1742955470.623108,6834,1742955470,622944750,ft_sensor0_wrench,0.29729604721069336,-0.0419921875,-0.001972198486328125,-2.0265579223632812e-06,-0.001363944262266159,-0.0001077502965927124
1742955470.6297388,6835,1742955470,629591740,ft_sensor0_wrench,0.3047218322753906,-0.027914047241210938,-0.0018153190612792969,-0.0004437565803527832,-0.001113981008529663,-0.0002956688404083252
1742955470.6363642,6836,1742955470,636255978,ft_sensor0_wrench,0.3054652214050293,-0.027374267578125,-0.0015697479248046875,-0.00043517351150512695,-0.0011275671422481537,0.00036662817001342773
1742955470.6430862,6837,1742955470,642930981,ft_sensor0_wrench,0.3394775390625,-0.05645561218261719,-7.2479248046875e-05,-0.000877082347869873,-0.0023702308535575867,0.0001417696475982666
1742955470.6496634,6838,1742955470,649582617,ft_sensor0_wrench,0.2971467971801758,-0.04140281677246094,0.023396968841552734,-0.0008692145347595215,-0.0013900026679039001,-7.346272468566895e-05
1742955470.6563828,6839,1742955470,656249039,ft_sensor0_wrench,0.307065486907959,-0.024427413940429688,0.022996902465820312,5.233287811279297e-05,-0.0019087307155132294,-0.0003070533275604248
1742955470.663016,6840,1742955470,662930003,ft_sensor0_wrench,0.30643653869628906,-0.08783149719238281,0.02290630340576172,-0.0009317398071289062,-0.0018707513809204102,-0.00033992528915405273
1742955470.6696508,6841,1742955470,669582114,ft_sensor0_wrench,0.31888294219970703,-0.05645561218261719,-0.02296733856201172,-0.001303553581237793,-0.002060636878013611,-6.598234176635742e-05
1742955470.6763592,6842,1742955470,676253458,ft_sensor0_wrench,0.34375476837158203,-0.03969764709472656,-0.04634904861450195,-0.0008157491683959961,-0.0027965009212493896,-5.8650970458984375e-05
1742955470.6831288,6843,1742955470,682941171,ft_sensor0_wrench,0.31888294219970703,-0.05645561218261719,-0.02296733856201172,-0.001303553581237793,-0.002060636878013611,-6.598234176635742e-05
1742955470.6896722,6844,1742955470,689581701,ft_sensor0_wrench,0.31589746475219727,-0.08885765075683594,-0.0713200569152832,-0.0013585686683654785,-0.0019693635404109955,-0.00010010600090026855
1742955470.6963665,6845,1742955470,696247939,ft_sensor0_wrench,0.3127617835998535,-0.12066841125488281,-0.09430360794067383,-0.0022807419300079346,-0.0019041262567043304,-9.995698928833008e-05
1742955470.70307,6846,1742955470,702932078,ft_sensor0_wrench,0.31888294219970703,-0.05645561218261719,-0.02296733856201172,-0.001303553581237793,-0.002060636878013611,-6.598234176635742e-05
1742955470.709655,6847,1742955470,709582583,ft_sensor0_wrench,0.24943828582763672,-0.09002304077148438,-0.02422332763671875,-0.0018300414085388184,-0.00026685744524002075,0.0003396272659301758
1742955470.7163084,6848,1742955470,716247020,ft_sensor0_wrench,0.2562222480773926,-0.1048583984375,-0.0476069450378418,-0.0018306076526641846,-0.0007203631103038788,0.0001061856746673584
1742955470.7230096,6849,1742955470,722934181,ft_sensor0_wrench,0.29337024688720703,-0.1021270751953125,-0.023127079010009766,-0.001350313425064087,-0.00202825665473938,-0.00011882185935974121
1742955470.729697,6850,1742955470,729581199,ft_sensor0_wrench,0.2661418914794922,-0.08788108825683594,-0.048007965087890625,-0.0009090304374694824,-0.001239098608493805,-0.00012740492820739746
1742955470.7363298,6851,1742955470,736250800,ft_sensor0_wrench,0.319033145904541,-0.05704498291015625,-0.04833698272705078,-0.00043639540672302246,-0.0020345859229564667,-0.00010025501251220703
1742955470.7430575,6852,1742955470,742935633,ft_sensor0_wrench,0.2518305778503418,-0.05875205993652344,-0.0014858245849609375,-0.0009163916110992432,-0.00031849369406700134,-0.0003228187561035156
1742955470.7496922,6853,1742955470,749582676,ft_sensor0_wrench,0.2518305778503418,-0.05875205993652344,-0.0014858245849609375,-0.0009163916110992432,-0.00031849369406700134,-0.0003228187561035156
1742955470.7563884,6854,1742955470,756248498,ft_sensor0_wrench,0.2601490020751953,-0.0447235107421875,-0.026453018188476562,-0.00048232078552246094,-5.605816841125488e-05,0.00011727213859558105
1742955470.7630339,6855,1742955470,762932471,ft_sensor0_wrench,0.31224918365478516,-0.042209625244140625,-0.024953365325927734,-0.00043576955795288086,-0.0015810728073120117,0.00013318657875061035
1742955470.7696502,6856,1742955470,769583047,ft_sensor0_wrench,0.294161319732666,-0.07380294799804688,-0.024955272674560547,-0.000924229621887207,-0.0012987218797206879,-0.00010758638381958008
1742955470.7763546,6857,1742955470,776249394,ft_sensor0_wrench,0.2760734558105469,-0.10539627075195312,-0.024957656860351562,-0.0014126598834991455,-0.001016370952129364,-0.0003483593463897705
1742955470.7830935,6858,1742955470,782938032,ft_sensor0_wrench,0.3238945007324219,-0.11964225769042969,0.022818565368652344,-0.0014274120330810547,-0.002115115523338318,-0.00013202428817749023
1742955470.7896435,6859,1742955470,789583661,ft_sensor0_wrench,0.34626150131225586,-0.07129096984863281,-0.023456096649169922,-0.000877678394317627,-0.0028237439692020416,-9.167194366455078e-05
1742955470.7963114,6860,1742955470,796248722,ft_sensor0_wrench,0.31087589263916016,-0.10615348815917969,-0.025289058685302734,-0.0014284253120422363,-0.001529507339000702,-0.0005619823932647705
1742955470.8030891,6861,1742955470,802933286,ft_sensor0_wrench,0.3281736373901367,-0.10288429260253906,-0.023458480834960938,-0.0013661086559295654,-0.0025413930416107178,-0.0003324449062347412
1742955470.8097074,6862,1742955470,809583384,ft_sensor0_wrench,0.2624936103820801,-0.04123497009277344,-0.00164031982421875,1.3738870620727539e-05,-0.0008508078753948212,0.0001058727502822876
1742955470.8163657,6863,1742955470,816248852,ft_sensor0_wrench,0.30860090255737305,0.0044384002685546875,0.021413803100585938,0.0004870295524597168,-0.0011927895247936249,0.0003664642572402954
1742955470.8230329,6864,1742955470,822935556,ft_sensor0_wrench,0.2798500061035156,-0.04467201232910156,0.021566390991210938,-0.0009315609931945801,-0.0003781244158744812,-0.00030300021171569824
1742955470.8296437,6865,1742955470,829581544,ft_sensor0_wrench,0.26991844177246094,-0.027158737182617188,-0.001483917236328125,-0.0004279613494873047,-0.0006008446216583252,-8.20457935333252e-05
1742955470.8364348,6866,1742955470,836261536,ft_sensor0_wrench,0.2759232521057129,-0.10480880737304688,0.0004119873046875,-0.0022798478603363037,-0.001042429357767105,-0.0003140866756439209
1742955470.8430357,6867,1742955470,842916603,ft_sensor0_wrench,0.3047218322753906,-0.027914047241210938,-0.0018153190612792969,-0.0004437565803527832,-0.001113981008529663,-0.0002956688404083252
1742955470.8496594,6868,1742955470,849583644,ft_sensor0_wrench,0.3401064872741699,0.0069484710693359375,1.811981201171875e-05,0.00010704994201660156,-0.002408210188150406,0.00017464160919189453
1742955470.856339,6869,1742955470,856269448,ft_sensor0_wrench,0.34768056869506836,0.020437240600585938,-0.025194168090820312,0.0005325376987457275,-0.0021321959793567657,-4.756450653076172e-05
1742955470.8630738,6870,1742955470,862934743,ft_sensor0_wrench,0.36530160903930664,-0.04645538330078125,-0.027201175689697266,-0.0005211234092712402,-0.0016090460121631622,0.00013870000839233398
1742955470.8697088,6871,1742955470,869585943,ft_sensor0_wrench,0.35698413848876953,-0.060482025146484375,-0.002234935760498047,-0.0009552240371704102,-0.0018714889883995056,-0.0003013908863067627
1742955470.8763797,6872,1742955470,876290822,ft_sensor0_wrench,0.2880063056945801,0.004436492919921875,-0.0014815330505371094,6.0498714447021484e-05,-0.000883195549249649,0.00015872716903686523
1742955470.8830762,6873,1742955470,882956344,ft_sensor0_wrench,0.28737735748291016,-0.05896949768066406,-0.0015721321105957031,-0.0009236335754394531,-0.0008452162146568298,0.0001258552074432373
1742955470.889679,6874,1742955470,889583513,ft_sensor0_wrench,0.35020017623901367,-0.04564666748046875,0.021149158477783203,-0.0009545981884002686,-0.0014179758727550507,-6.794929504394531e-05
1742955470.8964353,6875,1742955470,896293622,ft_sensor0_wrench,0.35761308670043945,0.00292205810546875,-0.002144336700439453,2.8908252716064453e-05,-0.0019094683229923248,-0.00026851892471313477
1742955470.9030623,6876,1742955470,902935846,ft_sensor0_wrench,0.2880063056945801,0.004436492919921875,-0.0014815330505371094,6.0498714447021484e-05,-0.000883195549249649,0.00015872716903686523
1742955470.9096487,6877,1742955470,909582759,ft_sensor0_wrench,0.2601490020751953,-0.0447235107421875,-0.026453018188476562,-0.00048232078552246094,-5.605816841125488e-05,0.00011727213859558105
1742955470.916376,6878,1742955470,916272142,ft_sensor0_wrench,0.27416181564331055,-0.0726776123046875,-0.022235393524169922,-0.0022093653678894043,-0.0010287575423717499,0.0003812462091445923
1742955470.9230993,6879,1742955470,922932773,ft_sensor0_wrench,0.38558483123779297,-0.010784149169921875,0.022981643676757812,-0.0004038214683532715,-0.0027122050523757935,0.0004023611545562744
1742955470.9296858,6880,1742955470,929588286,ft_sensor0_wrench,0.31586456298828125,0.05359458923339844,0.02348947525024414,0.0006032884120941162,-0.0017103329300880432,0.00020018219947814941
1742955470.9364476,6881,1742955470,936272549,ft_sensor0_wrench,0.315396785736084,-0.04488945007324219,0.021480560302734375,-0.00093880295753479,-0.0009048394858837128,0.0001456737518310547
1742955470.9430785,6882,1742955470,942937104,ft_sensor0_wrench,0.30782270431518555,-0.05837821960449219,0.046692848205566406,-0.001364290714263916,-0.0011808611452579498,0.00036787986755371094
1742955470.9496584,6883,1742955470,949583558,ft_sensor0_wrench,0.315396785736084,-0.04488945007324219,0.021480560302734375,-0.00093880295753479,-0.0009048394858837128,0.0001456737518310547
1742955470.956319,6884,1742955470,956249680,ft_sensor0_wrench,0.30845165252685547,0.0050258636474609375,0.0467829704284668,-0.0003801882266998291,-0.001218840479850769,0.00040075182914733887
1742955470.9630594,6885,1742955470,962935602,ft_sensor0_wrench,0.3401193618774414,-0.027544021606445312,0.023468494415283203,-0.0013181567192077637,-0.0016667544841766357,0.00018727779388427734
1742955470.96966,6886,1742955470,969582748,ft_sensor0_wrench,0.34690237045288086,-0.04237937927246094,8.487701416015625e-05,-0.0013187527656555176,-0.0021202675998210907,-4.616379737854004e-05
1742955470.9763236,6887,1742955470,976248051,ft_sensor0_wrench,0.33269357681274414,-0.04162025451660156,0.023311138153076172,-0.0008764564990997314,-0.0019167177379131317,0.000375211238861084
1742955470.983066,6888,1742955470,982921960,ft_sensor0_wrench,0.2971467971801758,-0.04140281677246094,0.023396968841552734,-0.0008692145347595215,-0.0013900026679039001,-7.346272468566895e-05
1742955470.989654,6889,1742955470,989580746,ft_sensor0_wrench,0.27054834365844727,0.03624725341796875,-0.0013933181762695312,0.0005561411380767822,-0.0006388314068317413,-4.9173831939697266e-05
1742955470.9963417,6890,1742955470,996251989,ft_sensor0_wrench,0.29793787002563477,-0.013078689575195312,0.021568775177001953,-0.0004431307315826416,-0.000660475343465805,-6.222724914550781e-05
1742955471.0031192,6891,1742955471,2944196,ft_sensor0_wrench,0.2969856262207031,-0.0063228607177734375,0.02531576156616211,-0.00031119585037231445,-0.0021575167775154114,-5.182623863220215e-05
1742955471.0096672,6892,1742955471,9582392,ft_sensor0_wrench,0.340268611907959,-0.028131484985351562,-0.0019011497497558594,-0.00045096874237060547,-0.0016407035291194916,0.00015300512313842773
1742955471.0163107,6893,1742955471,16248359,ft_sensor0_wrench,0.30530309677124023,0.0077056884765625,0.0003495216369628906,0.00012284517288208008,-0.001895073801279068,0.00038826465606689453
1742955471.023005,6894,1742955471,22929527,ft_sensor0_wrench,0.3376007080078125,0.03854179382324219,-0.022875308990478516,0.00016894936561584473,-0.002380974590778351,0.00020766258239746094
1742955471.0296855,6895,1742955471,29588628,ft_sensor0_wrench,0.319674015045166,-0.028133392333984375,-0.024796009063720703,-0.0008774697780609131,-0.0013311095535755157,-5.474686622619629e-05
1742955471.0363774,6896,1742955471,36248050,ft_sensor0_wrench,0.3325800895690918,0.021244049072265625,0.023156166076660156,9.906291961669922e-05,-0.0019411183893680573,-0.000254213809967041
1742955471.0430613,6897,1742955471,42914593,ft_sensor0_wrench,0.33776187896728516,0.003459930419921875,-0.02479410171508789,-0.0003890395164489746,-0.0016134604811668396,0.00018602609634399414
1742955471.0497375,6898,1742955471,49585334,ft_sensor0_wrench,0.29464101791381836,-0.009809494018554688,0.0005044937133789062,-0.0008073151111602783,-0.0013627596199512482,-4.044175148010254e-05
1742955471.0563858,6899,1742955471,56249049,ft_sensor0_wrench,0.33332252502441406,0.021783828735351562,0.023401260375976562,0.00010764598846435547,-0.001954704523086548,0.0004080832004547119
1742955471.0631964,6900,1742955471,62933355,ft_sensor0_wrench,0.3397560119628906,0.050327301025390625,0.06744909286499023,0.0013940036296844482,-0.001317635178565979,0.0003861337900161743
1742955471.069755,6901,1742955471,69584717,ft_sensor0_wrench,0.31586456298828125,0.05359458923339844,0.02348947525024414,0.0006032884120941162,-0.0017103329300880432,0.00020018219947814941
1742955471.0763736,6902,1742955471,76251114,ft_sensor0_wrench,0.3774285316467285,-0.05989265441894531,0.04603004455566406,-0.001395881175994873,-0.0022071339190006256,-5.936622619628906e-05
1742955471.0830834,6903,1742955471,82934543,ft_sensor0_wrench,0.39472532272338867,-0.05662345886230469,0.04786062240600586,-0.0013335049152374268,-0.0032190121710300446,0.00017017126083374023
1742955471.0897229,6904,1742955471,89583096,ft_sensor0_wrench,0.36749696731567383,-0.042377471923828125,0.022979736328125,-0.00089225172996521,-0.0024298541247844696,0.00016158819198608398
1742955471.0963826,6905,1742955471,96249515,ft_sensor0_wrench,0.43360280990600586,0.002166748046875,0.043314456939697266,0.0008661746978759766,-0.0030417852103710175,-6.665289402008057e-05
1742955471.103123,6906,1742955471,102929275,ft_sensor0_wrench,0.3775777816772461,-0.060482025146484375,0.020660400390625,-0.0005286335945129395,-0.0021810755133628845,-9.363889694213867e-05
1742955471.1097486,6907,1742955471,109579480,ft_sensor0_wrench,0.34340429306030273,0.003681182861328125,0.021082401275634766,0.0004712343215942383,-0.0017059259116649628,0.0001528412103652954
1742955471.1163938,6908,1742955471,116248575,ft_sensor0_wrench,0.3964548110961914,-0.0005645751953125,0.01883411407470703,0.0003858804702758789,-0.0017338991165161133,0.0001583695411682129
1742955471.1230762,6909,1742955471,122947739,ft_sensor0_wrench,0.315396785736084,-0.04488945007324219,0.021480560302734375,-0.00093880295753479,-0.0009048394858837128,0.0001456737518310547
1742955471.1296687,6910,1742955471,129584083,ft_sensor0_wrench,0.2722759246826172,-0.05816078186035156,0.04677867889404297,-0.0013570785522460938,-0.0006541386246681213,-8.079409599304199e-05
1742955471.136344,6911,1742955471,136250256,ft_sensor0_wrench,0.3577752113342285,-0.03215789794921875,-0.004063129425048828,-0.0005291104316711426,-0.0011419542133808136,-0.0002901703119277954
1742955471.143029,6912,1742955471,142937196,ft_sensor0_wrench,0.36530160903930664,-0.04645538330078125,-0.027201175689697266,-0.0005211234092712402,-0.0016090460121631622,0.00013870000839233398
1742955471.1497283,6913,1742955471,149581880,ft_sensor0_wrench,0.36749696731567383,-0.042377471923828125,0.022979736328125,-0.00089225172996521,-0.0024298541247844696,0.00016158819198608398
1742955471.1563694,6914,1742955471,156250949,ft_sensor0_wrench,0.3358769416809082,0.017976760864257812,0.044220924377441406,0.00046327710151672363,-0.0012388341128826141,-0.00027601420879364014
1742955471.1631033,6915,1742955471,162933735,ft_sensor0_wrench,0.37507200241088867,-0.028888702392578125,-0.0022325515747070312,-0.000466763973236084,-0.0021538399159908295,-6.0617923736572266e-05
1742955471.1697183,6916,1742955471,169581932,ft_sensor0_wrench,0.33599042892456055,-0.04488945007324219,0.04437589645385742,-0.0005122721195220947,-0.0012144334614276886,0.0003534257411956787
1742955471.1763458,6917,1742955471,176248103,ft_sensor0_wrench,0.3010735511779785,0.018733978271484375,0.04455232620239258,0.00047904253005981445,-0.0007256977260112762,-6.239116191864014e-05
1742955471.182976,6918,1742955471,182913012,ft_sensor0_wrench,0.33351945877075195,0.04897880554199219,-0.0040416717529296875,0.0013923943042755127,-0.001185540109872818,-0.00027726590633392334
1742955471.189655,6919,1742955471,189581720,ft_sensor0_wrench,0.3826470375061035,-0.015399932861328125,-0.027444839477539062,-4.127621650695801e-05,-0.0018778182566165924,-0.00028283894062042236
1742955471.1963162,6920,1742955471,196246768,ft_sensor0_wrench,0.33713293075561523,-0.05994415283203125,-0.02488422393798828,-0.0013731420040130615,-0.0015754811465740204,0.0001531541347503662
1742955471.2030518,6921,1742955471,202926208,ft_sensor0_wrench,0.34768056869506836,0.020437240600585938,-0.025194168090820312,0.0005325376987457275,-0.0021321959793567657,-4.756450653076172e-05
1742955471.2096448,6922,1742955471,209582764,ft_sensor0_wrench,0.3441953659057617,0.03200340270996094,0.01925373077392578,0.0008973181247711182,-0.0009763911366462708,0.00016407668590545654
1742955471.2163172,6923,1742955471,216248294,ft_sensor0_wrench,0.32297182083129883,-0.03140068054199219,-0.0037317276000976562,-0.0005133152008056641,-0.0006288178265094757,-7.653236389160156e-05
1742955471.2231143,6924,1742955471,222951050,ft_sensor0_wrench,0.3347764015197754,-0.028940200805664062,-0.07314634323120117,-0.00044402480125427246,-0.0015221871435642242,0.000151902437210083
1742955471.2296455,6925,1742955471,229583732,ft_sensor0_wrench,0.3347764015197754,-0.028940200805664062,-0.07314634323120117,-0.00044402480125427246,-0.0015221871435642242,0.000151902437210083
1742955471.2363496,6926,1742955471,236248193,ft_sensor0_wrench,0.35036134719848633,-0.08072853088378906,0.019230365753173828,-0.0015125870704650879,-0.0006504617631435394,-8.958578109741211e-05
1742955471.2430155,6927,1742955471,242914254,ft_sensor0_wrench,0.33054590225219727,-0.017911911010742188,-0.028944015502929688,-8.782744407653809e-05,-0.00035280361771583557,-0.00029875338077545166
1742955471.2496912,6928,1742955471,249584543,ft_sensor0_wrench,0.35211992263793945,0.00211334228515625,-0.07338953018188477,3.5881996154785156e-05,-0.0017909519374370575,-0.0002696216106414795
1742955471.2563596,6929,1742955471,256249098,ft_sensor0_wrench,0.3787193298339844,-0.07553672790527344,-0.0485992431640625,-0.0013895034790039062,-0.0025421231985092163,-0.00029391050338745117
1742955471.263026,6930,1742955471,262914144,ft_sensor0_wrench,0.294952392578125,-0.04548072814941406,-0.026784420013427734,-0.0004981160163879395,-0.0005691945552825928,-9.635090827941895e-05
1742955471.2696266,6931,1742955471,269579453,ft_sensor0_wrench,0.27765464782714844,-0.04874992370605469,-0.02861499786376953,-0.000560462474822998,0.00044268369674682617,-0.00032588839530944824
1742955471.2763224,6932,1742955471,276247787,ft_sensor0_wrench,0.28737735748291016,-0.05896949768066406,-0.0015721321105957031,-0.0009236335754394531,-0.0008452162146568298,0.0001258552074432373
1742955471.2830722,6933,1742955471,282929824,ft_sensor0_wrench,0.3925299644470215,-0.060699462890625,-0.0023202896118164062,-0.0009624063968658447,-0.002398204058408737,0.00014728307723999023
1742955471.2897213,6934,1742955471,289595073,ft_sensor0_wrench,0.3472137451171875,-0.0780487060546875,-0.02720355987548828,-0.0010095834732055664,-0.0013266950845718384,-0.00010207295417785645
1742955471.296361,6935,1742955471,296268382,ft_sensor0_wrench,0.35729265213012695,-0.09615325927734375,-0.02952289581298828,-0.0006459951400756836,-0.0010779164731502533,-0.0003573000431060791
1742955471.303051,6936,1742955471,302914710,ft_sensor0_wrench,0.3267674446105957,-0.07863807678222656,-0.07546806335449219,-0.0005688965320587158,-0.0009910501539707184,-0.0003440976142883301
1742955471.3096478,6937,1742955471,309580816,ft_sensor0_wrench,0.37965869903564453,-0.047801971435546875,-0.07579755783081055,-9.626150131225586e-05,-0.0017865374684333801,-0.00031694769859313965
1742955471.3163135,6938,1742955471,316255860,ft_sensor0_wrench,0.32297182083129883,-0.03140068054199219,-0.0037317276000976562,-0.0005133152008056641,-0.0006288178265094757,-7.653236389160156e-05
1742955471.3230343,6939,1742955471,322921052,ft_sensor0_wrench,0.3544774055480957,-0.028888702392578125,-0.025127410888671875,-0.0008932650089263916,-0.0018442459404468536,-0.0002683699131011963
1742955471.3296793,6940,1742955471,329586191,ft_sensor0_wrench,0.4068870544433594,-0.06204795837402344,-0.05091667175292969,-0.0005375146865844727,-0.002575695514678955,-0.0003083646297454834
1742955471.336337,6941,1742955471,336253833,ft_sensor0_wrench,0.40260887145996094,-0.07880592346191406,-0.004640102386474609,-0.0005988478660583496,-0.002149425446987152,-0.00010794401168823242
1742955471.343006,6942,1742955471,342913493,ft_sensor0_wrench,0.391934871673584,-0.06182861328125,-0.027935504913330078,-0.00010377168655395508,-0.0023585669696331024,-0.0005492866039276123
1742955471.3496666,6943,1742955471,349581256,ft_sensor0_wrench,0.367063045501709,-0.07858848571777344,-0.004553794860839844,-0.0005916059017181396,-0.0016227029263973236,-0.0005566179752349854
1742955471.3563652,6944,1742955471,356269013,ft_sensor0_wrench,0.39790773391723633,-0.051288604736328125,-0.0777139663696289,-0.00016582012176513672,-0.0013013817369937897,-9.782612323760986e-05
1742955471.3630347,6945,1742955471,362926843,ft_sensor0_wrench,0.3804020881652832,-0.04726219177246094,-0.07555150985717773,-8.764863014221191e-05,-0.0018001236021518707,0.0003453493118286133
1742955471.3696365,6946,1742955471,369579571,ft_sensor0_wrench,0.35556507110595703,-0.0017452239990234375,-0.07769536972045898,0.0012671947479248047,-0.0010626092553138733,-0.0003256946802139282
1742955471.3763566,6947,1742955471,376259304,ft_sensor0_wrench,0.38295555114746094,-0.05106925964355469,-0.0547332763671875,0.00026792287826538086,-0.001084253191947937,-0.00033874809741973877
1742955471.383035,6948,1742955471,382933256,ft_sensor0_wrench,0.35729265213012695,-0.09615325927734375,-0.02952289581298828,-0.0006459951400756836,-0.0010779164731502533,-0.0003573000431060791
1742955471.3897126,6949,1742955471,389582130,ft_sensor0_wrench,0.4755125045776367,-0.08358573913574219,0.015761375427246094,-0.0002662539482116699,-0.002473406493663788,-0.0005569905042648315
1742955471.396461,6950,1742955471,396273307,ft_sensor0_wrench,0.46558094024658203,-0.06607246398925781,-0.007288932800292969,0.00023740530014038086,-0.002696126699447632,-0.0003360360860824585
1742955471.403084,6951,1742955471,402916292,ft_sensor0_wrench,0.3778862953186035,-0.09615135192871094,-0.006627559661865234,-0.00021949410438537598,-0.0013875029981136322,-0.00014956295490264893
1742955471.4097035,6952,1742955471,409582020,ft_sensor0_wrench,0.350496768951416,-0.046825408935546875,-0.029589176177978516,0.0007798075675964355,-0.0013658665120601654,-0.00013650953769683838
1742955471.4163249,6953,1742955471,416247656,ft_sensor0_wrench,0.44823646545410156,-0.09712600708007812,-0.007045269012451172,-0.00024247169494628906,-0.0024273619055747986,8.5487961769104e-05
1742955471.423012,6954,1742955471,422914269,ft_sensor0_wrench,0.35744190216064453,-0.09674263000488281,-0.054892539978027344,0.00022116303443908691,-0.0010518580675125122,-0.00039158761501312256
1742955471.429739,6955,1742955471,429583293,ft_sensor0_wrench,0.3393535614013672,-0.12833595275878906,-0.054894447326660156,-0.00026726722717285156,-0.0007695071399211884,-0.000632360577583313
1742955471.436295,6956,1742955471,436246917,ft_sensor0_wrench,0.3753805160522461,-0.06455802917480469,-0.02952098846435547,-0.00015753507614135742,-0.0013602674007415771,-0.00011652708053588867
1742955471.4430053,6957,1742955471,442918251,ft_sensor0_wrench,0.482729434967041,-0.06221199035644531,0.019911766052246094,-0.0005674660205841064,-0.003734070807695389,-7.221102714538574e-05
1742955471.449681,6958,1742955471,449582339,ft_sensor0_wrench,0.35478782653808594,-0.0645599365234375,-0.052416324615478516,-0.0005840659141540527,-0.0010506808757781982,-0.0003242790699005127
1742955471.4563575,6959,1742955471,456249338,ft_sensor0_wrench,0.3373298645019531,-0.03274726867675781,-0.05232810974121094,-8.845329284667969e-05,-0.0008063092827796936,-0.000532194972038269
1742955471.4630547,6960,1742955471,462927488,ft_sensor0_wrench,0.34705162048339844,-0.04296684265136719,-0.025284767150878906,-0.0004515647888183594,-0.0020942091941833496,-8.043646812438965e-05
1742955471.4696665,6961,1742955471,469582295,ft_sensor0_wrench,0.2700667381286621,-0.027746200561523438,-0.026853084564208984,0.0004392564296722412,-0.000574793666601181,-0.00011633336544036865
1742955471.4764056,6962,1742955471,476285370,ft_sensor0_wrench,0.27541160583496094,-0.0806121826171875,-0.0767221450805664,-0.0006068944931030273,0.0005203783512115479,0.00030228495597839355
1742955471.4830122,6963,1742955471,482931969,ft_sensor0_wrench,0.3336338996887207,-0.013885498046875,-0.003886699676513672,0.00041684508323669434,-0.0011611320078372955,0.0003521740436553955
1742955471.4897823,6964,1742955471,489591697,ft_sensor0_wrench,0.32547760009765625,-0.06299400329589844,0.019161224365234375,-0.0005751848220825195,-0.0006560608744621277,-0.00010955333709716797
1742955471.4964108,6965,1742955471,496258049,ft_sensor0_wrench,0.31554603576660156,-0.04548072814941406,-0.0038890838623046875,-7.158517837524414e-05,-0.0008787810802459717,0.00011140108108520508
1742955471.503067,6966,1742955471,502937090,ft_sensor0_wrench,0.3933072090148926,0.0021152496337890625,-0.027599334716796875,0.0008889138698577881,-0.0024101324379444122,0.00014588236808776855
1742955471.509645,6967,1742955471,509582977,ft_sensor0_wrench,0.3858952522277832,-0.04645347595214844,-0.004305839538574219,-9.459257125854492e-05,-0.001918639987707138,0.000346451997756958
1742955471.5163865,6968,1742955471,516246522,ft_sensor0_wrench,0.36450958251953125,-0.07477760314941406,-0.025372982025146484,-0.0009472370147705078,-0.0023385807871818542,0.00012746453285217285
1742955471.5230634,6969,1742955471,522932607,ft_sensor0_wrench,0.3472137451171875,-0.0780487060546875,-0.02720355987548828,-0.0010095834732055664,-0.0013266950845718384,-0.00010207295417785645
1742955471.529687,6970,1742955471,529584213,ft_sensor0_wrench,0.3846702575683594,-0.11098670959472656,-0.030011653900146484,-0.00022009015083312988,-0.0018410161137580872,-0.0003830045461654663
1742955471.536395,6971,1742955471,536253157,ft_sensor0_wrench,0.3590068817138672,-0.15607070922851562,-0.0048007965087890625,-0.0011340081691741943,-0.0018346793949604034,-0.0004015713930130005
1742955471.5431223,6972,1742955471,542949892,ft_sensor0_wrench,0.34955739974975586,-0.07456016540527344,-0.002391338348388672,-0.0005134940147399902,-0.0021214522421360016,-0.00011345744132995605
1742955471.5497289,6973,1742955471,549593327,ft_sensor0_wrench,0.3359079360961914,-0.12447738647460938,-0.050589561462402344,-0.0014986097812652588,-0.0014978572726249695,-0.0005762875080108643
1742955471.5563247,6974,1742955471,556249076,ft_sensor0_wrench,0.40625905990600586,-0.12545204162597656,-0.05100679397583008,-0.0015216171741485596,-0.002537708729505539,-0.00034123659133911133
1742955471.5630033,6975,1742955471,562927581,ft_sensor0_wrench,0.27022886276245117,-0.06282806396484375,-0.02877187728881836,-0.00011876225471496582,0.0001927204430103302,-0.0001379549503326416
1742955471.5697339,6976,1742955471,569586363,ft_sensor0_wrench,0.32186126708984375,-0.1588001251220703,-0.0292816162109375,-0.001614302396774292,-0.0005267933011054993,-0.00017654895782470703
1742955471.5763757,6977,1742955471,576258549,ft_sensor0_wrench,0.27951812744140625,-0.10925483703613281,-0.029262065887451172,-0.0001812577247619629,-0.0002880282700061798,-0.00040443241596221924
1742955471.583071,6978,1742955471,582944665,ft_sensor0_wrench,0.2837953567504883,-0.092498779296875,-0.07553911209106445,-0.00011995434761047363,-0.0007142983376979828,-0.0006048381328582764
1742955471.5897007,6979,1742955471,589580782,ft_sensor0_wrench,0.32363176345825195,-0.11045074462890625,-0.09845113754272461,-0.0014910399913787842,-0.0009258277714252472,-0.0003439486026763916
1742955471.5963306,6980,1742955471,596247507,ft_sensor0_wrench,0.38216447830200195,-0.07939338684082031,-0.05290412902832031,-0.00015816092491149902,-0.001813780516386032,-0.00034996867179870605
1742955471.6030865,6981,1742955471,602941499,ft_sensor0_wrench,0.34091901779174805,-0.18766403198242188,-0.004803180694580078,-0.0016224384307861328,-0.0015523284673690796,-0.0006423443555831909
1742955471.609723,6982,1742955471,609585164,ft_sensor0_wrench,0.2993335723876953,-0.1720714569091797,0.01891183853149414,-0.0016060471534729004,-0.0005856864154338837,-0.00019527971744537354
1742955471.6164038,6983,1742955471,616247488,ft_sensor0_wrench,0.3067598342895508,-0.15799331665039062,0.019069194793701172,-0.0020477473735809326,-0.0003357306122779846,-0.00038319826126098633
1742955471.6230512,6984,1742955471,622930232,ft_sensor0_wrench,0.3597984313964844,-0.1277446746826172,-0.00662994384765625,-0.0007079243659973145,-0.0011051520705223083,-0.00039033591747283936
1742955471.6296685,6985,1742955471,629583490,ft_sensor0_wrench,0.3878059387207031,-0.07917594909667969,-0.0070285797119140625,0.0007020831108093262,-0.0019062533974647522,-0.0003831535577774048
1742955471.6363637,6986,1742955471,636251573,ft_sensor0_wrench,0.3602790832519531,-0.06375312805175781,0.018829822540283203,-0.000590980052947998,-0.0011691972613334656,-0.00032317638397216797
1742955471.643105,6987,1742955471,642933970,ft_sensor0_wrench,0.3224911689758301,-0.09539604187011719,-0.029191017150878906,-0.0006301999092102051,-0.0005647800862789154,-0.0001436769962310791
1742955471.6496375,6988,1742955471,649580593,ft_sensor0_wrench,0.36716556549072266,-0.10696029663085938,-0.027849197387695312,-0.00014194846153259277,-0.002339757978916168,6.015598773956299e-05
1742955471.656308,6989,1742955471,656247566,ft_sensor0_wrench,0.3300166130065918,-0.10969161987304688,-0.05232954025268555,-0.0006222426891326904,-0.001031871885061264,0.00028517842292785645
1742955471.6630158,6990,1742955471,662916111,ft_sensor0_wrench,0.28962039947509766,-0.08136940002441406,-0.09994840621948242,-0.0010492205619812012,0.0003168359398841858,-0.00011909008026123047
1742955471.669737,6991,1742955471,669584127,ft_sensor0_wrench,0.33744335174560547,-0.09561347961425781,-0.05217266082763672,-0.0010639429092407227,-0.0007819086313247681,9.72449779510498e-05
1742955471.6763303,6992,1742955471,676249385,ft_sensor0_wrench,0.350496768951416,-0.046825408935546875,-0.029589176177978516,0.0007798075675964355,-0.0013658665120601654,-0.00013650953769683838
1742955471.6830227,6993,1742955471,682914799,ft_sensor0_wrench,0.3579216003417969,-0.03274726867675781,-0.02943277359008789,0.000338137149810791,-0.0011159032583236694,-0.00032442808151245117
1742955471.689682,6994,1742955471,689579795,ft_sensor0_wrench,0.3275594711303711,-0.05031394958496094,-0.07729721069335938,-0.00014281272888183594,-0.0002615228295326233,-0.0003328770399093628
1742955471.6963403,6995,1742955471,696248720,ft_sensor0_wrench,0.32927417755126953,-0.1102294921875,-0.052575111389160156,-0.000630795955657959,-0.0010182932019233704,-0.0003771185874938965
1742955471.7030833,6996,1742955471,702915876,ft_sensor0_wrench,0.3498668670654297,-0.1102294921875,-0.02967977523803711,-0.00020429491996765137,-0.0013278797268867493,-0.0001693814992904663
1742955471.7097366,6997,1742955471,709587108,ft_sensor0_wrench,0.3497195243835449,-0.10964202880859375,-0.004310131072998047,-0.0010714828968048096,-0.0013539381325244904,-0.00013509392738342285
1742955471.7164035,6998,1742955471,716259299,ft_sensor0_wrench,0.41834020614624023,-0.016206741333007812,-0.052899837493896484,0.0008187294006347656,-0.00237848237156868,0.0001315772533416748
1742955471.7231133,6999,1742955471,722929563,ft_sensor0_wrench,0.4177103042602539,-0.07961082458496094,-0.05299043655395508,-0.00016540288925170898,-0.0023404955863952637,9.870529174804688e-05
1742955471.729694,7000,1742955471,729583793,ft_sensor0_wrench,0.3640766143798828,-0.11098670959472656,-0.05290651321411133,-0.0006465911865234375,-0.0015314295887947083,-0.0005907416343688965
1742955471.73644,7001,1742955471,736268360,ft_sensor0_wrench,0.34485530853271484,-0.04704475402832031,-0.07546615600585938,-8.046627044677734e-05,-0.0012734010815620422,-0.00010332465171813965
1742955471.7430882,7002,1742955471,742931098,ft_sensor0_wrench,0.4045414924621582,-0.06553459167480469,-0.0757284164428711,-0.0010336041450500488,-0.0017809458076953888,-0.0002969801425933838
1742955471.7497344,7003,1742955471,749581859,ft_sensor0_wrench,0.3903346061706543,-0.06477737426757812,-0.052501678466796875,-0.0005913078784942627,-0.0015773959457874298,0.00012439489364624023
1742955471.7564466,7004,1742955471,756261272,ft_sensor0_wrench,0.40260887145996094,-0.07880592346191406,-0.004640102386474609,-0.0005988478660583496,-0.002149425446987152,-0.00010794401168823242
1742955471.7631366,7005,1742955471,762937986,ft_sensor0_wrench,0.3684372901916504,-0.014642715454101562,-0.004218101501464844,0.0004010796546936035,-0.0016742683947086334,0.0001385509967803955
1742955471.7697008,7006,1742955471,769580845,ft_sensor0_wrench,0.3709549903869629,-0.08072662353515625,0.042125701904296875,-0.0010860562324523926,-0.0009600557386875153,0.00011816620826721191
1742955471.776529,7007,1742955471,776261343,ft_sensor0_wrench,0.34042978286743164,-0.06321334838867188,-0.0038194656372070312,-0.0010089576244354248,-0.0008731894195079803,0.00013136863708496094
1742955471.783122,7008,1742955471,782930270,ft_sensor0_wrench,0.35463953018188477,-0.06397056579589844,-0.02704620361328125,-0.0014512836933135986,-0.0010767318308353424,-0.0002900063991546631
1742955471.7897687,7009,1742955471,789579207,ft_sensor0_wrench,0.32547760009765625,-0.06299400329589844,0.019161224365234375,-0.0005751848220825195,-0.0006560608744621277,-0.00010955333709716797
1742955471.7963603,7010,1742955471,796248935,ft_sensor0_wrench,0.3628873825073242,-0.12371826171875,0.018427371978759766,-0.00020325183868408203,-0.001913502812385559,0.00026057660579681396
1742955471.803051,7011,1742955471,802913605,ft_sensor0_wrench,0.39455509185791016,-0.15628623962402344,-0.004887104034423828,-0.0011412203311920166,-0.002361401915550232,4.710257053375244e-05
1742955471.8097432,7012,1742955471,809581065,ft_sensor0_wrench,0.30440330505371094,-0.12698936462402344,-0.029193401336669922,-0.0011186301708221436,-0.00028242915868759155,-0.00038444995880126953
1742955471.816337,7013,1742955471,816246557,ft_sensor0_wrench,0.30503225326538086,-0.06358528137207031,-0.02910327911376953,-0.00013452768325805664,-0.0003204159438610077,-0.0003515779972076416
1742955471.823111,7014,1742955471,822930332,ft_sensor0_wrench,0.3571314811706543,-0.06107139587402344,-0.027603626251220703,-8.797645568847656e-05,-0.0018454305827617645,-0.0003356635570526123
1742955471.8297045,7015,1742955471,829582573,ft_sensor0_wrench,0.36690282821655273,-0.04350471496582031,-0.0026350021362304688,-3.361701965332031e-05,-0.002390217036008835,-0.0005349963903427124
1742955471.8364015,7016,1742955471,836262954,ft_sensor0_wrench,0.3140115737915039,-0.07434272766113281,-0.0023059844970703125,-0.0005062520503997803,-0.001594729721546173,-0.0005621463060379028
1742955471.843088,7017,1742955471,842934322,ft_sensor0_wrench,0.3065986633300781,-0.12291145324707031,0.020987510681152344,-0.0014897584915161133,-0.001103237271308899,-0.00036156177520751953
1742955471.8496435,7018,1742955471,849580482,ft_sensor0_wrench,0.2716341018676758,-0.08707427978515625,0.023238182067871094,-0.0009159743785858154,-0.0013576149940490723,-0.00012630224227905273
1742955471.8563528,7019,1742955471,856265053,ft_sensor0_wrench,0.26927757263183594,-0.05607032775878906,-0.0250244140625,1.3142824172973633e-05,-0.0013043209910392761,-0.00012756884098052979
1742955471.8630452,7020,1742955471,862923598,ft_sensor0_wrench,0.3073759078979492,-0.06009674072265625,-0.004291534423828125,0.00036156177520751953,-0.001115165650844574,-0.00036297738552093506
1742955471.8697023,7021,1742955471,869597567,ft_sensor0_wrench,0.3165168762207031,-0.10593605041503906,0.020587444305419922,-0.0005681514739990234,-0.001621972769498825,-0.0005951672792434692
1742955471.8763425,7022,1742955471,876262581,ft_sensor0_wrench,0.3132200241088867,-0.10266685485839844,-0.0004773139953613281,-0.0009323358535766602,-0.002324264496564865,-0.0005733668804168701
1742955471.8830035,7023,1742955471,882913839,ft_sensor0_wrench,0.3388833999633789,-0.057582855224609375,-0.025687694549560547,-1.8417835235595703e-05,-0.002330593764781952,-0.0005548149347305298
1742955471.8896606,7024,1742955471,889580541,ft_sensor0_wrench,0.3565034866333008,-0.12447547912597656,-0.027694225311279297,-0.0010720789432525635,-0.0018074437975883484,-0.00036853551864624023
1742955471.896341,7025,1742955471,896263954,ft_sensor0_wrench,0.25197887420654297,-0.05933952331542969,-0.02685546875,-4.9173831939697266e-05,-0.0002924427390098572,-0.0003571063280105591
1742955471.903033,7026,1742955471,902928856,ft_sensor0_wrench,0.2694368362426758,-0.09115219116210938,-0.026943206787109375,-0.0005448460578918457,-0.0005368068814277649,-0.00014919042587280273
1742955471.9096305,7027,1742955471,909579032,ft_sensor0_wrench,0.3498668670654297,-0.1102294921875,-0.02967977523803711,-0.00020429491996765137,-0.0013278797268867493,-0.0001693814992904663
1742955471.9163435,7028,1742955471,916245550,ft_sensor0_wrench,0.32848358154296875,-0.13855552673339844,-0.05074644088745117,-0.0010568797588348389,-0.0017478205263614655,-0.0003883540630340576
1742955471.923087,7029,1742955471,922931322,ft_sensor0_wrench,0.35148048400878906,-0.14177322387695312,0.018337249755859375,-0.001141965389251709,-0.0013675950467586517,-0.000830426812171936
1742955471.9296677,7030,1742955471,929582278,ft_sensor0_wrench,0.3073759078979492,-0.06009674072265625,-0.004291534423828125,0.00036156177520751953,-0.001115165650844574,-0.00036297738552093506
1742955471.9363737,7031,1742955471,936251355,ft_sensor0_wrench,0.3075370788574219,-0.09517669677734375,-0.0062103271484375,-0.0001964569091796875,-0.00034765154123306274,-0.00038461387157440186
1742955471.9430602,7032,1742955471,942944157,ft_sensor0_wrench,0.3249950408935547,-0.12698745727539062,-0.006298542022705078,-0.0006921291351318359,-0.0005920156836509705,-0.00017671287059783936
1742955471.9496524,7033,1742955471,949581780,ft_sensor0_wrench,0.3341350555419922,-0.17282867431640625,0.01858043670654297,-0.001621842384338379,-0.0010988228023052216,-0.00040890276432037354
1742955471.9563684,7034,1742955471,956250268,ft_sensor0_wrench,0.3969602584838867,-0.15950584411621094,0.04130125045776367,-0.0016528069972991943,-0.0016715899109840393,-0.0006027072668075562
1742955471.963032,7035,1742955471,962935069,ft_sensor0_wrench,0.36215686798095703,-0.15874862670898438,0.041632652282714844,-0.0016370415687561035,-0.0011584535241127014,-0.00038908421993255615
1742955471.9696424,7036,1742955471,969581100,ft_sensor0_wrench,0.3802309036254883,-0.09266471862792969,0.018184185028076172,0.0002765953540802002,-0.0021822676062583923,-0.00016094744205474854
1742955471.9763532,7037,1742955471,976256150,ft_sensor0_wrench,0.32813072204589844,-0.09517669677734375,0.016684532165527344,0.00023004412651062012,-0.0006572529673576355,-0.00017686188220977783
1742955471.983072,7038,1742955471,982944851,ft_sensor0_wrench,0.3597984313964844,-0.1277446746826172,-0.00662994384765625,-0.0007079243659973145,-0.0011051520705223083,-0.00039033591747283936
1742955471.9896972,7039,1742955471,989589897,ft_sensor0_wrench,0.30690670013427734,-0.1585826873779297,-0.006300449371337891,-0.0011805593967437744,-0.0003096647560596466,-0.0004174858331680298
1742955471.9963512,7040,1742955471,996254538,ft_sensor0_wrench,0.28944873809814453,-0.12677001953125,-0.0062122344970703125,-0.000684887170791626,-6.530061364173889e-05,-0.0006253868341445923
1742955472.0030577,7041,1742955472,2940449,ft_sensor0_wrench,0.3597984313964844,-0.1277446746826172,-0.00662994384765625,-0.0007079243659973145,-0.0011051520705223083,-0.00039033591747283936
1742955472.0096576,7042,1742955472,9582710,ft_sensor0_wrench,0.34234046936035156,-0.09593391418457031,-0.006541728973388672,-0.00021225214004516602,-0.0008607879281044006,-0.0005982369184494019
1742955472.016367,7043,1742955472,16252209,ft_sensor0_wrench,0.3604283332824707,-0.06434059143066406,-0.006539344787597656,0.00027617812156677246,-0.0011431388556957245,-0.0003574639558792114
1742955472.0230794,7044,1742955472,22937401,ft_sensor0_wrench,0.3604283332824707,-0.06434059143066406,-0.006539344787597656,0.00027617812156677246,-0.0011431388556957245,-0.0003574639558792114
1742955472.0296657,7045,1742955472,29582157,ft_sensor0_wrench,0.3324089050292969,-0.07841873168945312,-0.02959156036376953,0.00029137730598449707,-0.0010835155844688416,-0.0003772825002670288
1742955472.036323,7046,1742955472,36248025,ft_sensor0_wrench,0.3165168762207031,-0.10593605041503906,0.020587444305419922,-0.0005681514739990234,-0.001621972769498825,-0.0005951672792434692
1742955472.0429785,7047,1742955472,42914796,ft_sensor0_wrench,0.2892875671386719,-0.0916900634765625,-0.0042934417724609375,-0.00012686848640441895,-0.0008328147232532501,-0.0006037503480911255
1742955472.0496879,7048,1742955472,49586898,ft_sensor0_wrench,0.3073759078979492,-0.06009674072265625,-0.004291534423828125,0.00036156177520751953,-0.001115165650844574,-0.00036297738552093506
1742955472.0563424,7049,1742955472,56248295,ft_sensor0_wrench,0.3040800094604492,-0.05682563781738281,-0.025356292724609375,-2.6226043701171875e-06,-0.001817457377910614,-0.0003411918878555298
1742955472.06303,7050,1742955472,62913803,ft_sensor0_wrench,0.3009452819824219,-0.0886383056640625,-0.0483393669128418,-0.0009248256683349609,-0.0017522349953651428,-0.00034102797508239746
1742955472.0696335,7051,1742955472,69580603,ft_sensor0_wrench,0.27371692657470703,-0.07439422607421875,-0.07322025299072266,-0.00048354268074035645,-0.0009630843997001648,-0.0003496110439300537
1742955472.076347,7052,1742955472,76247263,ft_sensor0_wrench,0.3040800094604492,-0.05682563781738281,-0.025356292724609375,-2.6226043701171875e-06,-0.001817457377910614,-0.0003411918878555298
1742955472.083029,7053,1742955472,82935224,ft_sensor0_wrench,0.2943086624145508,-0.07439231872558594,-0.05032491683959961,-5.701184272766113e-05,-0.0012726709246635437,-0.0001418590545654297
1742955472.0896602,7054,1742955472,89582928,ft_sensor0_wrench,0.3091006278991699,-0.03952980041503906,-0.07138729095458984,6.726384162902832e-05,-0.0022573135793209076,0.00012069940567016602
1742955472.0963438,7055,1742955472,96246959,ft_sensor0_wrench,0.2734055519104004,-0.038722991943359375,-0.045931339263916016,-0.0007927417755126953,-0.0017566494643688202,-0.0002937018871307373
1742955472.103068,7056,1742955472,102932070,ft_sensor0_wrench,0.2562222480773926,-0.1048583984375,-0.0476069450378418,-0.0018306076526641846,-0.0007203631103038788,0.0001061856746673584
1742955472.1096478,7057,1742955472,109580638,ft_sensor0_wrench,0.2766556739807129,-0.06977653503417969,-0.022793292999267578,-0.0008460879325866699,-0.0017974711954593658,0.0003355741500854492
1742955472.1163495,7058,1742955472,116253445,ft_sensor0_wrench,0.3220057487487793,0.009847640991210938,-0.02343463897705078,0.0010437965393066406,-0.002867322415113449,-7.876753807067871e-05
1742955472.1230183,7059,1742955472,122932725,ft_sensor0_wrench,0.30173444747924805,-0.06031608581542969,-0.05016756057739258,-0.0004987120628356934,-0.0010227076709270477,-0.00032979249954223633
1742955472.1296513,7060,1742955472,129582391,ft_sensor0_wrench,0.23891353607177734,-0.07363700866699219,-0.07288885116577148,-0.00046774744987487793,-0.0004499480128288269,-0.0001359879970550537
1742955472.1364038,7061,1742955472,136248777,ft_sensor0_wrench,0.2489919662475586,-0.09174156188964844,-0.07520771026611328,-0.00010415911674499512,-0.0002011619508266449,-0.00039121508598327637
1742955472.1430426,7062,1742955472,142915524,ft_sensor0_wrench,0.2595071792602539,-0.07363700866699219,-0.04999351501464844,-4.121661186218262e-05,-0.0007595345377922058,7.176399230957031e-05
1742955472.1496618,7063,1742955472,149584171,ft_sensor0_wrench,0.29509973526000977,-0.046070098876953125,-0.05215311050415039,0.00036907196044921875,-0.0005431361496448517,-0.00013062357902526855
1742955472.156311,7064,1742955472,156246574,ft_sensor0_wrench,0.2694368362426758,-0.09115219116210938,-0.026943206787109375,-0.0005448460578918457,-0.0005368068814277649,-0.00014919042587280273
1742955472.163039,7065,1742955472,162931325,ft_sensor0_wrench,0.29007816314697266,-0.06336593627929688,-0.006122112274169922,0.00029921531677246094,-0.00010328739881515503,-0.0005925148725509644
1742955472.1696312,7066,1742955472,169579521,ft_sensor0_wrench,0.35285329818725586,-0.07782936096191406,0.018672943115234375,-0.00014930963516235352,-0.0014191605150699615,-0.00013525784015655518
1742955472.1763048,7067,1742955472,176247111,ft_sensor0_wrench,0.3191828727722168,-0.1726093292236328,0.041561126708984375,-0.0011880993843078613,-0.0008817091584205627,-0.0006498247385025024
1742955472.1830347,7068,1742955472,182930587,ft_sensor0_wrench,0.2160782814025879,-0.2204742431640625,-0.028623104095458984,-0.002559572458267212,0.0010641813278198242,-0.0002308487892150879
1742955472.189655,7069,1742955472,189581607,ft_sensor0_wrench,0.3242053985595703,-0.15531349182128906,-0.004469394683837891,-0.0011182129383087158,-0.0013215430080890656,-0.0001879483461380005
1742955472.1963027,7070,1742955472,196246523,ft_sensor0_wrench,0.3581852912902832,-0.09620285034179688,-0.05464649200439453,0.00022974610328674316,-0.0010654442012310028,0.00027070939540863037
1742955472.2030432,7071,1742955472,202927968,ft_sensor0_wrench,0.3249950408935547,-0.12698745727539062,-0.006298542022705078,-0.0006921291351318359,-0.0005920156836509705,-0.00017671287059783936
1742955472.2096505,7072,1742955472,209582063,ft_sensor0_wrench,0.3067474365234375,-0.12350082397460938,-0.0043811798095703125,-0.0006225407123565674,-0.0010771788656711578,-0.000395849347114563
1742955472.2163293,7073,1742955472,216247046,ft_sensor0_wrench,0.34892845153808594,-0.13796424865722656,-0.0024819374084472656,-0.0014975666999816895,-0.0020834654569625854,-0.00014632940292358398
1742955472.2230275,7074,1742955472,222931049,ft_sensor0_wrench,0.3073759078979492,-0.06009674072265625,-0.004291534423828125,0.00036156177520751953,-0.001115165650844574,-0.00036297738552093506
1742955472.2296472,7075,1742955472,229580061,ft_sensor0_wrench,0.3421792984008789,-0.06085395812988281,-0.004622936248779297,0.000345766544342041,-0.0016283020377159119,-0.0005766004323959351
1742955472.2363374,7076,1742955472,236248893,ft_sensor0_wrench,0.31432056427001953,-0.11001205444335938,-0.029593467712402344,-0.0001970529556274414,-0.0008011646568775177,-0.0006180554628372192
1742955472.2430086,7077,1742955472,242915049,ft_sensor0_wrench,0.3211045265197754,-0.124847412109375,-0.052977561950683594,-0.0001976490020751953,-0.0012546777725219727,-0.0008514970541000366
1742955472.249663,7078,1742955472,249582048,ft_sensor0_wrench,0.3316192626953125,-0.10674285888671875,-0.027762889862060547,-0.0001347064971923828,-0.0018130429089069366,-0.00038851797580718994
1742955472.2563498,7079,1742955472,256248335,ft_sensor0_wrench,0.2520933151245117,-0.12220573425292969,-0.026699542999267578,-0.0010247230529785156,-0.0002680346369743347,0.00027233362197875977
1742955472.2630386,7080,1742955472,262931803,ft_sensor0_wrench,0.2196826934814453,-0.09017753601074219,-0.0036301612854003906,-9.530782699584961e-05,0.00019345805048942566,-0.0001765042543411255
1742955472.2696419,7081,1742955472,269581001,ft_sensor0_wrench,0.29917240142822266,-0.13698959350585938,0.02083110809326172,-0.0010480284690856934,-0.001353200525045395,-0.00017364323139190674
1742955472.2763276,7082,1742955472,276249709,ft_sensor0_wrench,0.29917240142822266,-0.13698959350585938,0.02083110809326172,-0.0010480284690856934,-0.001353200525045395,-0.00017364323139190674
1742955472.283102,7083,1742955472,282940739,ft_sensor0_wrench,0.2552633285522461,-0.028118133544921875,-0.029241561889648438,0.001740187406539917,-0.00033162161707878113,-0.00039152801036834717
1742955472.289636,7084,1742955472,289580582,ft_sensor0_wrench,0.21732521057128906,-0.05917167663574219,-0.051892757415771484,0.0008338093757629395,0.0002467520534992218,-0.0001777559518814087
1742955472.2963312,7085,1742955472,296248355,ft_sensor0_wrench,0.2863020896911621,-0.12409019470214844,-0.05264616012573242,-0.0001818537712097168,-0.0007415413856506348,-0.0006378740072250366
1742955472.3030126,7086,1742955472,302943860,ft_sensor0_wrench,0.34452342987060547,-0.05736541748046875,0.02018880844116211,0.0008418560028076172,-0.002423074096441269,-0.0005879849195480347
1742955472.30969,7087,1742955472,309583091,ft_sensor0_wrench,0.2815532684326172,-0.07009696960449219,0.02283763885498047,5.632638931274414e-06,-0.0018763504922389984,-0.00035990774631500244
1742955472.316303,7088,1742955472,316246087,ft_sensor0_wrench,0.23697948455810547,-0.08690643310546875,-0.0017995834350585938,-3.2961368560791016e-05,-0.0008184276521205902,5.303323268890381e-05
1742955472.3230145,7089,1742955472,322930305,ft_sensor0_wrench,0.29602479934692383,-0.1343097686767578,-0.025603294372558594,-0.0005449950695037842,-0.0020294412970542908,-0.00018613040447235107
1742955472.329697,7090,1742955472,329580814,ft_sensor0_wrench,0.26126813888549805,-0.10576820373535156,-0.027346134185791016,-0.00011169910430908203,-0.0007731914520263672,-0.0006235688924789429
1742955472.336342,7091,1742955472,336249326,ft_sensor0_wrench,0.24381017684936523,-0.07395744323730469,-0.027257919311523438,0.0003839731216430664,-0.0005288273096084595,-0.0008314698934555054
1742955472.3430862,7092,1742955472,342917457,ft_sensor0_wrench,0.29607152938842773,-0.10652542114257812,-0.027677536010742188,-0.00012746453285217285,-0.001286327838897705,-0.0008371919393539429
1742955472.3496404,7093,1742955472,349581795,ft_sensor0_wrench,0.3110237121582031,-0.10674476623535156,-0.050658226013183594,-0.0005612373352050781,-0.0015034563839435577,-0.0005962550640106201
1742955472.356302,7094,1742955472,356248605,ft_sensor0_wrench,0.34970760345458984,-0.0751495361328125,-0.027760982513427734,0.00035372376441955566,-0.0020953938364982605,-0.0001477450132369995
1742955472.362998,7095,1742955472,362934412,ft_sensor0_wrench,0.29003238677978516,-0.09115028381347656,-0.004047870635986328,-0.00011831521987915039,-0.0008463934063911438,5.854666233062744e-05
1742955472.3696582,7096,1742955472,369582925,ft_sensor0_wrench,0.2489919662475586,-0.09174156188964844,-0.07520771026611328,-0.00010415911674499512,-0.0002011619508266449,-0.00039121508598327637
1742955472.3763413,7097,1742955472,376248570,ft_sensor0_wrench,0.27622032165527344,-0.105987548828125,-0.05032682418823242,-0.0005454421043395996,-0.0009903199970722198,-0.0003826320171356201
1742955472.3830087,7098,1742955472,382931895,ft_sensor0_wrench,0.32153797149658203,-0.0886383056640625,-0.02544403076171875,-0.0004982948303222656,-0.0020618289709091187,-0.00013327598571777344
1742955472.389658,7099,1742955472,389588761,ft_sensor0_wrench,0.2785778045654297,-0.1369915008544922,-0.002064228057861328,-0.0014745593070983887,-0.001043614000082016,-0.0003813803195953369
1742955472.3963082,7100,1742955472,396248659,ft_sensor0_wrench,0.2694368362426758,-0.09115219116210938,-0.026943206787109375,-0.0005448460578918457,-0.0005368068814277649,-0.00014919042587280273
1742955472.4031184,7101,1742955472,402943552,ft_sensor0_wrench,0.30172252655029297,-0.025823593139648438,-0.07361888885498047,0.0009264945983886719,-0.0017641633749008179,-0.000342443585395813
1742955472.4096668,7102,1742955472,409582593,ft_sensor0_wrench,0.3358955383300781,-0.08998680114746094,-0.07403993606567383,-7.337331771850586e-05,-0.0022393204271793365,-0.0005889236927032471
1742955472.4163322,7103,1742955472,416249656,ft_sensor0_wrench,0.27622032165527344,-0.105987548828125,-0.05032682418823242,-0.0005454421043395996,-0.0009903199970722198,-0.0003826320171356201
1742955472.4230306,7104,1742955472,422934508,ft_sensor0_wrench,0.25197887420654297,-0.05933952331542969,-0.02685546875,-4.9173831939697266e-05,-0.0002924427390098572,-0.0003571063280105591
1742955472.4296703,7105,1742955472,429583381,ft_sensor0_wrench,0.30424022674560547,-0.09190940856933594,-0.027274608612060547,-0.0005606412887573242,-0.0010499432682991028,-0.00036281347274780273
1742955472.436373,7106,1742955472,436251110,ft_sensor0_wrench,0.37442922592163086,-0.05780220031738281,-0.025773048400878906,-2.5659799575805664e-05,-0.0028573162853717804,-0.00010612607002258301
1742955472.443059,7107,1742955472,442936989,ft_sensor0_wrench,0.26630306243896484,-0.12296295166015625,-0.0499267578125,-0.0014670193195343018,-0.0004715844988822937,-0.00014904141426086426
1742955472.4496725,7108,1742955472,449587313,ft_sensor0_wrench,0.2730865478515625,-0.1378002166748047,-0.07331037521362305,-0.0014676153659820557,-0.0009250976145267487,-0.00038248300552368164
1742955472.4563913,7109,1742955472,456249532,ft_sensor0_wrench,0.31086254119873047,-0.07166290283203125,-0.04873991012573242,-3.2186508178710938e-06,-0.002270970493555069,-0.0005746334791183472
1742955472.4630852,7110,1742955472,462935451,ft_sensor0_wrench,0.2511892318725586,-0.08766365051269531,-0.025026321411132812,-0.00047528743743896484,-0.0010219700634479523,-0.0003683418035507202
1742955472.4696488,7111,1742955472,469583165,ft_sensor0_wrench,0.25055932998657227,-0.15106964111328125,-0.025116920471191406,-0.001459360122680664,-0.000983990728855133,-0.0004011988639831543
1742955472.476323,7112,1742955472,476248628,ft_sensor0_wrench,0.2270965576171875,-0.041606903076171875,-0.02692413330078125,0.0008881986141204834,-0.00029804185032844543,-0.00037707388401031494
1742955472.4830706,7113,1742955472,482934538,ft_sensor0_wrench,0.22470378875732422,-0.07287979125976562,-0.049662113189697266,-2.54213809967041e-05,-0.0002463981509208679,0.0002853870391845703
1742955472.4896448,7114,1742955472,489581970,ft_sensor0_wrench,0.2724132537841797,-0.024257659912109375,-0.002041339874267578,0.0009353458881378174,-0.0013695433735847473,-0.00012771785259246826
1742955472.4963179,7115,1742955472,496248370,ft_sensor0_wrench,0.26927757263183594,-0.05607032775878906,-0.0250244140625,1.3142824172973633e-05,-0.0013043209910392761,-0.00012756884098052979
1742955472.503073,7116,1742955472,502946023,ft_sensor0_wrench,0.2949385643005371,-0.010988235473632812,-0.05023479461669922,0.0009270906448364258,-0.0013106577098369598,-0.0001090019941329956
1742955472.5096788,7117,1742955472,509581405,ft_sensor0_wrench,0.25134849548339844,-0.12274551391601562,-0.026945114135742188,-0.0010332763195037842,-0.00025445595383644104,-0.00038996338844299316
1742955472.5163321,7118,1742955472,516248347,ft_sensor0_wrench,0.22647857666015625,-0.13950347900390625,-0.0035638809204101562,-0.0015211105346679688,0.00048140808939933777,-0.0003972947597503662
1742955472.5230625,7119,1742955472,522935399,ft_sensor0_wrench,0.2445669174194336,-0.10791015625,-0.0035619735717773438,-0.0010326802730560303,0.00019905716180801392,-0.00015652179718017578
1742955472.5296803,7120,1742955472,529582262,ft_sensor0_wrench,0.2694368362426758,-0.09115219116210938,-0.026943206787109375,-0.0005448460578918457,-0.0005368068814277649,-0.00014919042587280273
1742955472.5363672,7121,1742955472,536251971,ft_sensor0_wrench,0.29180479049682617,-0.0428009033203125,-0.07321786880493164,4.887580871582031e-06,-0.0012454353272914886,-0.00010883808135986328
1742955472.5430524,7122,1742955472,542942928,ft_sensor0_wrench,0.26771020889282227,0.00325775146484375,-0.07511568069458008,0.0013683736324310303,-0.0005214996635913849,-0.00011758506298065186
1742955472.5496864,7123,1742955472,549595755,ft_sensor0_wrench,0.27257251739501953,-0.05933952331542969,-0.003960132598876953,0.00037732720375061035,-0.0006020292639732361,-0.00014935433864593506
1742955472.556389,7124,1742955472,556260393,ft_sensor0_wrench,0.2892875671386719,-0.0916900634765625,-0.0042934417724609375,-0.00012686848640441895,-0.0008328147232532501,-0.0006037503480911255
1742955472.563024,7125,1742955472,562935317,ft_sensor0_wrench,0.26880836486816406,-0.1545562744140625,-0.027033329010009766,-0.001528918743133545,-0.0004988200962543488,-0.00018206238746643066
1742955472.5697017,7126,1742955472,569581882,ft_sensor0_wrench,0.31412506103515625,-0.13720703125,-0.0021505355834960938,-0.001481771469116211,-0.0015703290700912476,6.729364395141602e-05
1742955472.576415,7127,1742955472,576248271,ft_sensor0_wrench,0.2649993896484375,-0.07282829284667969,0.02125263214111328,-4.8160552978515625e-05,-0.0008780509233474731,7.285177707672119e-05
1742955472.5830686,7128,1742955472,582942813,ft_sensor0_wrench,0.2998018264770508,-0.07358360290527344,0.020920753479003906,-6.395578384399414e-05,-0.001391187310218811,-0.0001407712697982788
1742955472.589644,7129,1742955472,589581200,ft_sensor0_wrench,0.2943086624145508,-0.07439231872558594,-0.05032491683959961,-5.701184272766113e-05,-0.0012726709246635437,-0.0001418590545654297
1742955472.596374,7130,1742955472,596251121,ft_sensor0_wrench,0.23702621459960938,-0.05912208557128906,-0.0038738250732421875,0.0003845691680908203,-7.531419396400452e-05,-0.000598028302192688
1742955472.6030505,7131,1742955472,602936875,ft_sensor0_wrench,0.2785778045654297,-0.1369915008544922,-0.002064228057861328,-0.0014745593070983887,-0.001043614000082016,-0.0003813803195953369
1742955472.6096663,7132,1742955472,609582702,ft_sensor0_wrench,0.2543373107910156,-0.09034347534179688,0.021407127380371094,-0.0009782910346984863,-0.0003457367420196533,-0.0003558546304702759
1742955472.6163816,7133,1742955472,616248513,ft_sensor0_wrench,0.2686595916748047,-0.15396690368652344,-0.0016641616821289062,-0.002396136522293091,-0.0005248785018920898,-0.00014778971672058105
1742955472.623076,7134,1742955472,622936878,ft_sensor0_wrench,0.2550797462463379,-0.08980560302734375,0.021653175354003906,-0.0009697377681732178,-0.000359315425157547,0.0003064572811126709
1742955472.629666,7135,1742955472,629583804,ft_sensor0_wrench,0.21953392028808594,-0.08958625793457031,0.021738529205322266,-0.0009625256061553955,0.00016739964485168457,-0.00014223158359527588
1742955472.6364017,7136,1742955472,636255990,ft_sensor0_wrench,0.26186370849609375,-0.10463905334472656,-0.0017309188842773438,-0.0009703338146209717,-0.000812828540802002,7.301568984985352e-05
1742955472.6430802,7137,1742955472,642942927,ft_sensor0_wrench,0.2700200080871582,-0.055530548095703125,-0.02477884292602539,2.1725893020629883e-05,-0.0013179071247577667,0.000534743070602417
1742955472.6497118,7138,1742955472,649590892,ft_sensor0_wrench,0.2420492172241211,-0.0418243408203125,-0.04990530014038086,0.0004544258117675781,-0.0005151703953742981,-0.00013615190982818604
1742955472.6563778,7139,1742955472,656249576,ft_sensor0_wrench,0.25432491302490234,-0.055850982666015625,-0.0020432472229003906,0.0004469156265258789,-0.0010871924459934235,-0.0003684908151626587
1742955472.6631148,7140,1742955472,662933439,ft_sensor0_wrench,0.28171348571777344,-0.1051788330078125,0.020918846130371094,-0.0005523860454559326,-0.0011088363826274872,-0.00038154423236846924
1742955472.6697023,7141,1742955472,669580658,ft_sensor0_wrench,0.2573108673095703,-0.023450851440429688,0.046309471130371094,0.0005018711090087891,-0.0011784657835960388,-0.00033436715602874756
1742955472.6764627,7142,1742955472,676264656,ft_sensor0_wrench,0.2512016296386719,-0.12215614318847656,-0.0015764236450195312,-0.00190049409866333,-0.00028051435947418213,-0.00035569071769714355
1742955472.6831777,7143,1742955472,682934961,ft_sensor0_wrench,0.2935314178466797,-0.1372089385986328,-0.02504587173461914,-0.0019083023071289062,-0.0012607425451278687,-0.000140458345413208
1742955472.689709,7144,1742955472,689581372,ft_sensor0_wrench,0.26186370849609375,-0.10463905334472656,-0.0017309188842773438,-0.0009703338146209717,-0.000812828540802002,7.301568984985352e-05
1742955472.6964326,7145,1742955472,696265600,ft_sensor0_wrench,0.26186370849609375,-0.10463905334472656,-0.0017309188842773438,-0.0009703338146209717,-0.000812828540802002,7.301568984985352e-05
1742955472.7030473,7146,1742955472,702913370,ft_sensor0_wrench,0.2263174057006836,-0.10442161560058594,-0.0016446113586425781,-0.0009631216526031494,-0.00028610602021217346,-0.00037567317485809326
1742955472.7096756,7147,1742955472,709579641,ft_sensor0_wrench,0.20885848999023438,-0.07261085510253906,-0.001556396484375,-0.000467449426651001,-4.174187779426575e-05,-0.0005835741758346558
1742955472.7163095,7148,1742955472,716246933,ft_sensor0_wrench,0.2573108673095703,-0.023450851440429688,0.046309471130371094,0.0005018711090087891,-0.0011784657835960388,-0.00033436715602874756
1742955472.7230616,7149,1742955472,722916193,ft_sensor0_wrench,0.30643653869628906,-0.08783149719238281,0.02290630340576172,-0.0009317398071289062,-0.0018707513809204102,-0.00033992528915405273
1742955472.7296748,7150,1742955472,729582285,ft_sensor0_wrench,0.2611198425292969,-0.1051788330078125,-0.001976490020751953,-0.0009788870811462402,-0.0007992424070835114,-0.0005892962217330933
1742955472.736335,7151,1742955472,736249778,ft_sensor0_wrench,0.22945308685302734,-0.07261085510253906,0.021338462829589844,-4.0918588638305664e-05,-0.00035132840275764465,-0.00037582218647003174
1742955472.7430663,7152,1742955472,742916828,ft_sensor0_wrench,0.23389053344726562,-0.09093475341796875,-0.026857376098632812,-0.0005376040935516357,-1.0091811418533325e-05,-0.0005978792905807495
1742955472.7496889,7153,1742955472,749580839,ft_sensor0_wrench,0.2611198425292969,-0.1051788330078125,-0.001976490020751953,-0.0009788870811462402,-0.0007992424070835114,-0.0005892962217330933
1742955472.7563388,7154,1742955472,756249178,ft_sensor0_wrench,0.27257251739501953,-0.05933952331542969,-0.003960132598876953,0.00037732720375061035,-0.0006020292639732361,-0.00014935433864593506
1742955472.763061,7155,1742955472,762932716,ft_sensor0_wrench,0.2263174057006836,-0.10442161560058594,-0.0016446113586425781,-0.0009631216526031494,-0.00028610602021217346,-0.00037567317485809326
1742955472.7697003,7156,1742955472,769580284,ft_sensor0_wrench,0.2420492172241211,-0.0418243408203125,-0.04990530014038086,0.0004544258117675781,-0.0005151703953742981,-0.00013615190982818604
1742955472.7763543,7157,1742955472,776246810,ft_sensor0_wrench,0.2511892318725586,-0.08766365051269531,-0.025026321411132812,-0.00047528743743896484,-0.0010219700634479523,-0.0003683418035507202
1742955472.7830768,7158,1742955472,782926433,ft_sensor0_wrench,0.22318172454833984,-0.13623428344726562,-0.024628162384033203,-0.0018852949142456055,-0.00022088363766670227,-0.00037550926208496094
1742955472.7897027,7159,1742955472,789595928,ft_sensor0_wrench,0.2263174057006836,-0.10442161560058594,-0.0016446113586425781,-0.0009631216526031494,-0.00028610602021217346,-0.00037567317485809326
1742955472.7963822,7160,1742955472,796275418,ft_sensor0_wrench,0.2785778045654297,-0.1369915008544922,-0.002064228057861328,-0.0014745593070983887,-0.001043614000082016,-0.0003813803195953369
1742955472.8030486,7161,1742955472,802912965,ft_sensor0_wrench,0.2566814422607422,-0.08685684204101562,0.0462193489074707,-0.00048220157623291016,-0.0011404864490032196,-0.0003672391176223755
1742955472.8096936,7162,1742955472,809598946,ft_sensor0_wrench,0.21199417114257812,-0.04080009460449219,0.021426677703857422,0.0004547238349914551,-0.00010696426033973694,-0.0005837231874465942
1742955472.8163412,7163,1742955472,816247228,ft_sensor0_wrench,0.24440574645996094,-0.07282829284667969,-0.0016427040100097656,-0.00047469139099121094,-0.0005684569478034973,-0.00013490021228790283
1742955472.823044,7164,1742955472,822915416,ft_sensor0_wrench,0.26927757263183594,-0.05607032775878906,-0.0250244140625,1.3142824172973633e-05,-0.0013043209910392761,-0.00012756884098052979
1742955472.829646,7165,1742955472,829580387,ft_sensor0_wrench,0.3009452819824219,-0.0886383056640625,-0.0483393669128418,-0.0009248256683349609,-0.0017522349953651428,-0.00034102797508239746
1742955472.8363657,7166,1742955472,836247510,ft_sensor0_wrench,0.29666614532470703,-0.10539627075195312,-0.0020623207092285156,-0.0009861290454864502,-0.0013259649276733398,-0.00014060735702514648
1742955472.8430622,7167,1742955472,842914115,ft_sensor0_wrench,0.2544841766357422,-0.09093284606933594,-0.003962039947509766,-0.00011110305786132812,-0.00031967833638191223,-0.0003901273012161255
1742955472.8497272,7168,1742955472,849600227,ft_sensor0_wrench,0.24691104888916016,-0.10442161560058594,0.02125072479248047,-0.0005365908145904541,-0.0005956999957561493,-0.00016792118549346924
1742955472.8563247,7169,1742955472,856248590,ft_sensor0_wrench,0.20897197723388672,-0.13547706604003906,-0.0014014244079589844,-0.0014429688453674316,-1.734122633934021e-05,4.5865774154663086e-05
1742955472.863032,7170,1742955472,862914035,ft_sensor0_wrench,0.24691104888916016,-0.10442161560058594,0.02125072479248047,-0.0005365908145904541,-0.0005956999957561493,-0.00016792118549346924
1742955472.8696911,7171,1742955472,869581914,ft_sensor0_wrench,0.22882318496704102,-0.1360149383544922,0.021248340606689453,-0.0010250210762023926,-0.00031334906816482544,-0.00040869414806365967
1742955472.876308,7172,1742955472,876247613,ft_sensor0_wrench,0.2815532684326172,-0.07009696960449219,0.02283763885498047,5.632638931274414e-06,-0.0018763504922389984,-0.00035990774631500244
1742955472.8831003,7173,1742955472,882929140,ft_sensor0_wrench,0.26264286041259766,-0.0418243408203125,-0.027009963989257812,0.0008809566497802734,-0.000824756920337677,7.160007953643799e-05
1742955472.889656,7174,1742955472,889579789,ft_sensor0_wrench,0.2544841766357422,-0.09093284606933594,-0.003962039947509766,-0.00011110305786132812,-0.00031967833638191223,-0.0003901273012161255
1742955472.896382,7175,1742955472,896270106,ft_sensor0_wrench,0.2445545196533203,-0.07341766357421875,-0.027011871337890625,0.00039252638816833496,-0.0005424059927463531,-0.00016917288303375244
1742955472.90304,7176,1742955472,902913792,ft_sensor0_wrench,0.24518489837646484,-0.010011672973632812,-0.026922225952148438,0.0013766288757324219,-0.0005803927779197693,-0.0001363009214401245
1742955472.909703,7177,1742955472,909587533,ft_sensor0_wrench,0.26186370849609375,-0.10463905334472656,-0.0017309188842773438,-0.0009703338146209717,-0.000812828540802002,7.301568984985352e-05
1742955472.9163759,7178,1742955472,916247785,ft_sensor0_wrench,0.24691104888916016,-0.10442161560058594,0.02125072479248047,-0.0005365908145904541,-0.0005956999957561493,-0.00016792118549346924
1742955472.9230974,7179,1742955472,922931284,ft_sensor0_wrench,0.2785778045654297,-0.1369915008544922,-0.002064228057861328,-0.0014745593070983887,-0.001043614000082016,-0.0003813803195953369
1742955472.9296618,7180,1742955472,929580827,ft_sensor0_wrench,0.30580615997314453,-0.15123748779296875,0.02281665802001953,-0.0019158422946929932,-0.001832764595746994,-0.00037279725074768066
1742955472.9363813,7181,1742955472,936257083,ft_sensor0_wrench,0.29666614532470703,-0.10539627075195312,-0.0020623207092285156,-0.0009861290454864502,-0.0013259649276733398,-0.00014060735702514648
1742955472.9430678,7182,1742955472,942915814,ft_sensor0_wrench,0.2437753677368164,-0.13623428344726562,-0.0017328262329101562,-0.0014587640762329102,-0.0005304776132106781,-0.00016775727272033691
1742955472.9497013,7183,1742955472,949581652,ft_sensor0_wrench,0.2437753677368164,-0.13623428344726562,-0.0017328262329101562,-0.0014587640762329102,-0.0005304776132106781,-0.00016775727272033691
1742955472.9563165,7184,1742955472,956247784,ft_sensor0_wrench,0.28673553466796875,-0.08788108825683594,-0.025112628936767578,-0.0004824995994567871,-0.0015486925840377808,8.034706115722656e-05
1742955472.963041,7185,1742955472,962913938,ft_sensor0_wrench,0.2792081832885742,-0.07358551025390625,-0.0019745826721191406,-0.0004904568195343018,-0.0010815933346748352,-0.00034852325916290283
1742955472.969727,7186,1742955472,969589458,ft_sensor0_wrench,0.32153797149658203,-0.0886383056640625,-0.02544403076171875,-0.0004982948303222656,-0.0020618289709091187,-0.00013327598571777344
1742955472.9763544,7187,1742955472,976247769,ft_sensor0_wrench,0.2263174057006836,-0.10442161560058594,-0.0016446113586425781,-0.0009631216526031494,-0.00028610602021217346,-0.00037567317485809326
1742955472.9830172,7188,1742955472,982915060,ft_sensor0_wrench,0.31635570526123047,-0.07085418701171875,0.022506237030029297,-1.0162591934204102e-05,-0.0023894868791103363,-0.0005735307931900024
1742955472.989699,7189,1742955472,989580988,ft_sensor0_wrench,0.23373031616210938,-0.05585289001464844,-0.024938106536865234,2.0384788513183594e-05,-0.0007776059210300446,-0.0005762428045272827
1742955472.9963138,7190,1742955472,996247226,ft_sensor0_wrench,0.2511892318725586,-0.08766365051269531,-0.025026321411132812,-0.00047528743743896484,-0.0010219700634479523,-0.0003683418035507202
1742955473.0030527,7191,1742955473,2913158,ft_sensor0_wrench,0.2859916687011719,-0.08842086791992188,-0.025358200073242188,-0.0004910528659820557,-0.0015351064503192902,-0.0005819648504257202
1742955473.0096498,7192,1742955473,9583006,ft_sensor0_wrench,0.2793560028076172,-0.07417488098144531,-0.02734375,0.00037673115730285645,-0.001055542379617691,-0.00038279592990875244
1742955473.0163136,7193,1742955473,16247370,ft_sensor0_wrench,0.2824583053588867,-0.10463905334472656,0.021164417266845703,-0.0005438029766082764,-0.0011224150657653809,0.0002807527780532837
1742955473.0230315,7194,1742955473,22914514,ft_sensor0_wrench,0.2935314178466797,-0.1372089385986328,-0.02504587173461914,-0.0019083023071289062,-0.0012607425451278687,-0.000140458345413208
1742955473.0296507,7195,1742955473,29580115,ft_sensor0_wrench,0.2890920639038086,-0.11888504028320312,0.023149967193603516,-0.0014116168022155762,-0.00160197913646698,8.159875869750977e-05
1742955473.0363224,7196,1742955473,36247014,ft_sensor0_wrench,0.2550678253173828,-0.05531120300292969,-0.0017976760864257812,0.00045546889305114746,-0.001100778579711914,0.00029380619525909424
1742955473.0431554,7197,1742955473,42914081,ft_sensor0_wrench,0.28673553466796875,-0.08788108825683594,-0.025112628936767578,-0.0004824995994567871,-0.0015486925840377808,8.034706115722656e-05
1742955473.0497468,7198,1742955473,49597578,ft_sensor0_wrench,0.2362370491027832,-0.08744430541992188,-0.0020456314086914062,-4.151463508605957e-05,-0.0008048415184020996,-0.0006092637777328491
1742955473.056425,7199,1742955473,56264784,ft_sensor0_wrench,0.25432491302490234,-0.055850982666015625,-0.0020432472229003906,0.0004469156265258789,-0.0010871924459934235,-0.0003684908151626587
1742955473.0630796,7200,1742955473,62934658,ft_sensor0_wrench,0.27919578552246094,-0.039093017578125,-0.025424957275390625,0.0009347498416900635,-0.0018230564892292023,-0.00036115944385528564
1742955473.0696669,7201,1742955473,69604859,ft_sensor0_wrench,0.25432491302490234,-0.055850982666015625,-0.0020432472229003906,0.0004469156265258789,-0.0010871924459934235,-0.0003684908151626587
1742955473.0764372,7202,1742955473,76258600,ft_sensor0_wrench,0.2749176025390625,-0.055850982666015625,0.020852088928222656,0.0008734166622161865,-0.0013968013226985931,-0.00016073882579803467
1742955473.0830941,7203,1742955473,82934390,ft_sensor0_wrench,0.27178287506103516,-0.08766365051269531,-0.0021309852600097656,-4.875659942626953e-05,-0.001331564038991928,-0.0001605898141860962
1742955473.089672,7204,1742955473,89584783,ft_sensor0_wrench,0.2686471939086914,-0.119476318359375,-0.02511453628540039,-0.0009709298610687256,-0.001266341656446457,-0.00016042590141296387
1742955473.09642,7205,1742955473,96263959,ft_sensor0_wrench,0.25055932998657227,-0.15106964111328125,-0.025116920471191406,-0.001459360122680664,-0.000983990728855133,-0.0004011988639831543
1742955473.103162,7206,1742955473,102939942,ft_sensor0_wrench,0.30580615997314453,-0.15123748779296875,0.02281665802001953,-0.0019158422946929932,-0.001832764595746994,-0.00037279725074768066
1742955473.1096961,7207,1742955473,109584191,ft_sensor0_wrench,0.2861061096191406,-0.15128707885742188,-0.025202274322509766,-0.001466602087020874,-0.0015107057988643646,4.747509956359863e-05
1742955473.1163864,7208,1742955473,116249153,ft_sensor0_wrench,0.29901123046875,-0.10190963745117188,0.022749900817871094,-0.000490039587020874,-0.002120714634656906,-0.0001519918441772461
1742955473.1230989,7209,1742955473,122939980,ft_sensor0_wrench,0.24298429489135742,-0.16455841064453125,9.5367431640625e-05,-0.00188484787940979,-0.0012600049376487732,-0.00017899274826049805
1742955473.129654,7210,1742955473,129580250,ft_sensor0_wrench,0.27841758728027344,-0.10190963745117188,-0.00014543533325195312,-0.0009165704250335693,-0.0018111281096935272,-0.0003597438335418701
1742955473.1363108,7211,1742955473,136249524,ft_sensor0_wrench,0.2686471939086914,-0.119476318359375,-0.02511453628540039,-0.0009709298610687256,-0.001266341656446457,-0.00016042590141296387
1742955473.1430683,7212,1742955473,142918507,ft_sensor0_wrench,0.26927757263183594,-0.05607032775878906,-0.0250244140625,1.3142824172973633e-05,-0.0013043209910392761,-0.00012756884098052979
1742955473.1496432,7213,1742955473,149580753,ft_sensor0_wrench,0.2511892318725586,-0.08766365051269531,-0.025026321411132812,-0.00047528743743896484,-0.0010219700634479523,-0.0003683418035507202
1742955473.1562939,7214,1742955473,156246147,ft_sensor0_wrench,0.32153797149658203,-0.0886383056640625,-0.02544403076171875,-0.0004982948303222656,-0.0020618289709091187,-0.00013327598571777344
1742955473.1631014,7215,1742955473,162913886,ft_sensor0_wrench,0.2686471939086914,-0.119476318359375,-0.02511453628540039,-0.0009709298610687256,-0.001266341656446457,-0.00016042590141296387
1742955473.1696553,7216,1742955473,169582692,ft_sensor0_wrench,0.20897197723388672,-0.13547706604003906,-0.0014014244079589844,-0.0014429688453674316,-1.734122633934021e-05,4.5865774154663086e-05
1742955473.1763284,7217,1742955473,176248627,ft_sensor0_wrench,0.2719440460205078,-0.12274360656738281,-0.004049777984619141,-0.0006067454814910889,-0.00056404247879982,-0.000182226300239563
1742955473.183081,7218,1742955473,182938249,ft_sensor0_wrench,0.3034496307373047,-0.12023162841796875,-0.025445938110351562,-0.000986725091934204,-0.0017794780433177948,-0.00037404894828796387
1742955473.1896844,7219,1742955473,189595566,ft_sensor0_wrench,0.21325111389160156,-0.11871910095214844,-0.047678470611572266,-0.0013816654682159424,-0.0004436112940311432,-0.0001545548439025879
1742955473.1964355,7220,1742955473,196264715,ft_sensor0_wrench,0.2299656867980957,-0.15106964111328125,-0.04801225662231445,-0.0018858909606933594,-0.0006743967533111572,-0.0006089508533477783
1742955473.2031255,7221,1742955473,202931895,ft_sensor0_wrench,0.30328845977783203,-0.08515167236328125,-0.023527145385742188,-0.00042870640754699707,-0.002546984702348709,-0.00035241246223449707
1742955473.2096949,7222,1742955473,209581493,ft_sensor0_wrench,0.31160640716552734,-0.07112312316894531,-0.04849433898925781,5.334615707397461e-06,-0.0022845491766929626,8.767843246459961e-05
1742955473.2163079,7223,1742955473,216246674,ft_sensor0_wrench,0.28673553466796875,-0.08788108825683594,-0.025112628936767578,-0.0004824995994567871,-0.0015486925840377808,8.034706115722656e-05
1742955473.2230272,7224,1742955473,222913420,ft_sensor0_wrench,0.29666614532470703,-0.10539627075195312,-0.0020623207092285156,-0.0009861290454864502,-0.0013259649276733398,-0.00014060735702514648
1742955473.2296472,7225,1742955473,229581137,ft_sensor0_wrench,0.3283205032348633,-0.10347366333007812,-0.0488276481628418,-0.0004988610744476318,-0.0025153346359729767,-0.0003667175769805908
1742955473.2363172,7226,1742955473,236249193,ft_sensor0_wrench,0.38356971740722656,-0.10364151000976562,-0.0008945465087890625,-0.0009553730487823486,-0.0033641159534454346,-0.0003383159637451172
1742955473.243012,7227,1742955473,242913919,ft_sensor0_wrench,0.3338136672973633,-0.10266685485839844,0.02241802215576172,-0.0005058348178863525,-0.002633851021528244,-0.0003656148910522461
1742955473.249649,7228,1742955473,249580514,ft_sensor0_wrench,0.2437753677368164,-0.13623428344726562,-0.0017328262329101562,-0.0014587640762329102,-0.0005304776132106781,-0.00016775727272033691
1742955473.25632,7229,1742955473,256248926,ft_sensor0_wrench,0.25134849548339844,-0.12274551391601562,-0.026945114135742188,-0.0010332763195037842,-0.00025445595383644104,-0.00038996338844299316
1742955473.263085,7230,1742955473,262961064,ft_sensor0_wrench,0.2611198425292969,-0.1051788330078125,-0.001976490020751953,-0.0009788870811462402,-0.0007992424070835114,-0.0005892962217330933
1742955473.2696495,7231,1742955473,269583788,ft_sensor0_wrench,0.2724132537841797,-0.024257659912109375,-0.002041339874267578,0.0009353458881378174,-0.0013695433735847473,-0.00012771785259246826
1742955473.276373,7232,1742955473,276311547,ft_sensor0_wrench,0.30717992782592773,-0.08729171752929688,0.02315235137939453,-0.0009231865406036377,-0.0018843300640583038,0.0003223717212677002
1742955473.2830796,7233,1742955473,282968489,ft_sensor0_wrench,0.2935314178466797,-0.1372089385986328,-0.02504587173461914,-0.0019083023071289062,-0.0012607425451278687,-0.000140458345413208
1742955473.289644,7234,1742955473,289582260,ft_sensor0_wrench,0.24141883850097656,-0.10523033142089844,-0.04999542236328125,-0.0005296468734741211,-0.00047718361020088196,-0.00016900897026062012
1742955473.2964487,7235,1742955473,296326362,ft_sensor0_wrench,0.2649993896484375,-0.07282829284667969,0.02125263214111328,-4.8160552978515625e-05,-0.0008780509233474731,7.285177707672119e-05
1742955473.3030677,7236,1742955473,302926472,ft_sensor0_wrench,0.23777103424072266,-0.058582305908203125,-0.003628253936767578,0.00039312243461608887,-8.88928771018982e-05,6.426870822906494e-05
1742955473.3097222,7237,1742955473,309594413,ft_sensor0_wrench,0.24884510040283203,-0.09115219116210938,-0.04983854293823242,-0.000971376895904541,-0.00022722035646438599,-0.00035694241523742676
1742955473.3164163,7238,1742955473,316260979,ft_sensor0_wrench,0.25798511505126953,-0.1369915008544922,-0.024959564208984375,-0.001901090145111084,-0.0007340200245380402,-0.0005891323089599609
1742955473.3231187,7239,1742955473,322930513,ft_sensor0_wrench,0.26186370849609375,-0.10463905334472656,-0.0017309188842773438,-0.0009703338146209717,-0.000812828540802002,7.301568984985352e-05
1742955473.3296843,7240,1742955473,329585316,ft_sensor0_wrench,0.2898712158203125,-0.05606842041015625,-0.002129077911376953,0.00043967366218566895,-0.001613914966583252,8.018314838409424e-05
1742955473.3363554,7241,1742955473,336251970,ft_sensor0_wrench,0.3139638900756836,-0.1021270751953125,-0.00023174285888671875,-0.0009237825870513916,-0.002337843179702759,8.893013000488281e-05
1742955473.3430228,7242,1742955473,342915020,ft_sensor0_wrench,0.27100372314453125,-0.1504802703857422,0.023148059844970703,-0.0019000470638275146,-0.0013196282088756561,-0.00015917420387268066
1742955473.3496523,7243,1742955473,349580597,ft_sensor0_wrench,0.2437753677368164,-0.13623428344726562,-0.0017328262329101562,-0.0014587640762329102,-0.0005304776132106781,-0.00016775727272033691
1742955473.3563106,7244,1742955473,356246333,ft_sensor0_wrench,0.22945308685302734,-0.07261085510253906,0.021338462829589844,-4.0918588638305664e-05,-0.00035132840275764465,-0.00037582218647003174
1742955473.3630362,7245,1742955473,362915783,ft_sensor0_wrench,0.2537069320678711,-0.1537494659423828,0.021317005157470703,-0.0019623935222625732,-0.0003077499568462372,-0.00038871169090270996
1742955473.369642,7246,1742955473,369580596,ft_sensor0_wrench,0.25872802734375,-0.13645172119140625,-0.024713993072509766,-0.0018925070762634277,-0.0007476061582565308,7.316470146179199e-05
1742955473.3763232,7247,1742955473,376252005,ft_sensor0_wrench,0.20897197723388672,-0.13547706604003906,-0.0014014244079589844,-0.0014429688453674316,-1.734122633934021e-05,4.5865774154663086e-05
1742955473.3830705,7248,1742955473,382931605,ft_sensor0_wrench,0.22396087646484375,-0.07341957092285156,-0.04990720748901367,-3.400444984436035e-05,-0.00023281946778297424,-0.00037692487239837646
1742955473.3896568,7249,1742955473,389583724,ft_sensor0_wrench,0.2163858413696289,-0.08690643310546875,-0.02469491958618164,-0.00045949220657348633,-0.0005088336765766144,-0.00015471875667572021
1742955473.3964152,7250,1742955473,396264168,ft_sensor0_wrench,0.27841758728027344,-0.10190963745117188,-0.00014543533325195312,-0.0009165704250335693,-0.0018111281096935272,-0.0003597438335418701
1742955473.4031327,7251,1742955473,402934904,ft_sensor0_wrench,0.27476978302001953,-0.05526161193847656,0.046221256256103516,6.22868537902832e-06,-0.0014228373765945435,-0.00012646615505218506
1742955473.4097524,7252,1742955473,409582033,ft_sensor0_wrench,0.2642555236816406,-0.07336616516113281,0.021007061004638672,-5.671381950378418e-05,-0.0008644647896289825,-0.0005894452333450317
1742955473.4164867,7253,1742955473,416271158,ft_sensor0_wrench,0.2642555236816406,-0.07336616516113281,0.021007061004638672,-5.671381950378418e-05,-0.0008644647896289825,-0.0005894452333450317
1742955473.423099,7254,1742955473,422932901,ft_sensor0_wrench,0.29148387908935547,-0.08761215209960938,0.04588794708251953,-0.0004979968070983887,-0.0016536228358745575,-0.0005808621644973755
1742955473.4297495,7255,1742955473,429587836,ft_sensor0_wrench,0.33130836486816406,-0.07107162475585938,-0.0004754066467285156,-0.0004439055919647217,-0.002606615424156189,-0.0003325939178466797
1742955473.4363234,7256,1742955473,436248798,ft_sensor0_wrench,0.29351806640625,-0.10271644592285156,-0.048496246337890625,-0.000483095645904541,-0.002002198249101639,-0.00015309453010559082
1742955473.4430501,7257,1742955473,442913864,ft_sensor0_wrench,0.2686471939086914,-0.119476318359375,-0.02511453628540039,-0.0009709298610687256,-0.001266341656446457,-0.00016042590141296387
1742955473.4496663,7258,1742955473,449581354,ft_sensor0_wrench,0.2951321601867676,-0.1342601776123047,-0.00047969818115234375,-0.0014207661151885986,-0.0020419135689735413,-0.0008141398429870605
1742955473.4564717,7259,1742955473,456249623,ft_sensor0_wrench,0.2566814422607422,-0.08685684204101562,0.0462193489074707,-0.00048220157623291016,-0.0011404864490032196,-0.0003672391176223755
1742955473.4630995,7260,1742955473,462914420,ft_sensor0_wrench,0.2263174057006836,-0.10442161560058594,-0.0016446113586425781,-0.0009631216526031494,-0.00028610602021217346,-0.00037567317485809326
1742955473.4696567,7261,1742955473,469581415,ft_sensor0_wrench,0.2196826934814453,-0.09017753601074219,-0.0036301612854003906,-9.530782699584961e-05,0.00019345805048942566,-0.0001765042543411255
1742955473.4764438,7262,1742955473,476262684,ft_sensor0_wrench,0.26126813888549805,-0.10576820373535156,-0.027346134185791016,-0.00011169910430908203,-0.0007731914520263672,-0.0006235688924789429
1742955473.4831321,7263,1742955473,482931170,ft_sensor0_wrench,0.24691104888916016,-0.10442161560058594,0.02125072479248047,-0.0005365908145904541,-0.0005956999957561493,-0.00016792118549346924
1742955473.4896538,7264,1742955473,489581144,ft_sensor0_wrench,0.2649993896484375,-0.07282829284667969,0.02125263214111328,-4.8160552978515625e-05,-0.0008780509233474731,7.285177707672119e-05
1742955473.4963143,7265,1742955473,496248367,ft_sensor0_wrench,0.30419445037841797,-0.11969184875488281,-0.025200366973876953,-0.0009781718254089355,-0.0017930567264556885,0.00028824806213378906
1742955473.5030725,7266,1742955473,502930615,ft_sensor0_wrench,0.2437753677368164,-0.13623428344726562,-0.0017328262329101562,-0.0014587640762329102,-0.0005304776132106781,-0.00016775727272033691
1742955473.5096538,7267,1742955473,509587120,ft_sensor0_wrench,0.2634773254394531,-0.1361827850341797,0.04628610610961914,-0.0019080042839050293,-0.0008525364100933075,-0.0005880296230316162
1742955473.516382,7268,1742955473,516266968,ft_sensor0_wrench,0.29889678955078125,-0.039043426513671875,0.022594451904296875,0.00048547983169555664,-0.0021451152861118317,-0.0007814317941665649
1742955473.5230074,7269,1742955473,522915192,ft_sensor0_wrench,0.22316884994506836,-0.10174179077148438,-0.04807901382446289,-0.00046005845069885254,-0.0009623467922210693,-0.0003881603479385376
1742955473.5296633,7270,1742955473,529582607,ft_sensor0_wrench,0.2511892318725586,-0.08766365051269531,-0.025026321411132812,-0.00047528743743896484,-0.0010219700634479523,-0.0003683418035507202
1742955473.5363793,7271,1742955473,536247305,ft_sensor0_wrench,0.25197887420654297,-0.05933952331542969,-0.02685546875,-4.9173831939697266e-05,-0.0002924427390098572,-0.0003571063280105591
1742955473.54302,7272,1742955473,542914743,ft_sensor0_wrench,0.24884510040283203,-0.09115219116210938,-0.04983854293823242,-0.000971376895904541,-0.00022722035646438599,-0.00035694241523742676
1742955473.5496948,7273,1742955473,549583108,ft_sensor0_wrench,0.28568077087402344,-0.10701179504394531,-0.14455413818359375,-0.0009722411632537842,-0.0010889321565628052,-0.00014281272888183594
1742955473.55641,7274,1742955473,556263196,ft_sensor0_wrench,0.26583051681518555,-0.10647392272949219,-0.16720342636108398,-0.0013901889324188232,-0.0007929094135761261,0.0003117471933364868
1742955473.5630043,7275,1742955473,562928372,ft_sensor0_wrench,0.2007126808166504,-0.09549903869628906,-0.21680974960327148,-0.0014378130435943604,0.0013177208602428436,-0.0001341402530670166
1742955473.5697205,7276,1742955473,569580474,ft_sensor0_wrench,0.21644306182861328,-0.032901763916015625,-0.26507043838500977,-2.0265579223632812e-05,0.001088663935661316,0.00010538101196289062
1742955473.5764244,7277,1742955473,576262340,ft_sensor0_wrench,0.1595921516418457,-0.03568458557128906,-0.3375697135925293,-5.131959915161133e-05,0.0027186162769794464,0.0007506608963012695
1742955473.583112,7278,1742955473,582926567,ft_sensor0_wrench,0.18576765060424805,-0.069061279296875,-0.4321303367614746,-0.0009823143482208252,0.002389226108789444,0.0005360990762710571
1742955473.5896764,7279,1742955473,589581702,ft_sensor0_wrench,0.1676797866821289,-0.10065460205078125,-0.4321327209472656,-0.0014707446098327637,0.002671577036380768,0.0002953261137008667
1742955473.5964332,7280,1742955473,596267802,ft_sensor0_wrench,0.1355891227722168,-0.02381134033203125,-0.5281686782836914,-3.844499588012695e-05,0.003541272133588791,0.0003184974193572998
1742955473.6030843,7281,1742955473,602929268,ft_sensor0_wrench,0.14077091217041016,-0.041595458984375,-0.5761189460754395,-0.0005265772342681885,0.0038689300417900085,0.0007587522268295288
1742955473.6096551,7282,1742955473,609582727,ft_sensor0_wrench,0.11781978607177734,-0.010593414306640625,-0.6472768783569336,-2.4020671844482422e-05,0.0042318254709243774,0.0005497485399246216
1742955473.6164837,7283,1742955473,616246098,ft_sensor0_wrench,0.05578899383544922,0.0044097900390625,-0.6718258857727051,0.0004330575466156006,0.00553411990404129,0.0007547885179519653
1742955473.6230516,7284,1742955473,622914633,ft_sensor0_wrench,0.11483335494995117,-0.04299354553222656,-0.6956291198730469,-7.897615432739258e-05,0.00432310625910759,0.0005156248807907104
1742955473.6296475,7285,1742955473,629581443,ft_sensor0_wrench,0.06712484359741211,-0.09161567687988281,-0.7432494163513184,-0.001039743423461914,0.005446251481771469,0.0009287148714065552
1742955473.6363373,7286,1742955473,636261973,ft_sensor0_wrench,0.07453680038452148,-0.04304695129394531,-0.7665433883666992,-5.6236982345581055e-05,0.004954759031534195,0.0007281452417373657
1742955473.643103,7287,1742955473,642931305,ft_sensor0_wrench,0.10604429244995117,-0.04053306579589844,-0.7879395484924316,-0.0004362165927886963,0.003739330917596817,0.000536307692527771
1742955473.6497245,7288,1742955473,649582132,ft_sensor0_wrench,0.07218027114868164,-0.012041091918945312,-0.8148059844970703,0.0008728504180908203,0.005008053034543991,0.0007268935441970825
1742955473.6564503,7289,1742955473,656275215,ft_sensor0_wrench,0.007013797760009766,-0.028850555419921875,-0.8623385429382324,0.00040775537490844727,0.006375569850206375,0.0009320825338363647
1742955473.663109,7290,1742955473,662927950,ft_sensor0_wrench,0.0038781166076660156,-0.06066322326660156,-0.8853216171264648,-0.0005144178867340088,0.006440792232751846,0.0009322464466094971
1742955473.6696966,7291,1742955473,669578902,ft_sensor0_wrench,-0.027858257293701172,-0.14217376708984375,-0.9335215091705322,-0.0019879937171936035,0.007346745580434799,0.00022864341735839844
1742955473.676413,7292,1742955473,676264814,ft_sensor0_wrench,-0.005343914031982422,-0.09441375732421875,-1.0051658153533936,-0.0005710422992706299,0.0066641755402088165,0.00023470818996429443
1742955473.6830864,7293,1742955473,682931254,ft_sensor0_wrench,0.009608268737792969,-0.09463119506835938,-1.0281469821929932,-0.0010047554969787598,0.006447046995162964,0.00047563016414642334
1742955473.6896777,7294,1742955473,689579518,ft_sensor0_wrench,-0.015735149383544922,-0.09490013122558594,-1.122042179107666,-0.0014158189296722412,0.006861578673124313,0.0009290874004364014
1742955473.696377,7295,1742955473,696246837,ft_sensor0_wrench,-0.03538846969604492,-0.06716537475585938,-1.1721351146697998,-0.0005490481853485107,0.007926750928163528,0.0006982982158660889
1742955473.7030578,7296,1742955473,702936705,ft_sensor0_wrench,-0.10494661331176758,-0.037868499755859375,-1.173546314239502,-9.998679161071777e-05,0.00969613716006279,0.0004744678735733032
1742955473.7097006,7297,1742955473,709579433,ft_sensor0_wrench,-0.08556795120239258,-0.021917343139648438,-1.2681739330291748,0.0003948211669921875,0.009078804403543472,0.00048069655895233154
1742955473.716385,7298,1742955473,716247790,ft_sensor0_wrench,-0.07375144958496094,-0.05394744873046875,-1.314138412475586,-0.0009611248970031738,0.00892689824104309,0.0007217824459075928
1742955473.723024,7299,1742955473,722912669,ft_sensor0_wrench,-0.16995620727539062,0.025217056274414062,-1.3382658958435059,0.0004958510398864746,0.010704342275857925,0.0011733174324035645
1742955473.7297223,7300,1742955473,729580047,ft_sensor0_wrench,-0.13326787948608398,0.009944915771484375,-1.4076118469238281,-0.00037223100662231445,0.009816586971282959,0.0014217197895050049
1742955473.7363145,7301,1742955473,736248093,ft_sensor0_wrench,-0.18348217010498047,-0.0070819854736328125,-1.4781255722045898,-0.0012710988521575928,0.010966973379254341,0.0018678456544876099
1742955473.7430565,7302,1742955473,742933890,ft_sensor0_wrench,-0.2642216682434082,-0.006595611572265625,-1.5945844650268555,-0.0020928680896759033,0.012204241007566452,0.002327173948287964
1742955473.7496595,7303,1742955473,749582589,ft_sensor0_wrench,-0.22675466537475586,0.04094696044921875,-1.6892099380493164,-0.0011096596717834473,0.011304542422294617,0.0025741904973983765
1742955473.7563496,7304,1742955473,756273387,ft_sensor0_wrench,-0.26703834533691406,0.006404876708984375,-1.736673355102539,-0.0025121569633483887,0.012677665799856186,0.0027993470430374146
1742955473.7630608,7305,1742955473,762924285,ft_sensor0_wrench,-0.29708290100097656,0.03365135192871094,-1.9036428928375244,-0.0024901628494262695,0.013940256088972092,0.003262922167778015
1742955473.7696962,7306,1742955473,769580544,ft_sensor0_wrench,-0.34432315826416016,0.08351516723632812,-1.9492545127868652,-0.001908808946609497,0.014257898554205894,0.0037305355072021484
1742955473.7764065,7307,1742955473,776293220,ft_sensor0_wrench,-0.36052608489990234,0.03740692138671875,-2.0182714462280273,-0.003249526023864746,0.014165615662932396,0.0039517879486083984
1742955473.7831411,7308,1742955473,782942287,ft_sensor0_wrench,-0.44283103942871094,0.09722137451171875,-2.184821128845215,-0.0027160942554473877,0.016185706481337547,0.00442110002040863
1742955473.7896938,7309,1742955473,789581422,ft_sensor0_wrench,-0.37968921661376953,0.15535545349121094,-2.2812066078186035,-0.0022441744804382324,0.016021154820919037,0.00469931960105896
1742955473.7963717,7310,1742955473,796247804,ft_sensor0_wrench,-0.4353957176208496,0.13751983642578125,-2.4229660034179688,-0.0031360983848571777,0.017290066927671432,0.005144327878952026
1742955473.8030891,7311,1742955473,802933911,ft_sensor0_wrench,-0.5033788681030273,0.1337108612060547,-2.6125869750976562,-0.004020482301712036,0.0191310066729784,0.005821689963340759
1742955473.8097684,7312,1742955473,809582525,ft_sensor0_wrench,-0.4937577247619629,0.09760284423828125,-2.708733081817627,-0.005005329847335815,0.019799908623099327,0.006039872765541077
1742955473.8163629,7313,1742955473,816248736,ft_sensor0_wrench,-0.5306668281555176,0.06009674072265625,-2.9472837448120117,-0.0059690773487091064,0.02123258076608181,0.0058071911334991455
1742955473.8230581,7314,1742955473,822911943,ft_sensor0_wrench,-0.5885348320007324,0.10046005249023438,-3.1647496223449707,-0.0046471357345581055,0.02332395873963833,0.005565613508224487
1742955473.8296397,7315,1742955473,829578277,ft_sensor0_wrench,-0.5897388458251953,0.027654647827148438,-3.4053049087524414,-0.006176114082336426,0.024997422471642494,0.0057599544525146484
1742955473.836386,7316,1742955473,836270810,ft_sensor0_wrench,-0.6583037376403809,-0.011774063110351562,-3.597090721130371,-0.00762706995010376,0.027619462460279465,0.005753383040428162
1742955473.843096,7317,1742955473,842936077,ft_sensor0_wrench,-0.603126049041748,-0.0653076171875,-3.8824243545532227,-0.009048163890838623,0.027341648936271667,0.005763232707977295
1742955473.8497746,7318,1742955473,849583125,ft_sensor0_wrench,-0.687629222869873,-0.009571075439453125,-4.099155426025391,-0.008143633604049683,0.03018254041671753,0.006209641695022583
1742955473.8563104,7319,1742955473,856247283,ft_sensor0_wrench,-0.7393674850463867,-0.029241561889648438,-4.406387805938721,-0.00945541262626648,0.031471364200115204,0.006893381476402283
1742955473.8630579,7320,1742955473,862913404,ft_sensor0_wrench,-0.8439517021179199,-0.05196380615234375,-4.715364456176758,-0.010822325944900513,0.03429879993200302,0.0068989098072052
1742955473.8696966,7321,1742955473,869578798,ft_sensor0_wrench,-0.9348855018615723,-0.024770736694335938,-4.9761433601379395,-0.011204153299331665,0.03650262951850891,0.00736728310585022
1742955473.8763695,7322,1742955473,876247337,ft_sensor0_wrench,-1.0486564636230469,-0.029439926147460938,-5.307924270629883,-0.012058883905410767,0.039093755185604095,0.008256062865257263
1742955473.8830535,7323,1742955473,882927887,ft_sensor0_wrench,-1.0781922340393066,0.03432464599609375,-5.659512996673584,-0.012262880802154541,0.03890645131468773,0.00900179147720337
1742955473.8897767,7324,1742955473,889580145,ft_sensor0_wrench,-1.24501371383667,0.03389930725097656,-5.9890456199646,-0.013032257556915283,0.04152554273605347,0.009885057806968689
1742955473.8964,7325,1742955473,896246371,ft_sensor0_wrench,-1.3468313217163086,0.08536720275878906,-6.26912784576416,-0.012778520584106445,0.04200959578156471,0.010584786534309387
1742955473.9030943,7326,1742955473,902936586,ft_sensor0_wrench,-1.4311790466308594,0.07052803039550781,-6.525847434997559,-0.014445662498474121,0.04299076274037361,0.011505037546157837
1742955473.909781,7327,1742955473,909591977,ft_sensor0_wrench,-1.4751133918762207,0.14334487915039062,-6.788695335388184,-0.01347842812538147,0.04486508294939995,0.012862011790275574
1742955473.9164119,7328,1742955473,916245666,ft_sensor0_wrench,-1.4697599411010742,0.11670303344726562,-7.076866149902344,-0.014502853155136108,0.04681463539600372,0.014191776514053345
1742955473.9230533,7329,1742955473,922916544,ft_sensor0_wrench,-1.5508103370666504,0.09859657287597656,-7.312520503997803,-0.015805810689926147,0.04849809780716896,0.015090256929397583
1742955473.9296556,7330,1742955473,929580018,ft_sensor0_wrench,-1.6343441009521484,0.20885276794433594,-7.620044231414795,-0.013778895139694214,0.04946896806359291,0.015345394611358643
1742955473.9363973,7331,1742955473,936247623,ft_sensor0_wrench,-1.734743595123291,0.14731788635253906,-7.971149444580078,-0.015919536352157593,0.05038391053676605,0.016452640295028687
1742955473.9431083,7332,1742955473,942934909,ft_sensor0_wrench,-1.8569941520690918,0.16370201110839844,-8.276044845581055,-0.016650289297103882,0.05194506794214249,0.0169229656457901
1742955473.9497557,7333,1742955473,949580104,ft_sensor0_wrench,-2.0099196434020996,0.19818878173828125,-8.601517677307129,-0.01817116141319275,0.053567055612802505,0.017440780997276306
1742955473.9564233,7334,1742955473,956258278,ft_sensor0_wrench,-2.052426338195801,0.29274940490722656,-8.880722045898438,-0.019232630729675293,0.05424714833498001,0.019349992275238037
1742955473.963053,7335,1742955473,962927993,ft_sensor0_wrench,-2.112440586090088,0.3913383483886719,-9.15776538848877,-0.020215988159179688,0.05442848801612854,0.021702364087104797
1742955473.9697194,7336,1742955473,969581013,ft_sensor0_wrench,-2.233031749725342,0.5084667205810547,-9.409421920776367,-0.02112191915512085,0.05510489270091057,0.0236203670501709
1742955473.9763968,7337,1742955473,976258775,ft_sensor0_wrench,-2.2862110137939453,0.5050277709960938,-9.596654891967773,-0.02330726385116577,0.056702643632888794,0.02457292377948761
1742955473.983078,7338,1742955473,982925332,ft_sensor0_wrench,-2.386333465576172,0.6045379638671875,-9.733755111694336,-0.023004859685897827,0.05743042379617691,0.025541305541992188
1742955473.989641,7339,1742955473,989579671,ft_sensor0_wrench,-2.4404869079589844,0.5618667602539062,-9.848875045776367,-0.02382674813270569,0.057175058871507645,0.02596370130777359
1742955473.9963183,7340,1742955473,996246907,ft_sensor0_wrench,-2.4769034385681152,0.5941658020019531,-9.896559715270996,-0.022873252630233765,0.05772790685296059,0.026838377118110657
1742955474.00303,7341,1742955474,2914612,ft_sensor0_wrench,-2.356877326965332,0.6526222229003906,-9.969889640808105,-0.021973520517349243,0.05671343952417374,0.02843531221151352
1742955474.0097167,7342,1742955474,9580493,ft_sensor0_wrench,-2.4352731704711914,0.6565990447998047,-10.06153678894043,-0.02229917049407959,0.05715595558285713,0.028883248567581177
1742955474.0163534,7343,1742955474,16245895,ft_sensor0_wrench,-2.560405731201172,0.5514965057373047,-10.176328659057617,-0.02408212423324585,0.05797841399908066,0.0290377140045166
1742955474.0230908,7344,1742955474,22926642,ft_sensor0_wrench,-2.618529796600342,0.5713710784912109,-10.387727737426758,-0.02303728461265564,0.0578160434961319,0.03011990338563919
1742955474.0297117,7345,1742955474,29579633,ft_sensor0_wrench,-2.6675045490264893,0.6258888244628906,-10.666065216064453,-0.02272835373878479,0.05676151067018509,0.03149784356355667
1742955474.0364199,7346,1742955474,36267598,ft_sensor0_wrench,-2.844778060913086,0.6859474182128906,-10.987367630004883,-0.023162811994552612,0.056853681802749634,0.03333068639039993
1742955474.0430675,7347,1742955474,42931477,ft_sensor0_wrench,-3.0553905963897705,0.6615467071533203,-11.381436347961426,-0.02555835247039795,0.058632995933294296,0.03513360768556595
1742955474.0498137,7348,1742955474,49596518,ft_sensor0_wrench,-3.0299060344696045,0.73187255859375,-11.855805397033691,-0.025885701179504395,0.05956625938415527,0.03765984624624252
1742955474.0564663,7349,1742955474,56290840,ft_sensor0_wrench,-3.268812894821167,0.7370777130126953,-12.417646408081055,-0.026904523372650146,0.06185302510857582,0.03921838849782944
1742955474.0631056,7350,1742955474,62960182,ft_sensor0_wrench,-3.4948134422302246,0.7916603088378906,-12.931535720825195,-0.02694675326347351,0.06352975964546204,0.040577471256256104
1742955474.069665,7351,1742955474,69585005,ft_sensor0_wrench,-3.6348042488098145,0.7937850952148438,-13.565618515014648,-0.028005987405776978,0.06439563632011414,0.04149404168128967
1742955474.0763938,7352,1742955474,76250264,ft_sensor0_wrench,-3.707188606262207,0.8070411682128906,-14.15542221069336,-0.028714925050735474,0.06536386907100677,0.04351962357759476
1742955474.0831287,7353,1742955474,82952903,ft_sensor0_wrench,-3.8211114406585693,0.8636741638183594,-14.723587036132812,-0.02898991107940674,0.0680418610572815,0.04534120112657547
1742955474.089811,7354,1742955474,89580981,ft_sensor0_wrench,-3.9776554107666016,0.863067626953125,-15.359251976013184,-0.030102908611297607,0.06990603357553482,0.04669053852558136
1742955474.0963387,7355,1742955474,96264823,ft_sensor0_wrench,-4.080323696136475,0.7983512878417969,-15.947322845458984,-0.032665103673934937,0.0709729865193367,0.047373101115226746
1742955474.1030195,7356,1742955474,102915773,ft_sensor0_wrench,-4.116541385650635,0.8485736846923828,-16.29882049560547,-0.03241884708404541,0.07052212953567505,0.048969075083732605
1742955474.1097238,7357,1742955474,109579791,ft_sensor0_wrench,-4.185375690460205,0.8231487274169922,-16.507991790771484,-0.032721638679504395,0.07014896720647812,0.05027361959218979
1742955474.116407,7358,1742955474,116248967,ft_sensor0_wrench,-4.261265754699707,0.7955303192138672,-16.57674789428711,-0.033109188079833984,0.07056424021720886,0.05068852752447128
1742955474.1231613,7359,1742955474,122970740,ft_sensor0_wrench,-4.208449840545654,0.7718009948730469,-16.51140785217285,-0.0328831672668457,0.07165124267339706,0.0515349805355072
1742955474.129707,7360,1742955474,129588708,ft_sensor0_wrench,-4.057116985321045,0.8148460388183594,-16.302318572998047,-0.031656116247177124,0.07042504847049713,0.05221877992153168
1742955474.1364274,7361,1742955474,136276654,ft_sensor0_wrench,-4.011519908905029,0.8240013122558594,-16.094646453857422,-0.030956894159317017,0.0715329721570015,0.05219721794128418
1742955474.1430798,7362,1742955474,142934648,ft_sensor0_wrench,-4.015326023101807,0.7907581329345703,-15.93109130859375,-0.031094998121261597,0.07228056341409683,0.05193684250116348
1742955474.149704,7363,1742955474,149601445,ft_sensor0_wrench,-3.916294574737549,0.7248134613037109,-16.003177642822266,-0.03211095929145813,0.07088406383991241,0.05192431062459946
1742955474.1563594,7364,1742955474,156259817,ft_sensor0_wrench,-3.981898307800293,0.7867679595947266,-16.193510055541992,-0.030656546354293823,0.07193191349506378,0.05192657560110092
1742955474.1630194,7365,1742955474,162945757,ft_sensor0_wrench,-3.9666993618011475,0.8322563171386719,-16.522380828857422,-0.03137993812561035,0.07145420461893082,0.052237726747989655
1742955474.169671,7366,1742955474,169579491,ft_sensor0_wrench,-4.028002738952637,0.9027004241943359,-16.97384262084961,-0.03126773238182068,0.0736716240644455,0.05296338349580765
1742955474.1763067,7367,1742955474,176246322,ft_sensor0_wrench,-3.997953176498413,0.9220829010009766,-17.448881149291992,-0.033046573400497437,0.07493358850479126,0.053281910717487335
1742955474.182971,7368,1742955474,182912981,ft_sensor0_wrench,-4.011650085449219,1.0152568817138672,-17.975914001464844,-0.032595306634902954,0.07798466086387634,0.05336090922355652
1742955474.189645,7369,1742955474,189581658,ft_sensor0_wrench,-3.9519777297973633,0.9974021911621094,-18.549816131591797,-0.034073829650878906,0.07964557409286499,0.05340879410505295
1742955474.196333,7370,1742955474,196248649,ft_sensor0_wrench,-3.8986313343048096,1.01239013671875,-19.006511688232422,-0.034203410148620605,0.08133988082408905,0.053216688334941864
1742955474.2030523,7371,1742955474,202913386,ft_sensor0_wrench,-3.878474235534668,0.9965877532958984,-19.414857864379883,-0.035254865884780884,0.08350760489702225,0.0525771826505661
1742955474.2096517,7372,1742955474,209581032,ft_sensor0_wrench,-3.8627560138702393,0.9991111755371094,-19.775007247924805,-0.03580966591835022,0.08533408492803574,0.05215972661972046
1742955474.2163973,7373,1742955474,216259839,ft_sensor0_wrench,-3.833545207977295,0.9716567993164062,-19.969772338867188,-0.03644022345542908,0.08689628541469574,0.051711440086364746
1742955474.2230632,7374,1742955474,222934971,ft_sensor0_wrench,-3.7606430053710938,0.9126110076904297,-20.095855712890625,-0.03627961874008179,0.08781204372644424,0.05164562910795212
1742955474.2296612,7375,1742955474,229583069,ft_sensor0_wrench,-3.6749932765960693,0.8230514526367188,-20.056798934936523,-0.036203354597091675,0.08847710490226746,0.050886690616607666
1742955474.2364044,7376,1742955474,236268886,ft_sensor0_wrench,-3.5907955169677734,0.7842140197753906,-19.921194076538086,-0.03557544946670532,0.08870966732501984,0.050383925437927246
1742955474.2430556,7377,1742955474,242913694,ft_sensor0_wrench,-3.5122504234313965,0.7796497344970703,-19.854915618896484,-0.03438258171081543,0.08829319477081299,0.04990171641111374
1742955474.2496727,7378,1742955474,249581237,ft_sensor0_wrench,-3.53253436088562,0.7439804077148438,-19.905099868774414,-0.034499943256378174,0.08939635753631592,0.0496380478143692
1742955474.256323,7379,1742955474,256259358,ft_sensor0_wrench,-3.598755121231079,0.7080402374267578,-20.07207489013672,-0.03545480966567993,0.09122365713119507,0.04962008446455002
1742955474.262988,7380,1742955474,262913171,ft_sensor0_wrench,-3.580590009689331,0.7399368286132812,-20.284221649169922,-0.03489178419113159,0.09029854834079742,0.04942479729652405
1742955474.2696278,7381,1742955474,269578995,ft_sensor0_wrench,-3.671917676925659,0.7232151031494141,-20.61267852783203,-0.03656908869743347,0.09142538905143738,0.04901935160160065
1742955474.2763019,7382,1742955474,276247447,ft_sensor0_wrench,-3.688338041305542,0.8290576934814453,-20.920307159423828,-0.03593707084655762,0.09213870018720627,0.04889292269945145
1742955474.28297,7383,1742955474,282913308,ft_sensor0_wrench,-3.7003543376922607,0.8542995452880859,-21.250606536865234,-0.03764450550079346,0.09319160878658295,0.0492081344127655
1742955474.28964,7384,1742955474,289580425,ft_sensor0_wrench,-3.71755313873291,0.8973255157470703,-21.532958984375,-0.0388636589050293,0.09391684830188751,0.04908311367034912
1742955474.296328,7385,1742955474,296248219,ft_sensor0_wrench,-3.7594873905181885,0.9574985504150391,-21.840744018554688,-0.038278400897979736,0.09466253221035004,0.048903822898864746
1742955474.30306,7386,1742955474,302938444,ft_sensor0_wrench,-3.8011057376861572,0.9120159149169922,-22.190441131591797,-0.04082271456718445,0.09431600570678711,0.04917676001787186
1742955474.3096282,7387,1742955474,309580361,ft_sensor0_wrench,-3.954636812210083,0.9798660278320312,-22.56497573852539,-0.04005974531173706,0.0952361598610878,0.04898534715175629
1742955474.3163207,7388,1742955474,316246521,ft_sensor0_wrench,-4.013888359069824,1.0357685089111328,-22.936115264892578,-0.04012531042098999,0.0936250388622284,0.04905937612056732
1742955474.323048,7389,1742955474,322916203,ft_sensor0_wrench,-4.152102470397949,1.0255279541015625,-23.377613067626953,-0.04250812530517578,0.09397896379232407,0.04891004413366318
1742955474.3297164,7390,1742955474,329580056,ft_sensor0_wrench,-4.271289825439453,1.0746192932128906,-23.846309661865234,-0.043109357357025146,0.09480611979961395,0.04897843301296234
1742955474.3363936,7391,1742955474,336246918,ft_sensor0_wrench,-4.396307945251465,1.1317920684814453,-24.295368194580078,-0.04384186863899231,0.0975838303565979,0.04926987737417221
1742955474.343032,7392,1742955474,342916343,ft_sensor0_wrench,-4.358547687530518,1.2528266906738281,-24.697956085205078,-0.04273083806037903,0.09716664999723434,0.04893604665994644
1742955474.349681,7393,1742955474,349586414,ft_sensor0_wrench,-4.286175727844238,1.2309341430664062,-24.95816421508789,-0.044539302587509155,0.09659400582313538,0.04855864495038986
1742955474.3563209,7394,1742955474,356248606,ft_sensor0_wrench,-4.261952877044678,1.2379894256591797,-25.009857177734375,-0.04467090964317322,0.09813635051250458,0.04922926425933838
1742955474.3630016,7395,1742955474,362927690,ft_sensor0_wrench,-4.183867454528809,1.215423583984375,-25.03740692138672,-0.044826358556747437,0.09814003109931946,0.04922046512365341
1742955474.3696442,7396,1742955474,369582483,ft_sensor0_wrench,-4.0853118896484375,1.1752376556396484,-24.950397491455078,-0.04377371072769165,0.09819510579109192,0.04826205223798752
1742955474.3763418,7397,1742955474,376285102,ft_sensor0_wrench,-3.996102809906006,1.0732154846191406,-24.76900863647461,-0.043269574642181396,0.09837314486503601,0.04769325256347656
1742955474.383036,7398,1742955474,382929193,ft_sensor0_wrench,-3.9497408866882324,0.9749507904052734,-24.67934799194336,-0.04309844970703125,0.09846699237823486,0.04802105575799942
1742955474.389731,7399,1742955474,389580532,ft_sensor0_wrench,-3.9957008361816406,0.9286880493164062,-24.727771759033203,-0.04270440340042114,0.09883502125740051,0.04772619158029556
1742955474.396423,7400,1742955474,396268852,ft_sensor0_wrench,-4.068526744842529,0.9337787628173828,-24.9603271484375,-0.042962461709976196,0.09851627051830292,0.04773916304111481
1742955474.40309,7401,1742955474,402932812,ft_sensor0_wrench,-4.201056957244873,1.0665206909179688,-25.47329330444336,-0.042448610067367554,0.0983939990401268,0.04742088168859482
1742955474.409692,7402,1742955474,409589211,ft_sensor0_wrench,-4.374780654907227,1.1095046997070312,-26.216602325439453,-0.044973552227020264,0.09750343859195709,0.04756581038236618
1742955474.4164426,7403,1742955474,416258415,ft_sensor0_wrench,-4.579292297363281,1.1791973114013672,-27.127124786376953,-0.04748499393463135,0.09788902848958969,0.04751202464103699
1742955474.4230628,7404,1742955474,422914955,ft_sensor0_wrench,-4.84975528717041,1.2392463684082031,-28.045284271240234,-0.048873960971832275,0.10153985023498535,0.047156691551208496
1742955474.4297297,7405,1742955474,429607525,ft_sensor0_wrench,-4.8556928634643555,1.2478580474853516,-28.847591400146484,-0.05091172456741333,0.1016213670372963,0.04770234227180481
1742955474.436325,7406,1742955474,436247527,ft_sensor0_wrench,-4.7763800621032715,1.2367610931396484,-29.394855499267578,-0.05183187127113342,0.10147564858198166,0.04796838015317917
1742955474.443048,7407,1742955474,442915031,ft_sensor0_wrench,-4.7541279792785645,1.2394523620605469,-29.7342529296875,-0.050650596618652344,0.10322213172912598,0.048145756125450134
1742955474.4497216,7408,1742955474,449582609,ft_sensor0_wrench,-4.692692756652832,1.1690597534179688,-29.88180160522461,-0.05042102932929993,0.10319922864437103,0.04762735962867737
1742955474.4563384,7409,1742955474,456247375,ft_sensor0_wrench,-4.710793495178223,1.1719589233398438,-29.905258178710938,-0.04948422312736511,0.10274010896682739,0.0473739430308342
1742955474.4629638,7410,1742955474,462915903,ft_sensor0_wrench,-4.826986312866211,1.1180667877197266,-29.806625366210938,-0.04987075924873352,0.1029326394200325,0.04709022492170334
1742955474.469643,7411,1742955474,469580527,ft_sensor0_wrench,-4.875546455383301,1.1020946502685547,-29.727310180664062,-0.050077974796295166,0.10060194134712219,0.047747284173965454
1742955474.4763036,7412,1742955474,476247165,ft_sensor0_wrench,-4.9297003746032715,1.1136817932128906,-29.695941925048828,-0.05072784423828125,0.0991068184375763,0.04778645187616348
1742955474.4830832,7413,1742955474,482935602,ft_sensor0_wrench,-4.982391834259033,1.2092952728271484,-29.706459045410156,-0.05156370997428894,0.09641911089420319,0.047714151442050934
1742955474.489664,7414,1742955474,489583444,ft_sensor0_wrench,-5.136530876159668,1.313995361328125,-30.002971649169922,-0.05284425616264343,0.09649358689785004,0.04764721542596817
1742955474.4963338,7415,1742955474,496248793,ft_sensor0_wrench,-5.2333526611328125,1.4114341735839844,-30.517940521240234,-0.05289572477340698,0.0966121256351471,0.04775597155094147
1742955474.5030487,7416,1742955474,502931701,ft_sensor0_wrench,-5.324020862579346,1.3763771057128906,-31.20287322998047,-0.054103851318359375,0.09755488485097885,0.047981634736061096
1742955474.5096598,7417,1742955474,509580965,ft_sensor0_wrench,-5.393227577209473,1.3699474334716797,-32.07888412475586,-0.054384827613830566,0.0982748419046402,0.04799021780490875
1742955474.5163908,7418,1742955474,516267556,ft_sensor0_wrench,-5.361512660980225,1.3185501098632812,-33.057926177978516,-0.05452033877372742,0.09985094517469406,0.047952800989151
1742955474.5231001,7419,1742955474,522931207,ft_sensor0_wrench,-5.317657947540283,1.2192249298095703,-33.940284729003906,-0.05695590376853943,0.10157043486833572,0.0477299764752388
1742955474.529678,7420,1742955474,529580215,ft_sensor0_wrench,-5.242486000061035,1.1849708557128906,-34.63204574584961,-0.05887043476104736,0.10269281268119812,0.04712194949388504
1742955474.5363698,7421,1742955474,536247787,ft_sensor0_wrench,-5.192435264587402,1.203226089477539,-35.109806060791016,-0.05936408042907715,0.10368482768535614,0.046951644122600555
1742955474.5430593,7422,1742955474,542944176,ft_sensor0_wrench,-5.156320095062256,1.2328166961669922,-35.273136138916016,-0.06060510873794556,0.10319280624389648,0.047044046223163605
1742955474.5496764,7423,1742955474,549584004,ft_sensor0_wrench,-5.238774299621582,1.3474807739257812,-35.26782989501953,-0.06076681613922119,0.10394707322120667,0.04716441035270691
1742955474.5563247,7424,1742955474,556251223,ft_sensor0_wrench,-5.309263229370117,1.4837913513183594,-35.1873779296875,-0.06124526262283325,0.10333577543497086,0.04710834473371506
1742955474.562992,7425,1742955474,562933495,ft_sensor0_wrench,-5.41159725189209,1.5717735290527344,-35.02794647216797,-0.06243512034416199,0.10016296803951263,0.04725494980812073
1742955474.5696528,7426,1742955474,569581905,ft_sensor0_wrench,-5.670957565307617,1.65869140625,-35.106781005859375,-0.06269097328186035,0.09945148229598999,0.04689384996891022
1742955474.5763078,7427,1742955474,576248808,ft_sensor0_wrench,-5.836050033569336,1.7138862609863281,-35.352149963378906,-0.06252199411392212,0.09670699387788773,0.04716876149177551
1742955474.5830507,7428,1742955474,582943920,ft_sensor0_wrench,-5.981909275054932,1.6163864135742188,-35.697998046875,-0.06451642513275146,0.09568570554256439,0.047352127730846405
1742955474.5896537,7429,1742955474,589581316,ft_sensor0_wrench,-6.023242950439453,1.6042156219482422,-36.121883392333984,-0.06390118598937988,0.09464981406927109,0.04754386842250824
1742955474.5963676,7430,1742955474,596276045,ft_sensor0_wrench,-5.8911967277526855,1.5440654754638672,-36.55228805541992,-0.06540954113006592,0.09406790882349014,0.04734339565038681
1742955474.6030154,7431,1742955474,602931309,ft_sensor0_wrench,-5.811864376068115,1.5339698791503906,-37.038028717041016,-0.06574121117591858,0.09729090332984924,0.047126591205596924
1742955474.609664,7432,1742955474,609582226,ft_sensor0_wrench,-5.6467719078063965,1.5406875610351562,-37.45334243774414,-0.06518122553825378,0.09883679449558258,0.04691234230995178
1742955474.6163342,7433,1742955474,616246633,ft_sensor0_wrench,-5.5386576652526855,1.4915122985839844,-37.88756561279297,-0.06588414311408997,0.09974634647369385,0.04668150842189789
1742955474.6230664,7434,1742955474,622928616,ft_sensor0_wrench,-5.399594783782959,1.3805503845214844,-38.15648651123047,-0.06715855002403259,0.10014724731445312,0.04662773758172989
1742955474.6296508,7435,1742955474,629581242,ft_sensor0_wrench,-5.367468357086182,1.2574596405029297,-38.378944396972656,-0.06709215044975281,0.10175872594118118,0.04670730233192444
1742955474.6363025,7436,1742955474,636247381,ft_sensor0_wrench,-5.374245643615723,1.1445636749267578,-38.64375686645508,-0.06637504696846008,0.10171002149581909,0.046998389065265656
1742955474.643018,7437,1742955474,642916763,ft_sensor0_wrench,-5.452443599700928,1.0667705535888672,-38.942626953125,-0.06654104590415955,0.09855253249406815,0.04693090170621872
1742955474.649656,7438,1742955474,649580837,ft_sensor0_wrench,-5.790403366088867,1.0914878845214844,-39.25082778930664,-0.06609338521957397,0.09503095597028732,0.04736488312482834
1742955474.656368,7439,1742955474,656257613,ft_sensor0_wrench,-6.24882698059082,1.2007160186767578,-39.76316452026367,-0.06750655174255371,0.0921732485294342,0.047731220722198486
1742955474.6630087,7440,1742955474,662921199,ft_sensor0_wrench,-6.7390265464782715,1.3353862762451172,-40.26695251464844,-0.0704450011253357,0.08785329759120941,0.048189714550971985
1742955474.6696916,7441,1742955474,669585111,ft_sensor0_wrench,-7.203925609588623,1.4780387878417969,-40.63671112060547,-0.07137632369995117,0.08500294387340546,0.04835034906864166
1742955474.6763492,7442,1742955474,676252987,ft_sensor0_wrench,-7.308997631072998,1.5250682830810547,-40.978004455566406,-0.07308274507522583,0.08290058374404907,0.048916272819042206
1742955474.6830728,7443,1742955474,682929908,ft_sensor0_wrench,-7.087752819061279,1.5513362884521484,-41.20056915283203,-0.07335680723190308,0.08311185240745544,0.04898786544799805
1742955474.689648,7444,1742955474,689579986,ft_sensor0_wrench,-6.674037933349609,1.5075740814208984,-41.17825698852539,-0.07337379455566406,0.08530453592538834,0.048758842051029205
1742955474.6963284,7445,1742955474,696249788,ft_sensor0_wrench,-6.238861083984375,1.3762702941894531,-40.832828521728516,-0.07336443662643433,0.08971275389194489,0.048635296523571014
1742955474.70306,7446,1742955474,702930830,ft_sensor0_wrench,-5.8351850509643555,1.223245620727539,-40.46122741699219,-0.07191455364227295,0.09235469251871109,0.04799478501081467
1742955474.7096994,7447,1742955474,709588417,ft_sensor0_wrench,-5.610955238342285,1.011789321899414,-40.171138763427734,-0.07233959436416626,0.09355650097131729,0.04756954312324524
1742955474.7163324,7448,1742955474,716251527,ft_sensor0_wrench,-5.678593635559082,0.8094482421875,-40.07914733886719,-0.07309812307357788,0.09426179528236389,0.04801974445581436
1742955474.7230783,7449,1742955474,722931268,ft_sensor0_wrench,-5.90495491027832,0.7722263336181641,-40.46708679199219,-0.07300013303756714,0.09180553257465363,0.04884908348321915
1742955474.7296636,7450,1742955474,729581872,ft_sensor0_wrench,-6.296921730041504,0.8283557891845703,-41.17300033569336,-0.07411378622055054,0.08848508447408676,0.04915889352560043
1742955474.736305,7451,1742955474,736248263,ft_sensor0_wrench,-6.7911176681518555,0.9999923706054688,-42.10841751098633,-0.0757325291633606,0.08557219803333282,0.04960757493972778
1742955474.7430708,7452,1742955474,742943363,ft_sensor0_wrench,-7.2180867195129395,1.1043510437011719,-43.04377746582031,-0.07972174882888794,0.08242616057395935,0.05030409246683121
1742955474.7497141,7453,1742955474,749580408,ft_sensor0_wrench,-7.508934020996094,1.1461944580078125,-43.75307083129883,-0.08373278379440308,0.08058716356754303,0.05071627348661423
1742955474.7563283,7454,1742955474,756257538,ft_sensor0_wrench,-7.555725574493408,1.1989784240722656,-44.14663314819336,-0.08559525012969971,0.0795275866985321,0.051076896488666534
1742955474.7630248,7455,1742955474,762915534,ft_sensor0_wrench,-7.487388610839844,1.2048358917236328,-44.26751708984375,-0.08703672885894775,0.08043218404054642,0.05180799216032028
1742955474.769662,7456,1742955474,769582337,ft_sensor0_wrench,-7.411062240600586,1.0994281768798828,-44.20244598388672,-0.08874070644378662,0.08157633244991302,0.05197923630475998
1742955474.7763083,7457,1742955474,776245241,ft_sensor0_wrench,-7.295833587646484,1.0783920288085938,-43.80657958984375,-0.08769792318344116,0.0815836489200592,0.052583277225494385
1742955474.7830172,7458,1742955474,782923062,ft_sensor0_wrench,-7.198404312133789,0.9475841522216797,-43.2425422668457,-0.08993029594421387,0.08216692507266998,0.05318374186754227
1742955474.7896342,7459,1742955474,789578905,ft_sensor0_wrench,-7.055291175842285,0.9067249298095703,-42.774803161621094,-0.09119510650634766,0.0828300416469574,0.05385451763868332
1742955474.7963443,7460,1742955474,796246803,ft_sensor0_wrench,-6.944482803344727,1.0246696472167969,-42.656333923339844,-0.09249383211135864,0.08328261971473694,0.05470892786979675
1742955474.8030262,7461,1742955474,802913450,ft_sensor0_wrench,-6.99086856842041,1.0465755462646484,-43.1007194519043,-0.09771150350570679,0.08559878170490265,0.05492842197418213
1742955474.8096585,7462,1742955474,809579176,ft_sensor0_wrench,-6.992814540863037,1.0386314392089844,-43.87511444091797,-0.10284751653671265,0.08594337850809097,0.05535484105348587
1742955474.8163424,7463,1742955474,816245266,ft_sensor0_wrench,-7.025459289550781,1.0635089874267578,-44.86347198486328,-0.1060953140258789,0.0861055850982666,0.05618669092655182
1742955474.823085,7464,1742955474,822912500,ft_sensor0_wrench,-7.058585166931152,1.0243911743164062,-45.877288818359375,-0.10945993661880493,0.08633186668157578,0.056951381266117096
1742955474.8296716,7465,1742955474,829585814,ft_sensor0_wrench,-7.117573261260986,0.9222679138183594,-46.56208038330078,-0.11303126811981201,0.08756819367408752,0.05697622895240784
1742955474.8363724,7466,1742955474,836253304,ft_sensor0_wrench,-7.085323810577393,0.8710613250732422,-46.72971725463867,-0.11357468366622925,0.08757895231246948,0.057829923927783966
1742955474.8430882,7467,1742955474,842929362,ft_sensor0_wrench,-7.047679424285889,0.7743625640869141,-46.54558563232422,-0.11296814680099487,0.08775782585144043,0.05858020484447479
1742955474.8496618,7468,1742955474,849579572,ft_sensor0_wrench,-7.074206352233887,0.57171630859375,-46.19565963745117,-0.11294806003570557,0.08848665654659271,0.05988196283578873
1742955474.856378,7469,1742955474,856245920,ft_sensor0_wrench,-7.13295316696167,0.3928070068359375,-45.8881721496582,-0.11272764205932617,0.08781895041465759,0.06054503470659256
1742955474.8630443,7470,1742955474,862926972,ft_sensor0_wrench,-7.244332790374756,0.2485332489013672,-45.716304779052734,-0.11452275514602661,0.08718783408403397,0.06088060885667801
1742955474.8696425,7471,1742955474,869582142,ft_sensor0_wrench,-7.322708606719971,0.20229339599609375,-45.65263366699219,-0.1195405125617981,0.0852462500333786,0.06146609038114548
1742955474.8763938,7472,1742955474,876253271,ft_sensor0_wrench,-7.3479323387146,0.4028358459472656,-45.802452087402344,-0.12199580669403076,0.08325076103210449,0.06179818511009216
1742955474.8830488,7473,1742955474,882926333,ft_sensor0_wrench,-7.416468143463135,0.6730747222900391,-46.118675231933594,-0.1257472038269043,0.08379444479942322,0.06158139556646347
1742955474.8897278,7474,1742955474,889579557,ft_sensor0_wrench,-7.348465919494629,1.0261688232421875,-46.46197509765625,-0.13000226020812988,0.08452703058719635,0.061273567378520966
1742955474.8963873,7475,1742955474,896247868,ft_sensor0_wrench,-7.276082992553711,1.2526683807373047,-46.759578704833984,-0.13536536693572998,0.0852430909872055,0.0608668178319931
1742955474.9031534,7476,1742955474,902938297,ft_sensor0_wrench,-7.207647323608398,1.3590850830078125,-47.01449203491211,-0.13779163360595703,0.08462128043174744,0.061319202184677124
1742955474.909684,7477,1742955474,909579757,ft_sensor0_wrench,-7.267495632171631,1.41265869140625,-47.01231384277344,-0.13628053665161133,0.08436127007007599,0.061534494161605835
1742955474.9164038,7478,1742955474,916249486,ft_sensor0_wrench,-7.36051082611084,1.2528095245361328,-46.822818756103516,-0.13462120294570923,0.08314383029937744,0.06150170415639877
1742955474.9230576,7479,1742955474,922913487,ft_sensor0_wrench,-7.4723334312438965,1.0321521759033203,-46.44471740722656,-0.13308393955230713,0.0821479931473732,0.061618685722351074
1742955474.9296744,7480,1742955474,929582272,ft_sensor0_wrench,-7.587802886962891,0.8581390380859375,-46.0202522277832,-0.13062381744384766,0.08154042065143585,0.061968959867954254
1742955474.9363172,7481,1742955474,936248024,ft_sensor0_wrench,-7.761247634887695,0.7173748016357422,-45.82802200317383,-0.12930506467819214,0.0811140239238739,0.06195635348558426
1742955474.9429908,7482,1742955474,942916057,ft_sensor0_wrench,-7.808659076690674,0.5586109161376953,-46.106163024902344,-0.12965655326843262,0.07792007923126221,0.062470801174640656
1742955474.9496458,7483,1742955474,949579880,ft_sensor0_wrench,-7.958090305328369,0.5080642700195312,-46.617794036865234,-0.13065356016159058,0.07664433121681213,0.06245138496160507
1742955474.956374,7484,1742955474,956269298,ft_sensor0_wrench,-8.073721885681152,0.6193637847900391,-47.201377868652344,-0.13243353366851807,0.07741490006446838,0.062197647988796234
1742955474.9630296,7485,1742955474,962914382,ft_sensor0_wrench,-7.851312160491943,1.3724746704101562,-48.19294357299805,-0.1412113904953003,0.07659489661455154,0.060792215168476105
1742955474.969652,7486,1742955474,969581237,ft_sensor0_wrench,-7.851312160491943,1.3724746704101562,-48.19294357299805,-0.1412113904953003,0.07659489661455154,0.060792215168476105
1742955474.976324,7487,1742955474,976245903,ft_sensor0_wrench,-7.765914440155029,1.9926185607910156,-48.34217834472656,-0.1450919508934021,0.07791861891746521,0.05988208204507828
1742955474.983143,7488,1742955474,982929762,ft_sensor0_wrench,-7.578428745269775,2.6325817108154297,-48.181884765625,-0.14896881580352783,0.07718363404273987,0.05901208519935608
1742955474.989676,7489,1742955474,989591577,ft_sensor0_wrench,-7.445616722106934,3.2278614044189453,-47.97553634643555,-0.15201658010482788,0.07690172642469406,0.0582696869969368
1742955474.9964385,7490,1742955474,996267627,ft_sensor0_wrench,-7.404979705810547,3.6558609008789062,-48.00645446777344,-0.1547253131866455,0.07634187489748001,0.05864454060792923
1742955475.0030923,7491,1742955475,2925574,ft_sensor0_wrench,-7.5546488761901855,3.9229745864868164,-48.36486053466797,-0.15736836194992065,0.07548857480287552,0.05904082953929901
1742955475.0096521,7492,1742955475,9581404,ft_sensor0_wrench,-7.788606643676758,4.054889678955078,-48.866546630859375,-0.15876585245132446,0.07418720424175262,0.05989302694797516
1742955475.016366,7493,1742955475,16260089,ft_sensor0_wrench,-8.025177955627441,3.874138832092285,-49.49154281616211,-0.16060727834701538,0.07169537246227264,0.06108216941356659
1742955475.0229752,7494,1742955475,22912561,ft_sensor0_wrench,-8.19135570526123,3.1608781814575195,-50.40557098388672,-0.1565205454826355,0.06916498392820358,0.0632210224866867
1742955475.0296676,7495,1742955475,29581390,ft_sensor0_wrench,-8.19135570526123,3.1608781814575195,-50.40557098388672,-0.1565205454826355,0.06916498392820358,0.0632210224866867
1742955475.0363324,7496,1742955475,36247490,ft_sensor0_wrench,-8.110137939453125,1.8288764953613281,-50.22793960571289,-0.16824692487716675,0.0754069983959198,0.06215827167034149
1742955475.0430083,7497,1742955475,42912825,ft_sensor0_wrench,-8.044294357299805,2.496929168701172,-49.74528884887695,-0.14888113737106323,0.07403725385665894,0.06215503811836243
1742955475.0496507,7498,1742955475,49579231,ft_sensor0_wrench,-7.9462127685546875,2.243410110473633,-49.16929626464844,-0.14473223686218262,0.07329551875591278,0.062154024839401245
1742955475.0563548,7499,1742955475,56246666,ft_sensor0_wrench,-7.882264137268066,2.046346664428711,-48.633018493652344,-0.1411793828010559,0.07114477455615997,0.06224391609430313
1742955475.0629725,7500,1742955475,62916168,ft_sensor0_wrench,-7.971493244171143,1.6829109191894531,-47.76729202270508,-0.1374448537826538,0.0708315446972847,0.06276575475931168
1742955475.0696633,7501,1742955475,69581865,ft_sensor0_wrench,-7.971493244171143,1.6829109191894531,-47.76729202270508,-0.1374448537826538,0.0708315446972847,0.06276575475931168
1742955475.0764098,7502,1742955475,76246216,ft_sensor0_wrench,-7.900450706481934,1.663961410522461,-47.489013671875,-0.13588488101959229,0.07080786675214767,0.06290752440690994
1742955475.0830462,7503,1742955475,82930615,ft_sensor0_wrench,-7.773619174957275,1.6478729248046875,-47.26245880126953,-0.1358441710472107,0.07259570807218552,0.06288965046405792
1742955475.0897665,7504,1742955475,89597040,ft_sensor0_wrench,-7.503777027130127,1.7354717254638672,-47.05906677246094,-0.13661706447601318,0.07332532852888107,0.06260323524475098
1742955475.0963876,7505,1742955475,96266762,ft_sensor0_wrench,-7.1722941398620605,2.1093826293945312,-47.733524322509766,-0.13976198434829712,0.07787299901247025,0.06185317784547806
1742955475.1030338,7506,1742955475,102930269,ft_sensor0_wrench,-7.023763656616211,2.2068099975585938,-48.29923629760742,-0.1427040696144104,0.0769805908203125,0.061671674251556396
1742955475.1096432,7507,1742955475,109579894,ft_sensor0_wrench,-7.023763656616211,2.2068099975585938,-48.29923629760742,-0.1427040696144104,0.0769805908203125,0.061671674251556396
1742955475.1164052,7508,1742955475,116265780,ft_sensor0_wrench,-6.992606163024902,2.1996402740478516,-48.79861831665039,-0.1426871418952942,0.07678397744894028,0.061236731708049774
1742955475.1231194,7509,1742955475,122940117,ft_sensor0_wrench,-7.263970375061035,1.7518444061279297,-48.920654296875,-0.13859117031097412,0.07521511614322662,0.062315039336681366
1742955475.1296675,7510,1742955475,129582587,ft_sensor0_wrench,-7.5214433670043945,1.4124298095703125,-48.89691925048828,-0.13613522052764893,0.07439107447862625,0.06335347890853882
1742955475.1363254,7511,1742955475,136247843,ft_sensor0_wrench,-7.5214433670043945,1.4124298095703125,-48.89691925048828,-0.13613522052764893,0.07439107447862625,0.06335347890853882
1742955475.14306,7512,1742955475,142916557,ft_sensor0_wrench,-7.919535160064697,0.9319438934326172,-48.865108489990234,-0.12985169887542725,0.06864716857671738,0.0651954934000969
1742955475.1496425,7513,1742955475,149581495,ft_sensor0_wrench,-7.919535160064697,0.9319438934326172,-48.865108489990234,-0.12985169887542725,0.06864716857671738,0.0651954934000969
1742955475.1563187,7514,1742955475,156247675,ft_sensor0_wrench,-8.13671875,0.6660480499267578,-48.628746032714844,-0.128307044506073,0.06893344223499298,0.06634698063135147
1742955475.1630104,7515,1742955475,162912770,ft_sensor0_wrench,-8.187021255493164,0.17169952392578125,-48.24238967895508,-0.12342441082000732,0.06765086948871613,0.06691727787256241
1742955475.1697145,7516,1742955475,169579623,ft_sensor0_wrench,-8.187021255493164,0.17169952392578125,-48.24238967895508,-0.12342441082000732,0.06765086948871613,0.06691727787256241
1742955475.1763809,7517,1742955475,176266143,ft_sensor0_wrench,-8.151996612548828,-0.22960472106933594,-47.50625991821289,-0.12055188417434692,0.06972368061542511,0.06743570417165756
1742955475.1830456,7518,1742955475,182925734,ft_sensor0_wrench,-8.154844284057617,-0.3973369598388672,-47.63465118408203,-0.12010544538497925,0.07146608829498291,0.06722258776426315
1742955475.189679,7519,1742955475,189595141,ft_sensor0_wrench,-8.176969528198242,-0.49321937561035156,-48.205909729003906,-0.11880308389663696,0.07067049294710159,0.06729748100042343
1742955475.1964104,7520,1742955475,196264255,ft_sensor0_wrench,-8.387520790100098,-0.6367740631103516,-48.885467529296875,-0.1190040111541748,0.06970899552106857,0.0677981972694397
1742955475.203022,7521,1742955475,202929861,ft_sensor0_wrench,-8.572754859924316,-0.7075958251953125,-49.390953063964844,-0.12027078866958618,0.06670623272657394,0.0686538815498352
1742955475.209636,7522,1742955475,209581079,ft_sensor0_wrench,-8.572754859924316,-0.7075958251953125,-49.390953063964844,-0.12027078866958618,0.06670623272657394,0.0686538815498352
1742955475.2163327,7523,1742955475,216245881,ft_sensor0_wrench,-8.836881637573242,-0.3886394500732422,-50.081478118896484,-0.12844640016555786,0.06306260824203491,0.06977392733097076
1742955475.2230668,7524,1742955475,222931629,ft_sensor0_wrench,-8.836881637573242,-0.3886394500732422,-50.081478118896484,-0.12844640016555786,0.06306260824203491,0.06977392733097076
1742955475.2296336,7525,1742955475,229579471,ft_sensor0_wrench,-8.627737998962402,0.5176563262939453,-49.41730499267578,-0.13424372673034668,0.06415852904319763,0.07014332711696625
1742955475.236433,7526,1742955475,236249601,ft_sensor0_wrench,-8.512689590454102,0.9365005493164062,-48.957576751708984,-0.13728922605514526,0.0652635470032692,0.06962914764881134
1742955475.2429965,7527,1742955475,242913967,ft_sensor0_wrench,-8.416193962097168,1.2125186920166016,-48.903324127197266,-0.1400296688079834,0.06582740694284439,0.06939263641834259
1742955475.2496834,7528,1742955475,249581798,ft_sensor0_wrench,-8.416193962097168,1.2125186920166016,-48.903324127197266,-0.1400296688079834,0.06582740694284439,0.06939263641834259
1742955475.2563047,7529,1742955475,256248344,ft_sensor0_wrench,-8.333033561706543,1.1184349060058594,-49.94725036621094,-0.1427518129348755,0.06552943587303162,0.07052991539239883
1742955475.2629666,7530,1742955475,262914190,ft_sensor0_wrench,-8.381451606750488,0.8597984313964844,-50.63986587524414,-0.14351952075958252,0.06601788103580475,0.07093659043312073
1742955475.269659,7531,1742955475,269600216,ft_sensor0_wrench,-8.381451606750488,0.8597984313964844,-50.63986587524414,-0.14351952075958252,0.06601788103580475,0.07093659043312073
1742955475.2763119,7532,1742955475,276248357,ft_sensor0_wrench,-8.372708320617676,0.5140171051025391,-51.43376159667969,-0.14411920309066772,0.06690969318151474,0.0710252895951271
1742955475.2830062,7533,1742955475,282913482,ft_sensor0_wrench,-8.372708320617676,0.5140171051025391,-51.43376159667969,-0.14411920309066772,0.06690969318151474,0.0710252895951271
1742955475.2896626,7534,1742955475,289582981,ft_sensor0_wrench,-8.24853801727295,0.7663650512695312,-50.62356948852539,-0.14525628089904785,0.06672141700983047,0.07025062292814255
1742955475.2963762,7535,1742955475,296247728,ft_sensor0_wrench,-8.24853801727295,0.7663650512695312,-50.62356948852539,-0.14525628089904785,0.06672141700983047,0.07025062292814255
1742955475.3030562,7536,1742955475,302912990,ft_sensor0_wrench,-8.50168228149414,1.2997417449951172,-50.42702102661133,-0.1469312310218811,0.06618580967187881,0.07044064253568649
1742955475.3096426,7537,1742955475,309580365,ft_sensor0_wrench,-8.50168228149414,1.2997417449951172,-50.42702102661133,-0.1469312310218811,0.06618580967187881,0.07044064253568649
1742955475.3164344,7538,1742955475,316258716,ft_sensor0_wrench,-8.53166389465332,1.4737911224365234,-50.40953063964844,-0.14939284324645996,0.06344082951545715,0.07052277028560638
1742955475.3231025,7539,1742955475,322942592,ft_sensor0_wrench,-8.621615409851074,1.5752735137939453,-50.591163635253906,-0.14990538358688354,0.06327635049819946,0.07042927294969559
1742955475.3297071,7540,1742955475,329591553,ft_sensor0_wrench,-8.631747245788574,1.6402645111083984,-50.843994140625,-0.1522931456565857,0.06271488964557648,0.0708233043551445
1742955475.336336,7541,1742955475,336247519,ft_sensor0_wrench,-8.684240341186523,1.8627586364746094,-50.978546142578125,-0.15271097421646118,0.06339268386363983,0.0713023766875267
1742955475.343039,7542,1742955475,342936420,ft_sensor0_wrench,-8.684240341186523,1.8627586364746094,-50.978546142578125,-0.15271097421646118,0.06339268386363983,0.0713023766875267
1742955475.3496928,7543,1742955475,349596730,ft_sensor0_wrench,-8.524832725524902,2.212472915649414,-50.80183029174805,-0.15343570709228516,0.06068548932671547,0.07109298557043076
1742955475.3563902,7544,1742955475,356274945,ft_sensor0_wrench,-8.557933807373047,2.187807083129883,-50.800228118896484,-0.1524827480316162,0.05970039591193199,0.07124970108270645
1742955475.3630705,7545,1742955475,362912690,ft_sensor0_wrench,-8.651132583618164,1.9120101928710938,-50.706329345703125,-0.15370535850524902,0.05969501659274101,0.07229813933372498
1742955475.369691,7546,1742955475,369615211,ft_sensor0_wrench,-8.739797592163086,1.7137622833251953,-50.5228157043457,-0.15136432647705078,0.05995979160070419,0.07284993678331375
1742955475.3763268,7547,1742955475,376247911,ft_sensor0_wrench,-8.67908000946045,1.6544570922851562,-50.33979797363281,-0.14754271507263184,0.05831889808177948,0.07374964654445648
1742955475.3830528,7548,1742955475,382914088,ft_sensor0_wrench,-8.639293670654297,1.563730239868164,-50.23074722290039,-0.14751142263412476,0.06037687137722969,0.0736382007598877
1742955475.3896356,7549,1742955475,389579320,ft_sensor0_wrench,-8.517049789428711,1.5665512084960938,-49.930625915527344,-0.14784103631973267,0.06179744005203247,0.07387666404247284
1742955475.3963087,7550,1742955475,396246526,ft_sensor0_wrench,-8.342671394348145,1.6341629028320312,-49.65452575683594,-0.1462816596031189,0.06169455125927925,0.07346734404563904
1742955475.403019,7551,1742955475,402933516,ft_sensor0_wrench,-8.336776733398438,1.4904422760009766,-49.54204559326172,-0.14572358131408691,0.06203794479370117,0.07350137084722519
1742955475.4096758,7552,1742955475,409584607,ft_sensor0_wrench,-8.470059394836426,1.2488117218017578,-49.780025482177734,-0.14455652236938477,0.06130601465702057,0.07427933067083359
1742955475.41633,7553,1742955475,416248684,ft_sensor0_wrench,-8.470059394836426,1.2488117218017578,-49.780025482177734,-0.14455652236938477,0.06130601465702057,0.07427933067083359
1742955475.423085,7554,1742955475,422915914,ft_sensor0_wrench,-8.828767776489258,0.5100688934326172,-50.441585540771484,-0.14367341995239258,0.0580655001103878,0.0762689933180809
1742955475.4296467,7555,1742955475,429580022,ft_sensor0_wrench,-9.000409126281738,0.26124000549316406,-50.41786575317383,-0.14113980531692505,0.05666361004114151,0.07719949632883072
1742955475.4363306,7556,1742955475,436247068,ft_sensor0_wrench,-9.114579200744629,0.15206527709960938,-50.179847717285156,-0.13847976922988892,0.055335693061351776,0.07784315943717957
1742955475.4430215,7557,1742955475,442933257,ft_sensor0_wrench,-9.18443489074707,0.27710914611816406,-49.842079162597656,-0.13636744022369385,0.05425596609711647,0.07833223789930344
1742955475.4496598,7558,1742955475,449581114,ft_sensor0_wrench,-9.151549339294434,0.4910697937011719,-49.40501022338867,-0.13772445917129517,0.05299285799264908,0.07840733975172043
1742955475.4563158,7559,1742955475,456247561,ft_sensor0_wrench,-9.046205520629883,0.85247802734375,-48.948631286621094,-0.13771802186965942,0.05282807722687721,0.07815604656934738
1742955475.463061,7560,1742955475,462933906,ft_sensor0_wrench,-8.923982620239258,1.0921974182128906,-48.64098358154297,-0.13894575834274292,0.05443976819515228,0.07781194895505905
1742955475.4696424,7561,1742955475,469580854,ft_sensor0_wrench,-8.786550521850586,1.0600242614746094,-48.57791519165039,-0.1401926875114441,0.05576791986823082,0.0778336450457573
1742955475.476549,7562,1742955475,476284707,ft_sensor0_wrench,-8.8853178024292,0.6342849731445312,-48.77802276611328,-0.14505261182785034,0.060560524463653564,0.07905592024326324
1742955475.4830754,7563,1742955475,482913822,ft_sensor0_wrench,-8.557225227355957,0.5897331237792969,-48.893394470214844,-0.1370689868927002,0.056692540645599365,0.07875796407461166
1742955475.4896476,7564,1742955475,489579476,ft_sensor0_wrench,-8.4373140335083,0.38787078857421875,-49.04799270629883,-0.13628965616226196,0.056663669645786285,0.07873989641666412
1742955475.496386,7565,1742955475,496246988,ft_sensor0_wrench,-8.451238632202148,0.3816394805908203,-49.240909576416016,-0.1359131932258606,0.05773511901497841,0.07805250585079193
1742955475.5030856,7566,1742955475,502929289,ft_sensor0_wrench,-8.508929252624512,0.4516773223876953,-49.42024230957031,-0.13822251558303833,0.05708310753107071,0.07844212651252747
1742955475.5097227,7567,1742955475,509584288,ft_sensor0_wrench,-8.637612342834473,0.5480480194091797,-49.47622299194336,-0.13989555835723877,0.055527690798044205,0.07816794514656067
1742955475.5163872,7568,1742955475,516248961,ft_sensor0_wrench,-8.861834526062012,0.569854736328125,-49.393821716308594,-0.1394830346107483,0.05502234771847725,0.07859016209840775
1742955475.523052,7569,1742955475,522929890,ft_sensor0_wrench,-9.029587745666504,0.4478187561035156,-49.434165954589844,-0.13887840509414673,0.053473733365535736,0.07929995656013489
1742955475.5296571,7570,1742955475,529580269,ft_sensor0_wrench,-9.188947677612305,0.340118408203125,-49.71162414550781,-0.13776522874832153,0.05154481157660484,0.08001377433538437
1742955475.5363133,7571,1742955475,536250419,ft_sensor0_wrench,-9.275880813598633,0.31759071350097656,-49.94424057006836,-0.13713127374649048,0.05071257799863815,0.08106490969657898
1742955475.5430536,7572,1742955475,542920703,ft_sensor0_wrench,-9.241949081420898,0.3628711700439453,-49.987815856933594,-0.13925433158874512,0.050543058663606644,0.08076384663581848
1742955475.5498369,7573,1742955475,549579564,ft_sensor0_wrench,-9.099367141723633,0.6385650634765625,-49.84213638305664,-0.14029008150100708,0.05040884017944336,0.08024734258651733
1742955475.556366,7574,1742955475,556246662,ft_sensor0_wrench,-8.90131950378418,0.9872798919677734,-49.74434280395508,-0.14172929525375366,0.050551094114780426,0.07961448282003403
1742955475.5630083,7575,1742955475,562913798,ft_sensor0_wrench,-8.795167922973633,1.2894611358642578,-49.81175994873047,-0.14361178874969482,0.051785510033369064,0.07893244922161102
1742955475.5697322,7576,1742955475,569583139,ft_sensor0_wrench,-8.770587921142578,1.4625492095947266,-50.13343811035156,-0.14627134799957275,0.051042590290308,0.07902400195598602
1742955475.576354,7577,1742955475,576248350,ft_sensor0_wrench,-8.995414733886719,1.4138813018798828,-50.6649169921875,-0.14896416664123535,0.05085951089859009,0.07949929684400558
1742955475.5831687,7578,1742955475,582913993,ft_sensor0_wrench,-9.240492820739746,1.2816619873046875,-51.05294418334961,-0.1503387689590454,0.04872363433241844,0.08005498349666595
1742955475.589678,7579,1742955475,589579764,ft_sensor0_wrench,-9.330944061279297,1.2434806823730469,-51.064334869384766,-0.14995020627975464,0.04482404887676239,0.08088945597410202
1742955475.596413,7580,1742955475,596246687,ft_sensor0_wrench,-9.424307823181152,1.3352241516113281,-50.61103439331055,-0.14752686023712158,0.04481399059295654,0.08153843879699707
1742955475.603099,7581,1742955475,602932704,ft_sensor0_wrench,-9.411702156066895,1.4388465881347656,-49.96692657470703,-0.14739477634429932,0.044223662465810776,0.08186214417219162
1742955475.609701,7582,1742955475,609595722,ft_sensor0_wrench,-9.429933547973633,1.5956439971923828,-49.34148025512695,-0.14749455451965332,0.04292658716440201,0.08225498348474503
1742955475.6164093,7583,1742955475,616246789,ft_sensor0_wrench,-9.550782203674316,1.695108413696289,-48.90245819091797,-0.14796048402786255,0.041769467294216156,0.08280836045742035
1742955475.623052,7584,1742955475,622913205,ft_sensor0_wrench,-9.734086036682129,1.6906185150146484,-48.93360900878906,-0.14877212047576904,0.039206940680742264,0.0839296355843544
1742955475.6296742,7585,1742955475,629583594,ft_sensor0_wrench,-9.905051231384277,1.598379135131836,-49.445465087890625,-0.1484355330467224,0.03716770559549332,0.08513631671667099
1742955475.6363187,7586,1742955475,636249432,ft_sensor0_wrench,-9.9190673828125,1.4695549011230469,-50.18417739868164,-0.14673066139221191,0.03636365011334419,0.0867072194814682
1742955475.643018,7587,1742955475,642913984,ft_sensor0_wrench,-9.861446380615234,1.282613754272461,-50.760963439941406,-0.14754992723464966,0.03705349937081337,0.08808892965316772
1742955475.6496358,7588,1742955475,649579696,ft_sensor0_wrench,-9.693487167358398,1.294839859008789,-51.3126335144043,-0.14814507961273193,0.03709620609879494,0.08815808594226837
1742955475.6563046,7589,1742955475,656247331,ft_sensor0_wrench,-9.595462799072266,1.4661750793457031,-51.71356201171875,-0.15153473615646362,0.03868960589170456,0.08761255443096161
1742955475.6630661,7590,1742955475,662934512,ft_sensor0_wrench,-9.50347900390625,1.761404037475586,-51.79789352416992,-0.15457117557525635,0.03824343532323837,0.08719631284475327
1742955475.6696534,7591,1742955475,669582563,ft_sensor0_wrench,-9.52971076965332,2.023660659790039,-51.523807525634766,-0.1562088131904602,0.037522539496421814,0.0871087908744812
1742955475.6763117,7592,1742955475,676246831,ft_sensor0_wrench,-9.657005310058594,2.0748043060302734,-51.29876708984375,-0.15670782327651978,0.036226652562618256,0.08805470168590546
1742955475.683011,7593,1742955475,682930957,ft_sensor0_wrench,-9.838414192199707,2.0166244506835938,-51.103641510009766,-0.15475153923034668,0.03548634797334671,0.08965480327606201
1742955475.6896467,7594,1742955475,689581427,ft_sensor0_wrench,-9.980340003967285,1.8299236297607422,-50.913883209228516,-0.15218466520309448,0.03426850587129593,0.09087379276752472
1742955475.696381,7595,1742955475,696248046,ft_sensor0_wrench,-10.007888793945312,1.560262680053711,-50.489768981933594,-0.15121853351593018,0.03240109235048294,0.09229645133018494
1742955475.7030725,7596,1742955475,702941399,ft_sensor0_wrench,-10.010205268859863,1.4534187316894531,-50.06850051879883,-0.14973312616348267,0.03269112855195999,0.09387295693159103
1742955475.7096703,7597,1742955475,709588555,ft_sensor0_wrench,-9.994247436523438,1.444549560546875,-49.969966888427734,-0.1500946283340454,0.03127114474773407,0.09498810768127441
1742955475.7163155,7598,1742955475,716248183,ft_sensor0_wrench,-10.090309143066406,1.4876346588134766,-50.057533264160156,-0.14978402853012085,0.030447369441390038,0.09590084850788116
1742955475.7230082,7599,1742955475,722913966,ft_sensor0_wrench,-10.196113586425781,1.4856681823730469,-50.38014602661133,-0.14987081289291382,0.028782542794942856,0.09722790122032166
1742955475.7297459,7600,1742955475,729582057,ft_sensor0_wrench,-10.252785682678223,1.3458576202392578,-50.86787796020508,-0.1505027413368225,0.024683501571416855,0.09822382777929306
1742955475.7363102,7601,1742955475,736247764,ft_sensor0_wrench,-10.333227157592773,1.1819381713867188,-51.36133575439453,-0.15088719129562378,0.022843431681394577,0.09916772693395615
1742955475.7430525,7602,1742955475,742932907,ft_sensor0_wrench,-10.293268203735352,1.123861312866211,-51.749488830566406,-0.14888477325439453,0.02365453727543354,0.10013552010059357
1742955475.7498357,7603,1742955475,749580729,ft_sensor0_wrench,-10.054614067077637,1.0455493927001953,-51.840187072753906,-0.14825183153152466,0.02589094080030918,0.10004265606403351
1742955475.7563725,7604,1742955475,756246850,ft_sensor0_wrench,-9.672773361206055,0.9809379577636719,-51.52880859375,-0.14863735437393188,0.026907987892627716,0.09980129450559616
1742955475.7630696,7605,1742955475,762926264,ft_sensor0_wrench,-9.405853271484375,0.9547557830810547,-51.095176696777344,-0.14886629581451416,0.028783051297068596,0.09935459494590759
1742955475.7696471,7606,1742955475,769580390,ft_sensor0_wrench,-9.29873275756836,0.9123954772949219,-50.6783332824707,-0.14839810132980347,0.030038543045520782,0.09884583950042725
1742955475.7763045,7607,1742955475,776248028,ft_sensor0_wrench,-9.309885025024414,0.7907085418701172,-50.46986770629883,-0.14641344547271729,0.029463009908795357,0.09884960949420929
1742955475.7831256,7608,1742955475,782935179,ft_sensor0_wrench,-9.466005325317383,0.6257343292236328,-50.48588943481445,-0.14537525177001953,0.026638910174369812,0.09928154200315475
1742955475.7897372,7609,1742955475,789595754,ft_sensor0_wrench,-9.860148429870605,0.49394989013671875,-50.70408248901367,-0.14432978630065918,0.024019906297326088,0.10060566663742065
1742955475.7963786,7610,1742955475,796264375,ft_sensor0_wrench,-10.231553077697754,0.4131355285644531,-51.10435485839844,-0.14525312185287476,0.019957775250077248,0.10229921340942383
1742955475.8030787,7611,1742955475,802945564,ft_sensor0_wrench,-10.50275707244873,0.38706207275390625,-51.529788970947266,-0.14709919691085815,0.0158817321062088,0.10344181954860687
1742955475.8097513,7612,1742955475,809596062,ft_sensor0_wrench,-10.594228744506836,0.5104846954345703,-51.674320220947266,-0.148065984249115,0.01117292046546936,0.10473842173814774
1742955475.816374,7613,1742955475,816246640,ft_sensor0_wrench,-10.658892631530762,0.6579246520996094,-51.6182746887207,-0.14947378635406494,0.01159275695681572,0.10516811907291412
1742955475.823072,7614,1742955475,822930462,ft_sensor0_wrench,-10.476234436035156,0.7519550323486328,-51.598838806152344,-0.15092945098876953,0.012181118130683899,0.1053503155708313
1742955475.8297856,7615,1742955475,829603077,ft_sensor0_wrench,-10.22242259979248,0.8353614807128906,-51.685298919677734,-0.14907997846603394,0.013344498351216316,0.10495774447917938
1742955475.8363721,7616,1742955475,836247297,ft_sensor0_wrench,-10.039533615112305,0.6852035522460938,-51.6773796081543,-0.1497783660888672,0.015252307057380676,0.10504981130361557
1742955475.843017,7617,1742955475,842913871,ft_sensor0_wrench,-9.906468391418457,0.5165119171142578,-51.429222106933594,-0.14904123544692993,0.015551462769508362,0.10484184324741364
1742955475.8496644,7618,1742955475,849579897,ft_sensor0_wrench,-9.829462051391602,0.4818859100341797,-50.96242904663086,-0.1475650668144226,0.01573055237531662,0.10452393442392349
1742955475.8563101,7619,1742955475,856247357,ft_sensor0_wrench,-9.759069442749023,0.5617599487304688,-50.41950225830078,-0.14628058671951294,0.015505596995353699,0.10456253588199615
1742955475.8630579,7620,1742955475,862941019,ft_sensor0_wrench,-9.818029403686523,0.6822986602783203,-49.892494201660156,-0.14605706930160522,0.01564735732972622,0.10444967448711395
1742955475.8697217,7621,1742955475,869581094,ft_sensor0_wrench,-9.960347175598145,0.7888202667236328,-49.68478012084961,-0.14674293994903564,0.012660054489970207,0.10436965525150299
1742955475.876377,7622,1742955475,876271546,ft_sensor0_wrench,-10.21009349822998,0.8444461822509766,-49.75587463378906,-0.14677172899246216,0.00843297690153122,0.10574980080127716
1742955475.883184,7623,1742955475,882936622,ft_sensor0_wrench,-10.550444602966309,0.8378868103027344,-50.08681106567383,-0.14723771810531616,0.004963073879480362,0.10684622824192047
1742955475.8896682,7624,1742955475,889581757,ft_sensor0_wrench,-10.903017044067383,0.8031635284423828,-50.48230743408203,-0.1507173776626587,0.0009225271642208099,0.10803206264972687
1742955475.8964477,7625,1742955475,896267344,ft_sensor0_wrench,-11.03745174407959,0.9932041168212891,-50.71873474121094,-0.15104162693023682,-0.0038949213922023773,0.10959585011005402
1742955475.9030452,7626,1742955475,902916147,ft_sensor0_wrench,-11.101363182067871,1.2216644287109375,-50.75426483154297,-0.1522471308708191,-0.0038740336894989014,0.11121577024459839
1742955475.9097147,7627,1742955475,909580288,ft_sensor0_wrench,-10.939526557922363,1.485219955444336,-50.488983154296875,-0.1532803177833557,-0.0047259703278541565,0.11179263889789581
1742955475.9163105,7628,1742955475,916246976,ft_sensor0_wrench,-10.839807510375977,1.6829891204833984,-49.94429016113281,-0.1541246771812439,-0.0032475069165229797,0.11248266696929932
1742955475.9230413,7629,1742955475,922935748,ft_sensor0_wrench,-10.647242546081543,1.7665729522705078,-49.28802490234375,-0.15396255254745483,-0.002720743417739868,0.11235795170068741
1742955475.9296584,7630,1742955475,929581499,ft_sensor0_wrench,-10.481827735900879,1.7357807159423828,-48.75804901123047,-0.15184998512268066,-0.0012382306158542633,0.11268410086631775
1742955475.936324,7631,1742955475,936249644,ft_sensor0_wrench,-10.38366413116455,1.4672889709472656,-48.37553024291992,-0.15011227130889893,0.001100439578294754,0.11296845972537994
1742955475.9430692,7632,1742955475,942916636,ft_sensor0_wrench,-10.209199905395508,1.1623649597167969,-47.97483825683594,-0.14722788333892822,0.0031003430485725403,0.11339877545833588
1742955475.9497364,7633,1742955475,949579941,ft_sensor0_wrench,-9.998411178588867,0.9340000152587891,-47.5949821472168,-0.14555305242538452,0.004879124462604523,0.11286557465791702
1742955475.9563797,7634,1742955475,956246784,ft_sensor0_wrench,-9.82492446899414,0.9474010467529297,-47.440242767333984,-0.1450413465499878,0.006003551185131073,0.1122114509344101
1742955475.9630644,7635,1742955475,962936971,ft_sensor0_wrench,-9.734599113464355,1.1279277801513672,-47.582340240478516,-0.14484918117523193,0.0061246491968631744,0.11175833642482758
1742955475.9696844,7636,1742955475,969597631,ft_sensor0_wrench,-9.795700073242188,1.2641067504882812,-47.78289794921875,-0.1465470790863037,0.004745934158563614,0.11154031753540039
1742955475.9764094,7637,1742955475,976279371,ft_sensor0_wrench,-9.96369743347168,1.3804435729980469,-47.97712707519531,-0.1485002040863037,0.002693668007850647,0.1113000363111496
1742955475.9831223,7638,1742955475,982934428,ft_sensor0_wrench,-10.217676162719727,1.5217666625976562,-48.26124572753906,-0.14977943897247314,6.638094782829285e-05,0.11171725392341614
1742955475.9897344,7639,1742955475,989582127,ft_sensor0_wrench,-10.482475280761719,1.6059799194335938,-48.28606414794922,-0.14982396364212036,-0.003226514905691147,0.11223968863487244
1742955475.996379,7640,1742955475,996254788,ft_sensor0_wrench,-10.737916946411133,1.587411880493164,-47.87213897705078,-0.14859265089035034,-0.003780089318752289,0.11411850899457932
1742955476.003098,7641,1742955476,2932500,ft_sensor0_wrench,-10.831747055053711,1.5059967041015625,-47.16362762451172,-0.1461048126220703,-0.003415040671825409,0.11522525548934937
1742955476.0096586,7642,1742955476,9580751,ft_sensor0_wrench,-10.709980964660645,1.4104595184326172,-46.489784240722656,-0.14171940088272095,-0.0039181336760520935,0.11693640798330307
1742955476.016318,7643,1742955476,16247304,ft_sensor0_wrench,-10.635787963867188,1.2599010467529297,-46.05434036254883,-0.1392279863357544,-0.00245627760887146,0.11798617243766785
1742955476.0231175,7644,1742955476,22914337,ft_sensor0_wrench,-10.453790664672852,1.1501007080078125,-45.87934494018555,-0.13757652044296265,-0.0021181441843509674,0.11847777664661407
1742955476.0296814,7645,1742955476,29592377,ft_sensor0_wrench,-10.353538513183594,1.0494403839111328,-45.942317962646484,-0.13681912422180176,0.0006600953638553619,0.1185544952750206
1742955476.0363996,7646,1742955476,36247234,ft_sensor0_wrench,-10.072020530700684,0.9743728637695312,-46.17481231689453,-0.1347711682319641,0.0008534342050552368,0.11776737868785858
1742955476.0430653,7647,1742955476,42912477,ft_sensor0_wrench,-9.860852241516113,0.8460311889648438,-46.553367614746094,-0.13287228345870972,0.0033263452351093292,0.11712844669818878
1742955476.049673,7648,1742955476,49580838,ft_sensor0_wrench,-9.66321849822998,0.6591644287109375,-46.83348846435547,-0.1327618956565857,0.00520753487944603,0.11627288162708282
1742955476.0563912,7649,1742955476,56260767,ft_sensor0_wrench,-9.610611915588379,0.6532001495361328,-46.88671875,-0.1311214566230774,0.005245242267847061,0.1155475303530693
1742955476.0630763,7650,1742955476,62928983,ft_sensor0_wrench,-9.689899444580078,0.7114887237548828,-46.80675506591797,-0.1321508288383484,0.0044355206191539764,0.11498422175645828
1742955476.0696661,7651,1742955476,69581231,ft_sensor0_wrench,-9.804550170898438,0.9297332763671875,-46.36207962036133,-0.13139301538467407,0.0012394003570079803,0.11475229263305664
1742955476.0764072,7652,1742955476,76247860,ft_sensor0_wrench,-10.000816345214844,1.0393447875976562,-45.728050231933594,-0.1321513056755066,-0.000420890748500824,0.11487657576799393
1742955476.0830593,7653,1742955476,82917171,ft_sensor0_wrench,-10.172208786010742,1.0367870330810547,-45.00667190551758,-0.1309872269630432,-0.0020077191293239594,0.11590369045734406
1742955476.0896547,7654,1742955476,89581731,ft_sensor0_wrench,-10.218378067016602,0.9762153625488281,-44.24845504760742,-0.1279560923576355,-0.003508955240249634,0.11724841594696045
1742955476.0963182,7655,1742955476,96247517,ft_sensor0_wrench,-10.211641311645508,0.85772705078125,-43.61361312866211,-0.12604963779449463,-0.003824487328529358,0.11901615560054779
1742955476.1030796,7656,1742955476,102928619,ft_sensor0_wrench,-10.1905517578125,0.8125591278076172,-43.28458023071289,-0.12532484531402588,-0.0038870684802532196,0.11981596797704697
1742955476.1096542,7657,1742955476,109579423,ft_sensor0_wrench,-10.121274948120117,0.9004135131835938,-43.28617858886719,-0.12530094385147095,-0.003466665744781494,0.12014079093933105
1742955476.1164124,7658,1742955476,116250583,ft_sensor0_wrench,-9.914763450622559,1.054351806640625,-43.435096740722656,-0.12491583824157715,-0.003152746707201004,0.11944346129894257
1742955476.1230264,7659,1742955476,122913415,ft_sensor0_wrench,-9.640202522277832,1.0268783569335938,-43.680599212646484,-0.1284371018409729,-0.00260147824883461,0.11870492249727249
1742955476.1296613,7660,1742955476,129581567,ft_sensor0_wrench,-9.482155799865723,1.111886978149414,-44.04731750488281,-0.1277681589126587,-0.0006525479257106781,0.11812897026538849
1742955476.1363301,7661,1742955476,136247515,ft_sensor0_wrench,-9.372900009155273,1.047658920288086,-44.55079650878906,-0.1293320655822754,-0.00010402873158454895,0.11769786477088928
1742955476.1430824,7662,1742955476,142932155,ft_sensor0_wrench,-9.355279922485352,1.0969409942626953,-45.0670051574707,-0.12948471307754517,-0.0020192302763462067,0.11756157875061035
1742955476.1496737,7663,1742955476,149582164,ft_sensor0_wrench,-9.444732666015625,1.1544513702392578,-45.34144973754883,-0.13041704893112183,-0.0032482221722602844,0.11722230911254883
1742955476.1563601,7664,1742955476,156261393,ft_sensor0_wrench,-9.574395179748535,1.2307910919189453,-45.330078125,-0.13178741931915283,-0.0036750808358192444,0.11712675541639328
1742955476.163037,7665,1742955476,162930303,ft_sensor0_wrench,-9.614444732666016,1.268798828125,-44.89971160888672,-0.1326112151145935,-0.003345150500535965,0.11696561425924301
1742955476.1696415,7666,1742955476,169580233,ft_sensor0_wrench,-9.62500286102295,1.36572265625,-44.19287872314453,-0.130016028881073,-0.0020706281065940857,0.11672960221767426
1742955476.1763372,7667,1742955476,176247003,ft_sensor0_wrench,-9.494039535522461,1.3465766906738281,-43.583518981933594,-0.1290026307106018,-0.0024052895605564117,0.11667464673519135
1742955476.183075,7668,1742955476,182932520,ft_sensor0_wrench,-9.413429260253906,1.3879852294921875,-43.23822021484375,-0.1252341866493225,-0.0018571317195892334,0.11679431796073914
1742955476.1896884,7669,1742955476,189580611,ft_sensor0_wrench,-9.416162490844727,1.2116451263427734,-43.219966888427734,-0.12559115886688232,-0.0013300292193889618,0.11682740598917007
1742955476.1963077,7670,1742955476,196247715,ft_sensor0_wrench,-9.481013298034668,1.0856971740722656,-43.43649673461914,-0.124858558177948,-0.0009108893573284149,0.11665110290050507
1742955476.203045,7671,1742955476,202933872,ft_sensor0_wrench,-9.407361030578613,0.9537220001220703,-43.70404815673828,-0.12380081415176392,-0.0017506442964076996,0.11692202091217041
1742955476.2097108,7672,1742955476,209581407,ft_sensor0_wrench,-9.325668334960938,0.8922157287597656,-43.737815856933594,-0.1232830286026001,-0.00025112926959991455,0.11683551967144012
1742955476.2163112,7673,1742955476,216246974,ft_sensor0_wrench,-9.232612609863281,0.9246921539306641,-43.58034133911133,-0.12311184406280518,0.0016643963754177094,0.11620157957077026
1742955476.2230427,7674,1742955476,222913044,ft_sensor0_wrench,-9.08712387084961,1.0242652893066406,-43.370540618896484,-0.12364441156387329,0.001964803785085678,0.11568499356508255
1742955476.2296374,7675,1742955476,229580868,ft_sensor0_wrench,-9.04616641998291,1.1084938049316406,-43.068084716796875,-0.12334781885147095,0.004165586084127426,0.11465191841125488
1742955476.2363575,7676,1742955476,236247133,ft_sensor0_wrench,-8.952539443969727,1.2653446197509766,-42.7854118347168,-0.12101292610168457,0.003318801522254944,0.11430604755878448
1742955476.2430098,7677,1742955476,242913676,ft_sensor0_wrench,-8.971359252929688,1.2390251159667969,-42.62025451660156,-0.11970961093902588,0.0027989447116851807,0.11444318294525146
1742955476.2497041,7678,1742955476,249580832,ft_sensor0_wrench,-9.04658317565918,1.0576896667480469,-42.52650451660156,-0.1194683313369751,0.0024867765605449677,0.11510294675827026
1742955476.2563176,7679,1742955476,256247125,ft_sensor0_wrench,-9.109519958496094,0.8278369903564453,-42.36143493652344,-0.12065982818603516,0.0023440569639205933,0.11554302275180817
1742955476.2630613,7680,1742955476,262915137,ft_sensor0_wrench,-9.189911842346191,0.8345203399658203,-42.12700653076172,-0.11755108833312988,0.0027063563466072083,0.11541176587343216
1742955476.269643,7681,1742955476,269579678,ft_sensor0_wrench,-9.207459449768066,0.9005165100097656,-41.93821334838867,-0.11570483446121216,0.002852007746696472,0.11562728881835938
1742955476.276348,7682,1742955476,276248511,ft_sensor0_wrench,-9.14383316040039,0.9619350433349609,-41.74739074707031,-0.11656296253204346,0.0025104768574237823,0.11507412791252136
1742955476.2830064,7683,1742955476,282914427,ft_sensor0_wrench,-9.095367431640625,1.030862808227539,-41.52959060668945,-0.11684674024581909,0.0008754730224609375,0.11495275050401688
1742955476.2896383,7684,1742955476,289580042,ft_sensor0_wrench,-9.150813102722168,1.0580940246582031,-41.403594970703125,-0.11750298738479614,-0.000284682959318161,0.11522646248340607
1742955476.2964122,7685,1742955476,296266215,ft_sensor0_wrench,-9.33431625366211,1.0356864929199219,-41.130924224853516,-0.11760735511779785,-0.0018434859812259674,0.11562643945217133
1742955476.3030717,7686,1742955476,302930290,ft_sensor0_wrench,-9.447891235351562,0.9819068908691406,-40.72080612182617,-0.11563384532928467,-0.0044507794082164764,0.1165834590792656
1742955476.3096507,7687,1742955476,309581964,ft_sensor0_wrench,-9.484700202941895,0.9486789703369141,-40.03352737426758,-0.11347919702529907,-0.005333565175533295,0.11755122244358063
1742955476.316415,7688,1742955476,316247635,ft_sensor0_wrench,-9.409542083740234,0.8653945922851562,-39.28541564941406,-0.11220085620880127,-0.0041126832365989685,0.11783677339553833
1742955476.3230896,7689,1742955476,322931579,ft_sensor0_wrench,-9.239212989807129,0.7251205444335938,-38.42913055419922,-0.10905522108078003,-0.0023979991674423218,0.1179923415184021
1742955476.3297455,7690,1742955476,329594086,ft_sensor0_wrench,-8.970787048339844,0.5266609191894531,-37.57966995239258,-0.10620522499084473,-0.0002081654965877533,0.1176629364490509
1742955476.3363543,7691,1742955476,336247303,ft_sensor0_wrench,-8.747090339660645,0.43622779846191406,-36.56837463378906,-0.1006501317024231,0.003659602254629135,0.11688939481973648
1742955476.3430338,7692,1742955476,342918597,ft_sensor0_wrench,-8.485406875610352,0.24489402770996094,-35.73567199707031,-0.09939563274383545,0.004418853670358658,0.11663785576820374
1742955476.349686,7693,1742955476,349581275,ft_sensor0_wrench,-8.344783782958984,0.13693618774414062,-35.13271713256836,-0.09914332628250122,0.005881559103727341,0.11562208831310272
1742955476.356306,7694,1742955476,356247030,ft_sensor0_wrench,-8.258418083190918,0.1296558380126953,-34.736854553222656,-0.09854358434677124,0.006679151207208633,0.11492721736431122
1742955476.3629577,7695,1742955476,362912860,ft_sensor0_wrench,-8.196605682373047,0.20469284057617188,-34.29022979736328,-0.09775674343109131,0.00738104060292244,0.11431381106376648
1742955476.3696556,7696,1742955476,369582362,ft_sensor0_wrench,-8.098365783691406,0.3279132843017578,-33.88773727416992,-0.0977296233177185,0.007144726812839508,0.1133536696434021
1742955476.376359,7697,1742955476,376280246,ft_sensor0_wrench,-7.930220603942871,0.6023883819580078,-33.486751556396484,-0.0966947078704834,0.0072908177971839905,0.11275122314691544
1742955476.3830364,7698,1742955476,382913314,ft_sensor0_wrench,-7.7004828453063965,0.8991260528564453,-32.947044372558594,-0.09670466184616089,0.008683715015649796,0.11155109107494354
1742955476.3896444,7699,1742955476,389580458,ft_sensor0_wrench,-7.437110424041748,1.1226615905761719,-32.01305389404297,-0.097145676612854,0.012437168508768082,0.10960730910301208
1742955476.396358,7700,1742955476,396248322,ft_sensor0_wrench,-7.142728328704834,1.3180122375488281,-30.750438690185547,-0.0959402322769165,0.01560932956635952,0.10822974145412445
1742955476.403057,7701,1742955476,402921211,ft_sensor0_wrench,-6.839477062225342,1.4365348815917969,-29.350444793701172,-0.09269636869430542,0.018292102962732315,0.10690769553184509
1742955476.409683,7702,1742955476,409582225,ft_sensor0_wrench,-6.550001621246338,1.323099136352539,-27.83431625366211,-0.09023499488830566,0.020141499117016792,0.10535643994808197
1742955476.416362,7703,1742955476,416250239,ft_sensor0_wrench,-6.3284525871276855,1.1397552490234375,-26.247882843017578,-0.08557319641113281,0.0211628507822752,0.10363496094942093
1742955476.4230504,7704,1742955476,422928180,ft_sensor0_wrench,-6.207379341125488,0.9453563690185547,-24.78101348876953,-0.07862728834152222,0.022645963355898857,0.10223986208438873
1742955476.429736,7705,1742955476,429586771,ft_sensor0_wrench,-6.131985664367676,0.6622085571289062,-23.616783142089844,-0.07336694002151489,0.022737739607691765,0.0999366044998169
1742955476.436405,7706,1742955476,436249965,ft_sensor0_wrench,-6.071014404296875,0.4617881774902344,-22.68255615234375,-0.0691303014755249,0.021952861919999123,0.09821514785289764
1742955476.443079,7707,1742955476,442932281,ft_sensor0_wrench,-5.996744632720947,0.31435394287109375,-21.774654388427734,-0.06584718823432922,0.02319219894707203,0.09614045917987823
1742955476.4496565,7708,1742955476,449594310,ft_sensor0_wrench,-5.772913455963135,0.17557907104492188,-20.583967208862305,-0.06451374292373657,0.023921886458992958,0.09350617229938507
1742955476.456313,7709,1742955476,456247114,ft_sensor0_wrench,-5.490421295166016,0.17522621154785156,-19.254840850830078,-0.06044358015060425,0.02479015290737152,0.09114451706409454
1742955476.4631891,7710,1742955476,462915464,ft_sensor0_wrench,-5.300276279449463,0.2543621063232422,-17.85371971130371,-0.055807679891586304,0.027318451553583145,0.08794516324996948
1742955476.4696639,7711,1742955476,469584494,ft_sensor0_wrench,-5.012154579162598,0.30267906188964844,-16.49764060974121,-0.0525054931640625,0.027670273557305336,0.08412688970565796
1742955476.4763706,7712,1742955476,476249000,ft_sensor0_wrench,-4.765429973602295,0.3582935333251953,-15.183358192443848,-0.04991587996482849,0.027130667120218277,0.08056583255529404
1742955476.4830081,7713,1742955476,482915079,ft_sensor0_wrench,-4.619317054748535,0.3689422607421875,-13.93981647491455,-0.047334492206573486,0.02776823751628399,0.07737806439399719
1742955476.4896722,7714,1742955476,489581872,ft_sensor0_wrench,-4.366760730743408,0.3622150421142578,-12.791656494140625,-0.044785499572753906,0.026517823338508606,0.07397718727588654
1742955476.496345,7715,1742955476,496247132,ft_sensor0_wrench,-4.106678009033203,0.34119224548339844,-11.666631698608398,-0.042228639125823975,0.024800315499305725,0.07100516557693481
1742955476.5030525,7716,1742955476,502915129,ft_sensor0_wrench,-3.9206624031066895,0.2537117004394531,-10.566338539123535,-0.04113742709159851,0.024968991056084633,0.06711430102586746
1742955476.509657,7717,1742955476,509581114,ft_sensor0_wrench,-3.645841598510742,0.26944541931152344,-9.587640762329102,-0.038660407066345215,0.024966765195131302,0.06352022290229797
1742955476.516345,7718,1742955476,516247785,ft_sensor0_wrench,-3.3478641510009766,0.3618583679199219,-8.657045364379883,-0.035207599401474,0.024985458701848984,0.059977732598781586
1742955476.5229807,7719,1742955476,522913791,ft_sensor0_wrench,-3.0015041828155518,0.3893470764160156,-7.75009822845459,-0.03319689631462097,0.024325450882315636,0.055767372250556946
1742955476.5296628,7720,1742955476,529582476,ft_sensor0_wrench,-2.622745990753174,0.41930198669433594,-6.889671325683594,-0.030690491199493408,0.022462492808699608,0.05199319124221802
1742955476.536313,7721,1742955476,536248962,ft_sensor0_wrench,-2.302372455596924,0.41761207580566406,-6.100160598754883,-0.028649717569351196,0.02151354029774666,0.04819077253341675
1742955476.543017,7722,1742955476,542934012,ft_sensor0_wrench,-2.074737548828125,0.43752479553222656,-5.310859680175781,-0.02428528666496277,0.02083013579249382,0.04408765584230423
1742955476.5496364,7723,1742955476,549580436,ft_sensor0_wrench,-1.8594622611999512,0.44614410400390625,-4.5179009437561035,-0.020727604627609253,0.019195590168237686,0.038903944194316864
1742955476.556312,7724,1742955476,556249142,ft_sensor0_wrench,-1.616523265838623,0.42246246337890625,-3.8190128803253174,-0.01808387041091919,0.017204497009515762,0.034830257296562195
1742955476.5630844,7725,1742955476,562930831,ft_sensor0_wrench,-1.417496681213379,0.35718727111816406,-3.0929975509643555,-0.016284465789794922,0.014734562486410141,0.030518874526023865
1742955476.5697093,7726,1742955476,569579927,ft_sensor0_wrench,-1.2673583030700684,0.3215160369873047,-2.557649850845337,-0.01353481411933899,0.013081684708595276,0.025755345821380615
1742955476.576331,7727,1742955476,576249409,ft_sensor0_wrench,-1.0399270057678223,0.234954833984375,-2.048022985458374,-0.011366844177246094,0.010702952742576599,0.020971789956092834
1742955476.5830557,7728,1742955476,582930339,ft_sensor0_wrench,-0.7726707458496094,0.1649322509765625,-1.5847582817077637,-0.009144812822341919,0.007371239364147186,0.01643650233745575
1742955476.5896647,7729,1742955476,589580988,ft_sensor0_wrench,-0.5855345726013184,0.07831954956054688,-1.1460456848144531,-0.0069540441036224365,0.00562417134642601,0.011865481734275818
1742955476.596329,7730,1742955476,596251680,ft_sensor0_wrench,-0.43351078033447266,-0.026128768920898438,-0.8261966705322266,-0.0052287280559539795,0.004836421459913254,0.00794723629951477
1742955476.603007,7731,1742955476,602914038,ft_sensor0_wrench,-0.1813945770263672,-0.09690666198730469,-0.5508084297180176,-0.0038359463214874268,0.0018070563673973083,0.004767507314682007
1742955476.6096647,7732,1742955476,609579832,ft_sensor0_wrench,-0.030380725860595703,-0.08820152282714844,-0.34517908096313477,-0.0018378496170043945,0.0006340108811855316,0.0027348101139068604
1742955476.6163359,7733,1742955476,616246789,ft_sensor0_wrench,0.007447242736816406,-0.10925483703613281,-0.2074146270751953,-0.001574873924255371,0.0011580847203731537,0.001376315951347351
1742955476.623035,7734,1742955476,622935169,ft_sensor0_wrench,0.20076560974121094,-0.09739494323730469,-0.09154748916625977,-0.0012336373329162598,-0.0013822093605995178,0.0007504969835281372
1742955476.6296546,7735,1742955476,629583025,ft_sensor0_wrench,0.19653606414794922,-0.08636856079101562,-0.04734468460083008,-0.0008774399757385254,-0.00021282583475112915,0.00029984116554260254
1742955476.636363,7736,1742955476,636263665,ft_sensor0_wrench,0.2404794692993164,-0.132965087890625,-0.022797584533691406,-0.0018229484558105469,-0.0012327693402767181,-0.00014597177505493164
1742955476.643013,7737,1742955476,642927648,ft_sensor0_wrench,0.2429962158203125,-0.1990509033203125,0.023546218872070312,-0.0033100545406341553,-0.000518549233675003,-0.0001663416624069214
1742955476.649778,7738,1742955476,649580026,ft_sensor0_wrench,0.1981487274169922,-0.11791229248046875,0.0006723403930664062,-0.001815110445022583,-0.0002525337040424347,-0.0003612041473388672
1742955476.6563053,7739,1742955476,656246277,ft_sensor0_wrench,0.2185811996459961,-0.08283042907714844,0.025486469268798828,-0.0008305609226226807,-0.0013296417891979218,-0.00013181567192077637
1742955476.6629708,7740,1742955476,662916497,ft_sensor0_wrench,0.17625141143798828,-0.06777763366699219,0.04895591735839844,-0.0008227527141571045,-0.00034941360354423523,-0.0003470480442047119
1742955476.669679,7741,1742955476,669585115,ft_sensor0_wrench,0.1589059829711914,-0.0988311767578125,0.049199581146240234,-0.0013026297092437744,-8.064880967140198e-05,7.447600364685059e-05
1742955476.676364,7742,1742955476,676258569,ft_sensor0_wrench,0.17625141143798828,-0.06777763366699219,0.04895591735839844,-0.0008227527141571045,-0.00034941360354423523,-0.0003470480442047119
1742955476.6831005,7743,1742955476,682940028,ft_sensor0_wrench,0.24660015106201172,-0.06875038146972656,0.0485382080078125,-0.0008457601070404053,-0.0013892650604248047,-0.00011199712753295898
1742955476.6896741,7744,1742955476,689584482,ft_sensor0_wrench,0.16867637634277344,-0.08126640319824219,0.07416820526123047,-0.0012482404708862305,-0.0006254352629184723,-0.00012484192848205566
1742955476.696321,7745,1742955476,696247622,ft_sensor0_wrench,0.1965351104736328,-0.03210639953613281,0.09913921356201172,-0.000705420970916748,-0.0014525726437568665,-8.338689804077148e-05
1742955476.7030792,7746,1742955476,702937015,ft_sensor0_wrench,0.23981618881225586,-0.05391693115234375,0.07192230224609375,-0.0008451640605926514,-0.0009357593953609467,0.0001214444637298584
1742955476.7096348,7747,1742955476,709580109,ft_sensor0_wrench,0.26625537872314453,-0.09648704528808594,0.0986318588256836,-0.0017125308513641357,-0.0024544447660446167,0.00011879205703735352
1742955476.7163208,7748,1742955476,716254353,ft_sensor0_wrench,0.15623950958251953,-0.03215789794921875,0.028224468231201172,-0.0006826817989349365,-0.0008209198713302612,0.00012914836406707764
1742955476.7230856,7749,1742955476,722932234,ft_sensor0_wrench,0.21843242645263672,-0.08224105834960938,0.05085563659667969,-0.0016977787017822266,-0.0013557001948356628,-9.752810001373291e-05
1742955476.7296607,7750,1742955476,729580091,ft_sensor0_wrench,0.29112720489501953,-0.0797271728515625,0.07525014877319336,-0.0012246966361999512,-0.0031903013586997986,0.00012612342834472656
1742955476.7363887,7751,1742955476,736247551,ft_sensor0_wrench,0.24251270294189453,-0.09380722045898438,0.029302597045898438,-0.0016360282897949219,-0.00282108411192894,-0.000101432204246521
1742955476.743097,7752,1742955476,742937108,ft_sensor0_wrench,0.1337127685546875,-0.045429229736328125,0.07641839981079102,-0.0006744265556335449,-0.0008798129856586456,0.00011041760444641113
1742955476.7496676,7753,1742955476,749596351,ft_sensor0_wrench,0.1754603385925293,-0.096099853515625,0.05078411102294922,-0.0012488365173339844,-0.0010789409279823303,-0.00035828351974487305
1742955476.7564363,7754,1742955476,756267502,ft_sensor0_wrench,0.20850086212158203,-0.06472587585449219,0.027805328369140625,-0.0011941492557525635,-0.0015784204006195068,0.00012342631816864014
1742955476.763069,7755,1742955476,762930393,ft_sensor0_wrench,0.15623950958251953,-0.03215789794921875,0.028224468231201172,-0.0006826817989349365,-0.0008209198713302612,0.00012914836406707764
1742955476.7696588,7756,1742955476,769580397,ft_sensor0_wrench,0.19433975219726562,-0.036182403564453125,0.04895782470703125,-0.000334322452545166,-0.0006317645311355591,-0.00010627508163452148
1742955476.776412,7757,1742955476,776246546,ft_sensor0_wrench,0.14380550384521484,-0.09802436828613281,0.0975499153137207,-0.001736074686050415,0.00011042878031730652,-0.0001321732997894287
1742955476.783048,7758,1742955476,782931719,ft_sensor0_wrench,0.18362903594970703,-0.08148384094238281,0.05118703842163086,-0.001681983470916748,-0.000842563807964325,0.00011609494686126709
1742955476.7896495,7759,1742955476,789582273,ft_sensor0_wrench,0.21179771423339844,-0.06799507141113281,0.048870086669921875,-0.0008299648761749268,-0.0008761361241340637,0.00010162591934204102
1742955476.796356,7760,1742955476,796247945,ft_sensor0_wrench,0.21163654327392578,-0.0329132080078125,0.05078840255737305,-0.0002719759941101074,-0.001643642783164978,0.0001232624053955078
1742955476.8030305,7761,1742955476,802931051,ft_sensor0_wrench,0.1315164566040039,-0.04950523376464844,0.026237010955810547,-0.0003033280372619629,-5.900487303733826e-05,8.752942085266113e-05
1742955476.8096516,7762,1742955476,809580251,ft_sensor0_wrench,0.1505417823791504,-0.14064407348632812,0.07624006271362305,-0.0021542012691497803,-0.0010861903429031372,0.0002854466438293457
1742955476.8163939,7763,1742955476,816260195,ft_sensor0_wrench,0.1929183006286621,-0.1279125213623047,0.050696372985839844,-0.0017445087432861328,-0.001323312520980835,-0.00015038251876831055
1742955476.823063,7764,1742955476,822916705,ft_sensor0_wrench,0.20771026611328125,-0.09305000305175781,0.02963399887084961,-0.0016202330589294434,-0.002307947725057602,0.000112190842628479
1742955476.8296394,7765,1742955476,829579418,ft_sensor0_wrench,0.22521591186523438,-0.097076416015625,0.02747201919555664,-0.0016983747482299805,-0.0018092058598995209,-0.0003309696912765503
1742955476.8363519,7766,1742955476,836246842,ft_sensor0_wrench,0.20614337921142578,-0.03372001647949219,-0.02045726776123047,-0.0002650320529937744,-0.0015251263976097107,0.00012215971946716309
1742955476.8430192,7767,1742955476,842913362,ft_sensor0_wrench,0.23666954040527344,-0.051235198974609375,0.02548837661743164,-0.0003421306610107422,-0.0016119927167892456,0.00010895729064941406
1742955476.8496664,7768,1742955476,849581367,ft_sensor0_wrench,0.1307382583618164,-0.11232185363769531,0.05151653289794922,-0.002154618501663208,-4.707649350166321e-05,8.894503116607666e-05
1742955476.8563564,7769,1742955476,856247021,ft_sensor0_wrench,0.18597412109375,-0.07799720764160156,0.07599878311157227,-0.0011858940124511719,-0.0016373135149478912,0.00010469555854797363
1742955476.8630083,7770,1742955476,862933677,ft_sensor0_wrench,0.1556100845336914,-0.09556198120117188,0.028134822845458984,-0.0016667842864990234,-0.0007829330861568451,9.627640247344971e-05
1742955476.8696349,7771,1742955476,869579746,ft_sensor0_wrench,0.19025135040283203,-0.06123924255371094,0.029721736907958984,-0.001124560832977295,-0.002063583582639694,-9.57101583480835e-05
1742955476.876303,7772,1742955476,876245788,ft_sensor0_wrench,0.18868446350097656,-0.0019092559814453125,-0.020369529724121094,0.00023064017295837402,-0.001280762255191803,-8.574128150939941e-05
1742955476.882986,7773,1742955476,882913744,ft_sensor0_wrench,0.19936037063598633,-0.018886566162109375,0.0029268264770507812,-0.0002644360065460205,-0.0010716207325458527,0.00035560131072998047
1742955476.8896682,7774,1742955476,889581273,ft_sensor0_wrench,0.15074634552001953,-0.03296470642089844,-0.043021202087402344,-0.0006757378578186035,-0.0007024034857749939,0.0001280456781387329
1742955476.896335,7775,1742955476,896246859,ft_sensor0_wrench,0.1556100845336914,-0.09556198120117188,0.028134822845458984,-0.0016667842864990234,-0.0007829330861568451,9.627640247344971e-05
1742955476.903,7776,1742955476,902913344,ft_sensor0_wrench,0.19025135040283203,-0.06123924255371094,0.029721736907958984,-0.001124560832977295,-0.002063583582639694,-9.57101583480835e-05
1742955476.9096372,7777,1742955476,909579125,ft_sensor0_wrench,0.1837778091430664,-0.08207321166992188,0.02581787109375,-0.0008147954940795898,-0.0008165054023265839,8.180737495422363e-05
1742955476.9163826,7778,1742955476,916251266,ft_sensor0_wrench,0.1215982437133789,-0.06648063659667969,0.026637554168701172,-0.001224905252456665,0.0004597306251525879,0.000321120023727417
1742955476.92307,7779,1742955476,922912542,ft_sensor0_wrench,0.15404415130615234,-0.03623390197753906,-0.021956443786621094,-0.0003116130828857422,-1.1175870895385742e-07,0.00010624527931213379
1742955476.9296334,7780,1742955476,929579350,ft_sensor0_wrench,0.17369842529296875,-0.06396865844726562,0.028136730194091797,-0.001178354024887085,-0.001065284013748169,0.00033704936504364014
1742955476.9363568,7781,1742955476,936247730,ft_sensor0_wrench,0.1456775665283203,-0.07804679870605469,0.005084514617919922,-0.0011631548404693604,-0.001005660742521286,0.00031723082065582275
1742955476.9430685,7782,1742955476,942942620,ft_sensor0_wrench,0.20520401000976562,-0.06145668029785156,0.006740570068359375,-0.0015583038330078125,-0.002280712127685547,0.0001452118158340454
1742955476.949657,7783,1742955476,949581676,ft_sensor0_wrench,0.16302204132080078,-0.046993255615234375,0.004840850830078125,-0.0006832778453826904,-0.0012744329869747162,-0.00010429322719573975
1742955476.9564073,7784,1742955476,956268942,ft_sensor0_wrench,0.08275413513183594,-0.06299591064453125,0.005659580230712891,-0.0015818476676940918,0.0002841539680957794,-0.00010575354099273682
1742955476.963095,7785,1742955476,962936330,ft_sensor0_wrench,0.15404415130615234,-0.03623390197753906,-0.021956443786621094,-0.0003116130828857422,-1.1175870895385742e-07,0.00010624527931213379
1742955476.9696367,7786,1742955476,969580926,ft_sensor0_wrench,0.14995479583740234,-0.061290740966796875,-0.041192054748535156,-0.0011018216609954834,-0.001431938260793686,0.00011681020259857178
1742955476.9763348,7787,1742955476,976246309,ft_sensor0_wrench,0.20614337921142578,-0.03372001647949219,-0.02045726776123047,-0.0002650320529937744,-0.0015251263976097107,0.00012215971946716309
1742955476.9830325,7788,1742955476,982916137,ft_sensor0_wrench,0.16067886352539062,-0.050479888916015625,-0.01997089385986328,-0.0011793971061706543,-0.0004796832799911499,-9.290874004364014e-05
1742955476.9896748,7789,1742955476,989578508,ft_sensor0_wrench,0.19312381744384766,-0.020233154296875,-0.06856441497802734,-0.00026607513427734375,-0.0009395182132720947,-0.00030778348445892334
1742955476.9963324,7790,1742955476,996265880,ft_sensor0_wrench,0.1962594985961914,0.011577606201171875,-0.04558134078979492,0.0006560981273651123,-0.001004740595817566,-0.00030794739723205566
1742955477.0030375,7791,1742955477,2928253,ft_sensor0_wrench,0.18789386749267578,-0.03023529052734375,-0.01854085922241211,-0.00019544363021850586,-0.002010297030210495,-9.69618558883667e-05
1742955477.0096586,7792,1742955477,9580671,ft_sensor0_wrench,0.13516473770141602,-0.09615135192871094,-0.020130157470703125,-0.0012260973453521729,-0.0004472881555557251,-0.00014576315879821777
1742955477.0163043,7793,1742955477,16246802,ft_sensor0_wrench,0.12586212158203125,-0.015232086181640625,-0.043089866638183594,0.00026163458824157715,-0.0007080025970935822,0.0001080632209777832
1742955477.0229788,7794,1742955477,22912848,ft_sensor0_wrench,0.17812442779541016,-0.04780006408691406,-0.043509483337402344,-0.0002498328685760498,-0.0014655031263828278,0.0001023411750793457
1742955477.029642,7795,1742955477,29580765,ft_sensor0_wrench,0.1464700698852539,-0.04972267150878906,0.0032558441162109375,-0.0007370710372924805,-0.0002761334180831909,0.00032845139503479004
1742955477.0363414,7796,1742955477,36248283,ft_sensor0_wrench,0.15701675415039062,0.030658721923828125,0.002945423126220703,0.0011686086654663086,-0.0008328482508659363,0.0001277327537536621
1742955477.0431163,7797,1742955477,42930153,ft_sensor0_wrench,0.14761066436767578,-0.06477737426757812,-0.06600427627563477,-0.0015979409217834473,-0.0006371662020683289,0.0001281946897506714
1742955477.04965,7798,1742955477,49580117,ft_sensor0_wrench,0.1296854019165039,-0.1314525604248047,-0.06792449951171875,-0.0026444196701049805,0.0004126988351345062,-0.00013421475887298584
1742955477.0563107,7799,1742955477,56246965,ft_sensor0_wrench,0.12701797485351562,-0.06477737426757812,-0.08889913558959961,-0.002024441957473755,-0.00032757967710494995,-7.955729961395264e-05
1742955477.063027,7800,1742955477,62915098,ft_sensor0_wrench,0.24031639099121094,-0.09788322448730469,-0.02087879180908203,-0.0012648999691009521,-0.0020002834498882294,-0.00012433528900146484
1742955477.0696476,7801,1742955477,69580446,ft_sensor0_wrench,0.1882171630859375,-0.10039710998535156,-0.022377490997314453,-0.0013115108013153076,-0.0004752613604068756,-0.00014024972915649414
1742955477.0763535,7802,1742955477,76249134,ft_sensor0_wrench,0.0986337661743164,-0.000988006591796875,-0.06797075271606445,0.0007028877735137939,8.11554491519928e-05,9.948015213012695e-05
1742955477.0830886,7803,1742955477,82930234,ft_sensor0_wrench,0.12288856506347656,-0.08212471008300781,-0.06799173355102539,-0.0012185871601104736,0.0001247413456439972,8.659064769744873e-05
1742955477.089663,7804,1742955477,89579847,ft_sensor0_wrench,0.06305217742919922,-0.06304550170898438,-0.04235982894897461,-0.0011326074600219727,0.0006062202155590057,0.0003145188093185425
1742955477.096388,7805,1742955477,96246548,ft_sensor0_wrench,0.15074634552001953,-0.03296470642089844,-0.043021202087402344,-0.0006757378578186035,-0.0007024034857749939,0.0001280456781387329
1742955477.102998,7806,1742955477,102913850,ft_sensor0_wrench,0.18335437774658203,-0.03779792785644531,-0.09353351593017578,-0.0003204643726348877,-0.0003947317600250244,-0.00010848045349121094
1742955477.1096663,7807,1742955477,109581075,ft_sensor0_wrench,0.07062625885009766,-0.049556732177734375,-0.06757211685180664,-0.0007071197032928467,0.0008822418749332428,9.231269359588623e-05
1742955477.11634,7808,1742955477,116262449,ft_sensor0_wrench,0.10777425765991211,-0.046825408935546875,-0.04309225082397461,-0.00022679567337036133,-0.0004256516695022583,-0.00013270974159240723
1742955477.1230512,7809,1742955477,122928085,ft_sensor0_wrench,0.15769195556640625,-0.08288192749023438,-0.06832313537597656,-0.0012343823909759521,-0.0003883950412273407,-0.00012703239917755127
1742955477.129792,7810,1742955477,129581338,ft_sensor0_wrench,0.1227264404296875,-0.04704475402832031,-0.06607294082641602,-0.0006605386734008789,-0.000642780214548111,0.00010822713375091553
1742955477.1363494,7811,1742955477,136248370,ft_sensor0_wrench,0.08478832244873047,-0.07810020446777344,-0.08872509002685547,-0.0015669465065002441,-6.440654397010803e-05,0.000321999192237854
1742955477.1430488,7812,1742955477,142950366,ft_sensor0_wrench,0.09488201141357422,-0.13069534301757812,-0.06759309768676758,-0.002628624439239502,0.0009258352220058441,7.940828800201416e-05
1742955477.149767,7813,1742955477,149580761,ft_sensor0_wrench,0.08290243148803711,-0.0635833740234375,-0.019710540771484375,-0.0007146298885345459,0.0003102123737335205,-0.00014004111289978027
1742955477.156332,7814,1742955477,156246406,ft_sensor0_wrench,0.12209749221801758,-0.11044883728027344,-0.06616353988647461,-0.0016446411609649658,-0.0006047934293746948,7.53551721572876e-05
1742955477.1630273,7815,1742955477,162933328,ft_sensor0_wrench,0.08259391784667969,-0.08217620849609375,-0.13890600204467773,-0.0011958777904510498,0.0007564015686511993,0.00029909610748291016
1742955477.1696596,7816,1742955477,169581615,ft_sensor0_wrench,0.13280820846557617,-0.06514930725097656,-0.06839275360107422,-0.0002970099449157715,-0.00039399415254592896,-0.00014701485633850098
1742955477.1763566,7817,1742955477,176248566,ft_sensor0_wrench,0.19546794891357422,-0.01674652099609375,-0.04375314712524414,0.00023004412651062012,-0.001734275370836258,-0.0003191828727722168
1742955477.1829863,7818,1742955477,182912552,ft_sensor0_wrench,0.14332103729248047,-0.0470428466796875,-0.04317808151245117,-0.0002340376377105713,-0.0009523667395114899,0.0003159642219543457
1742955477.1896322,7819,1742955477,189579665,ft_sensor0_wrench,0.16898441314697266,-0.00196075439453125,-0.06838846206665039,0.0006798505783081055,-0.0009586960077285767,0.0003345310688018799
1742955477.196372,7820,1742955477,196257988,ft_sensor0_wrench,0.12115812301635742,-0.1381855010986328,-0.038965702056884766,-0.0029379427433013916,-0.0013603642582893372,9.840726852416992e-05
1742955477.203067,7821,1742955477,202931033,ft_sensor0_wrench,0.13500261306762695,-0.06107139587402344,-0.01821136474609375,-0.0006680786609649658,-0.0012148097157478333,-0.00012411177158355713
1742955477.2096379,7822,1742955477,209579584,ft_sensor0_wrench,0.13500261306762695,-0.06107139587402344,-0.01821136474609375,-0.0006680786609649658,-0.0012148097157478333,-0.00012411177158355713
1742955477.2163506,7823,1742955477,216258941,ft_sensor0_wrench,0.0903162956237793,-0.0150146484375,-0.04300403594970703,0.0002688467502593994,-0.00018128752708435059,-0.0003406107425689697
1742955477.223047,7824,1742955477,222913084,ft_sensor0_wrench,0.12256622314453125,-0.011962890625,-0.06415414810180664,-0.00010254979133605957,-0.0014102943241596222,0.00012986361980438232
1742955477.2296383,7825,1742955477,229578999,ft_sensor0_wrench,0.14776039123535156,-0.06536674499511719,-0.09137344360351562,-0.0007307529449462891,-0.0006111226975917816,9.392201900482178e-05
1742955477.2363553,7826,1742955477,236247816,ft_sensor0_wrench,0.12508296966552734,-0.0780487060546875,-0.017810344696044922,-0.001589655876159668,-0.0006960742175579071,0.00010947883129119873
1742955477.2431161,7827,1742955477,242933500,ft_sensor0_wrench,0.06305217742919922,-0.06304550170898438,-0.04235982894897461,-0.0011326074600219727,0.0006062202155590057,0.0003145188093185425
1742955477.2496657,7828,1742955477,249580166,ft_sensor0_wrench,0.04998493194580078,-0.07734298706054688,-0.0883936882019043,-0.0015511512756347656,0.000448714941740036,0.000535622239112854
1742955477.2564018,7829,1742955477,256259985,ft_sensor0_wrench,0.10224723815917969,-0.10991096496582031,-0.08881282806396484,-0.0020626187324523926,-0.00030877068638801575,0.0005299001932144165
1742955477.2630644,7830,1742955477,262933791,ft_sensor0_wrench,0.1194305419921875,-0.04377555847167969,-0.08713769912719727,-0.0010247230529785156,-0.0013450570404529572,0.00013002753257751465
1742955477.2697022,7831,1742955477,269583158,ft_sensor0_wrench,0.1182870864868164,-0.028720855712890625,-0.017877578735351562,-0.00016385316848754883,-0.0009840168058872223,0.0003302842378616333
1742955477.2765594,7832,1742955477,276265568,ft_sensor0_wrench,0.14018535614013672,-0.07885551452636719,-0.0661611557006836,-0.0011562108993530273,-0.0008871443569660187,0.00031612813472747803
1742955477.2831442,7833,1742955477,282928478,ft_sensor0_wrench,0.08478832244873047,-0.07810020446777344,-0.08872509002685547,-0.0015669465065002441,-6.440654397010803e-05,0.000321999192237854
1742955477.2896607,7834,1742955477,289581080,ft_sensor0_wrench,0.014439105987548828,-0.07712364196777344,-0.08830785751342773,-0.0015439093112945557,0.0009754374623298645,8.694827556610107e-05
1742955477.2963603,7835,1742955477,296265153,ft_sensor0_wrench,0.10019922256469727,-0.060314178466796875,-0.017879962921142578,-0.0006522834300994873,-0.0007016658782958984,8.951127529144287e-05
1742955477.3030622,7836,1742955477,302933700,ft_sensor0_wrench,0.09392881393432617,-0.12393951416015625,-0.06384658813476562,-0.002496659755706787,-0.0005712062120437622,8.982419967651367e-05
1742955477.3096519,7837,1742955477,309592203,ft_sensor0_wrench,0.13865089416503906,-0.10771942138671875,-0.06457805633544922,-0.0015908479690551758,-0.0016030892729759216,-0.00035740435123443604
1742955477.3163333,7838,1742955477,316264048,ft_sensor0_wrench,0.08792400360107422,-0.04628753662109375,-0.06574153900146484,-0.0006447732448577881,-0.00012964382767677307,0.00032185018062591553
1742955477.3230553,7839,1742955477,322930153,ft_sensor0_wrench,0.09105873107910156,-0.014474868774414062,-0.04275846481323242,0.00027742981910705566,-0.00019486621022224426,0.0003216862678527832
1742955477.329734,7840,1742955477,329585119,ft_sensor0_wrench,0.13249683380126953,-0.029478073120117188,-0.04110383987426758,-0.0006061792373657227,-0.0011875666677951813,-9.109079837799072e-05
1742955477.3363914,7841,1742955477,336258983,ft_sensor0_wrench,0.08776283264160156,-0.011205673217773438,-0.06382274627685547,-8.675456047058105e-05,-0.0008971579372882843,0.0003434866666793823
1742955477.3430748,7842,1742955477,342926834,ft_sensor0_wrench,0.11185646057128906,-0.05726432800292969,-0.061925411224365234,-0.0014502108097076416,-0.0016210861504077911,0.0003522336483001709
1742955477.3496482,7843,1742955477,349585066,ft_sensor0_wrench,0.11122655868530273,-0.12067031860351562,-0.06201601028442383,-0.0024343132972717285,-0.001583106815814972,0.00031936168670654297
1742955477.356314,7844,1742955477,356247333,ft_sensor0_wrench,0.07282257080078125,-0.04547882080078125,-0.017390727996826172,-0.0010782182216644287,6.143376231193542e-05,0.00011520087718963623
1742955477.3629997,7845,1742955477,362932310,ft_sensor0_wrench,0.04323768615722656,-0.0002307891845703125,-0.09053421020507812,0.00029215216636657715,0.0009038858115673065,0.00010536611080169678
1742955477.369643,7846,1742955477,369580684,ft_sensor0_wrench,0.10526847839355469,-0.015232086181640625,-0.06598472595214844,-0.00016489624977111816,-0.00039841607213020325,-9.967386722564697e-05
1742955477.3763463,7847,1742955477,376253045,ft_sensor0_wrench,0.12256622314453125,-0.011962890625,-0.06415414810180664,-0.00010254979133605957,-0.0014102943241596222,0.00012986361980438232
1742955477.3830695,7848,1742955477,382931908,ft_sensor0_wrench,0.0978546142578125,-0.06380271911621094,-0.04269123077392578,-0.0011483728885650635,9.308382868766785e-05,0.00010089576244354248
1742955477.3896372,7849,1742955477,389579274,ft_sensor0_wrench,0.06618690490722656,-0.031232833862304688,-0.019376754760742188,-0.0002104043960571289,0.0005409978330135345,0.00031435489654541016
1742955477.3963158,7850,1742955477,396249370,ft_sensor0_wrench,0.0978546142578125,-0.06380271911621094,-0.04269123077392578,-0.0011483728885650635,9.308382868766785e-05,0.00010089576244354248
1742955477.4030683,7851,1742955477,402931877,ft_sensor0_wrench,0.06305217742919922,-0.06304550170898438,-0.04235982894897461,-0.0011326074600219727,0.0006062202155590057,0.0003145188093185425
1742955477.4096627,7852,1742955477,409582122,ft_sensor0_wrench,0.1365375518798828,-0.032207489013671875,-0.019794464111328125,-0.00023344159126281738,-0.0004988536238670349,0.0005494058132171631
1742955477.4163437,7853,1742955477,416246747,ft_sensor0_wrench,0.18314552307128906,-0.0305023193359375,-0.08954095840454102,-0.0001799464225769043,-0.0019053593277931213,0.0005642324686050415
1742955477.4230716,7854,1742955477,422929568,ft_sensor0_wrench,0.10966014862060547,-0.06134033203125,-0.1121068000793457,-0.0010791122913360596,-0.0008002705872058868,0.00032933056354522705
1742955477.4296548,7855,1742955477,429581703,ft_sensor0_wrench,0.06293869018554688,-0.000179290771484375,-0.04251527786254883,-0.0001570582389831543,0.0005818195641040802,-0.00031492114067077637
1742955477.4363205,7856,1742955477,436248996,ft_sensor0_wrench,0.10526847839355469,-0.015232086181640625,-0.06598472595214844,-0.00016489624977111816,-0.00039841607213020325,-9.967386722564697e-05
1742955477.443068,7857,1742955477,442922827,ft_sensor0_wrench,0.10526847839355469,-0.015232086181640625,-0.06598472595214844,-0.00016489624977111816,-0.00039841607213020325,-9.967386722564697e-05
1742955477.4496627,7858,1742955477,449580113,ft_sensor0_wrench,0.14002418518066406,-0.04377555847167969,-0.06424236297607422,-0.000598222017288208,-0.00165465846657753,0.0003377646207809448
1742955477.4563053,7859,1742955477,456247406,ft_sensor0_wrench,0.0978546142578125,-0.06380271911621094,-0.04269123077392578,-0.0011483728885650635,9.308382868766785e-05,0.00010089576244354248
1742955477.4630077,7860,1742955477,462917598,ft_sensor0_wrench,0.06053447723388672,0.003040313720703125,-0.08870363235473633,0.00035452842712402344,-0.00010799989104270935,0.0003349035978317261
1742955477.469661,7861,1742955477,469580739,ft_sensor0_wrench,0.04543304443359375,0.00384521484375,-0.04035329818725586,-7.894635200500488e-05,8.307769894599915e-05,0.00012825429439544678
1742955477.4763105,7862,1742955477,476247948,ft_sensor0_wrench,0.07282257080078125,-0.04547882080078125,-0.017390727996826172,-0.0010782182216644287,6.143376231193542e-05,0.00011520087718963623
1742955477.4830356,7863,1742955477,482913050,ft_sensor0_wrench,0.05050182342529297,0.04892921447753906,-0.08845901489257812,0.00040847063064575195,0.0003863424062728882,-6.0930848121643066e-05
1742955477.4896753,7864,1742955477,489580970,ft_sensor0_wrench,0.0696868896484375,-0.07729148864746094,-0.0403742790222168,-0.0020003914833068848,0.00012667104601860046,0.00011536478996276855
1742955477.4963112,7865,1742955477,496251537,ft_sensor0_wrench,0.03488349914550781,-0.07653427124023438,-0.040042877197265625,-0.0019845962524414062,0.0006397925317287445,0.00032898783683776855
1742955477.503006,7866,1742955477,502930449,ft_sensor0_wrench,0.06733036041259766,-0.04628753662109375,-0.08863687515258789,-0.0010712742805480957,0.0001799650490283966,0.0001140981912612915
1742955477.5096645,7867,1742955477,509579859,ft_sensor0_wrench,0.03252696990966797,-0.04553031921386719,-0.08830547332763672,-0.0010554790496826172,0.0006930865347385406,0.0003277212381362915
1742955477.5163615,7868,1742955477,516246736,ft_sensor0_wrench,0.04480314254760742,-0.059558868408203125,-0.04044342041015625,-0.001063019037246704,0.00012105703353881836,9.538233280181885e-05
1742955477.5230703,7869,1742955477,522934475,ft_sensor0_wrench,0.05896615982055664,-0.08810043334960938,-0.061595916748046875,-0.0019228458404541016,-0.0008255988359451294,0.00032508373260498047
1742955477.5296423,7870,1742955477,529578972,ft_sensor0_wrench,0.03173685073852539,-0.07385444641113281,-0.08647680282592773,-0.001481562852859497,-3.644824028015137e-05,0.0003165006637573242
1742955477.5363026,7871,1742955477,536246422,ft_sensor0_wrench,-4.4345855712890625e-05,0.021579742431640625,-0.06331777572631836,0.00043192505836486816,0.0003870651125907898,-9.94652509689331e-05
1742955477.5430512,7872,1742955477,542942406,ft_sensor0_wrench,0.03550243377685547,0.0213623046875,-0.06340312957763672,0.0004246830940246582,-0.00013964995741844177,0.0003492087125778198
1742955477.5496361,7873,1742955477,549579881,ft_sensor0_wrench,0.04908132553100586,-0.0428009033203125,-0.08672046661376953,-0.0010017156600952148,-0.0003052130341529846,-0.00010503828525543213
1742955477.5563505,7874,1742955477,556249817,ft_sensor0_wrench,0.09220218658447266,-0.029529571533203125,-0.11201858520507812,-0.0005834400653839111,-0.0005558989942073822,0.00012142956256866455
1742955477.563024,7875,1742955477,562928458,ft_sensor0_wrench,0.07548713684082031,0.0028209686279296875,-0.11168527603149414,-7.921457290649414e-05,-0.000325128436088562,0.000575825572013855
1742955477.5696914,7876,1742955477,569594449,ft_sensor0_wrench,-7.915496826171875e-05,-0.040699005126953125,-0.03779268264770508,-0.001410841941833496,0.00038541480898857117,0.0005642324686050415
1742955477.5763521,7877,1742955477,576245608,ft_sensor0_wrench,0.02420949935913086,-0.059558868408203125,-0.0633387565612793,-0.0014895498752593994,0.0004306510090827942,-0.00011236965656280518
1742955477.5830173,7878,1742955477,582912896,ft_sensor0_wrench,-0.019895553588867188,0.02211761474609375,-0.0859670639038086,1.3947486877441406e-05,0.000683072954416275,0.0003550797700881958
1742955477.589645,7879,1742955477,589579989,ft_sensor0_wrench,0.01804351806640625,0.053173065185546875,-0.06331539154052734,0.0009203553199768066,0.00010471418499946594,0.00014130771160125732
1742955477.596309,7880,1742955477,596249534,ft_sensor0_wrench,0.009690284729003906,-0.02313232421875,-0.01282358169555664,-0.0013564527034759521,-0.00015937909483909607,0.00036491453647613525
1742955477.6030045,7881,1742955477,602912547,ft_sensor0_wrench,0.04543304443359375,0.00384521484375,-0.04035329818725586,-7.894635200500488e-05,8.307769894599915e-05,0.00012825429439544678
1742955477.6096396,7882,1742955477,609580052,ft_sensor0_wrench,0.067169189453125,-0.01120758056640625,-0.08671808242797852,-0.0005132853984832764,-0.0005875639617443085,0.0001357346773147583
1742955477.6162932,7883,1742955477,616245949,ft_sensor0_wrench,0.03173685073852539,-0.07385444641113281,-0.08647680282592773,-0.001481562852859497,-3.644824028015137e-05,0.0003165006637573242
1742955477.6230102,7884,1742955477,622927997,ft_sensor0_wrench,0.04150819778442383,-0.0562896728515625,-0.0615081787109375,-0.0014272034168243408,-0.0005812346935272217,0.00011716783046722412
1742955477.629645,7885,1742955477,629579744,ft_sensor0_wrench,0.04464387893676758,-0.024477005004882812,-0.038524627685546875,-0.0005050301551818848,-0.0006464570760726929,0.00011701881885528564
1742955477.6363482,7886,1742955477,636246695,ft_sensor0_wrench,0.014278888702392578,-0.04204368591308594,-0.08638906478881836,-0.0009859204292297363,0.00020792335271835327,0.00010858476161956787
1742955477.643046,7887,1742955477,642928502,ft_sensor0_wrench,0.011143207550048828,-0.07385635375976562,-0.10937213897705078,-0.0019080936908721924,0.0002731606364250183,0.00010873377323150635
1742955477.6496813,7888,1742955477,649580655,ft_sensor0_wrench,0.08776283264160156,-0.011205673217773438,-0.06382274627685547,-8.675456047058105e-05,-0.0008971579372882843,0.0003434866666793823
1742955477.6563416,7889,1742955477,656269150,ft_sensor0_wrench,0.06653928756713867,-0.07461166381835938,-0.08680868148803711,-0.0014973580837249756,-0.0005495846271514893,0.00010287761688232422
1742955477.6630337,7890,1742955477,662913607,ft_sensor0_wrench,0.01726531982421875,-0.0096435546875,-0.03803586959838867,-0.0009309351444244385,0.00011664256453514099,0.000142708420753479
1742955477.669648,7891,1742955477,669580515,ft_sensor0_wrench,0.02777862548828125,0.008462905883789062,-0.012821674346923828,-0.0008680224418640137,-0.0004417300224304199,0.0006056874990463257
1742955477.6763577,7892,1742955477,676270485,ft_sensor0_wrench,0.002426624298095703,-0.07229042053222656,-0.014899730682373047,-0.0014727413654327393,0.0003581792116165161,0.0005312114953994751
1742955477.6830657,7893,1742955477,682934009,ft_sensor0_wrench,-0.017538070678710938,-0.008886337280273438,-0.0377044677734375,-0.0009151697158813477,0.0006297789514064789,0.000356331467628479
1742955477.689678,7894,1742955477,689580564,ft_sensor0_wrench,0.016474246978759766,-0.03796577453613281,-0.03620767593383789,-0.001357048749923706,-0.0006128847599029541,0.00013147294521331787
1742955477.696381,7895,1742955477,696248060,ft_sensor0_wrench,0.03550243377685547,0.0213623046875,-0.06340312957763672,0.0004246830940246582,-0.00013964995741844177,0.0003492087125778198
1742955477.7030857,7896,1742955477,702933495,ft_sensor0_wrench,0.04908132553100586,-0.0428009033203125,-0.08672046661376953,-0.0010017156600952148,-0.0003052130341529846,-0.00010503828525543213
1742955477.709645,7897,1742955477,709580892,ft_sensor0_wrench,0.04464387893676758,-0.024477005004882812,-0.038524627685546875,-0.0005050301551818848,-0.0006464570760726929,0.00011701881885528564
1742955477.7164314,7898,1742955477,716261060,ft_sensor0_wrench,0.006704807281494141,-0.05553245544433594,-0.06117677688598633,-0.0014114081859588623,-6.809830665588379e-05,0.0003307908773422241
1742955477.7230513,7899,1742955477,722934147,ft_sensor0_wrench,0.04401397705078125,-0.08788299560546875,-0.038614749908447266,-0.001489102840423584,-0.0006084665656089783,8.414685726165771e-05
1742955477.7296436,7900,1742955477,729581852,ft_sensor0_wrench,-0.01503133773803711,-0.04047966003417969,-0.014811515808105469,-0.0009770691394805908,0.0006025433540344238,0.0003233104944229126
1742955477.7363648,7901,1742955477,736268954,ft_sensor0_wrench,0.00984048843383789,-0.023721694946289062,-0.0381932258605957,-0.0004892349243164062,-0.00013332068920135498,0.00033064186573028564
1742955477.7430234,7902,1742955477,742943281,ft_sensor0_wrench,0.06273174285888672,0.0071163177490234375,-0.03852224349975586,-1.659989356994629e-05,-0.0009288080036640167,0.0003577917814254761
1742955477.7496984,7903,1742955477,749584414,ft_sensor0_wrench,0.02923107147216797,-0.042263031005859375,-0.10936975479125977,-0.001419663429260254,-9.190291166305542e-06,0.0003495067358016968
1742955477.7563667,7904,1742955477,756279979,ft_sensor0_wrench,0.05975532531738281,-0.05977630615234375,-0.06342458724975586,-0.0014967620372772217,-9.60715115070343e-05,0.0003363192081451416
1742955477.7630377,7905,1742955477,762932484,ft_sensor0_wrench,0.017378807067871094,-0.072509765625,-0.03788042068481445,-0.0019064843654632568,0.00014105066657066345,0.0007721483707427979
1742955477.769644,7906,1742955477,769582433,ft_sensor0_wrench,0.03044605255126953,-0.0582122802734375,0.008152961730957031,-0.0014879107475280762,0.00029854848980903625,0.0005510300397872925
1742955477.776314,7907,1742955477,776249557,ft_sensor0_wrench,0.019772052764892578,-0.04123687744140625,-0.01514291763305664,-0.0009928643703460693,8.940696716308594e-05,0.0001096874475479126
1742955477.7830284,7908,1742955477,782940979,ft_sensor0_wrench,0.01804351806640625,0.053173065185546875,-0.06331539154052734,0.0009203553199768066,0.00010471418499946594,0.00014130771160125732
1742955477.7896962,7909,1742955477,789582164,ft_sensor0_wrench,-0.034881591796875,-0.03994178771972656,-0.0374608039855957,-0.0013950467109680176,0.0008985511958599091,0.0007778555154800415
1742955477.7963517,7910,1742955477,796268354,ft_sensor0_wrench,0.06273174285888672,0.0071163177490234375,-0.03852224349975586,-1.659989356994629e-05,-0.0009288080036640167,0.0003577917814254761
1742955477.8030524,7911,1742955477,802932869,ft_sensor0_wrench,0.0635213851928711,0.03544044494628906,-0.04035139083862305,0.0004094839096069336,-0.0001992732286453247,0.0003690272569656372
1742955477.8097167,7912,1742955477,809581347,ft_sensor0_wrench,-0.04555654525756836,-0.0229644775390625,-0.06075716018676758,-0.000899970531463623,0.0006894096732139587,0.0003365129232406616
1742955477.816429,7913,1742955477,816269935,ft_sensor0_wrench,-0.02570629119873047,-0.023504257202148438,-0.03810739517211914,-0.000482022762298584,0.00039340555667877197,-0.00011803209781646729
1742955477.8230815,7914,1742955477,822947171,ft_sensor0_wrench,0.017414569854736328,-0.01023101806640625,-0.06340551376342773,-6.374716758728027e-05,0.00014270097017288208,0.0001084357500076294
1742955477.8296385,7915,1742955477,829579573,ft_sensor0_wrench,0.002265453338623047,-0.03720855712890625,-0.012980937957763672,-0.0009147226810455322,-0.00040934234857559204,0.0005528479814529419
1742955477.8363147,7916,1742955477,836246736,ft_sensor0_wrench,0.02969074249267578,-0.024259567260742188,-0.015543460845947266,-7.128715515136719e-05,-0.00042932480573654175,-0.0001239180564880371
1742955477.843052,7917,1742955477,842928276,ft_sensor0_wrench,-0.038773536682128906,-0.037799835205078125,-0.08414077758789062,-0.000900566577911377,0.00023590028285980225,0.00010307133197784424
1742955477.849641,7918,1742955477,849579831,ft_sensor0_wrench,0.006704807281494141,-0.05553245544433594,-0.06117677688598633,-0.0014114081859588623,-6.809830665588379e-05,0.0003307908773422241
1742955477.8563023,7919,1742955477,856246422,ft_sensor0_wrench,0.006704807281494141,-0.05553245544433594,-0.06117677688598633,-0.0014114081859588623,-6.809830665588379e-05,0.0003307908773422241
1742955477.8632085,7920,1742955477,862914367,ft_sensor0_wrench,-0.010915279388427734,0.01136016845703125,-0.059169769287109375,-0.00035774707794189453,-0.0005912408232688904,0.00014452636241912842
1742955477.8696535,7921,1742955477,869580250,ft_sensor0_wrench,0.034562110900878906,-0.0063724517822265625,-0.036205291748046875,-0.0008686184883117676,-0.000895235687494278,0.0003722459077835083
1742955477.8763542,7922,1742955477,876247289,ft_sensor0_wrench,-0.03892183303833008,-0.03721046447753906,-0.05877113342285156,-0.0017677545547485352,0.00020985305309295654,0.00013734400272369385
1742955477.8830264,7923,1742955477,882913552,ft_sensor0_wrench,-0.031346797943115234,-0.023723602294921875,-0.0839834213256836,-0.0013422667980194092,0.0004858747124671936,-8.48621129989624e-05
1742955477.8896985,7924,1742955477,889579767,ft_sensor0_wrench,-0.03578615188598633,-0.005397796630859375,-0.03578805923461914,-0.0008455812931060791,0.0001446157693862915,0.00013719499111175537
1742955477.896358,7925,1742955477,896264248,ft_sensor0_wrench,-0.029003143310546875,-0.020235061645507812,-0.05917167663574219,-0.000846177339553833,-0.00030888617038726807,-9.624660015106201e-05
1742955477.903049,7926,1742955477,902929066,ft_sensor0_wrench,-0.004118442535400391,-0.037967681884765625,-0.059102535247802734,-0.0017835497856140137,-0.00030328333377838135,-7.627904415130615e-05
1742955477.9096656,7927,1742955477,909584079,ft_sensor0_wrench,-0.052501678466796875,0.026950836181640625,-0.03545427322387695,-0.0003413558006286621,0.00037540122866630554,0.0005915910005569458
1742955477.916378,7928,1742955477,916248170,ft_sensor0_wrench,0.004199028015136719,-0.0239410400390625,-0.08406925201416016,-0.0013494789600372314,-4.0840357542037964e-05,0.00036381185054779053
1742955477.923062,7929,1742955477,922934124,ft_sensor0_wrench,0.003245830535888672,-0.017183303833007812,-0.080322265625,-0.0012175440788269043,-0.0015378892421722412,0.00037422776222229004
1742955477.9296458,7930,1742955477,929580764,ft_sensor0_wrench,-0.014050960540771484,-0.020452499389648438,-0.0821528434753418,-0.0012799203395843506,-0.0005260035395622253,0.0001446753740310669
1742955477.936312,7931,1742955477,936247782,ft_sensor0_wrench,-0.055637359619140625,-0.00485992431640625,-0.058437347412109375,-0.0012635290622711182,0.0004406385123729706,0.0005917549133300781
1742955477.943037,7932,1742955477,942918937,ft_sensor0_wrench,-0.08966255187988281,0.058712005615234375,-0.08338546752929688,0.0006035268306732178,0.0009418390691280365,0.0008039623498916626
1742955477.9496555,7933,1742955477,949581641,ft_sensor0_wrench,-0.06380653381347656,-0.01947784423828125,-0.058840274810791016,-0.0008303821086883545,0.00020425021648406982,0.00011737644672393799
1742955477.9563177,7934,1742955477,956255818,ft_sensor0_wrench,-0.06067085266113281,0.012334823608398438,-0.03585672378540039,9.179115295410156e-05,0.00013902783393859863,0.00011722743511199951
1742955477.963131,7935,1742955477,962930176,ft_sensor0_wrench,-0.020685672760009766,-0.006206512451171875,-0.08413887023925781,-0.0004121363162994385,-4.645437002182007e-05,0.00034384429454803467
1742955477.9697015,7936,1742955477,969583534,ft_sensor0_wrench,-0.10618400573730469,-0.03220939636230469,-0.03329610824584961,-0.001240074634552002,0.00044136494398117065,0.0005532205104827881
1742955477.9763532,7937,1742955477,976268728,ft_sensor0_wrench,-0.02826070785522461,-0.019693374633789062,-0.05892658233642578,-0.0008376240730285645,-0.00032247602939605713,0.0005660504102706909
1742955477.9830132,7938,1742955477,982931479,ft_sensor0_wrench,-0.053293704986572266,-0.0013713836669921875,-0.03362607955932617,-0.000767439603805542,-0.00035412609577178955,0.0005803704261779785
1742955477.9896708,7939,1742955477,989579210,ft_sensor0_wrench,0.006542682647705078,-0.020450592041015625,-0.05925798416137695,-0.000853419303894043,-0.000835612416267395,0.0003524273633956909
1742955477.9963114,7940,1742955477,996247372,ft_sensor0_wrench,-0.09197521209716797,-0.03296852111816406,-0.05652284622192383,-0.001682370901107788,0.00023783743381500244,0.00013184547424316406
1742955478.0029953,7941,1742955478,2913545,ft_sensor0_wrench,-0.03076648712158203,0.011898040771484375,-0.08181905746459961,-0.0007756948471069336,-0.0002952180802822113,0.0005990862846374512
1742955478.0096474,7942,1742955478,9581608,ft_sensor0_wrench,-0.052664756774902344,0.06203269958496094,-0.03353548049926758,0.00021666288375854492,-0.00039210543036460876,0.0006132423877716064
1742955478.0163267,7943,1742955478,16245176,ft_sensor0_wrench,-0.026065349578857422,-0.01561737060546875,-0.008745193481445312,-0.0012087225914001465,-0.0011432766914367676,0.0005889534950256348
1742955478.0230317,7944,1742955478,22912724,ft_sensor0_wrench,-0.020685672760009766,-0.006206512451171875,-0.08413887023925781,-0.0004121363162994385,-4.645437002182007e-05,0.00034384429454803467
1742955478.0296845,7945,1742955478,29579645,ft_sensor0_wrench,-0.072479248046875,0.124847412109375,-0.0817103385925293,0.0016414225101470947,-9.444728493690491e-05,0.0004040747880935669
1742955478.0363696,7946,1742955478,36249651,ft_sensor0_wrench,-0.07596492767333984,0.13641357421875,-0.037261962890625,0.0020062029361724854,0.00106135755777359,0.000615730881690979
1742955478.0429938,7947,1742955478,42912548,ft_sensor0_wrench,-0.11971616744995117,0.0597381591796875,-0.012053966522216797,0.0006038248538970947,0.0013500377535820007,0.0003563910722732544
1742955478.0496392,7948,1742955478,49580341,ft_sensor0_wrench,-0.09860992431640625,-0.018720626831054688,-0.058508872985839844,-0.0008146166801452637,0.0007173866033554077,0.000330999493598938
1742955478.0562925,7949,1742955478,56245677,ft_sensor0_wrench,-0.04634857177734375,-0.051288604736328125,-0.058928489685058594,-0.001326054334640503,-4.0121376514434814e-05,0.0003252774477005005
1742955478.0630188,7950,1742955478,62934476,ft_sensor0_wrench,-0.06380653381347656,-0.01947784423828125,-0.058840274810791016,-0.0008303821086883545,0.00020425021648406982,0.00011737644672393799
1742955478.0697153,7951,1742955478,69585219,ft_sensor0_wrench,-0.04571866989135742,0.012117385864257812,-0.0588383674621582,-0.000341951847076416,-7.810443639755249e-05,0.0003581494092941284
1742955478.076361,7952,1742955478,76250460,ft_sensor0_wrench,-0.05878496170043945,-0.0021800994873046875,-0.10487174987792969,-0.000760495662689209,-0.00023559480905532837,0.0005792677402496338
1742955478.0830398,7953,1742955478,82937736,ft_sensor0_wrench,-0.010754108428955078,-0.023721694946289062,-0.06108856201171875,-0.0009157657623291016,0.00017627328634262085,0.00012288987636566162
1742955478.0896466,7954,1742955478,89582004,ft_sensor0_wrench,-0.14093971252441406,-0.0036678314208984375,-0.03503894805908203,-0.0008067786693572998,0.0016976147890090942,0.00011576712131500244
1742955478.096371,7955,1742955478,96269375,ft_sensor0_wrench,-0.06067085266113281,0.012334823608398438,-0.03585672378540039,9.179115295410156e-05,0.00013902783393859863,0.00011722743511199951
1742955478.1030076,7956,1742955478,102913612,ft_sensor0_wrench,-0.02590322494506836,-0.05069923400878906,-0.010663986206054688,-0.0017667114734649658,-0.00037577003240585327,0.000567317008972168
1742955478.1096914,7957,1742955478,109580943,ft_sensor0_wrench,-0.1053929328918457,-0.0038852691650390625,-0.0351252555847168,-0.0008140206336975098,0.0011708885431289673,0.0005644410848617554
1742955478.116365,7958,1742955478,116248212,ft_sensor0_wrench,-0.09625244140625,-0.049724578857421875,-0.01024627685546875,-0.001743704080581665,0.0006640926003456116,0.00033226609230041504
1742955478.123039,7959,1742955478,122930282,ft_sensor0_wrench,-0.07121944427490234,-0.06804656982421875,-0.03554677963256836,-0.0018138885498046875,0.000695742666721344,0.00031794607639312744
1742955478.129652,7960,1742955478,129581682,ft_sensor0_wrench,-0.02826070785522461,-0.019693374633789062,-0.05892658233642578,-0.0008376240730285645,-0.00032247602939605713,0.0005660504102706909
1742955478.1363518,7961,1742955478,136250137,ft_sensor0_wrench,-0.06745386123657227,0.027170181274414062,-0.012473106384277344,9.238719940185547e-05,0.0005925297737121582,0.0003506690263748169
1742955478.143021,7962,1742955478,142913520,ft_sensor0_wrench,-0.07738637924194336,0.04468536376953125,-0.035523414611816406,0.0005959868431091309,0.0003698095679283142,0.0005716234445571899
1742955478.149799,7963,1742955478,149600108,ft_sensor0_wrench,-0.08867740631103516,-0.036235809326171875,-0.03545856475830078,-0.001318216323852539,0.0009401068091392517,0.00011004507541656494
1742955478.1563146,7964,1742955478,156247625,ft_sensor0_wrench,-0.015193462371826172,-0.005397796630859375,-0.012892723083496094,-0.0004190802574157715,-0.0001649707555770874,0.0003449469804763794
1742955478.1629863,7965,1742955478,162914250,ft_sensor0_wrench,-0.0855417251586914,-0.0044231414794921875,-0.012475013732910156,-0.000396043062210083,0.0008748844265937805,0.00010989606380462646
1742955478.1696458,7966,1742955478,169581185,ft_sensor0_wrench,-0.06745386123657227,0.027170181274414062,-0.012473106384277344,9.238719940185547e-05,0.0005925297737121582,0.0003506690263748169
1742955478.1763616,7967,1742955478,176246580,ft_sensor0_wrench,-0.04999589920043945,-0.0046405792236328125,-0.012561321258544922,-0.00040328502655029297,0.0003481656312942505,0.0005585700273513794
1742955478.1830735,7968,1742955478,182926183,ft_sensor0_wrench,-0.04258298873901367,0.04392814636230469,-0.03585481643676758,0.00058022141456604,-0.00014332681894302368,0.00035800039768218994
1742955478.189666,7969,1742955478,189595358,ft_sensor0_wrench,0.0028944015502929688,0.026195526123046875,-0.012890338897705078,6.935000419616699e-05,-0.00044732168316841125,0.0005857199430465698
1742955478.1963508,7970,1742955478,196250052,ft_sensor0_wrench,-0.0713815689086914,-0.03296661376953125,-0.033627986907958984,-0.0012558698654174805,-7.177144289016724e-05,0.0003395974636077881
1742955478.203014,7971,1742955478,202925971,ft_sensor0_wrench,-0.08884048461914062,-0.001155853271484375,-0.033539772033691406,-0.000760197639465332,0.0001726001501083374,0.00013169646263122559
1742955478.2096665,7972,1742955478,209580721,ft_sensor0_wrench,-0.029003143310546875,-0.020235061645507812,-0.05917167663574219,-0.000846177339553833,-0.00030888617038726807,-9.624660015106201e-05
1742955478.2163818,7973,1742955478,216274273,ft_sensor0_wrench,-0.06067085266113281,0.012334823608398438,-0.03585672378540039,9.179115295410156e-05,0.00013902783393859863,0.00011722743511199951
1742955478.2230113,7974,1742955478,222912615,ft_sensor0_wrench,-0.09496068954467773,-0.06536865234375,-0.10487556457519531,-0.001737356185913086,0.0003291107714176178,9.770691394805908e-05
1742955478.229663,7975,1742955478,229581917,ft_sensor0_wrench,-0.06459760665893555,-0.047801971435546875,-0.05701160430908203,-0.0012564361095428467,-0.0005252845585346222,0.00010614097118377686
1742955478.2363372,7976,1742955478,236247441,ft_sensor0_wrench,-0.0494842529296875,-0.08310127258300781,-0.08191156387329102,-0.002248227596282959,2.5115907192230225e-05,0.0003254413604736328
1742955478.2429674,7977,1742955478,242912594,ft_sensor0_wrench,-0.021625995635986328,-0.03394126892089844,-0.056940555572509766,-0.0017053782939910889,-0.0008020251989364624,0.000366896390914917
1742955478.2496471,7978,1742955478,249580837,ft_sensor0_wrench,-0.12517690658569336,-0.029260635375976562,-0.03162574768066406,-0.001179039478302002,-3.0212104320526123e-05,-0.0003282278776168823
1742955478.2563138,7979,1742955478,256246669,ft_sensor0_wrench,-0.04415321350097656,-0.047210693359375,-0.008747100830078125,-0.001697152853012085,-0.0008609220385551453,0.00034818053245544434
1742955478.2632644,7980,1742955478,262922938,ft_sensor0_wrench,-0.03657817840576172,-0.03372383117675781,-0.033959388732910156,-0.0012716352939605713,-0.0005849078297615051,0.00012597441673278809
1742955478.2696636,7981,1742955478,269583705,ft_sensor0_wrench,-0.054083824157714844,-0.029697418212890625,-0.03179740905761719,-0.0011934936046600342,-0.0010836496949195862,0.0005691349506378174
1742955478.2764108,7982,1742955478,276278747,ft_sensor0_wrench,-0.016145706176757812,0.0013580322265625,-0.009145736694335938,-0.00028711557388305664,-0.0016620084643363953,0.00035534799098968506
1742955478.283023,7983,1742955478,282912701,ft_sensor0_wrench,-0.06761693954467773,0.06225013732910156,-0.010554790496826172,0.0006504058837890625,-0.0001749768853187561,0.0003723055124282837
1742955478.2897005,7984,1742955478,289598026,ft_sensor0_wrench,-0.09781789779663086,0.009603500366210938,-0.06033754348754883,-0.0003885030746459961,0.0014469102025032043,0.0003422349691390991
1742955478.2963536,7985,1742955478,296263856,ft_sensor0_wrench,-0.0855417251586914,-0.0044231414794921875,-0.012475013732910156,-0.000396043062210083,0.0008748844265937805,0.00010989606380462646
1742955478.3030555,7986,1742955478,302929373,ft_sensor0_wrench,-0.12128543853759766,-0.031402587890625,0.01505422592163086,-0.0016735196113586426,0.0006324425339698792,0.0003465712070465088
1742955478.3096516,7987,1742955478,309580945,ft_sensor0_wrench,-0.07816457748413086,-0.018131256103515625,-0.010244369506835938,-0.0012552738189697266,0.00038173794746398926,0.0005730390548706055
1742955478.3163116,7988,1742955478,316247628,ft_sensor0_wrench,-0.08884048461914062,-0.001155853271484375,-0.033539772033691406,-0.000760197639465332,0.0001726001501083374,0.00013169646263122559
1742955478.3230662,7989,1742955478,322917939,ft_sensor0_wrench,-0.029165267944335938,0.014844894409179688,-0.05725288391113281,-0.0002881288528442383,-0.0010764002799987793,-7.459521293640137e-05
1742955478.3296678,7990,1742955478,329582060,ft_sensor0_wrench,-0.05345487594604492,0.03370857238769531,-0.0317072868347168,-0.00020939111709594727,-0.0011216402053833008,0.0006020069122314453
1742955478.3363235,7991,1742955478,336248392,ft_sensor0_wrench,-0.07832670211791992,0.016950607299804688,-0.008325576782226562,-0.0006972551345825195,-0.00038577616214752197,0.0005946755409240723
1742955478.343034,7992,1742955478,342918306,ft_sensor0_wrench,-0.04336118698120117,-0.018888473510742188,-0.01057577133178711,-0.0012710392475128174,-0.00013139843940734863,0.00035941600799560547
1742955478.3497589,7993,1742955478,349580959,ft_sensor0_wrench,-0.06317758560180664,0.04392814636230469,-0.058750152587890625,0.00015372037887573242,0.00016625970602035522,0.00015024840831756592
1742955478.356395,7994,1742955478,356249774,ft_sensor0_wrench,-0.08825826644897461,0.034465789794921875,-0.031375885009765625,-0.00019362568855285645,-0.0006085038185119629,0.0008156299591064453
1742955478.3631217,7995,1742955478,362927804,ft_sensor0_wrench,-0.10304832458496094,-0.000396728515625,-0.010313034057617188,-0.0003179013729095459,0.00037614256143569946,0.0005530565977096558
1742955478.369717,7996,1742955478,369581003,ft_sensor0_wrench,-0.0855417251586914,-0.0044231414794921875,-0.012475013732910156,-0.000396043062210083,0.0008748844265937805,0.00010989606380462646
1742955478.376365,7997,1742955478,376269793,ft_sensor0_wrench,-0.05639362335205078,0.02909088134765625,-0.08213376998901367,0.00015312433242797852,-0.00028724968433380127,-8.319318294525146e-05
1742955478.3830857,7998,1742955478,382933581,ft_sensor0_wrench,-0.10629844665527344,0.030656814575195312,-0.03345203399658203,-0.0002645254135131836,0.0004169642925262451,-7.620453834533691e-05
1742955478.3896742,7999,1742955478,389584055,ft_sensor0_wrench,-0.06144905090332031,-0.05048179626464844,-0.010577678680419922,-0.0017594695091247559,0.00015095621347427368,0.00011864304542541504
1742955478.3963213,8000,1742955478,396248230,ft_sensor0_wrench,-0.023673057556152344,0.015653610229492188,0.013992786407470703,-0.0002950727939605713,-0.0011949166655540466,-7.350742816925049e-05
1742955478.4030106,8001,1742955478,402932722,ft_sensor0_wrench,-0.06824588775634766,-0.0011539459228515625,-0.01064443588256836,-0.0003336966037750244,-0.00013699382543563843,0.00033943355083465576
1742955478.4096417,8002,1742955478,409581497,ft_sensor0_wrench,-0.06745386123657227,0.027170181274414062,-0.012473106384277344,9.238719940185547e-05,0.0005925297737121582,0.0003506690263748169
1742955478.4163117,8003,1742955478,416248231,ft_sensor0_wrench,-0.07075262069702148,0.030439376831054688,-0.033537864685058594,-0.00027176737785339355,-0.00010975450277328491,0.000372469425201416
1742955478.4230561,8004,1742955478,422920158,ft_sensor0_wrench,-0.045880794525146484,0.04719734191894531,-0.05691957473754883,0.0002160966396331787,-0.0008456185460090637,0.00037980079650878906
1742955478.429668,8005,1742955478,429584018,ft_sensor0_wrench,-0.03578615188598633,-0.005397796630859375,-0.03578805923461914,-0.0008455812931060791,0.0001446157693862915,0.00013719499111175537
1742955478.436379,8006,1742955478,436248623,ft_sensor0_wrench,-0.039551734924316406,-0.100616455078125,-0.05886125564575195,-0.0027518272399902344,0.00024784356355667114,0.00010447204113006592
1742955478.4430366,8007,1742955478,442915770,ft_sensor0_wrench,-0.10852766036987305,-0.03569602966308594,-0.05810832977294922,-0.0017361938953399658,0.0012361258268356323,0.0005646049976348877
1742955478.4496925,8008,1742955478,449583917,ft_sensor0_wrench,-0.07372522354125977,-0.0364532470703125,-0.05843973159790039,-0.0017519593238830566,0.0007229894399642944,0.0003509819507598877
1742955478.4564028,8009,1742955478,456250306,ft_sensor0_wrench,-0.03578615188598633,-0.005397796630859375,-0.03578805923461914,-0.0008455812931060791,0.0001446157693862915,0.00013719499111175537
1742955478.4632652,8010,1742955478,462914074,ft_sensor0_wrench,-0.07738637924194336,0.04468536376953125,-0.035523414611816406,0.0005959868431091309,0.0003698095679283142,0.0005716234445571899
1742955478.469649,8011,1742955478,469582655,ft_sensor0_wrench,-0.06317758560180664,0.04392814636230469,-0.058750152587890625,0.00015372037887573242,0.00016625970602035522,0.00015024840831756592
1742955478.4763124,8012,1742955478,476248575,ft_sensor0_wrench,-0.032651424407958984,0.0264129638671875,-0.012804508209228516,7.659196853637695e-05,7.939338684082031e-05,0.0001370459794998169
1742955478.4830496,8013,1742955478,482917505,ft_sensor0_wrench,-0.08727025985717773,0.08998489379882812,-0.06064796447753906,0.001517176628112793,0.000890195369720459,0.0001415163278579712
1742955478.489643,8014,1742955478,489580146,ft_sensor0_wrench,-0.0004024505615234375,0.0294647216796875,-0.03395509719848633,-0.00029477477073669434,-0.0011496134102344513,0.0006075203418731689
1742955478.4963126,8015,1742955478,496247918,ft_sensor0_wrench,-0.03657817840576172,-0.03372383117675781,-0.033959388732910156,-0.0012716352939605713,-0.0005849078297615051,0.00012597441673278809
1742955478.5030162,8016,1742955478,502933489,ft_sensor0_wrench,-0.0008692741394042969,-0.06902122497558594,-0.035964012145996094,-0.0018368959426879883,-0.00034411996603012085,0.0005529969930648804
1742955478.50965,8017,1742955478,509581688,ft_sensor0_wrench,-0.0008692741394042969,-0.06902122497558594,-0.035964012145996094,-0.0018368959426879883,-0.00034411996603012085,0.0005529969930648804
1742955478.5163634,8018,1742955478,516251115,ft_sensor0_wrench,-0.053923606872558594,-0.06477737426757812,-0.03371620178222656,-0.0017515122890472412,-0.00031613558530807495,0.0005474984645843506
1742955478.523017,8019,1742955478,522929966,ft_sensor0_wrench,-0.08052206039428711,0.012874603271484375,-0.05850696563720703,-0.0003261864185333252,0.0004350319504737854,0.0005717724561691284
1742955478.5296395,8020,1742955478,529581989,ft_sensor0_wrench,-0.0586247444152832,-0.037261962890625,-0.10679054260253906,-0.001318514347076416,0.0005319193005561829,0.000557631254196167
1742955478.5363755,8021,1742955478,536269733,ft_sensor0_wrench,-0.07294702529907227,0.026361465454101562,-0.08371925354003906,9.933114051818848e-05,0.0007110536098480225,0.00034956634044647217
1742955478.5430894,8022,1742955478,542948501,ft_sensor0_wrench,-0.05623149871826172,-0.00598907470703125,-0.08405256271362305,-0.0004048943519592285,0.0004802718758583069,-0.00010482966899871826
1742955478.549697,8023,1742955478,549587271,ft_sensor0_wrench,-0.08423805236816406,-0.05455970764160156,-0.08365392684936523,-0.0018149018287658691,0.0012813657522201538,-0.00011201202869415283
1742955478.5563161,8024,1742955478,556247445,ft_sensor0_wrench,-0.06694221496582031,-0.05129051208496094,-0.08182334899902344,-0.0017525553703308105,0.00026948750019073486,0.00011754035949707031
1742955478.5630624,8025,1742955478,562912200,ft_sensor0_wrench,-0.07451629638671875,-0.06477928161621094,-0.056611061096191406,-0.0021780431270599365,-6.534159183502197e-06,0.00033974647521972656
1742955478.569642,8026,1742955478,569579844,ft_sensor0_wrench,-0.08115196228027344,-0.05053138732910156,-0.05859708786010742,-0.0013102591037750244,0.0004730150103569031,0.0005389004945755005
1742955478.5763009,8027,1742955478,576247171,ft_sensor0_wrench,-0.02512502670288086,0.012117385864257812,-0.035943031311035156,8.45491886138916e-05,-0.0003876984119415283,0.0005659013986587524
1742955478.583049,8028,1742955478,582915026,ft_sensor0_wrench,-0.011545181274414062,-0.05204582214355469,-0.059259891510009766,-0.0013418495655059814,-0.0005532577633857727,0.00011165440082550049
1742955478.589648,8029,1742955478,589580111,ft_sensor0_wrench,-0.04555654525756836,-0.0229644775390625,-0.06075716018676758,-0.000899970531463623,0.0006894096732139587,0.0003365129232406616
1742955478.5963092,8030,1742955478,596248670,ft_sensor0_wrench,-0.07592153549194336,-0.040531158447265625,-0.10862112045288086,-0.001380831003189087,0.0015437975525856018,0.00032807886600494385
1742955478.6029787,8031,1742955478,602913077,ft_sensor0_wrench,-0.031346797943115234,-0.023723602294921875,-0.0839834213256836,-0.0013422667980194092,0.0004858747124671936,-8.48621129989624e-05
1742955478.6096678,8032,1742955478,609581758,ft_sensor0_wrench,-0.02884197235107422,-0.05531501770019531,-0.06109046936035156,-0.00140419602394104,0.00045862793922424316,-0.00011788308620452881
1742955478.6163096,8033,1742955478,616247573,ft_sensor0_wrench,-0.07042837142944336,-0.039722442626953125,-0.037375450134277344,-0.0013878047466278076,0.0014252662658691406,0.0003291815519332886
1742955478.6230671,8034,1742955478,622929167,ft_sensor0_wrench,-0.0735769271850586,-0.03704261779785156,-0.08380937576293945,-0.0008847713470458984,0.0007490366697311401,0.00031669437885284424
1742955478.6296785,8035,1742955478,629581611,ft_sensor0_wrench,-0.018179893493652344,-0.037799835205078125,-0.06124544143676758,-0.00047403573989868164,-7.368624210357666e-05,0.00031082332134246826
1742955478.6363528,8036,1742955478,636247566,ft_sensor0_wrench,-0.053096771240234375,0.025823593139648438,-0.06106901168823242,0.0005172789096832275,0.0004150494933128357,-0.00010497868061065674
1742955478.643044,8037,1742955478,642933445,ft_sensor0_wrench,-0.08110237121582031,-0.022747039794921875,-0.06067085266113281,-0.0008927285671234131,0.0012161284685134888,-0.00011216104030609131
1742955478.6496396,8038,1742955478,649580225,ft_sensor0_wrench,0.0073337554931640625,0.007871627807617188,-0.061086177825927734,-0.0004273355007171631,-0.000106077641248703,0.00036366283893585205
1742955478.656338,8039,1742955478,656246442,ft_sensor0_wrench,0.004186153411865234,0.01055145263671875,-0.10752058029174805,7.572770118713379e-05,-0.0007823184132575989,0.0003511756658554077
1742955478.663055,8040,1742955478,662930209,ft_sensor0_wrench,-0.0827183723449707,0.00879669189453125,-0.1086883544921875,4.494190216064453e-05,0.0012558400630950928,0.0005488842725753784
1742955478.6696413,8041,1742955478,669581232,ft_sensor0_wrench,-0.042421817779541016,0.008848190307617188,-0.03777360916137695,2.2202730178833008e-05,0.0006241872906684875,0.00033636391162872314
1742955478.6763232,8042,1742955478,676249257,ft_sensor0_wrench,0.017252445220947266,0.02484893798828125,-0.06148719787597656,0.0004942417144775391,-0.0006248131394386292,0.0001300722360610962
1742955478.6830127,8043,1742955478,682942764,ft_sensor0_wrench,-0.042421817779541016,0.008848190307617188,-0.03777360916137695,2.2202730178833008e-05,0.0006241872906684875,0.00033636391162872314
1742955478.6896958,8044,1742955478,689590214,ft_sensor0_wrench,-0.06301450729370117,0.008846282958984375,-0.0606689453125,-0.0004042983055114746,0.0009337738156318665,0.00012861192226409912
1742955478.696381,8045,1742955478,696257687,ft_sensor0_wrench,-0.11527681350708008,0.04141426086425781,-0.06024932861328125,0.00010716915130615234,0.001691281795501709,0.00013433396816253662
1742955478.7030292,8046,1742955478,702935208,ft_sensor0_wrench,-0.03944826126098633,0.07574081420898438,-0.012871742248535156,0.001502394676208496,-0.00020854920148849487,0.0003578364849090576
1742955478.7096622,8047,1742955478,709583783,ft_sensor0_wrench,-0.02257061004638672,0.00830841064453125,-0.015124320983886719,0.00044018030166625977,0.0003281831741333008,-0.00011819601058959961
1742955478.7164223,8048,1742955478,716276693,ft_sensor0_wrench,0.04448080062866211,0.0106048583984375,-0.0366063117980957,5.295872688293457e-05,-0.001413971185684204,0.00013865530490875244
1742955478.7230096,8049,1742955478,722940226,ft_sensor0_wrench,-0.007618427276611328,0.008090972900390625,-0.03810548782348633,6.407499313354492e-06,0.00011105090379714966,0.00012274086475372314
1742955478.729638,8050,1742955478,729580952,ft_sensor0_wrench,-0.029003143310546875,-0.020235061645507812,-0.05917167663574219,-0.000846177339553833,-0.00030888617038726807,-9.624660015106201e-05
1742955478.736396,8051,1742955478,736275515,ft_sensor0_wrench,-0.10535812377929688,0.05838966369628906,-0.060649871826171875,0.0010287463665008545,0.0011725500226020813,-9.925663471221924e-05
1742955478.7430694,8052,1742955478,742948931,ft_sensor0_wrench,-0.06981134414672852,0.05817413330078125,-0.06073570251464844,0.0010215044021606445,0.0006458312273025513,0.0003494173288345337
1742955478.7496762,8053,1742955478,749586075,ft_sensor0_wrench,-0.09781789779663086,0.009603500366210938,-0.06033754348754883,-0.0003885030746459961,0.0014469102025032043,0.0003422349691390991
1742955478.7563303,8054,1742955478,756248220,ft_sensor0_wrench,-0.07294702529907227,0.026361465454101562,-0.08371925354003906,9.933114051818848e-05,0.0007110536098480225,0.00034956634044647217
1742955478.7630908,8055,1742955478,762913209,ft_sensor0_wrench,-0.07294702529907227,0.026361465454101562,-0.08371925354003906,9.933114051818848e-05,0.0007110536098480225,0.00034956634044647217
1742955478.7696528,8056,1742955478,769582278,ft_sensor0_wrench,-0.03798341751098633,-0.0094757080078125,-0.08596944808959961,-0.00047448277473449707,0.0009654238820075989,0.00011430680751800537
1742955478.776309,8057,1742955478,776247688,ft_sensor0_wrench,-0.01012420654296875,0.03968238830566406,-0.060997962951660156,6.833672523498535e-05,0.0001382865011692047,0.00015576183795928955
1742955478.7830687,8058,1742955478,782933738,ft_sensor0_wrench,-0.029003143310546875,-0.020235061645507812,-0.05917167663574219,-0.000846177339553833,-0.00030888617038726807,-9.624660015106201e-05
1742955478.7897046,8059,1742955478,789581459,ft_sensor0_wrench,-0.04571866989135742,0.012117385864257812,-0.0588383674621582,-0.000341951847076416,-7.810443639755249e-05,0.0003581494092941284
1742955478.7963178,8060,1742955478,796247722,ft_sensor0_wrench,-0.02512502670288086,0.012117385864257812,-0.035943031311035156,8.45491886138916e-05,-0.0003876984119415283,0.0005659013986587524
1742955478.803014,8061,1742955478,802917621,ft_sensor0_wrench,-0.10519695281982422,0.023309707641601562,-0.06256818771362305,0.00047072768211364746,0.0019400641322135925,-0.00012089312076568604
1742955478.8096492,8062,1742955478,809582789,ft_sensor0_wrench,-0.009976863861083984,0.03909492492675781,-0.08636808395385742,0.0009355247020721436,0.0001643449068069458,0.00012148916721343994
1742955478.8163118,8063,1742955478,816250244,ft_sensor0_wrench,-0.0834956169128418,-0.054019927978515625,-0.08340883255004883,-0.0018063187599182129,0.0012677833437919617,0.0005502998828887939
1742955478.8230731,8064,1742955478,822965625,ft_sensor0_wrench,-0.09118413925170898,-0.004642486572265625,-0.05835151672363281,-0.0012562870979309082,0.0009673610329627991,0.0001430809497833252
1742955478.8296483,8065,1742955478,829582403,ft_sensor0_wrench,-0.09468221664428711,0.041416168212890625,-0.0373539924621582,0.00053367018699646,0.0013816878199577332,0.00034208595752716064
1742955478.8363414,8066,1742955478,836251727,ft_sensor0_wrench,-0.02763080596923828,0.04371070861816406,-0.05883598327636719,0.00014647841453552246,-0.00036045536398887634,0.0005989223718643188
1742955478.8430352,8067,1742955478,842944095,ft_sensor0_wrench,-0.014402389526367188,0.02292633056640625,-0.014721393585205078,7.0035457611083984e-06,0.0005645565688610077,0.00035618245601654053
1742955478.8496463,8068,1742955478,849581432,ft_sensor0_wrench,-0.02570629119873047,-0.023504257202148438,-0.03810739517211914,-0.000482022762298584,0.00039340555667877197,-0.00011803209781646729
1742955478.856341,8069,1742955478,856249701,ft_sensor0_wrench,-0.008410453796386719,-0.020233154296875,-0.03627634048461914,-0.0004196763038635254,-0.0006184801459312439,0.00011150538921356201
1742955478.8629897,8070,1742955478,862915078,ft_sensor0_wrench,-0.04555654525756836,-0.0229644775390625,-0.06075716018676758,-0.000899970531463623,0.0006894096732139587,0.0003365129232406616
1742955478.8696609,8071,1742955478,869583946,ft_sensor0_wrench,-0.02512502670288086,0.012117385864257812,-0.035943031311035156,8.45491886138916e-05,-0.0003876984119415283,0.0005659013986587524
1742955478.876316,8072,1742955478,876247990,ft_sensor0_wrench,-0.04571866989135742,0.012117385864257812,-0.0588383674621582,-0.000341951847076416,-7.810443639755249e-05,0.0003581494092941284
1742955478.8830683,8073,1742955478,882934601,ft_sensor0_wrench,-0.007037162780761719,0.04371070861816406,-0.03594064712524414,0.0005729794502258301,-0.0006700493395328522,0.0008066743612289429
1742955478.8896477,8074,1742955478,889581381,ft_sensor0_wrench,-0.04258298873901367,0.04392814636230469,-0.03585481643676758,0.00058022141456604,-0.00014332681894302368,0.00035800039768218994
1742955478.8963065,8075,1742955478,896249905,ft_sensor0_wrench,0.006542682647705078,-0.020450592041015625,-0.05925798416137695,-0.000853419303894043,-0.000835612416267395,0.0003524273633956909
1742955478.9030514,8076,1742955478,902945103,ft_sensor0_wrench,-0.06301450729370117,0.008846282958984375,-0.0606689453125,-0.0004042983055114746,0.0009337738156318665,0.00012861192226409912
1742955478.9096487,8077,1742955478,909581331,ft_sensor0_wrench,-0.060509681701660156,-0.022747039794921875,-0.037775516510009766,-0.00046622753143310547,0.0009065419435501099,9.559094905853271e-05
1742955478.9163623,8078,1742955478,916296736,ft_sensor0_wrench,-0.008410453796386719,-0.020233154296875,-0.03627634048461914,-0.0004196763038635254,-0.0006184801459312439,0.00011150538921356201
1742955478.9230983,8079,1742955478,922964357,ft_sensor0_wrench,-0.04258298873901367,0.04392814636230469,-0.03585481643676758,0.00058022141456604,-0.00014332681894302368,0.00035800039768218994
1742955478.9296618,8080,1742955478,929583557,ft_sensor0_wrench,-0.041840553283691406,0.044467926025390625,-0.03560924530029297,0.0005887746810913086,-0.00015691295266151428,0.0010202974081039429
1742955478.936378,8081,1742955478,936249608,ft_sensor0_wrench,-0.05387401580810547,-0.03699302673339844,-0.03578996658325195,-0.0013340115547180176,0.0004269704222679138,-0.00010357797145843506
1742955478.9430685,8082,1742955478,942954398,ft_sensor0_wrench,-0.05387401580810547,-0.03699302673339844,-0.03578996658325195,-0.0013340115547180176,0.0004269704222679138,-0.00010357797145843506
1742955478.9496584,8083,1742955478,949581978,ft_sensor0_wrench,-0.04336118698120117,-0.018888473510742188,-0.01057577133178711,-0.0012710392475128174,-0.00013139843940734863,0.00035941600799560547
1742955478.956378,8084,1742955478,956249642,ft_sensor0_wrench,-0.0004024505615234375,0.0294647216796875,-0.03395509719848633,-0.00029477477073669434,-0.0011496134102344513,0.0006075203418731689
1742955478.963138,8085,1742955478,962930626,ft_sensor0_wrench,0.01030731201171875,0.07476615905761719,-0.036183834075927734,0.0010528564453125,-0.0009388141334056854,0.00038515031337738037
1742955478.969645,8086,1742955478,969582153,ft_sensor0_wrench,-0.04492664337158203,0.040439605712890625,-0.060666561126708984,8.413195610046387e-05,0.0006514228880405426,0.00036938488483428955
1742955478.9763076,8087,1742955478,976248084,ft_sensor0_wrench,-0.02590322494506836,-0.05069923400878906,-0.010663986206054688,-0.0017667114734649658,-0.00037577003240585327,0.000567317008972168
1742955478.9830568,8088,1742955478,982949830,ft_sensor0_wrench,-0.08867740631103516,-0.036235809326171875,-0.03545856475830078,-0.001318216323852539,0.0009401068091392517,0.00011004507541656494
1742955478.989638,8089,1742955478,989581224,ft_sensor0_wrench,-0.08428668975830078,-0.08234405517578125,-0.08158016204833984,-0.0022324323654174805,0.0005382522940635681,0.0005390644073486328
1742955478.996322,8090,1742955478,996250138,ft_sensor0_wrench,-0.048705101013183594,-0.020284652709960938,-0.10719108581542969,-0.00039690732955932617,1.3172626495361328e-05,0.0003240257501602173
1742955479.0031054,8091,1742955479,2973171,ft_sensor0_wrench,-0.08715677261352539,0.027120590209960938,-0.060492515563964844,0.0005416274070739746,0.0009145960211753845,0.0007709413766860962
1742955479.0096433,8092,1742955479,9582553,ft_sensor0_wrench,-0.02586841583251953,0.011577606201171875,-0.03618812561035156,7.599592208862305e-05,-0.00037410855293273926,-9.639561176300049e-05
1742955479.016306,8093,1742955479,16248961,ft_sensor0_wrench,-0.02586841583251953,0.011577606201171875,-0.03618812561035156,7.599592208862305e-05,-0.00037410855293273926,-9.639561176300049e-05
1742955479.0230198,8094,1742955479,22948752,ft_sensor0_wrench,-0.04258298873901367,0.04392814636230469,-0.03585481643676758,0.00058022141456604,-0.00014332681894302368,0.00035800039768218994
1742955479.029657,8095,1742955479,29584695,ft_sensor0_wrench,-0.05992841720581055,0.012874603271484375,-0.035611629486083984,0.00010034441947937012,0.00012543797492980957,0.0007795244455337524
1742955479.0363555,8096,1742955479,36271058,ft_sensor0_wrench,-0.07738637924194336,0.04468536376953125,-0.035523414611816406,0.0005959868431091309,0.0003698095679283142,0.0005716234445571899
1742955479.0430932,8097,1742955479,42987232,ft_sensor0_wrench,-0.0855417251586914,-0.0044231414794921875,-0.012475013732910156,-0.000396043062210083,0.0008748844265937805,0.00010989606380462646
1742955479.0496442,8098,1742955479,49581279,ft_sensor0_wrench,-0.06981134414672852,0.05817413330078125,-0.06073570251464844,0.0010215044021606445,0.0006458312273025513,0.0003494173288345337
1742955479.0563498,8099,1742955479,56269079,ft_sensor0_wrench,-0.04258298873901367,0.04392814636230469,-0.03585481643676758,0.00058022141456604,-0.00014332681894302368,0.00035800039768218994
1742955479.063105,8100,1742955479,62931538,ft_sensor0_wrench,-0.01923370361328125,-0.0026702880859375,-0.03420257568359375,-0.0007917582988739014,-0.0008536726236343384,-0.0002955496311187744
1742955479.0696456,8101,1742955479,69582674,ft_sensor0_wrench,-0.04258298873901367,0.04392814636230469,-0.03585481643676758,0.00058022141456604,-0.00014332681894302368,0.00035800039768218994
1742955479.0763512,8102,1742955479,76269426,ft_sensor0_wrench,0.0021033287048339844,-0.00212860107421875,-0.011062145233154297,-0.0003567039966583252,-0.0011768490076065063,0.0005744844675064087
1742955479.0830712,8103,1742955479,82934070,ft_sensor0_wrench,-0.015984535217285156,-0.033721923828125,-0.01106405258178711,-0.0008451342582702637,-0.000894494354724884,0.00033371150493621826
1742955479.0896676,8104,1742955479,89581596,ft_sensor0_wrench,-0.043212890625,-0.019475936889648438,-0.03594493865966797,-0.0004038810729980469,-0.000105343759059906,0.000325128436088562
1742955479.0963905,8105,1742955479,96268494,ft_sensor0_wrench,-0.09531211853027344,-0.021989822387695312,-0.037444114685058594,-0.00045043230056762695,0.0014196783304214478,0.0003092139959335327
1742955479.1031024,8106,1742955479,102934270,ft_sensor0_wrench,-0.02586841583251953,0.011577606201171875,-0.03618812561035156,7.599592208862305e-05,-0.00037410855293273926,-9.639561176300049e-05
1742955479.109645,8107,1742955479,109581937,ft_sensor0_wrench,-0.010915279388427734,0.01136016845703125,-0.059169769287109375,-0.00035774707794189453,-0.0005912408232688904,0.00014452636241912842
1742955479.1163158,8108,1742955479,116248435,ft_sensor0_wrench,-0.010915279388427734,0.01136016845703125,-0.059169769287109375,-0.00035774707794189453,-0.0005912408232688904,0.00014452636241912842
1742955479.123045,8109,1742955479,122939550,ft_sensor0_wrench,-0.019120216369628906,-0.06553459167480469,-0.034047603607177734,-0.0017673075199127197,-0.0008292719721794128,0.0003338754177093506
1742955479.129647,8110,1742955479,129582131,ft_sensor0_wrench,-0.09625244140625,-0.049724578857421875,-0.01024627685546875,-0.001743704080581665,0.0006640926003456116,0.00033226609230041504
1742955479.1363084,8111,1742955479,136247878,ft_sensor0_wrench,-0.05831336975097656,-0.01866912841796875,0.012405872344970703,-0.0008372962474822998,8.573383092880249e-05,0.00011847913265228271
1742955479.14301,8112,1742955479,142915188,ft_sensor0_wrench,0.019447803497314453,0.028926849365234375,-0.01130533218383789,0.00012317299842834473,-0.0014456212520599365,0.0001529604196548462
1742955479.149668,8113,1742955479,149583268,ft_sensor0_wrench,-0.05387401580810547,-0.03699302673339844,-0.03578996658325195,-0.0013340115547180176,0.0004269704222679138,-0.00010357797145843506
1742955479.1563454,8114,1742955479,156250390,ft_sensor0_wrench,-0.011545181274414062,-0.05204582214355469,-0.059259891510009766,-0.0013418495655059814,-0.0005532577633857727,0.00011165440082550049
1742955479.1629765,8115,1742955479,162913824,ft_sensor0_wrench,-0.0661630630493164,0.011526107788085938,-0.10710287094116211,9.873509407043457e-05,0.00025754421949386597,0.00011612474918365479
1742955479.1696427,8116,1742955479,169581919,ft_sensor0_wrench,-0.1009664535522461,0.0122833251953125,-0.10677146911621094,0.00011453032493591309,0.0007706806063652039,0.0003297477960586548
1742955479.1763184,8117,1742955479,176248592,ft_sensor0_wrench,-0.04634857177734375,-0.051288604736328125,-0.058928489685058594,-0.001326054334640503,-4.0121376514434814e-05,0.0003252774477005005
1742955479.1830657,8118,1742955479,182932715,ft_sensor0_wrench,-0.02826070785522461,-0.019693374633789062,-0.05892658233642578,-0.0008376240730285645,-0.00032247602939605713,0.0005660504102706909
1742955479.1896522,8119,1742955479,189582630,ft_sensor0_wrench,-0.04634857177734375,-0.051288604736328125,-0.058928489685058594,-0.001326054334640503,-4.0121376514434814e-05,0.0003252774477005005
1742955479.196462,8120,1742955479,196248744,ft_sensor0_wrench,-0.0764012336730957,-0.050262451171875,0.01240396499633789,-0.0013257265090942383,0.00036808475852012634,-0.00012229382991790771
1742955479.2030857,8121,1742955479,202933944,ft_sensor0_wrench,-0.09860992431640625,-0.018720626831054688,-0.058508872985839844,-0.0008146166801452637,0.0007173866033554077,0.000330999493598938
1742955479.209698,8122,1742955479,209581265,ft_sensor0_wrench,-0.0706024169921875,0.029850006103515625,-0.05890703201293945,0.0005954205989837646,-8.369982242584229e-05,0.00033818185329437256
1742955479.2163634,8123,1742955479,216248359,ft_sensor0_wrench,-0.043212890625,-0.019475936889648438,-0.03594493865966797,-0.0004038810729980469,-0.000105343759059906,0.000325128436088562
1742955479.2230163,8124,1742955479,222941598,ft_sensor0_wrench,-0.04085540771484375,-0.050479888916015625,0.012317657470703125,-0.0013329684734344482,-0.00015863776206970215,0.0003263801336288452
1742955479.2296526,8125,1742955479,229580661,ft_sensor0_wrench,-0.015984535217285156,-0.033721923828125,-0.01106405258178711,-0.0008451342582702637,-0.000894494354724884,0.00033371150493621826
1742955479.2363138,8126,1742955479,236247588,ft_sensor0_wrench,-0.06130075454711914,-0.05106925964355469,-0.03594684600830078,-0.0008923113346099854,0.00017700716853141785,8.434057235717773e-05
1742955479.2430692,8127,1742955479,242932004,ft_sensor0_wrench,-0.019120216369628906,-0.06553459167480469,-0.034047603607177734,-0.0017673075199127197,-0.0008292719721794128,0.0003338754177093506
1742955479.2497032,8128,1742955479,249581796,ft_sensor0_wrench,-0.12411069869995117,-0.09888267517089844,-0.03521728515625,-0.0022865235805511475,0.0014912299811840057,0.000290796160697937
1742955479.2563336,8129,1742955479,256248725,ft_sensor0_wrench,-0.10912275314331055,-0.03682518005371094,-0.08372306823730469,-0.0008775293827056885,0.0012757591903209686,-0.0001319795846939087
1742955479.2630863,8130,1742955479,262939573,ft_sensor0_wrench,-0.020846843719482422,0.028875350952148438,-0.08222007751464844,0.00014588236808776855,-0.0008139684796333313,0.00036548078060150146
1742955479.2696736,8131,1742955479,269581825,ft_sensor0_wrench,-0.04634857177734375,-0.051288604736328125,-0.058928489685058594,-0.001326054334640503,-4.0121376514434814e-05,0.0003252774477005005
1742955479.2763536,8132,1742955479,276248068,ft_sensor0_wrench,-0.07373809814453125,-0.0019626617431640625,-0.08189058303833008,-0.0003267526626586914,-1.8477439880371094e-05,0.00033833086490631104
1742955479.2830448,8133,1742955479,282933500,ft_sensor0_wrench,-0.04258298873901367,0.04392814636230469,-0.03585481643676758,0.00058022141456604,-0.00014332681894302368,0.00035800039768218994
1742955479.289654,8134,1742955479,289582702,ft_sensor0_wrench,-0.010137081146240234,0.07417488098144531,-0.08444881439208984,0.0014935433864593506,-0.0006031692028045654,0.00014312565326690674
1742955479.2963364,8135,1742955479,296247439,ft_sensor0_wrench,0.03454923629760742,0.028120040893554688,-0.05965614318847656,0.0005566179752349854,-0.001636698842048645,0.0003596097230911255
1742955479.3030038,8136,1742955479,302932685,ft_sensor0_wrench,-0.015193462371826172,-0.005397796630859375,-0.012892723083496094,-0.0004190802574157715,-0.0001649707555770874,0.0003449469804763794
1742955479.309707,8137,1742955479,309581400,ft_sensor0_wrench,-0.07796764373779297,0.009063720703125,-0.03768730163574219,2.944469451904297e-05,0.0011509060859680176,-0.00011231005191802979
1742955479.3163362,8138,1742955479,316251994,ft_sensor0_wrench,-0.07796764373779297,0.009063720703125,-0.03768730163574219,2.944469451904297e-05,0.0011509060859680176,-0.00011231005191802979
1742955479.3230536,8139,1742955479,322931178,ft_sensor0_wrench,-0.06301450729370117,0.008846282958984375,-0.0606689453125,-0.0004042983055114746,0.0009337738156318665,0.00012861192226409912
1742955479.3296366,8140,1742955479,329581578,ft_sensor0_wrench,-0.017550945281982422,0.025606155395507812,-0.06115531921386719,0.0005100369453430176,-0.00011167675256729126,0.0003436952829360962
1742955479.336337,8141,1742955479,336267179,ft_sensor0_wrench,-0.010754108428955078,-0.023721694946289062,-0.06108856201171875,-0.0009157657623291016,0.00017627328634262085,0.00012288987636566162
1742955479.3431005,8142,1742955479,342946017,ft_sensor0_wrench,-0.02507638931274414,0.0399017333984375,-0.03801727294921875,0.0005020797252655029,0.0003554150462150574,-8.516013622283936e-05
1742955479.3497696,8143,1742955479,349591813,ft_sensor0_wrench,-0.06067085266113281,0.012334823608398438,-0.03585672378540039,9.179115295410156e-05,0.00013902783393859863,0.00011722743511199951
1742955479.3564436,8144,1742955479,356268306,ft_sensor0_wrench,-0.0954742431640625,0.013092041015625,-0.03552532196044922,0.00010755658149719238,0.0006521642208099365,0.0003308504819869995
1742955479.3631058,8145,1742955479,362940144,ft_sensor0_wrench,-0.07044124603271484,-0.0052318572998046875,-0.06082582473754883,3.740191459655762e-05,0.0006838142871856689,0.00031654536724090576
1742955479.3697457,8146,1742955479,369581461,ft_sensor0_wrench,-0.07058954238891602,-0.004642486572265625,-0.03545665740966797,-0.0008297860622406006,0.0006577521562576294,0.00035081803798675537
1742955479.376317,8147,1742955479,376248812,ft_sensor0_wrench,-0.11606884002685547,0.013090133666992188,-0.058420658111572266,-0.00031894445419311523,0.0009617507457733154,0.0001230984926223755
1742955479.3830812,8148,1742955479,382941312,ft_sensor0_wrench,-0.06067085266113281,0.012334823608398438,-0.03585672378540039,9.179115295410156e-05,0.00013902783393859863,0.00011722743511199951
1742955479.3896453,8149,1742955479,389579290,ft_sensor0_wrench,0.009677410125732422,0.011362075805664062,-0.03627443313598633,6.875395774841309e-05,-0.0009008347988128662,0.00035227835178375244
1742955479.3963568,8150,1742955479,396249520,ft_sensor0_wrench,0.016150951385498047,0.03219413757324219,-0.032370567321777344,-0.0002409815788269043,-0.0021479129791259766,0.0001747608184814453
1742955479.4030323,8151,1742955479,402915558,ft_sensor0_wrench,-0.08456134796142578,0.01560211181640625,-0.07981681823730469,-0.0006988644599914551,-0.00025366246700286865,-6.872415542602539e-05
1742955479.4097137,8152,1742955479,409583634,ft_sensor0_wrench,-0.023982524871826172,-0.00293731689453125,-0.10520315170288086,-0.0007762908935546875,-0.0007487311959266663,0.0003656446933746338
1742955479.4163663,8153,1742955479,416258730,ft_sensor0_wrench,-0.004131317138671875,-0.0034770965576171875,-0.08255338668823242,-0.00035834312438964844,-0.0010447502136230469,-8.891522884368896e-05
1742955479.4230165,8154,1742955479,422934739,ft_sensor0_wrench,-0.0009965896606445312,0.0283355712890625,-0.0595698356628418,0.0005638301372528076,-0.001109972596168518,-8.906424045562744e-05
1742955479.429697,8155,1742955479,429585887,ft_sensor0_wrench,-0.0987710952758789,0.016359329223632812,-0.05659008026123047,-0.00025653839111328125,-5.0127506256103516e-05,0.00035265088081359863
1742955479.4363105,8156,1742955479,436248440,ft_sensor0_wrench,-0.0359959602355957,0.0018978118896484375,-0.031795501708984375,-0.0007050633430480957,-0.0013660043478012085,0.0008099079132080078
1742955479.443088,8157,1742955479,442946328,ft_sensor0_wrench,-0.0713815689086914,-0.03296661376953125,-0.033627986907958984,-0.0012558698654174805,-7.177144289016724e-05,0.0003395974636077881
1742955479.4496512,8158,1742955479,449581100,ft_sensor0_wrench,-0.14156866073608398,-0.06707191467285156,-0.03512907028198242,-0.0017908811569213867,0.0017355941236019135,8.289515972137451e-05
1742955479.456316,8159,1742955479,456250221,ft_sensor0_wrench,-0.09860992431640625,-0.018720626831054688,-0.058508872985839844,-0.0008146166801452637,0.0007173866033554077,0.000330999493598938
1742955479.4629886,8160,1742955479,462917119,ft_sensor0_wrench,-0.0713815689086914,-0.03296661376953125,-0.033627986907958984,-0.0012558698654174805,-7.177144289016724e-05,0.0003395974636077881
1742955479.4696572,8161,1742955479,469582252,ft_sensor0_wrench,-0.09860992431640625,-0.018720626831054688,-0.058508872985839844,-0.0008146166801452637,0.0007173866033554077,0.000330999493598938
1742955479.476331,8162,1742955479,476250320,ft_sensor0_wrench,-0.09433174133300781,-0.001964569091796875,-0.10478544235229492,-0.000753253698348999,0.00029112398624420166,0.00013059377670288086
1742955479.4830132,8163,1742955479,482915900,ft_sensor0_wrench,-0.09119701385498047,0.029848098754882812,-0.0818023681640625,0.00016891956329345703,0.00022588670253753662,0.00013042986392974854
1742955479.4896421,8164,1742955479,489580003,ft_sensor0_wrench,-0.004131317138671875,-0.0034770965576171875,-0.08255338668823242,-0.00035834312438964844,-0.0010447502136230469,-8.891522884368896e-05
1742955479.4963543,8165,1742955479,496269403,ft_sensor0_wrench,-0.07373809814453125,-0.0019626617431640625,-0.08189058303833008,-0.0003267526626586914,-1.8477439880371094e-05,0.00033833086490631104
1742955479.503011,8166,1742955479,502914466,ft_sensor0_wrench,-0.09860992431640625,-0.018720626831054688,-0.058508872985839844,-0.0008146166801452637,0.0007173866033554077,0.000330999493598938
1742955479.5096643,8167,1742955479,509583904,ft_sensor0_wrench,-0.0713815689086914,-0.03296661376953125,-0.033627986907958984,-0.0012558698654174805,-7.177144289016724e-05,0.0003395974636077881
1742955479.5163891,8168,1742955479,516282801,ft_sensor0_wrench,-0.0713815689086914,-0.03296661376953125,-0.033627986907958984,-0.0012558698654174805,-7.177144289016724e-05,0.0003395974636077881
1742955479.523013,8169,1742955479,522915638,ft_sensor0_wrench,-0.08884048461914062,-0.001155853271484375,-0.033539772033691406,-0.000760197639465332,0.0001726001501083374,0.00013169646263122559
1742955479.5296445,8170,1742955479,529581211,ft_sensor0_wrench,-0.1341567039489746,-0.018503189086914062,-0.05842256546020508,-0.0008073747158050537,0.0012441016733646393,-0.00011767446994781494
1742955479.5363884,8171,1742955479,536275396,ft_sensor0_wrench,-0.09860992431640625,-0.018720626831054688,-0.058508872985839844,-0.0008146166801452637,0.0007173866033554077,0.000330999493598938
1742955479.5430684,8172,1742955479,542919924,ft_sensor0_wrench,-0.08131217956542969,-0.015451431274414062,-0.056677818298339844,-0.0007522106170654297,-0.00029449909925460815,0.0005605518817901611
1742955479.5496917,8173,1742955479,549582979,ft_sensor0_wrench,-0.06459760665893555,-0.047801971435546875,-0.05701160430908203,-0.0012564361095428467,-0.0005252845585346222,0.00010614097118377686
1742955479.5563993,8174,1742955479,556277282,ft_sensor0_wrench,-0.029051780700683594,-0.0480194091796875,-0.0570979118347168,-0.0012636780738830566,-0.0010519996285438538,0.0005548298358917236
1742955479.5630863,8175,1742955479,562913467,ft_sensor0_wrench,-0.09940004348754883,-0.04704475402832031,-0.056679725646972656,-0.0012406408786773682,-1.2148171663284302e-05,0.00031976401805877686
1742955479.5696666,8176,1742955479,569584286,ft_sensor0_wrench,-0.10618400573730469,-0.03220939636230469,-0.03329610824584961,-0.001240074634552002,0.00044136494398117065,0.0005532205104827881
1742955479.576372,8177,1742955479,576247328,ft_sensor0_wrench,-0.017711162567138672,0.06068611145019531,-0.05923652648925781,0.0010680556297302246,-0.0008791908621788025,0.000365331768989563
1742955479.583051,8178,1742955479,582912015,ft_sensor0_wrench,-0.06380653381347656,-0.01947784423828125,-0.058840274810791016,-0.0008303821086883545,0.00020425021648406982,0.00011737644672393799
1742955479.589633,8179,1742955479,589578781,ft_sensor0_wrench,-0.0987710952758789,0.016359329223632812,-0.05659008026123047,-0.00025653839111328125,-5.0127506256103516e-05,0.00035265088081359863
1742955479.5963018,8180,1742955479,596246523,ft_sensor0_wrench,-0.12427186965942383,-0.06380271911621094,-0.03329801559448242,-0.0017285048961639404,0.0007237158715724945,0.0003124326467514038
1742955479.6031454,8181,1742955479,602915190,ft_sensor0_wrench,-0.11281871795654297,-0.017961502075195312,-0.035282135009765625,-0.00037229061126708984,0.0009209290146827698,0.000752374529838562
1742955479.6096568,8182,1742955479,609580979,ft_sensor0_wrench,-0.07373809814453125,-0.0019626617431640625,-0.08189058303833008,-0.0003267526626586914,-1.8477439880371094e-05,0.00033833086490631104
1742955479.6163306,8183,1742955479,616247357,ft_sensor0_wrench,-0.07451629638671875,-0.06477928161621094,-0.056611061096191406,-0.0021780431270599365,-6.534159183502197e-06,0.00033974647521972656
1742955479.6229885,8184,1742955479,622913327,ft_sensor0_wrench,-0.09940004348754883,-0.04704475402832031,-0.056679725646972656,-0.0012406408786773682,-1.2148171663284302e-05,0.00031976401805877686
1742955479.6296384,8185,1742955479,629580628,ft_sensor0_wrench,-0.046509742736816406,-0.016208648681640625,-0.05700969696044922,-0.0007680058479309082,-0.000807635486125946,0.00034692883491516113
1742955479.63636,8186,1742955479,636268300,ft_sensor0_wrench,-0.11685895919799805,-0.015233993530273438,-0.05659198760986328,-0.0007449686527252197,0.00023222342133522034,0.00011186301708221436
1742955479.643066,8187,1742955479,642926361,ft_sensor0_wrench,-0.060832977294921875,0.04741477966308594,-0.03393840789794922,0.0006498396396636963,-0.0006284862756729126,0.0001388639211654663
1742955479.6496482,8188,1742955479,649579695,ft_sensor0_wrench,-0.07624387741088867,0.029630661010742188,-0.10478353500366211,-0.00026482343673706055,8.769333362579346e-06,0.0003713667392730713
1742955479.6563747,8189,1742955479,656271020,ft_sensor0_wrench,-0.08205652236938477,-0.0159912109375,-0.05692338943481445,-0.0007607638835906982,-0.00028091296553611755,-0.00010176002979278564
1742955479.663182,8190,1742955479,662928521,ft_sensor0_wrench,-0.08256912231445312,0.06246757507324219,0.012426376342773438,0.0010841786861419678,4.215538501739502e-05,0.00013138353824615479
1742955479.669723,8191,1742955479,669596277,ft_sensor0_wrench,-0.060832977294921875,0.04741477966308594,-0.03393840789794922,0.0006498396396636963,-0.0006284862756729126,0.0001388639211654663
1742955479.6763964,8192,1742955479,676262203,ft_sensor0_wrench,-0.08131217956542969,-0.015451431274414062,-0.056677818298339844,-0.0007522106170654297,-0.00029449909925460815,0.0005605518817901611
1742955479.6830654,8193,1742955479,682917862,ft_sensor0_wrench,-0.1311812400817871,0.048389434814453125,-0.03352069854736328,0.0006728470325469971,0.00041136518120765686,-9.618699550628662e-05
1742955479.6896353,8194,1742955479,689579069,ft_sensor0_wrench,-0.13431692123413086,0.016576766967773438,-0.0565037727355957,-0.000249326229095459,0.00047658756375312805,-9.603798389434814e-05
1742955479.6963508,8195,1742955479,696251740,ft_sensor0_wrench,-0.09563541412353516,0.0481719970703125,-0.033606529235839844,0.0006656348705291748,-0.00011534988880157471,0.0003524869680404663
1742955479.7030752,8196,1742955479,702933598,ft_sensor0_wrench,-0.08884048461914062,-0.001155853271484375,-0.033539772033691406,-0.000760197639465332,0.0001726001501083374,0.00013169646263122559
1742955479.7096558,8197,1742955479,709581468,ft_sensor0_wrench,-0.0987710952758789,0.016359329223632812,-0.05659008026123047,-0.00025653839111328125,-5.0127506256103516e-05,0.00035265088081359863
1742955479.716303,8198,1742955479,716247330,ft_sensor0_wrench,-0.0987710952758789,0.016359329223632812,-0.05659008026123047,-0.00025653839111328125,-5.0127506256103516e-05,0.00035265088081359863
1742955479.7230005,8199,1742955479,722912496,ft_sensor0_wrench,-0.0647587776184082,-0.012720108032226562,-0.055092811584472656,-0.0006984174251556396,-0.0012927912175655365,0.00012777745723724365
1742955479.7296898,8200,1742955479,729586145,ft_sensor0_wrench,-0.09135723114013672,0.06492996215820312,-0.07988357543945312,0.0007269382476806641,-0.0005416274070739746,0.00015208125114440918
1742955479.7363102,8201,1742955479,736247326,ft_sensor0_wrench,-0.1659846305847168,0.04914665222167969,-0.03318929672241211,0.0006886422634124756,0.0009245015680789948,0.00011743605136871338
1742955479.7430305,8202,1742955479,742928753,ft_sensor0_wrench,-0.1560530662536621,0.0316314697265625,-0.010138988494873047,0.0001850128173828125,0.0011472292244434357,-0.00010351836681365967
1742955479.7496543,8203,1742955479,749580286,ft_sensor0_wrench,-0.056555747985839844,0.06417274475097656,-0.0802154541015625,0.0007111430168151855,-0.0010547637939453125,-6.154179573059082e-05
1742955479.7563636,8204,1742955479,756266747,ft_sensor0_wrench,-0.09563541412353516,0.0481719970703125,-0.033606529235839844,0.0006656348705291748,-0.00011534988880157471,0.0003524869680404663
1742955479.763022,8205,1742955479,762917984,ft_sensor0_wrench,-0.08575153350830078,0.002872467041015625,-0.00848245620727539,-0.0002555549144744873,-0.0006357356905937195,0.0007825940847396851
1742955479.7696707,8206,1742955479,769581557,ft_sensor0_wrench,-0.03360462188720703,0.033168792724609375,-0.00905752182006836,0.0002085566520690918,-0.0014176443219184875,0.00014744699001312256
1742955479.7763927,8207,1742955479,776267778,ft_sensor0_wrench,-0.039875030517578125,-0.030454635620117188,-0.055024147033691406,-0.0016357898712158203,-0.0012871846556663513,0.00014775991439819336
1742955479.7830482,8208,1742955479,782913398,ft_sensor0_wrench,-0.07467842102050781,-0.029697418212890625,-0.05469226837158203,-0.0016199946403503418,-0.0007740482687950134,0.00036138296127319336
1742955479.7896338,8209,1742955479,789579028,ft_sensor0_wrench,-0.15918874740600586,-0.0001811981201171875,-0.03312206268310547,-0.0007371604442596436,0.0012124516069889069,-0.00010336935520172119
1742955479.796352,8210,1742955479,796248051,ft_sensor0_wrench,-0.14110088348388672,0.03141212463378906,-0.033120155334472656,-0.0002487301826477051,0.000930100679397583,0.00013741850852966309
1742955479.8030252,8211,1742955479,802913910,ft_sensor0_wrench,-0.10944509506225586,0.033336639404296875,-0.07988548278808594,0.00023850798606872559,-0.00025927647948265076,-8.87066125869751e-05
1742955479.8096766,8212,1742955479,809579305,ft_sensor0_wrench,-0.11760282516479492,-0.015771865844726562,-0.056838035583496094,-0.000753551721572876,0.000245802104473114,-0.0005504339933395386
1742955479.8163006,8213,1742955479,816245228,ft_sensor0_wrench,-0.19399213790893555,0.000576019287109375,-0.0327906608581543,-0.0007213950157165527,0.0017255879938602448,0.00011025369167327881
1742955479.8229985,8214,1742955479,822911770,ft_sensor0_wrench,-0.1493058204650879,-0.04548072814941406,-0.007997989654541016,-0.001658320426940918,0.0006920658051967621,0.00032673776149749756
1742955479.8296802,8215,1742955479,829583717,ft_sensor0_wrench,-0.10395288467407227,0.034145355224609375,-0.008639812469482422,0.00023156404495239258,-0.00037778541445732117,-8.760392665863037e-05
1742955479.8363137,8216,1742955479,836246545,ft_sensor0_wrench,-0.08649492263793945,0.0023326873779296875,-0.00872802734375,-0.00026407837867736816,-0.0006221570074558258,0.00012029707431793213
1742955479.8430512,8217,1742955479,842927084,ft_sensor0_wrench,-0.09327888488769531,0.017168045043945312,0.014655590057373047,-0.00026351213455200195,-0.00016864389181137085,0.0003537386655807495
1742955479.8496428,8218,1742955479,849580056,ft_sensor0_wrench,-0.1145024299621582,-0.046237945556640625,-0.008329391479492188,-0.0016741156578063965,0.0001789294183254242,0.00011311471462249756
1742955479.8563225,8219,1742955479,856249510,ft_sensor0_wrench,-0.11136674880981445,-0.014425277709960938,0.014653682708740234,-0.0007519423961639404,0.000113707035779953,0.00011296570301055908
1742955479.8630207,8220,1742955479,862928257,ft_sensor0_wrench,-0.12129831314086914,0.00308990478515625,-0.008396625518798828,-0.00024831295013427734,-0.00010902062058448792,0.00033392012119293213
1742955479.8696737,8221,1742955479,869584989,ft_sensor0_wrench,-0.12129831314086914,0.00308990478515625,-0.008396625518798828,-0.00024831295013427734,-0.00010902062058448792,0.00033392012119293213
1742955479.8763137,8222,1742955479,876246782,ft_sensor0_wrench,-0.09642648696899414,0.019847869873046875,-0.03177833557128906,0.00023952126502990723,-0.0008448772132396698,0.0003412514925003052
1742955479.8830035,8223,1742955479,882911978,ft_sensor0_wrench,-0.12443399429321289,-0.028722763061523438,-0.03137969970703125,-0.0011704862117767334,-4.3798238039016724e-05,0.0003340691328048706
1742955479.8896973,8224,1742955479,889583364,ft_sensor0_wrench,-0.13953447341918945,-0.027914047241210938,0.01697063446044922,-0.0016039609909057617,0.00014727190136909485,0.0001274198293685913
1742955479.8963575,8225,1742955479,896267850,ft_sensor0_wrench,-0.0804896354675293,-0.07531929016113281,-0.006832599639892578,-0.002115964889526367,-0.0010637417435646057,-0.00011174380779266357
1742955479.9030948,8226,1742955479,902924495,ft_sensor0_wrench,-0.13875627517700195,0.03490257263183594,-0.00830841064453125,0.0002473592758178711,0.00013535097241401672,0.00012601912021636963
1742955479.9096513,8227,1742955479,909582743,ft_sensor0_wrench,-0.11215734481811523,-0.04274940490722656,0.016481876373291016,-0.0011780261993408203,-0.000615827739238739,0.00010173022747039795
1742955479.916371,8228,1742955479,916268771,ft_sensor0_wrench,-0.19906187057495117,-0.04450416564941406,0.015314579010009766,-0.0012087821960449219,0.0014223307371139526,0.00029943883419036865
1742955479.9230545,8229,1742955479,922931281,ft_sensor0_wrench,-0.16916894912719727,-0.010450363159179688,-0.05409860610961914,-0.0006510615348815918,0.00024661794304847717,0.0007686465978622437
1742955479.9297185,8230,1742955479,929596336,ft_sensor0_wrench,-0.09505414962768555,0.08379364013671875,-0.03144264221191406,0.0012321770191192627,-0.0008964464068412781,0.001036420464515686
1742955479.9363155,8231,1742955479,936245630,ft_sensor0_wrench,-0.08825826644897461,0.034465789794921875,-0.031375885009765625,-0.00019362568855285645,-0.0006085038185119629,0.0008156299591064453
1742955479.9430227,8232,1742955479,942927296,ft_sensor0_wrench,-0.08900070190429688,0.03392601013183594,-0.031621456146240234,-0.000202178955078125,-0.0005949139595031738,0.00015333294868469238
1742955479.9496508,8233,1742955479,949578965,ft_sensor0_wrench,-0.1667637825012207,-0.013668060302734375,-0.00791025161743164,-0.0011626780033111572,0.0009364299476146698,0.00011883676052093506
1742955479.9563508,8234,1742955479,956251381,ft_sensor0_wrench,-0.0896306037902832,-0.02947998046875,-0.03171110153198242,-0.0011862516403198242,-0.0005569346249103546,0.0001204460859298706
1742955479.9630492,8235,1742955479,962913596,ft_sensor0_wrench,-0.12380409240722656,0.0346832275390625,-0.03129005432128906,-0.00018638372421264648,-8.177757263183594e-05,0.0003669559955596924
1742955479.9696753,8236,1742955479,969580165,ft_sensor0_wrench,-0.14502763748168945,-0.028722763061523438,-0.0542750358581543,-0.001596987247467041,0.00026581063866615295,0.00012633204460144043
1742955479.9763846,8237,1742955479,976269464,ft_sensor0_wrench,-0.14867591857910156,0.017925262451171875,-0.007908344268798828,-0.0006742477416992188,0.000654079020023346,0.00035962462425231934
1742955479.9830272,8238,1742955479,982928834,ft_sensor0_wrench,-0.13121795654296875,-0.013887405395507812,-0.007996082305908203,-0.0011698901653289795,0.00040971487760543823,0.0005675256252288818
1742955479.9896715,8239,1742955479,989580937,ft_sensor0_wrench,-0.11073684692382812,0.048980712890625,0.014743804931640625,0.00023216009140014648,7.572025060653687e-05,0.000145837664604187
1742955479.996313,8240,1742955479,996247464,ft_sensor0_wrench,-0.1145024299621582,-0.046237945556640625,-0.008329391479492188,-0.0016741156578063965,0.0001789294183254242,0.00011311471462249756
1742955480.0030518,8241,1742955480,2927557,ft_sensor0_wrench,-0.09264898300170898,0.08057403564453125,0.014745712280273438,0.000720590353012085,-0.00020663440227508545,0.00038661062717437744
1742955480.0096886,8242,1742955480,9588806,ft_sensor0_wrench,-0.12614870071411133,0.031194686889648438,-0.056101322174072266,-0.0006824731826782227,0.0007129833102226257,0.000378340482711792
1742955480.0163476,8243,1742955480,16249707,ft_sensor0_wrench,-0.10190677642822266,-0.015453338623046875,-0.07957315444946289,-0.0011787116527557373,1.5109777450561523e-05,0.0003527998924255371
1742955480.0229883,8244,1742955480,22914297,ft_sensor0_wrench,-0.1722559928894043,-0.014476776123046875,-0.07915544509887695,-0.0011557042598724365,0.001054961234331131,0.00011774897575378418
1742955480.0296469,8245,1742955480,29580722,ft_sensor0_wrench,-0.1473841667175293,0.00228118896484375,-0.10253715515136719,-0.000667870044708252,0.00031909719109535217,0.00012508034706115723
1742955480.036339,8246,1742955480,36246203,ft_sensor0_wrench,-0.15479803085327148,-0.04628944396972656,-0.07924365997314453,-0.001651376485824585,0.0008105970919132233,0.0003256499767303467
1742955480.0430274,8247,1742955480,42912683,ft_sensor0_wrench,-0.12740755081176758,-0.09561538696289062,-0.056281089782714844,-0.0026506781578063965,0.0007889531552791595,0.00031259655952453613
1742955480.0497038,8248,1742955480,49584244,ft_sensor0_wrench,-0.09641456604003906,-0.014644622802734375,-0.008327484130859375,-0.001185685396194458,-0.00010342150926589966,0.00035390257835388184
1742955480.0563202,8249,1742955480,56249289,ft_sensor0_wrench,-0.12443399429321289,-0.028722763061523438,-0.03137969970703125,-0.0011704862117767334,-4.3798238039016724e-05,0.0003340691328048706
1742955480.063045,8250,1742955480,62927501,ft_sensor0_wrench,-0.12380409240722656,0.0346832275390625,-0.03129005432128906,-0.00018638372421264648,-8.177757263183594e-05,0.0003669559955596924
1742955480.0696647,8251,1742955480,69581710,ft_sensor0_wrench,-0.08147430419921875,0.01963043212890625,-0.05475950241088867,-0.00019422173500061035,-0.0010620057582855225,0.0005821883678436279
1742955480.076369,8252,1742955480,76266079,ft_sensor0_wrench,-0.10634613037109375,0.0028705596923828125,-0.03137779235839844,-0.0006820559501647949,-0.0003261491656303406,0.0005748569965362549
1742955480.0830429,8253,1742955480,82930965,ft_sensor0_wrench,-0.07519102096557617,0.048763275146484375,0.01465749740600586,0.00022491812705993652,-0.00045099854469299316,0.0005945116281509399
1742955480.0896447,8254,1742955480,89579460,ft_sensor0_wrench,-0.061771392822265625,0.019680023193359375,-0.006740570068359375,-0.0006434619426727295,-0.0013840720057487488,0.00016191601753234863
1742955480.096327,8255,1742955480,96246114,ft_sensor0_wrench,-0.05847644805908203,0.01641082763671875,0.014324188232421875,-0.00027930736541748047,-0.0006817802786827087,0.0001401156187057495
1742955480.10304,8256,1742955480,102928913,ft_sensor0_wrench,-0.1236429214477539,-0.0003986358642578125,-0.033208370208740234,-0.0007444024085998535,0.0006857365369796753,0.0003453195095062256
1742955480.109638,8257,1742955480,109579081,ft_sensor0_wrench,-0.09276628494262695,-0.061290740966796875,-0.054694175720214844,-0.0021084249019622803,-0.0004916973412036896,0.00012060999870300293
1742955480.1163495,8258,1742955480,116248265,ft_sensor0_wrench,-0.0896306037902832,-0.02947998046875,-0.03171110153198242,-0.0011862516403198242,-0.0005569346249103546,0.0001204460859298706
1742955480.1230307,8259,1742955480,122913609,ft_sensor0_wrench,-0.14110088348388672,0.03141212463378906,-0.033120155334472656,-0.0002487301826477051,0.000930100679397583,0.00013741850852966309
1742955480.129661,8260,1742955480,129583542,ft_sensor0_wrench,-0.1236429214477539,-0.0003986358642578125,-0.033208370208740234,-0.0007444024085998535,0.0006857365369796753,0.0003453195095062256
1742955480.1363194,8261,1742955480,136248138,ft_sensor0_wrench,-0.0790700912475586,0.01641082763671875,-0.008571147918701172,-0.0007058084011077881,-0.00037219375371932983,-6.762146949768066e-05
1742955480.1430202,8262,1742955480,142913420,ft_sensor0_wrench,-0.09814119338989258,0.07976531982421875,-0.05649995803833008,0.000727534294128418,-8.811801671981812e-05,0.00038552284240722656
1742955480.1497314,8263,1742955480,149584068,ft_sensor0_wrench,-0.1404719352722168,0.094818115234375,-0.033030033111572266,0.0007353425025939941,0.0008921101689338684,0.00017027556896209717
1742955480.1563299,8264,1742955480,156250893,ft_sensor0_wrench,-0.09641456604003906,-0.014644622802734375,-0.008327484130859375,-0.001185685396194458,-0.00010342150926589966,0.00035390257835388184
1742955480.1629634,8265,1742955480,162913503,ft_sensor0_wrench,-0.09641456604003906,-0.014644622802734375,-0.008327484130859375,-0.001185685396194458,-0.00010342150926589966,0.00035390257835388184
1742955480.1696346,8266,1742955480,169580215,ft_sensor0_wrench,-0.10127687454223633,0.04795265197753906,-0.0794830322265625,-0.00019463896751403809,-2.2880733013153076e-05,0.00038567185401916504
1742955480.1763175,8267,1742955480,176250010,ft_sensor0_wrench,-0.09135723114013672,0.06492996215820312,-0.07988357543945312,0.0007269382476806641,-0.0005416274070739746,0.00015208125114440918
1742955480.1830537,8268,1742955480,182946328,ft_sensor0_wrench,-0.09198713302612305,0.0015239715576171875,-0.07997369766235352,-0.00025713443756103516,-0.0005036406219005585,0.0001191943883895874
1742955480.189656,8269,1742955480,189582649,ft_sensor0_wrench,-0.07154273986816406,0.00211334228515625,-0.03170919418334961,-0.0006978213787078857,-0.0008392855525016785,0.0003612339496612549
1742955480.196301,8270,1742955480,196247003,ft_sensor0_wrench,-0.13420343399047852,-0.04628753662109375,-0.056348323822021484,-0.0012248754501342773,0.0005009882152080536,0.0005333870649337769
1742955480.203023,8271,1742955480,202930488,ft_sensor0_wrench,-0.07154273986816406,0.00211334228515625,-0.03170919418334961,-0.0006978213787078857,-0.0008392855525016785,0.0003612339496612549
1742955480.2096655,8272,1742955480,209584249,ft_sensor0_wrench,-0.06527233123779297,0.06573867797851562,0.014256954193115234,0.0011465251445770264,-0.0009697303175926208,0.0003609210252761841
1742955480.2163134,8273,1742955480,216247648,ft_sensor0_wrench,-0.11058855056762695,0.048389434814453125,-0.010625362396240234,0.0010993778705596924,0.00010177865624427795,0.0001115649938583374
1742955480.2230546,8274,1742955480,222933221,ft_sensor0_wrench,-0.06459760665893555,-0.047801971435546875,-0.05701160430908203,-0.0012564361095428467,-0.0005252845585346222,0.00010614097118377686
1742955480.2296472,8275,1742955480,229578994,ft_sensor0_wrench,-0.07892084121704102,0.015821456909179688,-0.03394031524658203,0.0001614093780517578,-0.00034613534808158875,-0.00010190904140472412
1742955480.2363503,8276,1742955480,236246204,ft_sensor0_wrench,-0.09260416030883789,-0.09637260437011719,-0.05661296844482422,-0.002666473388671875,0.00027581676840782166,9.897351264953613e-05
1742955480.2429953,8277,1742955480,242915081,ft_sensor0_wrench,-0.09197521209716797,-0.03296852111816406,-0.05652284622192383,-0.001682370901107788,0.00023783743381500244,0.00013184547424316406
1742955480.249654,8278,1742955480,249581246,ft_sensor0_wrench,-0.06710338592529297,-0.016210556030273438,-0.07990455627441406,-0.0011945068836212158,-0.0004980266094207764,0.0001391768455505371
1742955480.2563145,8279,1742955480,256247992,ft_sensor0_wrench,-0.0987710952758789,0.016359329223632812,-0.05659008026123047,-0.00025653839111328125,-5.0127506256103516e-05,0.00035265088081359863
1742955480.2630005,8280,1742955480,262931524,ft_sensor0_wrench,-0.08131217956542969,-0.015451431274414062,-0.056677818298339844,-0.0007522106170654297,-0.00029449909925460815,0.0005605518817901611
1742955480.2697194,8281,1742955480,269586654,ft_sensor0_wrench,-0.0713815689086914,-0.03296661376953125,-0.033627986907958984,-0.0012558698654174805,-7.177144289016724e-05,0.0003395974636077881
1742955480.2763586,8282,1742955480,276269834,ft_sensor0_wrench,-0.10629844665527344,0.030656814575195312,-0.03345203399658203,-0.0002645254135131836,0.0004169642925262451,-7.620453834533691e-05
1742955480.2830424,8283,1742955480,282933993,ft_sensor0_wrench,-0.11136674880981445,-0.014425277709960938,0.014653682708740234,-0.0007519423961639404,0.000113707035779953,0.00011296570301055908
1742955480.289661,8284,1742955480,289583918,ft_sensor0_wrench,-0.0987710952758789,0.016359329223632812,-0.05659008026123047,-0.00025653839111328125,-5.0127506256103516e-05,0.00035265088081359863
1742955480.2963436,8285,1742955480,296269587,ft_sensor0_wrench,-0.06396865844726562,0.01560211181640625,-0.05692148208618164,-0.00027233362197875977,-0.0005632638931274414,0.00013902783393859863
1742955480.303053,8286,1742955480,302931777,ft_sensor0_wrench,-0.019281387329101562,-0.030452728271484375,-0.03212881088256836,-0.0012092888355255127,-0.001596786081790924,0.0003555119037628174
1742955480.3096707,8287,1742955480,309583713,ft_sensor0_wrench,-0.06161212921142578,-0.015399932861328125,-0.00865936279296875,-0.0012014806270599365,-0.0006165578961372375,0.00014027953147888184
1742955480.3163657,8288,1742955480,316246812,ft_sensor0_wrench,-0.11606884002685547,0.013090133666992188,-0.058420658111572266,-0.00031894445419311523,0.0009617507457733154,0.0001230984926223755
1742955480.3230548,8289,1742955480,322916206,ft_sensor0_wrench,-0.10237455368041992,-0.1139373779296875,-0.08158206939697266,-0.002720862627029419,0.000820603221654892,0.00029827654361724854
1742955480.3296564,8290,1742955480,329581977,ft_sensor0_wrench,-0.1341567039489746,-0.018503189086914062,-0.05842256546020508,-0.0008073747158050537,0.0012441016733646393,-0.00011767446994781494
1742955480.3363338,8291,1742955480,336247339,ft_sensor0_wrench,-0.09626436233520508,-0.015232086181640625,-0.033696651458740234,-0.0003184676170349121,-7.737055420875549e-05,0.0003196150064468384
1742955480.3430197,8292,1742955480,342917440,ft_sensor0_wrench,-0.0706024169921875,0.029850006103515625,-0.05890703201293945,0.0005954205989837646,-8.369982242584229e-05,0.00033818185329437256
1742955480.3496678,8293,1742955480,349581902,ft_sensor0_wrench,-0.08806133270263672,0.0616607666015625,-0.05881929397583008,0.001091092824935913,0.00016066431999206543,0.00013028085231781006
1742955480.35635,8294,1742955480,356247770,ft_sensor0_wrench,-0.014213085174560547,0.014627456665039062,-0.08023405075073242,-0.0007218718528747559,-0.0012935176491737366,0.00016632676124572754
1742955480.3630176,8295,1742955480,362927128,ft_sensor0_wrench,-0.07451629638671875,-0.06477928161621094,-0.056611061096191406,-0.0021780431270599365,-6.534159183502197e-06,0.00033974647521972656
1742955480.369679,8296,1742955480,369586648,ft_sensor0_wrench,-0.06380653381347656,-0.01947784423828125,-0.058840274810791016,-0.0008303821086883545,0.00020425021648406982,0.00011737644672393799
1742955480.3763735,8297,1742955480,376248439,ft_sensor0_wrench,-0.07890796661376953,-0.018671035766601562,-0.010489463806152344,-0.0012637972831726074,0.0003953203558921814,-8.925795555114746e-05
1742955480.383061,8298,1742955480,382927716,ft_sensor0_wrench,-0.1017446517944336,-0.050533294677734375,-0.08149194717407227,-0.0017367899417877197,0.0007826238870620728,0.0003311634063720703
1742955480.389725,8299,1742955480,389597662,ft_sensor0_wrench,-0.09119701385498047,0.029848098754882812,-0.0818023681640625,0.00016891956329345703,0.00022588670253753662,0.00013042986392974854
1742955480.396401,8300,1742955480,396275588,ft_sensor0_wrench,-0.05403709411621094,-0.0019130706787109375,-0.03387117385864258,-0.0007759630680084229,-0.0003405362367630005,-8.192658424377441e-05
1742955480.403075,8301,1742955480,402937952,ft_sensor0_wrench,-0.04571866989135742,0.012117385864257812,-0.0588383674621582,-0.000341951847076416,-7.810443639755249e-05,0.0003581494092941284
1742955480.4096377,8302,1742955480,409578997,ft_sensor0_wrench,-0.08428668975830078,-0.08234405517578125,-0.08158016204833984,-0.0022324323654174805,0.0005382522940635681,0.0005390644073486328
1742955480.4163795,8303,1742955480,416250619,ft_sensor0_wrench,-0.07750272750854492,-0.09717941284179688,-0.10496377944946289,-0.0022330284118652344,8.473917841911316e-05,0.0003056079149246216
1742955480.4230428,8304,1742955480,422915339,ft_sensor0_wrench,-0.06380653381347656,-0.01947784423828125,-0.058840274810791016,-0.0008303821086883545,0.00020425021648406982,0.00011737644672393799
1742955480.429808,8305,1742955480,429584396,ft_sensor0_wrench,-0.015984535217285156,-0.033721923828125,-0.01106405258178711,-0.0008451342582702637,-0.000894494354724884,0.00033371150493621826
1742955480.4364111,8306,1742955480,436257492,ft_sensor0_wrench,-0.05314445495605469,-0.00196075439453125,-0.05899524688720703,9.974837303161621e-05,-0.0003280714154243469,0.0005460828542709351
1742955480.4430377,8307,1742955480,442914516,ft_sensor0_wrench,-0.10838031768798828,-0.036285400390625,-0.08347797393798828,-0.0008689761161804199,0.001262173056602478,0.0005303174257278442
1742955480.449649,8308,1742955480,449580317,ft_sensor0_wrench,-0.1590275764465332,-0.03526115417480469,-0.035040855407714844,-0.0012952089309692383,0.001979965716600418,-0.000125005841255188
1742955480.456314,8309,1742955480,456246687,ft_sensor0_wrench,-0.10692834854125977,-0.032749176025390625,-0.03354167938232422,-0.0012486279010772705,0.00045495107769966125,-0.00010909140110015869
1742955480.463035,8310,1742955480,462931627,ft_sensor0_wrench,-0.08268594741821289,-0.07939529418945312,-0.05701398849487305,-0.0017448663711547852,-0.00024293363094329834,-0.00013463199138641357
1742955480.4696796,8311,1742955480,469588309,ft_sensor0_wrench,-0.07373809814453125,-0.0019626617431640625,-0.08189058303833008,-0.0003267526626586914,-1.8477439880371094e-05,0.00033833086490631104
1742955480.4763792,8312,1742955480,476270686,ft_sensor0_wrench,-0.10618400573730469,-0.03220939636230469,-0.03329610824584961,-0.001240074634552002,0.00044136494398117065,0.0005532205104827881
1742955480.4830372,8313,1742955480,482929996,ft_sensor0_wrench,-0.13420343399047852,-0.04628753662109375,-0.056348323822021484,-0.0012248754501342773,0.0005009882152080536,0.0005333870649337769
1742955480.4896595,8314,1742955480,489582304,ft_sensor0_wrench,-0.07895565032958984,-0.04645538330078125,-0.008415699005126953,-0.0016813576221466064,-0.0003477856516838074,0.0005618035793304443
1742955480.4963667,8315,1742955480,496250452,ft_sensor0_wrench,-0.10618400573730469,-0.03220939636230469,-0.03329610824584961,-0.001240074634552002,0.00044136494398117065,0.0005532205104827881
1742955480.503023,8316,1742955480,502919696,ft_sensor0_wrench,-0.0713815689086914,-0.03296661376953125,-0.033627986907958984,-0.0012558698654174805,-7.177144289016724e-05,0.0003395974636077881
1742955480.5096388,8317,1742955480,509580230,ft_sensor0_wrench,-0.11356210708618164,-0.01850128173828125,-0.03552722930908203,-0.0003808736801147461,0.0009345151484012604,9.006261825561523e-05
1742955480.5163174,8318,1742955480,516246612,ft_sensor0_wrench,-0.05753612518310547,0.04414558410644531,-0.012873649597167969,0.0010139644145965576,7.380545139312744e-05,0.00011706352233886719
1742955480.5230362,8319,1742955480,522912749,ft_sensor0_wrench,-0.02512502670288086,0.012117385864257812,-0.035943031311035156,8.45491886138916e-05,-0.0003876984119415283,0.0005659013986587524
1742955480.5296543,8320,1742955480,529584556,ft_sensor0_wrench,-0.11356210708618164,-0.01850128173828125,-0.03552722930908203,-0.0003808736801147461,0.0009345151484012604,9.006261825561523e-05
1742955480.5363336,8321,1742955480,536252936,ft_sensor0_wrench,-0.1341567039489746,-0.018503189086914062,-0.05842256546020508,-0.0008073747158050537,0.0012441016733646393,-0.00011767446994781494
1742955480.5430737,8322,1742955480,542943680,ft_sensor0_wrench,-0.0818943977355957,-0.0510711669921875,-0.05884218215942383,-0.001318812370300293,0.0004866011440753937,-0.00012339651584625244
1742955480.549648,8323,1742955480,549582739,ft_sensor0_wrench,-0.0818943977355957,-0.0510711669921875,-0.05884218215942383,-0.001318812370300293,0.0004866011440753937,-0.00012339651584625244
1742955480.5563455,8324,1742955480,556268603,ft_sensor0_wrench,-0.06380653381347656,-0.01947784423828125,-0.058840274810791016,-0.0008303821086883545,0.00020425021648406982,0.00011737644672393799
1742955480.5630724,8325,1742955480,562934246,ft_sensor0_wrench,-0.03893470764160156,-0.002719879150390625,-0.08222198486328125,-0.0003425478935241699,-0.000531613826751709,0.00012470781803131104
1742955480.5698187,8326,1742955480,569599454,ft_sensor0_wrench,-0.10237455368041992,-0.1139373779296875,-0.08158206939697266,-0.002720862627029419,0.000820603221654892,0.00029827654361724854
1742955480.5764241,8327,1742955480,576257605,ft_sensor0_wrench,-0.09860992431640625,-0.018720626831054688,-0.058508872985839844,-0.0008146166801452637,0.0007173866033554077,0.000330999493598938
1742955480.5830219,8328,1742955480,582912845,ft_sensor0_wrench,-0.08869028091430664,-0.001743316650390625,-0.058908939361572266,0.00010699033737182617,0.00019865110516548157,9.739398956298828e-05
1742955480.5896342,8329,1742955480,589579552,ft_sensor0_wrench,-0.07373809814453125,-0.0019626617431640625,-0.08189058303833008,-0.0003267526626586914,-1.8477439880371094e-05,0.00033833086490631104
1742955480.5963342,8330,1742955480,596248937,ft_sensor0_wrench,-0.018341064453125,-0.0027179718017578125,-0.0593266487121582,8.398294448852539e-05,-0.0008412078022956848,0.00033245980739593506
1742955480.6029723,8331,1742955480,602912937,ft_sensor0_wrench,-0.03893470764160156,-0.002719879150390625,-0.08222198486328125,-0.0003425478935241699,-0.000531613826751709,0.00012470781803131104
1742955480.6096766,8332,1742955480,609580852,ft_sensor0_wrench,-0.010915279388427734,0.01136016845703125,-0.059169769287109375,-0.00035774707794189453,-0.0005912408232688904,0.00014452636241912842
1742955480.6163023,8333,1742955480,616245802,ft_sensor0_wrench,-0.06067085266113281,0.012334823608398438,-0.03585672378540039,9.179115295410156e-05,0.00013902783393859863,0.00011722743511199951
1742955480.623028,8334,1742955480,622928909,ft_sensor0_wrench,-0.0010323524475097656,-0.033939361572265625,-0.03404569625854492,-0.0012788772583007812,-0.0011116266250610352,0.000574648380279541
1742955480.6296709,8335,1742955480,629585006,ft_sensor0_wrench,-0.0630640983581543,-0.0189361572265625,-0.05859518051147461,-0.0008218288421630859,0.00019066035747528076,0.0007796734571456909
1742955480.636371,8336,1742955480,636269190,ft_sensor0_wrench,-0.08428668975830078,-0.08234405517578125,-0.08158016204833984,-0.0022324323654174805,0.0005382522940635681,0.0005390644073486328
1742955480.6431077,8337,1742955480,642937324,ft_sensor0_wrench,-0.09860992431640625,-0.018720626831054688,-0.058508872985839844,-0.0008146166801452637,0.0007173866033554077,0.000330999493598938
1742955480.6496913,8338,1742955480,649580556,ft_sensor0_wrench,-0.12348079681396484,-0.03547859191894531,-0.03512716293334961,-0.0013024508953094482,0.0014532431960105896,0.00032366812229156494
1742955480.6563888,8339,1742955480,656266394,ft_sensor0_wrench,-0.05403709411621094,-0.0019130706787109375,-0.03387117385864258,-0.0007759630680084229,-0.0003405362367630005,-8.192658424377441e-05
1742955480.6630611,8340,1742955480,662916872,ft_sensor0_wrench,-0.06396865844726562,0.01560211181640625,-0.05692148208618164,-0.00027233362197875977,-0.0005632638931274414,0.00013902783393859863
1742955480.6696665,8341,1742955480,669584516,ft_sensor0_wrench,-0.06396865844726562,0.01560211181640625,-0.05692148208618164,-0.00027233362197875977,-0.0005632638931274414,0.00013902783393859863
1742955480.6763804,8342,1742955480,676275738,ft_sensor0_wrench,-0.11606884002685547,0.013090133666992188,-0.058420658111572266,-0.00031894445419311523,0.0009617507457733154,0.0001230984926223755
1742955480.683052,8343,1742955480,682934193,ft_sensor0_wrench,-0.03971385955810547,-0.0655364990234375,-0.05694246292114258,-0.0021938085556030273,-0.0005196705460548401,0.00012612342834472656
1742955480.6896605,8344,1742955480,689582110,ft_sensor0_wrench,-0.11606884002685547,0.013090133666992188,-0.058420658111572266,-0.00031894445419311523,0.0009617507457733154,0.0001230984926223755
1742955480.6963277,8345,1742955480,696250629,ft_sensor0_wrench,-0.13352680206298828,0.044902801513671875,-0.05833292007446289,0.0001767277717590332,0.0012061148881912231,-8.480250835418701e-05
1742955480.7030873,8346,1742955480,702945009,ft_sensor0_wrench,-0.09484529495239258,0.07649612426757812,-0.03543567657470703,0.0010916590690612793,0.0006141737103462219,0.00036372244358062744
1742955480.7097316,8347,1742955480,709593067,ft_sensor0_wrench,-0.0011935234069824219,0.001140594482421875,-0.03212690353393555,-0.0007208585739135742,-0.0018791407346725464,0.0005962848663330078
1742955480.7164018,8348,1742955480,716283030,ft_sensor0_wrench,-0.0359492301940918,0.029682159423828125,-0.033869266510009766,-0.0002875328063964844,-0.0006228908896446228,0.00015884637832641602
1742955480.7230716,8349,1742955480,722919896,ft_sensor0_wrench,-0.05403709411621094,-0.0019130706787109375,-0.03387117385864258,-0.0007759630680084229,-0.0003405362367630005,-8.192658424377441e-05
1742955480.7296515,8350,1742955480,729581880,ft_sensor0_wrench,-0.06824588775634766,-0.0011539459228515625,-0.01064443588256836,-0.0003336966037750244,-0.00013699382543563843,0.00033943355083465576
1742955480.7363222,8351,1742955480,736250815,ft_sensor0_wrench,-0.0713815689086914,-0.03296661376953125,-0.033627986907958984,-0.0012558698654174805,-7.177144289016724e-05,0.0003395974636077881
1742955480.7430513,8352,1742955480,742932049,ft_sensor0_wrench,-0.03281354904174805,0.061492919921875,-0.010886192321777344,0.0006346404552459717,-0.000688113272190094,0.0001586824655532837
1742955480.749648,8353,1742955480,749580893,ft_sensor0_wrench,-0.05188560485839844,0.124847412109375,-0.05881500244140625,0.00206795334815979,-0.00040404126048088074,0.0006118267774581909
1742955480.7564008,8354,1742955480,756263589,ft_sensor0_wrench,-0.06997346878051758,0.09325408935546875,-0.058817386627197266,0.0015795230865478516,-0.00012169033288955688,0.0003710538148880005
1742955480.763034,8355,1742955480,762930215,ft_sensor0_wrench,-0.04571866989135742,0.012117385864257812,-0.0588383674621582,-0.000341951847076416,-7.810443639755249e-05,0.0003581494092941284
1742955480.7696483,8356,1742955480,769581177,ft_sensor0_wrench,-0.04885435104370117,-0.019695281982421875,-0.08182144165039062,-0.001264125108718872,-1.2867152690887451e-05,0.00035831332206726074
1742955480.7764416,8357,1742955480,776270946,ft_sensor0_wrench,-0.021625995635986328,-0.03394126892089844,-0.056940555572509766,-0.0017053782939910889,-0.0008020251989364624,0.000366896390914917
1742955480.7830448,8358,1742955480,782932528,ft_sensor0_wrench,-0.0359492301940918,0.029682159423828125,-0.033869266510009766,-0.0002875328063964844,-0.0006228908896446228,0.00015884637832641602
1742955480.7897613,8359,1742955480,789583874,ft_sensor0_wrench,-0.018490314483642578,-0.00212860107421875,-0.033957481384277344,-0.0007832050323486328,-0.0008672624826431274,0.0003667473793029785
1742955480.7963834,8360,1742955480,796248843,ft_sensor0_wrench,-0.0818943977355957,-0.0510711669921875,-0.05884218215942383,-0.001318812370300293,0.0004866011440753937,-0.00012339651584625244
1742955480.803071,8361,1742955480,802934398,ft_sensor0_wrench,-0.09260416030883789,-0.09637260437011719,-0.05661296844482422,-0.002666473388671875,0.00027581676840782166,9.897351264953613e-05
1742955480.8096933,8362,1742955480,809597787,ft_sensor0_wrench,-0.08946943283081055,-0.0645599365234375,-0.0336298942565918,-0.001744300127029419,0.00021057948470115662,9.880959987640381e-05
1742955480.8163216,8363,1742955480,816247744,ft_sensor0_wrench,-0.06824588775634766,-0.0011539459228515625,-0.01064443588256836,-0.0003336966037750244,-0.00013699382543563843,0.00033943355083465576
1742955480.8230388,8364,1742955480,822915654,ft_sensor0_wrench,-0.046509742736816406,-0.016208648681640625,-0.05700969696044922,-0.0007680058479309082,-0.000807635486125946,0.00034692883491516113
1742955480.829632,8365,1742955480,829579444,ft_sensor0_wrench,-0.0713815689086914,-0.03296661376953125,-0.033627986907958984,-0.0012558698654174805,-7.177144289016724e-05,0.0003395974636077881
1742955480.8362956,8366,1742955480,836245552,ft_sensor0_wrench,-0.011706352233886719,-0.016965866088867188,-0.05734109878540039,-0.0007838010787963867,-0.001320771872997284,0.00013330578804016113
1742955480.8430088,8367,1742955480,842912515,ft_sensor0_wrench,-0.029051780700683594,-0.0480194091796875,-0.0570979118347168,-0.0012636780738830566,-0.0010519996285438538,0.0005548298358917236
1742955480.849662,8368,1742955480,849581971,ft_sensor0_wrench,-0.03657817840576172,-0.03372383117675781,-0.033959388732910156,-0.0012716352939605713,-0.0005849078297615051,0.00012597441673278809
1742955480.8563483,8369,1742955480,856252908,ft_sensor0_wrench,-0.0713815689086914,-0.03296661376953125,-0.033627986907958984,-0.0012558698654174805,-7.177144289016724e-05,0.0003395974636077881
1742955480.8630118,8370,1742955480,862933559,ft_sensor0_wrench,-0.03893470764160156,-0.002719879150390625,-0.08222198486328125,-0.0003425478935241699,-0.000531613826751709,0.00012470781803131104
1742955480.869664,8371,1742955480,869582567,ft_sensor0_wrench,-0.05639362335205078,0.02909088134765625,-0.08213376998901367,0.00015312433242797852,-0.00028724968433380127,-8.319318294525146e-05
1742955480.8763597,8372,1742955480,876246997,ft_sensor0_wrench,-0.026029586791992188,0.046657562255859375,-0.03426980972290039,0.0006340444087982178,-0.0011416226625442505,-7.475912570953369e-05
1742955480.8830152,8373,1742955480,882913853,ft_sensor0_wrench,-0.026029586791992188,0.046657562255859375,-0.03426980972290039,0.0006340444087982178,-0.0011416226625442505,-7.475912570953369e-05
1742955480.8896914,8374,1742955480,889596345,ft_sensor0_wrench,-0.03152275085449219,0.045848846435546875,-0.1055154800415039,0.0006409585475921631,-0.0010231062769889832,-7.586181163787842e-05
1742955480.896384,8375,1742955480,896248289,ft_sensor0_wrench,-0.0768728256225586,-0.03377532958984375,-0.1048736572265625,-0.0012489259243011475,4.6759843826293945e-05,0.00033849477767944336
1742955480.903042,8376,1742955480,902927803,ft_sensor0_wrench,-0.08946943283081055,-0.0645599365234375,-0.0336298942565918,-0.001744300127029419,0.00021057948470115662,9.880959987640381e-05
1742955480.9096522,8377,1742955480,909579196,ft_sensor0_wrench,-0.10692834854125977,-0.032749176025390625,-0.03354167938232422,-0.0012486279010772705,0.00045495107769966125,-0.00010909140110015869
1742955480.9164464,8378,1742955480,916267689,ft_sensor0_wrench,-0.11371135711669922,-0.017913818359375,-0.010158061981201172,-0.0012480318546295166,0.0009084567427635193,0.00012436509132385254
1742955480.9230995,8379,1742955480,922926329,ft_sensor0_wrench,-0.11434030532836914,-0.08131790161132812,-0.010248184204101562,-0.0022321343421936035,0.0009464435279369354,9.147822856903076e-05
1742955480.929663,8380,1742955480,929580928,ft_sensor0_wrench,-0.08946943283081055,-0.0645599365234375,-0.0336298942565918,-0.001744300127029419,0.00021057948470115662,9.880959987640381e-05
1742955480.9363332,8381,1742955480,936247183,ft_sensor0_wrench,-0.012336254119873047,-0.08036994934082031,-0.05743122100830078,-0.001767873764038086,-0.0012827850878238678,0.00010041892528533936
1742955480.9430788,8382,1742955480,942913011,ft_sensor0_wrench,-0.11669778823852539,-0.05031394958496094,-0.058510780334472656,-0.0013030469417572021,0.0009997375309467316,9.022653102874756e-05
1742955480.9496846,8383,1742955480,949582687,ft_sensor0_wrench,-0.09260416030883789,-0.09637260437011719,-0.05661296844482422,-0.002666473388671875,0.00027581676840782166,9.897351264953613e-05
1742955480.9564302,8384,1742955480,956248500,ft_sensor0_wrench,-0.07817649841308594,0.016361236572265625,-0.03369474411010742,0.00016996264457702637,-0.00035972148180007935,0.0005603879690170288
1742955480.963028,8385,1742955480,962912887,ft_sensor0_wrench,-0.08570480346679688,0.030656814575195312,-0.010556697845458984,0.00016197562217712402,0.00010737776756286621,0.00013153254985809326
1742955480.9696405,8386,1742955480,969579739,ft_sensor0_wrench,-0.0359492301940918,0.029682159423828125,-0.033869266510009766,-0.0002875328063964844,-0.0006228908896446228,0.00015884637832641602
1742955480.9764342,8387,1742955480,976264516,ft_sensor0_wrench,-0.07451629638671875,-0.06477928161621094,-0.056611061096191406,-0.0021780431270599365,-6.534159183502197e-06,0.00033974647521972656
1742955480.9830687,8388,1742955480,982932402,ft_sensor0_wrench,-0.05403709411621094,-0.0019130706787109375,-0.03387117385864258,-0.0007759630680084229,-0.0003405362367630005,-8.192658424377441e-05
1742955480.9896426,8389,1742955480,989579308,ft_sensor0_wrench,-0.06396865844726562,0.01560211181640625,-0.05692148208618164,-0.00027233362197875977,-0.0005632638931274414,0.00013902783393859863
1742955480.9963593,8390,1742955480,996247555,ft_sensor0_wrench,-0.09119701385498047,0.029848098754882812,-0.0818023681640625,0.00016891956329345703,0.00022588670253753662,0.00013042986392974854
1742955481.0030775,8391,1742955481,2927991,ft_sensor0_wrench,-0.11293315887451172,0.044902801513671875,-0.035437583923339844,0.0006032288074493408,0.0008965283632278442,0.000122949481010437
1742955481.0096579,8392,1742955481,9584146,ft_sensor0_wrench,-0.08570480346679688,0.030656814575195312,-0.010556697845458984,0.00016197562217712402,0.00010737776756286621,0.00013153254985809326
1742955481.0163152,8393,1742955481,16247297,ft_sensor0_wrench,-0.0713815689086914,-0.03296661376953125,-0.033627986907958984,-0.0012558698654174805,-7.177144289016724e-05,0.0003395974636077881
1742955481.0230727,8394,1742955481,22927008,ft_sensor0_wrench,-0.09860992431640625,-0.018720626831054688,-0.058508872985839844,-0.0008146166801452637,0.0007173866033554077,0.000330999493598938
1742955481.0296686,8395,1742955481,29580664,ft_sensor0_wrench,-0.1432971954345703,0.02733612060546875,-0.08330154418945312,0.00012233853340148926,0.0017509087920188904,0.00011451542377471924
1742955481.036348,8396,1742955481,36246371,ft_sensor0_wrench,-0.08126544952392578,0.012332916259765625,-0.05875205993652344,-0.00033470988273620605,0.00044861435890197754,-9.052455425262451e-05
1742955481.0429971,8397,1742955481,42913765,ft_sensor0_wrench,-0.08867740631103516,-0.036235809326171875,-0.03545856475830078,-0.001318216323852539,0.0009401068091392517,0.00011004507541656494
1742955481.0496633,8398,1742955481,49580032,ft_sensor0_wrench,-0.14156866073608398,-0.06707191467285156,-0.03512907028198242,-0.0017908811569213867,0.0017355941236019135,8.289515972137451e-05
1742955481.0563774,8399,1742955481,56249002,ft_sensor0_wrench,-0.05831336975097656,-0.01866912841796875,0.012405872344970703,-0.0008372962474822998,8.573383092880249e-05,0.00011847913265228271
1742955481.063055,8400,1742955481,62912182,ft_sensor0_wrench,-0.07875871658325195,-0.019258499145507812,-0.0358586311340332,-0.0003966391086578369,0.0004213787615299225,-0.00012356042861938477
1742955481.0696387,8401,1742955481,69580392,ft_sensor0_wrench,-0.03344249725341797,-0.001911163330078125,-0.010975837707519531,-0.00034946203231811523,-0.0006501302123069763,0.00012581050395965576
1742955481.0763419,8402,1742955481,76253102,ft_sensor0_wrench,-0.09860992431640625,-0.018720626831054688,-0.058508872985839844,-0.0008146166801452637,0.0007173866033554077,0.000330999493598938
1742955481.083014,8403,1742955481,82916800,ft_sensor0_wrench,-0.060832977294921875,0.04741477966308594,-0.03393840789794922,0.0006498396396636963,-0.0006284862756729126,0.0001388639211654663
1742955481.089649,8404,1742955481,89579470,ft_sensor0_wrench,-0.0713815689086914,-0.03296661376953125,-0.033627986907958984,-0.0012558698654174805,-7.177144289016724e-05,0.0003395974636077881
1742955481.0963132,8405,1742955481,96248117,ft_sensor0_wrench,-0.06824588775634766,-0.0011539459228515625,-0.01064443588256836,-0.0003336966037750244,-0.00013699382543563843,0.00033943355083465576
1742955481.1030064,8406,1742955481,102911965,ft_sensor0_wrench,-0.029051780700683594,-0.0480194091796875,-0.0570979118347168,-0.0012636780738830566,-0.0010519996285438538,0.0005548298358917236
1742955481.1096733,8407,1742955481,109581741,ft_sensor0_wrench,-0.09860992431640625,-0.018720626831054688,-0.058508872985839844,-0.0008146166801452637,0.0007173866033554077,0.000330999493598938
1742955481.1163056,8408,1742955481,116246235,ft_sensor0_wrench,-0.09860992431640625,-0.018720626831054688,-0.058508872985839844,-0.0008146166801452637,0.0007173866033554077,0.000330999493598938
1742955481.1230288,8409,1742955481,122912054,ft_sensor0_wrench,-0.0713815689086914,-0.03296661376953125,-0.033627986907958984,-0.0012558698654174805,-7.177144289016724e-05,0.0003395974636077881
1742955481.1296513,8410,1742955481,129580484,ft_sensor0_wrench,-0.029051780700683594,-0.0480194091796875,-0.0570979118347168,-0.0012636780738830566,-0.0010519996285438538,0.0005548298358917236
1742955481.1363232,8411,1742955481,136249280,ft_sensor0_wrench,-0.07075262069702148,0.030439376831054688,-0.033537864685058594,-0.00027176737785339355,-0.00010975450277328491,0.000372469425201416
1742955481.1430447,8412,1742955481,142917636,ft_sensor0_wrench,-0.053293704986572266,-0.0013713836669921875,-0.03362607955932617,-0.000767439603805542,-0.00035412609577178955,0.0005803704261779785
1742955481.1496499,8413,1742955481,149580040,ft_sensor0_wrench,-0.06824588775634766,-0.0011539459228515625,-0.01064443588256836,-0.0003336966037750244,-0.00013699382543563843,0.00033943355083465576
1742955481.1563182,8414,1742955481,156249578,ft_sensor0_wrench,-0.06824588775634766,-0.0011539459228515625,-0.01064443588256836,-0.0003336966037750244,-0.00013699382543563843,0.00033943355083465576
1742955481.1630602,8415,1742955481,162925579,ft_sensor0_wrench,-0.012997150421142578,-0.00131988525390625,0.03728818893432617,-0.0007901489734649658,-0.0009857788681983948,0.0003678351640701294
1742955481.1696985,8416,1742955481,169585831,ft_sensor0_wrench,-0.03657817840576172,-0.03372383117675781,-0.033959388732910156,-0.0012716352939605713,-0.0005849078297615051,0.00012597441673278809
1742955481.1763113,8417,1742955481,176247353,ft_sensor0_wrench,-0.11669778823852539,-0.05031394958496094,-0.058510780334472656,-0.0013030469417572021,0.0009997375309467316,9.022653102874756e-05
1742955481.1830544,8418,1742955481,182913343,ft_sensor0_wrench,-0.0622410774230957,-0.07880401611328125,-0.008749008178710938,-0.0021855831146240234,-0.0005785711109638214,0.00010739266872406006
1742955481.1897116,8419,1742955481,189578896,ft_sensor0_wrench,-0.08884048461914062,-0.001155853271484375,-0.033539772033691406,-0.000760197639465332,0.0001726001501083374,0.00013169646263122559
1742955481.1963813,8420,1742955481,196245328,ft_sensor0_wrench,-0.10111570358276367,0.012872695922851562,-0.08140182495117188,-0.0007526874542236328,0.0007446333765983582,0.00036403536796569824
1742955481.2030718,8421,1742955481,202950673,ft_sensor0_wrench,-0.05403709411621094,-0.0019130706787109375,-0.03387117385864258,-0.0007759630680084229,-0.0003405362367630005,-8.192658424377441e-05
1742955481.2096565,8422,1742955481,209580713,ft_sensor0_wrench,-0.011706352233886719,-0.016965866088867188,-0.05734109878540039,-0.0007838010787963867,-0.001320771872997284,0.00013330578804016113
1742955481.2163491,8423,1742955481,216246663,ft_sensor0_wrench,-0.043374061584472656,0.015604019165039062,-0.034026145935058594,0.00015416741371154785,-0.0008728578686714172,0.0003467649221420288
1742955481.2230792,8424,1742955481,222927005,ft_sensor0_wrench,-0.05639362335205078,0.02909088134765625,-0.08213376998901367,0.00015312433242797852,-0.00028724968433380127,-8.319318294525146e-05
1742955481.2296364,8425,1742955481,229579872,ft_sensor0_wrench,-0.05403709411621094,-0.0019130706787109375,-0.03387117385864258,-0.0007759630680084229,-0.0003405362367630005,-8.192658424377441e-05
1742955481.2364087,8426,1742955481,236269613,ft_sensor0_wrench,-0.0713815689086914,-0.03296661376953125,-0.033627986907958984,-0.0012558698654174805,-7.177144289016724e-05,0.0003395974636077881
1742955481.243058,8427,1742955481,242931926,ft_sensor0_wrench,-0.08052206039428711,0.012874603271484375,-0.05850696563720703,-0.0003261864185333252,0.0004350319504737854,0.0005717724561691284
1742955481.2496412,8428,1742955481,249579814,ft_sensor0_wrench,-0.0713815689086914,-0.03296661376953125,-0.033627986907958984,-0.0012558698654174805,-7.177144289016724e-05,0.0003395974636077881
1742955481.2563617,8429,1742955481,256260887,ft_sensor0_wrench,-0.08946943283081055,-0.0645599365234375,-0.0336298942565918,-0.001744300127029419,0.00021057948470115662,9.880959987640381e-05
1742955481.2630296,8430,1742955481,262912210,ft_sensor0_wrench,-0.10692834854125977,-0.032749176025390625,-0.03354167938232422,-0.0012486279010772705,0.00045495107769966125,-0.00010909140110015869
1742955481.269669,8431,1742955481,269586858,ft_sensor0_wrench,-0.12427186965942383,-0.06380271911621094,-0.03329801559448242,-0.0017285048961639404,0.0007237158715724945,0.0003124326467514038
1742955481.2764018,8432,1742955481,276248897,ft_sensor0_wrench,-0.0713815689086914,-0.03296661376953125,-0.033627986907958984,-0.0012558698654174805,-7.177144289016724e-05,0.0003395974636077881
1742955481.282991,8433,1742955481,282912475,ft_sensor0_wrench,-0.11669778823852539,-0.05031394958496094,-0.058510780334472656,-0.0013030469417572021,0.0009997375309467316,9.022653102874756e-05
1742955481.289659,8434,1742955481,289581606,ft_sensor0_wrench,-0.07212495803833008,-0.03350639343261719,-0.03387308120727539,-0.0012643933296203613,-5.8185309171676636e-05,-0.0003227144479751587
1742955481.2963362,8435,1742955481,296247469,ft_sensor0_wrench,-0.06317758560180664,0.04392814636230469,-0.058750152587890625,0.00015372037887573242,0.00016625970602035522,0.00015024840831756592
1742955481.303065,8436,1742955481,302939630,ft_sensor0_wrench,-0.06380653381347656,-0.01947784423828125,-0.058840274810791016,-0.0008303821086883545,0.00020425021648406982,0.00011737644672393799
1742955481.3096445,8437,1742955481,309579597,ft_sensor0_wrench,-0.05628013610839844,-0.03377342224121094,-0.08197879791259766,-0.0008224248886108398,-0.00026284903287887573,0.0005462318658828735
1742955481.316402,8438,1742955481,316260864,ft_sensor0_wrench,-0.003551006317138672,0.03214454650878906,-0.08038949966430664,0.00020825862884521484,-0.0018258467316627502,0.0005950331687927246
1742955481.3230464,8439,1742955481,322928919,ft_sensor0_wrench,-0.09119701385498047,0.029848098754882812,-0.0818023681640625,0.00016891956329345703,0.00022588670253753662,0.00013042986392974854
1742955481.3296564,8440,1742955481,329583621,ft_sensor0_wrench,-0.057697296142578125,0.07922554016113281,-0.010955333709716797,0.0015720129013061523,-0.0006937086582183838,0.00013871490955352783
1742955481.3364089,8441,1742955481,336263743,ft_sensor0_wrench,-0.026029586791992188,0.046657562255859375,-0.03426980972290039,0.0006340444087982178,-0.0011416226625442505,-7.475912570953369e-05
1742955481.3430355,8442,1742955481,342929798,ft_sensor0_wrench,-0.11606884002685547,0.013090133666992188,-0.058420658111572266,-0.00031894445419311523,0.0009617507457733154,0.0001230984926223755
1742955481.3496435,8443,1742955481,349579508,ft_sensor0_wrench,-0.13654804229736328,-0.04977607727050781,-0.08116006851196289,-0.0017209947109222412,0.0012957602739334106,0.0005447864532470703
1742955481.3564265,8444,1742955481,356269960,ft_sensor0_wrench,-0.07451629638671875,-0.06477928161621094,-0.056611061096191406,-0.0021780431270599365,-6.534159183502197e-06,0.00033974647521972656
1742955481.363046,8445,1742955481,362925284,ft_sensor0_wrench,-0.0713815689086914,-0.03296661376953125,-0.033627986907958984,-0.0012558698654174805,-7.177144289016724e-05,0.0003395974636077881
1742955481.3697207,8446,1742955481,369592855,ft_sensor0_wrench,-0.07451629638671875,-0.06477928161621094,-0.056611061096191406,-0.0021780431270599365,-6.534159183502197e-06,0.00033974647521972656
1742955481.3764033,8447,1742955481,376258564,ft_sensor0_wrench,-0.05403709411621094,-0.0019130706787109375,-0.03387117385864258,-0.0007759630680084229,-0.0003405362367630005,-8.192658424377441e-05
1742955481.3830676,8448,1742955481,382942616,ft_sensor0_wrench,-0.0954742431640625,0.013092041015625,-0.03552532196044922,0.00010755658149719238,0.0006521642208099365,0.0003308504819869995
1742955481.3896441,8449,1742955481,389580517,ft_sensor0_wrench,-0.053293704986572266,-0.0013713836669921875,-0.03362607955932617,-0.000767439603805542,-0.00035412609577178955,0.0005803704261779785
1742955481.3963332,8450,1742955481,396250781,ft_sensor0_wrench,-0.08884048461914062,-0.001155853271484375,-0.033539772033691406,-0.000760197639465332,0.0001726001501083374,0.00013169646263122559
1742955481.4030316,8451,1742955481,402914242,ft_sensor0_wrench,-0.11293315887451172,0.044902801513671875,-0.035437583923339844,0.0006032288074493408,0.0008965283632278442,0.000122949481010437
1742955481.40966,8452,1742955481,409579209,ft_sensor0_wrench,-0.046509742736816406,-0.016208648681640625,-0.05700969696044922,-0.0007680058479309082,-0.000807635486125946,0.00034692883491516113
1742955481.4163973,8453,1742955481,416245717,ft_sensor0_wrench,-0.08131217956542969,-0.015451431274414062,-0.056677818298339844,-0.0007522106170654297,-0.00029449909925460815,0.0005605518817901611
1742955481.4230375,8454,1742955481,422913236,ft_sensor0_wrench,-0.15087127685546875,0.01384735107421875,-0.058089256286621094,-0.0003031492233276367,0.0014748871326446533,0.0003367215394973755
1742955481.429764,8455,1742955481,429583300,ft_sensor0_wrench,-0.06067085266113281,0.012334823608398438,-0.03585672378540039,9.179115295410156e-05,0.00013902783393859863,0.00011722743511199951
1742955481.4363496,8456,1742955481,436258412,ft_sensor0_wrench,-0.04571866989135742,0.012117385864257812,-0.0588383674621582,-0.000341951847076416,-7.810443639755249e-05,0.0003581494092941284
1742955481.4430082,8457,1742955481,442914243,ft_sensor0_wrench,-0.053293704986572266,-0.0013713836669921875,-0.03362607955932617,-0.000767439603805542,-0.00035412609577178955,0.0005803704261779785
1742955481.4496481,8458,1742955481,449580968,ft_sensor0_wrench,-0.08884048461914062,-0.001155853271484375,-0.033539772033691406,-0.000760197639465332,0.0001726001501083374,0.00013169646263122559
1742955481.4563236,8459,1742955481,456246061,ft_sensor0_wrench,-0.06396865844726562,0.01560211181640625,-0.05692148208618164,-0.00027233362197875977,-0.0005632638931274414,0.00013902783393859863
1742955481.4630704,8460,1742955481,462916756,ft_sensor0_wrench,-0.13341236114501953,-0.017963409423828125,-0.05817699432373047,-0.0007988214492797852,0.0012305229902267456,0.000544622540473938
1742955481.4696863,8461,1742955481,469584205,ft_sensor0_wrench,-0.12348079681396484,-0.03547859191894531,-0.03512716293334961,-0.0013024508953094482,0.0014532431960105896,0.00032366812229156494
1742955481.4764047,8462,1742955481,476249154,ft_sensor0_wrench,-0.018490314483642578,-0.00212860107421875,-0.033957481384277344,-0.0007832050323486328,-0.0008672624826431274,0.0003667473793029785
1742955481.483086,8463,1742955481,482934515,ft_sensor0_wrench,-0.07075262069702148,0.030439376831054688,-0.033537864685058594,-0.00027176737785339355,-0.00010975450277328491,0.000372469425201416
1742955481.4897325,8464,1742955481,489587725,ft_sensor0_wrench,-0.07890796661376953,-0.018671035766601562,-0.010489463806152344,-0.0012637972831726074,0.0003953203558921814,-8.925795555114746e-05
1742955481.496395,8465,1742955481,496246848,ft_sensor0_wrench,-0.07451629638671875,-0.06477928161621094,-0.056611061096191406,-0.0021780431270599365,-6.534159183502197e-06,0.00033974647521972656
1742955481.5030677,8466,1742955481,502912319,ft_sensor0_wrench,-0.09625244140625,-0.049724578857421875,-0.01024627685546875,-0.001743704080581665,0.0006640926003456116,0.00033226609230041504
1742955481.509735,8467,1742955481,509579903,ft_sensor0_wrench,-0.14093971252441406,-0.0036678314208984375,-0.03503894805908203,-0.0008067786693572998,0.0016976147890090942,0.00011576712131500244
1742955481.5163703,8468,1742955481,516259114,ft_sensor0_wrench,-0.08806133270263672,0.0616607666015625,-0.05881929397583008,0.001091092824935913,0.00016066431999206543,0.00013028085231781006
1742955481.5230803,8469,1742955481,522946485,ft_sensor0_wrench,-0.03893470764160156,-0.002719879150390625,-0.08222198486328125,-0.0003425478935241699,-0.000531613826751709,0.00012470781803131104
1742955481.5296881,8470,1742955481,529582172,ft_sensor0_wrench,-0.04901552200317383,0.015384674072265625,-0.07990264892578125,-0.0007060766220092773,-0.0007803812623023987,0.00037994980812072754
1742955481.5363872,8471,1742955481,536247697,ft_sensor0_wrench,-0.06396865844726562,0.01560211181640625,-0.05692148208618164,-0.00027233362197875977,-0.0005632638931274414,0.00013902783393859863
1742955481.5431008,8472,1742955481,542919329,ft_sensor0_wrench,-0.05717277526855469,-0.033725738525390625,-0.056854248046875,-0.001698136329650879,-0.00027529895305633545,-8.177757263183594e-05
1742955481.5497372,8473,1742955481,549584620,ft_sensor0_wrench,-0.09860992431640625,-0.018720626831054688,-0.058508872985839844,-0.0008146166801452637,0.0007173866033554077,0.000330999493598938
1742955481.556385,8474,1742955481,556258114,ft_sensor0_wrench,-0.0713815689086914,-0.03296661376953125,-0.033627986907958984,-0.0012558698654174805,-7.177144289016724e-05,0.0003395974636077881
1742955481.563036,8475,1742955481,562913624,ft_sensor0_wrench,-0.03657817840576172,-0.03372383117675781,-0.033959388732910156,-0.0012716352939605713,-0.0005849078297615051,0.00012597441673278809
1742955481.5697224,8476,1742955481,569581305,ft_sensor0_wrench,-0.0713815689086914,-0.03296661376953125,-0.033627986907958984,-0.0012558698654174805,-7.177144289016724e-05,0.0003395974636077881
1742955481.5763688,8477,1742955481,576277739,ft_sensor0_wrench,-0.053293704986572266,-0.0013713836669921875,-0.03362607955932617,-0.000767439603805542,-0.00035412609577178955,0.0005803704261779785
1742955481.5830414,8478,1742955481,582912842,ft_sensor0_wrench,-0.05717277526855469,-0.033725738525390625,-0.056854248046875,-0.001698136329650879,-0.00027529895305633545,-8.177757263183594e-05
1742955481.5897398,8479,1742955481,589582879,ft_sensor0_wrench,-0.046509742736816406,-0.016208648681640625,-0.05700969696044922,-0.0007680058479309082,-0.000807635486125946,0.00034692883491516113
1742955481.59633,8480,1742955481,596246130,ft_sensor0_wrench,-0.07817649841308594,0.016361236572265625,-0.03369474411010742,0.00016996264457702637,-0.00035972148180007935,0.0005603879690170288
1742955481.6030805,8481,1742955481,602912628,ft_sensor0_wrench,-0.08256912231445312,0.06246757507324219,0.012426376342773438,0.0010841786861419678,4.215538501739502e-05,0.00013138353824615479
1742955481.609645,8482,1742955481,609581318,ft_sensor0_wrench,-0.06824588775634766,-0.0011539459228515625,-0.01064443588256836,-0.0003336966037750244,-0.00013699382543563843,0.00033943355083465576
1742955481.616377,8483,1742955481,616250174,ft_sensor0_wrench,-0.02665853500366211,-0.01674652099609375,-0.03435945510864258,-0.00035005807876586914,-0.0011036433279514313,-0.00010763108730316162
1742955481.6230676,8484,1742955481,622913918,ft_sensor0_wrench,-0.03657817840576172,-0.03372383117675781,-0.033959388732910156,-0.0012716352939605713,-0.0005849078297615051,0.00012597441673278809
1742955481.6296437,8485,1742955481,629578033,ft_sensor0_wrench,-0.05639362335205078,0.02909088134765625,-0.08213376998901367,0.00015312433242797852,-0.00028724968433380127,-8.319318294525146e-05
1742955481.636359,8486,1742955481,636246350,ft_sensor0_wrench,-0.07451629638671875,-0.06477928161621094,-0.056611061096191406,-0.0021780431270599365,-6.534159183502197e-06,0.00033974647521972656
1742955481.6430502,8487,1742955481,642912605,ft_sensor0_wrench,-0.029165267944335938,0.014844894409179688,-0.05725288391113281,-0.0002881288528442383,-0.0010764002799987793,-7.459521293640137e-05
1742955481.6497283,8488,1742955481,649583107,ft_sensor0_wrench,-0.01923370361328125,-0.0026702880859375,-0.03420257568359375,-0.0007917582988739014,-0.0008536726236343384,-0.0002955496311187744
1742955481.656404,8489,1742955481,656270433,ft_sensor0_wrench,-0.019281387329101562,-0.030452728271484375,-0.03212881088256836,-0.0012092888355255127,-0.001596786081790924,0.0003555119037628174
1742955481.663133,8490,1742955481,662932647,ft_sensor0_wrench,-0.03360462188720703,0.033168792724609375,-0.00905752182006836,0.0002085566520690918,-0.0014176443219184875,0.00014744699001312256
1742955481.6696823,8491,1742955481,669581611,ft_sensor0_wrench,-0.06824588775634766,-0.0011539459228515625,-0.01064443588256836,-0.0003336966037750244,-0.00013699382543563843,0.00033943355083465576
1742955481.6763687,8492,1742955481,676263559,ft_sensor0_wrench,-0.028421878814697266,0.015386581420898438,-0.057007789611816406,-0.0002795755863189697,-0.0010899901390075684,0.0005877017974853516
1742955481.683088,8493,1742955481,682941318,ft_sensor0_wrench,-0.11293315887451172,0.044902801513671875,-0.035437583923339844,0.0006032288074493408,0.0008965283632278442,0.000122949481010437
1742955481.6897223,8494,1742955481,689609161,ft_sensor0_wrench,-0.1378040313720703,0.02814483642578125,-0.01205587387084961,0.00011539459228515625,0.001632392406463623,0.00011561810970306396
1742955481.69631,8495,1742955481,696246648,ft_sensor0_wrench,-0.08115196228027344,-0.05053138732910156,-0.05859708786010742,-0.0013102591037750244,0.0004730150103569031,0.0005389004945755005
1742955481.7030115,8496,1742955481,702913816,ft_sensor0_wrench,-0.0713815689086914,-0.03296661376953125,-0.033627986907958984,-0.0012558698654174805,-7.177144289016724e-05,0.0003395974636077881
1742955481.7096386,8497,1742955481,709579127,ft_sensor0_wrench,-0.08441400527954102,0.015012741088867188,-0.10518598556518555,0.00016832351684570312,-0.0002276189625263214,-0.00010301172733306885
1742955481.716359,8498,1742955481,716248280,ft_sensor0_wrench,-0.025286197662353516,0.04719734191894531,-0.03402423858642578,0.0006425976753234863,-0.0011552125215530396,0.0005875378847122192
1742955481.723052,8499,1742955481,722912659,ft_sensor0_wrench,-0.06824588775634766,-0.0011539459228515625,-0.01064443588256836,-0.0003336966037750244,-0.00013699382543563843,0.00033943355083465576
1742955481.7297344,8500,1742955481,729580359,ft_sensor0_wrench,-0.03657817840576172,-0.03372383117675781,-0.033959388732910156,-0.0012716352939605713,-0.0005849078297615051,0.00012597441673278809
1742955481.7363667,8501,1742955481,736245354,ft_sensor0_wrench,-0.04571866989135742,0.012117385864257812,-0.0588383674621582,-0.000341951847076416,-7.810443639755249e-05,0.0003581494092941284
1742955481.7430873,8502,1742955481,742931859,ft_sensor0_wrench,-0.16138505935668945,-0.0042572021484375,-0.08330345153808594,-0.0003660917282104492,0.0020332597196102142,-0.0001262575387954712
1742955481.7497268,8503,1742955481,749582882,ft_sensor0_wrench,-0.11006307601928711,-0.06456184387207031,-0.05652475357055664,-0.0021708011627197266,0.0005201883614063263,-0.00010892748832702637
1742955481.7564595,8504,1742955481,756266040,ft_sensor0_wrench,-0.0713815689086914,-0.03296661376953125,-0.033627986907958984,-0.0012558698654174805,-7.177144289016724e-05,0.0003395974636077881
1742955481.7630591,8505,1742955481,762928407,ft_sensor0_wrench,-0.07075262069702148,0.030439376831054688,-0.033537864685058594,-0.00027176737785339355,-0.00010975450277328491,0.000372469425201416
1742955481.769754,8506,1742955481,769579871,ft_sensor0_wrench,-0.045880794525146484,0.04719734191894531,-0.05691957473754883,0.0002160966396331787,-0.0008456185460090637,0.00037980079650878906
1742955481.7764373,8507,1742955481,776246258,ft_sensor0_wrench,-0.15087127685546875,0.01384735107421875,-0.058089256286621094,-0.0003031492233276367,0.0014748871326446533,0.0003367215394973755
1742955481.7830846,8508,1742955481,782934996,ft_sensor0_wrench,-0.09119701385498047,0.029848098754882812,-0.0818023681640625,0.00016891956329345703,0.00022588670253753662,0.00013042986392974854
1742955481.7896504,8509,1742955481,789582145,ft_sensor0_wrench,-0.029165267944335938,0.014844894409179688,-0.05725288391113281,-0.0002881288528442383,-0.0010764002799987793,-7.459521293640137e-05
1742955481.7963138,8510,1742955481,796247419,ft_sensor0_wrench,-0.03893470764160156,-0.002719879150390625,-0.08222198486328125,-0.0003425478935241699,-0.000531613826751709,0.00012470781803131104
1742955481.803051,8511,1742955481,802933315,ft_sensor0_wrench,-0.06824588775634766,-0.0011539459228515625,-0.01064443588256836,-0.0003336966037750244,-0.00013699382543563843,0.00033943355083465576
1742955481.809767,8512,1742955481,809582997,ft_sensor0_wrench,-0.05403709411621094,-0.0019130706787109375,-0.03387117385864258,-0.0007759630680084229,-0.0003405362367630005,-8.192658424377441e-05
1742955481.8164136,8513,1742955481,816270368,ft_sensor0_wrench,-0.05403709411621094,-0.0019130706787109375,-0.03387117385864258,-0.0007759630680084229,-0.0003405362367630005,-8.192658424377441e-05
1742955481.823045,8514,1742955481,822934668,ft_sensor0_wrench,-0.05639362335205078,0.02909088134765625,-0.08213376998901367,0.00015312433242797852,-0.00028724968433380127,-8.319318294525146e-05
1742955481.8297436,8515,1742955481,829581629,ft_sensor0_wrench,-0.09433174133300781,-0.001964569091796875,-0.10478544235229492,-0.000753253698348999,0.00029112398624420166,0.00013059377670288086
1742955481.836599,8516,1742955481,836382035,ft_sensor0_wrench,-0.046509742736816406,-0.016208648681640625,-0.05700969696044922,-0.0007680058479309082,-0.000807635486125946,0.00034692883491516113
1742955481.8431816,8517,1742955481,842980025,ft_sensor0_wrench,-0.06396865844726562,0.01560211181640625,-0.05692148208618164,-0.00027233362197875977,-0.0005632638931274414,0.00013902783393859863
1742955481.849722,8518,1742955481,849581542,ft_sensor0_wrench,-0.06396865844726562,0.01560211181640625,-0.05692148208618164,-0.00027233362197875977,-0.0005632638931274414,0.00013902783393859863
1742955481.8563962,8519,1742955481,856246735,ft_sensor0_wrench,-0.06824588775634766,-0.0011539459228515625,-0.01064443588256836,-0.0003336966037750244,-0.00013699382543563843,0.00033943355083465576
1742955481.8630679,8520,1742955481,862911395,ft_sensor0_wrench,-0.0713815689086914,-0.03296661376953125,-0.033627986907958984,-0.0012558698654174805,-7.177144289016724e-05,0.0003395974636077881
1742955481.8697827,8521,1742955481,869580639,ft_sensor0_wrench,-0.0713815689086914,-0.03296661376953125,-0.033627986907958984,-0.0012558698654174805,-7.177144289016724e-05,0.0003395974636077881
1742955481.876437,8522,1742955481,876250129,ft_sensor0_wrench,-0.0863337516784668,-0.03274726867675781,-0.010646343231201172,-0.0008221268653869629,0.00014535710215568542,9.866058826446533e-05
1742955481.8830447,8523,1742955481,882912019,ft_sensor0_wrench,-0.09860992431640625,-0.018720626831054688,-0.058508872985839844,-0.0008146166801452637,0.0007173866033554077,0.000330999493598938
1742955481.8897138,8524,1742955481,889578187,ft_sensor0_wrench,-0.06694221496582031,-0.05129051208496094,-0.08182334899902344,-0.0017525553703308105,0.00026948750019073486,0.00011754035949707031
1742955481.8963687,8525,1742955481,896245169,ft_sensor0_wrench,-0.04964447021484375,-0.04802131652832031,-0.07999277114868164,-0.0016901791095733643,-0.000742398202419281,0.0003470778465270996
1742955481.9030867,8526,1742955481,902939849,ft_sensor0_wrench,-0.09108257293701172,-0.033016204833984375,-0.08164691925048828,-0.0008066296577453613,0.00025028735399246216,0.0007598549127578735
1742955481.909722,8527,1742955481,909582322,ft_sensor0_wrench,-0.060832977294921875,0.04741477966308594,-0.03393840789794922,0.0006498396396636963,-0.0006284862756729126,0.0001388639211654663
1742955481.9163873,8528,1742955481,916248743,ft_sensor0_wrench,-0.043374061584472656,0.015604019165039062,-0.034026145935058594,0.00015416741371154785,-0.0008728578686714172,0.0003467649221420288
1742955481.9230835,8529,1742955481,922943429,ft_sensor0_wrench,-0.10854053497314453,-0.0012054443359375,-0.0815587043762207,-0.0003109574317932129,0.0004946589469909668,0.000551953911781311
1742955481.929678,8530,1742955481,929580979,ft_sensor0_wrench,-0.08559036254882812,-0.032207489013671875,-0.010401248931884766,-0.0008135437965393066,0.00013177841901779175,0.0007609575986862183
1742955481.9363303,8531,1742955481,936251699,ft_sensor0_wrench,-0.043374061584472656,0.015604019165039062,-0.034026145935058594,0.00015416741371154785,-0.0008728578686714172,0.0003467649221420288
1742955481.9430861,8532,1742955481,942954662,ft_sensor0_wrench,-0.046509742736816406,-0.016208648681640625,-0.05700969696044922,-0.0007680058479309082,-0.000807635486125946,0.00034692883491516113
1742955481.9496567,8533,1742955481,949581600,ft_sensor0_wrench,-0.043374061584472656,0.015604019165039062,-0.034026145935058594,0.00015416741371154785,-0.0008728578686714172,0.0003467649221420288
1742955481.9563682,8534,1742955481,956254590,ft_sensor0_wrench,-0.015984535217285156,-0.033721923828125,-0.01106405258178711,-0.0008451342582702637,-0.000894494354724884,0.00033371150493621826
1742955481.9630647,8535,1742955481,962936152,ft_sensor0_wrench,-0.0011935234069824219,0.001140594482421875,-0.03212690353393555,-0.0007208585739135742,-0.0018791407346725464,0.0005962848663330078
1742955481.9697082,8536,1742955481,969583742,ft_sensor0_wrench,-0.04352426528930664,0.016193389892578125,-0.008657455444335938,-0.000713050365447998,-0.0008989125490188599,0.00038105249404907227
1742955481.9764292,8537,1742955481,976271481,ft_sensor0_wrench,-0.10618400573730469,-0.03220939636230469,-0.03329610824584961,-0.001240074634552002,0.00044136494398117065,0.0005532205104827881
1742955481.9830544,8538,1742955481,982945210,ft_sensor0_wrench,-0.0954742431640625,0.013092041015625,-0.03552532196044922,0.00010755658149719238,0.0006521642208099365,0.0003308504819869995
1742955481.9896946,8539,1742955481,989580582,ft_sensor0_wrench,-0.05330467224121094,0.03311920166015625,-0.057076454162597656,0.0006577968597412109,-0.0010955780744552612,0.0005677193403244019
1742955481.9963548,8540,1742955481,996269398,ft_sensor0_wrench,-0.046509742736816406,-0.016208648681640625,-0.05700969696044922,-0.0007680058479309082,-0.000807635486125946,0.00034692883491516113
1742955482.0031917,8541,1742955482,2943627,ft_sensor0_wrench,-0.0622410774230957,-0.07880401611328125,-0.008749008178710938,-0.0021855831146240234,-0.0005785711109638214,0.00010739266872406006
1742955482.0096722,8542,1742955482,9582660,ft_sensor0_wrench,-0.011706352233886719,-0.016965866088867188,-0.05734109878540039,-0.0007838010787963867,-0.001320771872997284,0.00013330578804016113
1742955482.0163517,8543,1742955482,16250434,ft_sensor0_wrench,-0.011706352233886719,-0.016965866088867188,-0.05734109878540039,-0.0007838010787963867,-0.001320771872997284,0.00013330578804016113
1742955482.0230968,8544,1742955482,22933648,ft_sensor0_wrench,-0.029051780700683594,-0.0480194091796875,-0.0570979118347168,-0.0012636780738830566,-0.0010519996285438538,0.0005548298358917236
1742955482.0296445,8545,1742955482,29580932,ft_sensor0_wrench,-0.07123231887817383,-0.0335540771484375,-0.058997154235839844,-0.00038868188858032227,-4.572048783302307e-05,0.0003052949905395508
1742955482.0363183,8546,1742955482,36249476,ft_sensor0_wrench,-0.0706024169921875,0.029850006103515625,-0.05890703201293945,0.0005954205989837646,-8.369982242584229e-05,0.00033818185329437256
1742955482.0430472,8547,1742955482,42932146,ft_sensor0_wrench,-0.09860992431640625,-0.018720626831054688,-0.058508872985839844,-0.0008146166801452637,0.0007173866033554077,0.000330999493598938
1742955482.0496445,8548,1742955482,49580730,ft_sensor0_wrench,-0.11606884002685547,0.013090133666992188,-0.058420658111572266,-0.00031894445419311523,0.0009617507457733154,0.0001230984926223755
1742955482.056318,8549,1742955482,56247588,ft_sensor0_wrench,-0.05403709411621094,-0.0019130706787109375,-0.03387117385864258,-0.0007759630680084229,-0.0003405362367630005,-8.192658424377441e-05
1742955482.0630963,8550,1742955482,62930633,ft_sensor0_wrench,-0.011706352233886719,-0.016965866088867188,-0.05734109878540039,-0.0007838010787963867,-0.001320771872997284,0.00013330578804016113
1742955482.0697625,8551,1742955482,69589047,ft_sensor0_wrench,-0.05325794219970703,0.06090354919433594,-0.05915069580078125,0.0010752975940704346,-0.00035247206687927246,-8.334219455718994e-05
1742955482.0763202,8552,1742955482,76249241,ft_sensor0_wrench,-0.03344249725341797,-0.001911163330078125,-0.010975837707519531,-0.00034946203231811523,-0.0006501302123069763,0.00012581050395965576
1742955482.0830839,8553,1742955482,82932792,ft_sensor0_wrench,-0.10618400573730469,-0.03220939636230469,-0.03329610824584961,-0.001240074634552002,0.00044136494398117065,0.0005532205104827881
1742955482.0896509,8554,1742955482,89581676,ft_sensor0_wrench,-0.10379266738891602,-0.0009365081787109375,-0.010558605194091797,-0.00032645463943481445,0.00038972869515419006,-0.00010924041271209717
1742955482.0963333,8555,1742955482,96249369,ft_sensor0_wrench,-0.13102102279663086,0.013309478759765625,-0.035439491271972656,0.00011479854583740234,0.001178879290819168,-0.00011783838272094727
1742955482.1030595,8556,1742955482,102941644,ft_sensor0_wrench,-0.0954742431640625,0.013092041015625,-0.03552532196044922,0.00010755658149719238,0.0006521642208099365,0.0003308504819869995
1742955482.1096475,8557,1742955482,109580698,ft_sensor0_wrench,-0.09860992431640625,-0.018720626831054688,-0.058508872985839844,-0.0008146166801452637,0.0007173866033554077,0.000330999493598938
1742955482.1163101,8558,1742955482,116247422,ft_sensor0_wrench,-0.08789920806884766,0.026578903198242188,-0.06073760986328125,0.0005330741405487061,0.0009281858801841736,0.00010864436626434326
1742955482.123012,8559,1742955482,122932757,ft_sensor0_wrench,-0.03579902648925781,0.029092788696289062,-0.059238433837890625,0.0005796253681182861,-0.0005968362092971802,0.00012455880641937256
1742955482.1296632,8560,1742955482,129582724,ft_sensor0_wrench,-0.019281387329101562,-0.030452728271484375,-0.03212881088256836,-0.0012092888355255127,-0.001596786081790924,0.0003555119037628174
1742955482.1363225,8561,1742955482,136247946,ft_sensor0_wrench,-0.0713815689086914,-0.03296661376953125,-0.033627986907958984,-0.0012558698654174805,-7.177144289016724e-05,0.0003395974636077881
1742955482.1430573,8562,1742955482,142933331,ft_sensor0_wrench,-0.09798097610473633,0.04468536376953125,-0.05841875076293945,0.00016948580741882324,0.0006793960928916931,0.0003638714551925659
1742955482.1496522,8563,1742955482,149581602,ft_sensor0_wrench,-0.12348079681396484,-0.03547859191894531,-0.03512716293334961,-0.0013024508953094482,0.0014532431960105896,0.00032366812229156494
1742955482.156334,8564,1742955482,156250137,ft_sensor0_wrench,-0.09860992431640625,-0.018720626831054688,-0.058508872985839844,-0.0008146166801452637,0.0007173866033554077,0.000330999493598938
1742955482.163164,8565,1742955482,162930104,ft_sensor0_wrench,-0.10304832458496094,-0.000396728515625,-0.010313034057617188,-0.0003179013729095459,0.00037614256143569946,0.0005530565977096558
1742955482.169654,8566,1742955482,169584351,ft_sensor0_wrench,-0.0999135971069336,0.031414031982421875,0.012670040130615234,0.0006042718887329102,0.00031092017889022827,0.0005529075860977173
1742955482.1764078,8567,1742955482,176268251,ft_sensor0_wrench,-0.0713815689086914,-0.03296661376953125,-0.033627986907958984,-0.0012558698654174805,-7.177144289016724e-05,0.0003395974636077881
1742955482.1831295,8568,1742955482,182931961,ft_sensor0_wrench,-0.08052206039428711,0.012874603271484375,-0.05850696563720703,-0.0003261864185333252,0.0004350319504737854,0.0005717724561691284
1742955482.189668,8569,1742955482,189580443,ft_sensor0_wrench,-0.046509742736816406,-0.016208648681640625,-0.05700969696044922,-0.0007680058479309082,-0.000807635486125946,0.00034692883491516113
1742955482.196385,8570,1742955482,196257906,ft_sensor0_wrench,-0.07817649841308594,0.016361236572265625,-0.03369474411010742,0.00016996264457702637,-0.00035972148180007935,0.0005603879690170288
1742955482.2030704,8571,1742955482,202913705,ft_sensor0_wrench,-0.10618400573730469,-0.03220939636230469,-0.03329610824584961,-0.001240074634552002,0.00044136494398117065,0.0005532205104827881
1742955482.2096488,8572,1742955482,209578743,ft_sensor0_wrench,-0.08884048461914062,-0.001155853271484375,-0.033539772033691406,-0.000760197639465332,0.0001726001501083374,0.00013169646263122559
1742955482.2163074,8573,1742955482,216246211,ft_sensor0_wrench,-0.13102102279663086,0.013309478759765625,-0.035439491271972656,0.00011479854583740234,0.001178879290819168,-0.00011783838272094727
1742955482.222983,8574,1742955482,222912778,ft_sensor0_wrench,-0.08570480346679688,0.030656814575195312,-0.010556697845458984,0.00016197562217712402,0.00010737776756286621,0.00013153254985809326
1742955482.2297063,8575,1742955482,229583160,ft_sensor0_wrench,-0.07875871658325195,-0.019258499145507812,-0.0358586311340332,-0.0003966391086578369,0.0004213787615299225,-0.00012356042861938477
1742955482.2363913,8576,1742955482,236263547,ft_sensor0_wrench,-0.0863337516784668,-0.03274726867675781,-0.010646343231201172,-0.0008221268653869629,0.00014535710215568542,9.866058826446533e-05
1742955482.2430186,8577,1742955482,242927306,ft_sensor0_wrench,-0.07373809814453125,-0.0019626617431640625,-0.08189058303833008,-0.0003267526626586914,-1.8477439880371094e-05,0.00033833086490631104
1742955482.2497008,8578,1742955482,249581145,ft_sensor0_wrench,-0.09119701385498047,0.029848098754882812,-0.0818023681640625,0.00016891956329345703,0.00022588670253753662,0.00013042986392974854
1742955482.2564118,8579,1742955482,256268417,ft_sensor0_wrench,-0.08806133270263672,0.0616607666015625,-0.05881929397583008,0.001091092824935913,0.00016066431999206543,0.00013028085231781006
1742955482.2631462,8580,1742955482,262914280,ft_sensor0_wrench,-0.03657817840576172,-0.03372383117675781,-0.033959388732910156,-0.0012716352939605713,-0.0005849078297615051,0.00012597441673278809
1742955482.2697067,8581,1742955482,269584483,ft_sensor0_wrench,-0.03893470764160156,-0.002719879150390625,-0.08222198486328125,-0.0003425478935241699,-0.000531613826751709,0.00012470781803131104
1742955482.2763352,8582,1742955482,276265396,ft_sensor0_wrench,-0.11356210708618164,-0.01850128173828125,-0.03552722930908203,-0.0003808736801147461,0.0009345151484012604,9.006261825561523e-05
1742955482.283056,8583,1742955482,282923545,ft_sensor0_wrench,-0.060832977294921875,0.04741477966308594,-0.03393840789794922,0.0006498396396636963,-0.0006284862756729126,0.0001388639211654663
1742955482.2897525,8584,1742955482,289585463,ft_sensor0_wrench,-0.05325794219970703,0.06090354919433594,-0.05915069580078125,0.0010752975940704346,-0.00035247206687927246,-8.334219455718994e-05
1742955482.2963464,8585,1742955482,296268881,ft_sensor0_wrench,-0.0706024169921875,0.029850006103515625,-0.05890703201293945,0.0005954205989837646,-8.369982242584229e-05,0.00033818185329437256
1742955482.3030493,8586,1742955482,302932653,ft_sensor0_wrench,-0.08037281036376953,0.0122833251953125,-0.08387613296508789,0.0005410313606262207,0.00046108663082122803,0.0005374997854232788
1742955482.3097138,8587,1742955482,309579696,ft_sensor0_wrench,-0.0706024169921875,0.029850006103515625,-0.05890703201293945,0.0005954205989837646,-8.369982242584229e-05,0.00033818185329437256
1742955482.3163838,8588,1742955482,316245495,ft_sensor0_wrench,-0.06824588775634766,-0.0011539459228515625,-0.01064443588256836,-0.0003336966037750244,-0.00013699382543563843,0.00033943355083465576
1742955482.3230717,8589,1742955482,322914066,ft_sensor0_wrench,-0.06824588775634766,-0.0011539459228515625,-0.01064443588256836,-0.0003336966037750244,-0.00013699382543563843,0.00033943355083465576
1742955482.3297257,8590,1742955482,329579066,ft_sensor0_wrench,-0.0713815689086914,-0.03296661376953125,-0.033627986907958984,-0.0012558698654174805,-7.177144289016724e-05,0.0003395974636077881
1742955482.336426,8591,1742955482,336244732,ft_sensor0_wrench,-0.07738637924194336,0.04468536376953125,-0.035523414611816406,0.0005959868431091309,0.0003698095679283142,0.0005716234445571899
1742955482.3430612,8592,1742955482,342912253,ft_sensor0_wrench,-0.0706024169921875,0.029850006103515625,-0.05890703201293945,0.0005954205989837646,-8.369982242584229e-05,0.00033818185329437256
1742955482.3497043,8593,1742955482,349578328,ft_sensor0_wrench,-0.11281871795654297,-0.017961502075195312,-0.035282135009765625,-0.00037229061126708984,0.0009209290146827698,0.000752374529838562
1742955482.3564048,8594,1742955482,356255047,ft_sensor0_wrench,-0.10524463653564453,-0.004474639892578125,-0.060494422912597656,5.319714546203613e-05,0.0011969506740570068,0.0005301684141159058
1742955482.3630886,8595,1742955482,362927250,ft_sensor0_wrench,-0.09233856201171875,0.044902801513671875,-0.012542247772216797,0.0010297596454620361,0.0005869418382644653,0.00033070147037506104
1742955482.3697126,8596,1742955482,369578384,ft_sensor0_wrench,-0.0954742431640625,0.013092041015625,-0.03552532196044922,0.00010755658149719238,0.0006521642208099365,0.0003308504819869995
1742955482.3764195,8597,1742955482,376262830,ft_sensor0_wrench,-0.1408252716064453,-0.06653213500976562,-0.03488349914550781,-0.0017822980880737305,0.0017220154404640198,0.0007451921701431274
1742955482.3831034,8598,1742955482,382926757,ft_sensor0_wrench,-0.11532449722290039,0.013629913330078125,-0.058175086975097656,-0.0003103911876678467,0.0009481683373451233,0.0007853955030441284
1742955482.3897104,8599,1742955482,389582557,ft_sensor0_wrench,-0.12348079681396484,-0.03547859191894531,-0.03512716293334961,-0.0013024508953094482,0.0014532431960105896,0.00032366812229156494
1742955482.3963914,8600,1742955482,396266225,ft_sensor0_wrench,-0.0954742431640625,0.013092041015625,-0.03552532196044922,0.00010755658149719238,0.0006521642208099365,0.0003308504819869995
1742955482.4031117,8601,1742955482,402925915,ft_sensor0_wrench,-0.0706024169921875,0.029850006103515625,-0.05890703201293945,0.0005954205989837646,-8.369982242584229e-05,0.00033818185329437256
1742955482.4097383,8602,1742955482,409578276,ft_sensor0_wrench,-0.10917043685913086,-0.06460952758789062,-0.0816488265991211,-0.0012950599193572998,0.000532638281583786,0.0005190819501876831
1742955482.416431,8603,1742955482,416250827,ft_sensor0_wrench,-0.10618400573730469,-0.03220939636230469,-0.03329610824584961,-0.001240074634552002,0.00044136494398117065,0.0005532205104827881
1742955482.4232545,8604,1742955482,422942803,ft_sensor0_wrench,-0.06824588775634766,-0.0011539459228515625,-0.01064443588256836,-0.0003336966037750244,-0.00013699382543563843,0.00033943355083465576
1742955482.4298027,8605,1742955482,429590488,ft_sensor0_wrench,-0.02147674560546875,-0.0345306396484375,-0.08231019973754883,-0.0008381903171539307,-0.0007759854197502136,0.00033260881900787354
1742955482.4364748,8606,1742955482,436250747,ft_sensor0_wrench,-0.04634857177734375,-0.051288604736328125,-0.058928489685058594,-0.001326054334640503,-4.0121376514434814e-05,0.0003252774477005005
1742955482.443132,8607,1742955482,442927673,ft_sensor0_wrench,-0.08115196228027344,-0.05053138732910156,-0.05859708786010742,-0.0013102591037750244,0.0004730150103569031,0.0005389004945755005
1742955482.4497766,8608,1742955482,449587912,ft_sensor0_wrench,-0.04571866989135742,0.012117385864257812,-0.0588383674621582,-0.000341951847076416,-7.810443639755249e-05,0.0003581494092941284
1742955482.4563248,8609,1742955482,456249615,ft_sensor0_wrench,-0.12348079681396484,-0.03547859191894531,-0.03512716293334961,-0.0013024508953094482,0.0014532431960105896,0.00032366812229156494
1742955482.4630582,8610,1742955482,462914285,ft_sensor0_wrench,-0.11293315887451172,0.044902801513671875,-0.035437583923339844,0.0006032288074493408,0.0008965283632278442,0.000122949481010437
1742955482.469701,8611,1742955482,469581588,ft_sensor0_wrench,-0.1378040313720703,0.02814483642578125,-0.01205587387084961,0.00011539459228515625,0.001632392406463623,0.00011561810970306396
1742955482.4763837,8612,1742955482,476248071,ft_sensor0_wrench,-0.13116931915283203,0.013896942138671875,-0.010070323944091797,-0.0007523596286773682,0.001152820885181427,-8.353590965270996e-05
1742955482.483108,8613,1742955482,482952362,ft_sensor0_wrench,-0.08884048461914062,-0.001155853271484375,-0.033539772033691406,-0.000760197639465332,0.0001726001501083374,0.00013169646263122559
1742955482.4897017,8614,1742955482,489581587,ft_sensor0_wrench,-0.09860992431640625,-0.018720626831054688,-0.058508872985839844,-0.0008146166801452637,0.0007173866033554077,0.000330999493598938
1742955482.496353,8615,1742955482,496247111,ft_sensor0_wrench,-0.07058954238891602,-0.004642486572265625,-0.03545665740966797,-0.0008297860622406006,0.0006577521562576294,0.00035081803798675537
1742955482.5030243,8616,1742955482,502914185,ft_sensor0_wrench,-0.06380653381347656,-0.01947784423828125,-0.058840274810791016,-0.0008303821086883545,0.00020425021648406982,0.00011737644672393799
1742955482.5096421,8617,1742955482,509581113,ft_sensor0_wrench,-0.08115196228027344,-0.05053138732910156,-0.05859708786010742,-0.0013102591037750244,0.0004730150103569031,0.0005389004945755005
1742955482.5164042,8618,1742955482,516276660,ft_sensor0_wrench,-0.0713815689086914,-0.03296661376953125,-0.033627986907958984,-0.0012558698654174805,-7.177144289016724e-05,0.0003395974636077881
1742955482.523111,8619,1742955482,522950084,ft_sensor0_wrench,-0.011706352233886719,-0.016965866088867188,-0.05734109878540039,-0.0007838010787963867,-0.001320771872997284,0.00013330578804016113
1742955482.529653,8620,1742955482,529581262,ft_sensor0_wrench,-0.060832977294921875,0.04741477966308594,-0.03393840789794922,0.0006498396396636963,-0.0006284862756729126,0.0001388639211654663
1742955482.536364,8621,1742955482,536273685,ft_sensor0_wrench,-0.08806133270263672,0.0616607666015625,-0.05881929397583008,0.001091092824935913,0.00016066431999206543,0.00013028085231781006
1742955482.5431323,8622,1742955482,542934026,ft_sensor0_wrench,-0.08052206039428711,0.012874603271484375,-0.05850696563720703,-0.0003261864185333252,0.0004350319504737854,0.0005717724561691284
1742955482.5497386,8623,1742955482,549582297,ft_sensor0_wrench,-0.05565023422241211,0.029632568359375,-0.08188867568969727,0.00016167759895324707,-0.0003008320927619934,0.0005791038274765015
1742955482.5563703,8624,1742955482,556278770,ft_sensor0_wrench,-0.06380653381347656,-0.01947784423828125,-0.058840274810791016,-0.0008303821086883545,0.00020425021648406982,0.00011737644672393799
1742955482.5632658,8625,1742955482,562928742,ft_sensor0_wrench,-0.06380653381347656,-0.01947784423828125,-0.058840274810791016,-0.0008303821086883545,0.00020425021648406982,0.00011737644672393799
1742955482.569642,8626,1742955482,569580280,ft_sensor0_wrench,-0.023982524871826172,-0.00293731689453125,-0.10520315170288086,-0.0007762908935546875,-0.0007487311959266663,0.0003656446933746338
1742955482.5764403,8627,1742955482,576275236,ft_sensor0_wrench,-0.03893470764160156,-0.002719879150390625,-0.08222198486328125,-0.0003425478935241699,-0.000531613826751709,0.00012470781803131104
1742955482.5830672,8628,1742955482,582916869,ft_sensor0_wrench,-0.09621763229370117,0.012552261352539062,-0.03577089309692383,9.903311729431152e-05,0.0006657429039478302,-0.00033146142959594727
1742955482.589722,8629,1742955482,589582277,ft_sensor0_wrench,-0.0818943977355957,-0.0510711669921875,-0.05884218215942383,-0.001318812370300293,0.0004866011440753937,-0.00012339651584625244
1742955482.5963366,8630,1742955482,596247688,ft_sensor0_wrench,-0.11684608459472656,-0.04972648620605469,-0.033141136169433594,-0.0021702051162719727,0.0009736940264701843,0.00012451410293579102
1742955482.6030288,8631,1742955482,602913083,ft_sensor0_wrench,-0.05466604232788086,-0.06531715393066406,-0.03396129608154297,-0.0017600655555725098,-0.0003025569021701813,-0.00011481344699859619
1742955482.6097105,8632,1742955482,609583644,ft_sensor0_wrench,-0.038773536682128906,-0.037799835205078125,-0.08414077758789062,-0.000900566577911377,0.00023590028285980225,0.00010307133197784424
1742955482.6163282,8633,1742955482,616247839,ft_sensor0_wrench,-0.05623149871826172,-0.00598907470703125,-0.08405256271362305,-0.0004048943519592285,0.0004802718758583069,-0.00010482966899871826
1742955482.6230564,8634,1742955482,622934244,ft_sensor0_wrench,-0.05987977981567383,0.04065895080566406,-0.037685394287109375,0.0005178749561309814,0.0008685514330863953,0.00012846291065216064
1742955482.6296625,8635,1742955482,629580794,ft_sensor0_wrench,-0.08789920806884766,0.026578903198242188,-0.06073760986328125,0.0005330741405487061,0.0009281858801841736,0.00010864436626434326
1742955482.636318,8636,1742955482,636247000,ft_sensor0_wrench,-0.10210895538330078,0.027338027954101562,-0.037511348724365234,0.0009753704071044922,0.0011317282915115356,0.0005300194025039673
1742955482.6431327,8637,1742955482,642939018,ft_sensor0_wrench,-0.0076313018798828125,0.04258155822753906,-0.06155586242675781,0.0014316439628601074,-0.0006304085254669189,0.00011008977890014648
1742955482.6497371,8638,1742955482,649581748,ft_sensor0_wrench,-0.06286811828613281,0.008258819580078125,-0.08603811264038086,0.0004628896713256836,0.000959835946559906,9.433925151824951e-05
1742955482.6564465,8639,1742955482,656247686,ft_sensor0_wrench,-0.10080623626708984,-0.022796630859375,-0.10869026184082031,-0.00044348835945129395,0.001538194715976715,0.000308111310005188
1742955482.6630533,8640,1742955482,662929506,ft_sensor0_wrench,-0.10838031768798828,-0.036285400390625,-0.08347797393798828,-0.0008689761161804199,0.001262173056602478,0.0005303174257278442
1742955482.6696591,8641,1742955482,669581447,ft_sensor0_wrench,-0.06067085266113281,0.012334823608398438,-0.03585672378540039,9.179115295410156e-05,0.00013902783393859863,0.00011722743511199951
1742955482.676366,8642,1742955482,676252204,ft_sensor0_wrench,-0.03563880920410156,-0.0059871673583984375,-0.0611572265625,2.16066837310791e-05,0.00017067790031433105,0.00010292232036590576
1742955482.6830928,8643,1742955482,682942238,ft_sensor0_wrench,-0.028110504150390625,-0.020284652709960938,-0.08429574966430664,2.9593706130981445e-05,-0.0002964138984680176,0.0005317777395248413
1742955482.6897497,8644,1742955482,689582036,ft_sensor0_wrench,-0.04634857177734375,-0.051288604736328125,-0.058928489685058594,-0.001326054334640503,-4.0121376514434814e-05,0.0003252774477005005
1742955482.6963644,8645,1742955482,696267659,ft_sensor0_wrench,-0.029003143310546875,-0.020235061645507812,-0.05917167663574219,-0.000846177339553833,-0.00030888617038726807,-9.624660015106201e-05
1742955482.7031174,8646,1742955482,702936398,ft_sensor0_wrench,0.014116764068603516,-0.0069637298583984375,-0.08447027206420898,-0.000427931547164917,-0.000559590756893158,0.00013022124767303467
1742955482.7096672,8647,1742955482,709583028,ft_sensor0_wrench,-0.020685672760009766,-0.006206512451171875,-0.08413887023925781,-0.0004121363162994385,-4.645437002182007e-05,0.00034384429454803467
1742955482.7163963,8648,1742955482,716262449,ft_sensor0_wrench,0.009677410125732422,0.011362075805664062,-0.03627443313598633,6.875395774841309e-05,-0.0009008347988128662,0.00035227835178375244
1742955482.7230906,8649,1742955482,722943810,ft_sensor0_wrench,-0.0354766845703125,-0.04106903076171875,-0.06307601928710938,-0.0005363821983337402,0.0009381920099258423,8.128583431243896e-05
1742955482.7297208,8650,1742955482,729592583,ft_sensor0_wrench,-0.005584239959716797,-0.0070133209228515625,-0.13248920440673828,2.1338462829589844e-05,-0.00023752450942993164,0.000550493597984314
1742955482.7363892,8651,1742955482,736263630,ft_sensor0_wrench,0.011921405792236328,-0.01103973388671875,-0.13465166091918945,-5.6803226470947266e-05,0.0002612173557281494,0.00010733306407928467
1742955482.7431183,8652,1742955482,742935230,ft_sensor0_wrench,-0.04478025436401367,0.039852142333984375,-0.08603620529174805,0.0009513199329376221,0.0006774812936782837,0.00033511221408843994
1742955482.7496605,8653,1742955482,749582627,ft_sensor0_wrench,0.05221700668334961,-0.010988235473632812,-0.06373739242553711,-7.954239845275879e-05,-0.0003704354166984558,-0.0001051872968673706
1742955482.7563894,8654,1742955482,756248658,ft_sensor0_wrench,-0.020685672760009766,-0.006206512451171875,-0.08413887023925781,-0.0004121363162994385,-4.645437002182007e-05,0.00034384429454803467
1742955482.7630064,8655,1742955482,762912318,ft_sensor0_wrench,-0.027272701263427734,0.03582572937011719,-0.08819866180419922,0.0008732080459594727,0.0011762231588363647,-0.0001080632209777832
1742955482.7696548,8656,1742955482,769581383,ft_sensor0_wrench,-0.08329963684082031,-0.026823043823242188,-0.11085224151611328,-0.0005216300487518311,0.002036936581134796,-0.0001350492238998413
1742955482.7763345,8657,1742955482,776246382,ft_sensor0_wrench,-0.06834650039672852,-0.027042388916015625,-0.1338334083557129,-0.0009553432464599609,0.0018198192119598389,0.0001058727502822876
1742955482.7830634,8658,1742955482,782929860,ft_sensor0_wrench,-0.02303028106689453,-0.009695053100585938,-0.10895013809204102,-0.000908195972442627,0.0007483102381229401,0.0003552287817001343
1742955482.7896361,8659,1742955482,789579181,ft_sensor0_wrench,-0.1250472068786621,0.0238494873046875,-0.08521842956542969,5.27799129486084e-05,0.0022360682487487793,0.00033365190029144287
1742955482.796361,8660,1742955482,796247395,ft_sensor0_wrench,-0.0586247444152832,-0.037261962890625,-0.10679054260253906,-0.001318514347076416,0.0005319193005561829,0.000557631254196167
1742955482.80305,8661,1742955482,802934665,ft_sensor0_wrench,-0.05936717987060547,-0.03780174255371094,-0.10703563690185547,-0.0013270676136016846,0.0005455091595649719,-0.00010468065738677979
1742955482.8096461,8662,1742955482,809580506,ft_sensor0_wrench,-0.021429061889648438,-0.0067462921142578125,-0.08438396453857422,-0.00042068958282470703,-3.2864511013031006e-05,-0.00031845271587371826
1742955482.8163693,8663,1742955482,816247236,ft_sensor0_wrench,0.0034427642822265625,0.010011672973632812,-0.10776567459106445,6.714463233947754e-05,-0.0007687285542488098,-0.0003111213445663452
1742955482.8231003,8664,1742955482,822940961,ft_sensor0_wrench,-0.10033750534057617,0.07568740844726562,-0.10668134689331055,0.0010986328125,0.0007326900959014893,0.0003626197576522827
1742955482.8296714,8665,1742955482,829578580,ft_sensor0_wrench,-0.05434560775756836,-0.020503997802734375,-0.15306711196899414,-0.0012572109699249268,0.00010564923286437988,0.000357210636138916
1742955482.83638,8666,1742955482,836246615,ft_sensor0_wrench,-0.0351252555847168,-0.08444786071777344,-0.1305074691772461,-0.0018233060836791992,-0.00015237554907798767,-0.00013022124767303467
1742955482.8430321,8667,1742955482,842932098,ft_sensor0_wrench,-0.06621074676513672,-0.01625823974609375,-0.10502862930297852,-0.00031879544258117676,-0.0004855692386627197,0.0007671862840652466
1742955482.8496602,8668,1742955482,849579664,ft_sensor0_wrench,-0.09829950332641602,-0.05438995361328125,-0.08579683303833008,-0.0005053877830505371,0.0015109516680240631,0.00027507543563842773
1742955482.8563602,8669,1742955482,856263129,ft_sensor0_wrench,-0.046361446380615234,-0.016796112060546875,-0.08237886428833008,9.91523265838623e-05,-0.000781577080488205,0.00031262636184692383
1742955482.8629842,8670,1742955482,862912838,ft_sensor0_wrench,-0.020846843719482422,0.028875350952148438,-0.08222007751464844,0.00014588236808776855,-0.0008139684796333313,0.00036548078060150146
1742955482.8696609,8671,1742955482,869583759,ft_sensor0_wrench,-0.014098644256591797,-0.048236846923828125,-0.0800790786743164,-0.0016974210739135742,-0.001269116997718811,0.0007957518100738525
1742955482.876363,8672,1742955482,876266218,ft_sensor0_wrench,-0.0912318229675293,-0.03242683410644531,-0.05627727508544922,-0.0016738176345825195,0.00022424757480621338,0.000794142484664917
1742955482.8830442,8673,1742955482,882912341,ft_sensor0_wrench,-0.06710338592529297,-0.016210556030273438,-0.07990455627441406,-0.0011945068836212158,-0.0004980266094207764,0.0001391768455505371
1742955482.8896756,8674,1742955482,889579488,ft_sensor0_wrench,-0.007266998291015625,-0.03528785705566406,-0.10553646087646484,-0.0012805163860321045,-0.0009795129299163818,-8.876621723175049e-05
1742955482.8963583,8675,1742955482,896263118,ft_sensor0_wrench,-0.03893470764160156,-0.002719879150390625,-0.08222198486328125,-0.0003425478935241699,-0.000531613826751709,0.00012470781803131104
1742955482.9030764,8676,1742955482,902937514,ft_sensor0_wrench,-0.06380653381347656,-0.01947784423828125,-0.058840274810791016,-0.0008303821086883545,0.00020425021648406982,0.00011737644672393799
1742955482.9096515,8677,1742955482,909578833,ft_sensor0_wrench,-0.1199946403503418,-0.047046661376953125,-0.0795750617980957,-0.0016671419143676758,0.0002974607050418854,0.00011202692985534668
1742955482.9163823,8678,1742955482,916246413,ft_sensor0_wrench,-0.05941486358642578,-0.06558609008789062,-0.10496187210083008,-0.001744598150253296,-0.0001976117491722107,0.0005463957786560059
1742955482.9230945,8679,1742955482,922912789,ft_sensor0_wrench,-0.11167621612548828,-0.03301811218261719,-0.10454177856445312,-0.001233130693435669,0.0005598962306976318,0.0005521178245544434
1742955482.9296634,8680,1742955482,929592181,ft_sensor0_wrench,-0.0987710952758789,0.016359329223632812,-0.05659008026123047,-0.00025653839111328125,-5.0127506256103516e-05,0.00035265088081359863
1742955482.9363177,8681,1742955482,936246419,ft_sensor0_wrench,-0.03579902648925781,0.029092788696289062,-0.059238433837890625,0.0005796253681182861,-0.0005968362092971802,0.00012455880641937256
1742955482.943057,8682,1742955482,942914065,ft_sensor0_wrench,-0.0910348892211914,-0.0052318572998046875,-0.08372116088867188,-0.00038909912109375,0.0009934082627296448,0.00010879337787628174
1742955482.9496915,8683,1742955482,949579937,ft_sensor0_wrench,-0.11826419830322266,0.009014129638671875,-0.10860204696655273,5.218386650085449e-05,0.0017825588583946228,0.00010021030902862549
1742955482.956348,8684,1742955482,956253092,ft_sensor0_wrench,-0.06694221496582031,-0.05129051208496094,-0.08182334899902344,-0.0017525553703308105,0.00026948750019073486,0.00011754035949707031
1742955482.9630377,8685,1742955482,962930226,ft_sensor0_wrench,-0.07953691482543945,-0.08207511901855469,-0.010579586029052734,-0.0022478997707366943,0.00043330714106559753,-0.00012214481830596924
1742955482.9697044,8686,1742955482,969581247,ft_sensor0_wrench,-0.11669778823852539,-0.05031394958496094,-0.058510780334472656,-0.0013030469417572021,0.0009997375309467316,9.022653102874756e-05
1742955482.976359,8687,1742955482,976269994,ft_sensor0_wrench,-0.10838031768798828,-0.036285400390625,-0.08347797393798828,-0.0008689761161804199,0.001262173056602478,0.0005303174257278442
1742955482.9830432,8688,1742955482,982933855,ft_sensor0_wrench,-0.03657817840576172,-0.03372383117675781,-0.033959388732910156,-0.0012716352939605713,-0.0005849078297615051,0.00012597441673278809
1742955482.9896886,8689,1742955482,989592884,ft_sensor0_wrench,-0.0017876625061035156,1.1444091796875e-05,-0.05774116516113281,0.00013777613639831543,-0.0018394999206066132,-0.00010029971599578857
1742955482.9963841,8690,1742955482,996267724,ft_sensor0_wrench,-0.06302738189697266,0.04333686828613281,-0.08411931991577148,0.0010209083557128906,0.00019232183694839478,0.00011597573757171631
1742955483.003057,8691,1742955483,2914994,ft_sensor0_wrench,-0.05628013610839844,-0.03377342224121094,-0.08197879791259766,-0.0008224248886108398,-0.00026284903287887573,0.0005462318658828735
1742955483.0096498,8692,1742955483,9578673,ft_sensor0_wrench,-0.09182596206665039,-0.03355598449707031,-0.08189249038696289,-0.0008151829242706299,0.00026387348771095276,9.75579023361206e-05
1742955483.0164194,8693,1742955483,16259777,ft_sensor0_wrench,-0.13431692123413086,0.016576766967773438,-0.0565037727355957,-0.000249326229095459,0.00047658756375312805,-9.603798389434814e-05
1742955483.0230412,8694,1742955483,22927779,ft_sensor0_wrench,-0.10379266738891602,-0.0009365081787109375,-0.010558605194091797,-0.00032645463943481445,0.00038972869515419006,-0.00010924041271209717
1742955483.0296893,8695,1742955483,29582358,ft_sensor0_wrench,-0.05388689041137695,-0.0025005340576171875,-0.05924034118652344,9.119510650634766e-05,-0.0003144852817058563,-0.00011622905731201172
1742955483.036327,8696,1742955483,36257944,ft_sensor0_wrench,-0.06380653381347656,-0.01947784423828125,-0.058840274810791016,-0.0008303821086883545,0.00020425021648406982,0.00011737644672393799
1742955483.0430107,8697,1742955483,42929686,ft_sensor0_wrench,-0.1258382797241211,-0.004474639892578125,-0.0833897590637207,-0.0003733336925506592,0.0015065446496009827,0.00032241642475128174
1742955483.0496285,8698,1742955483,49578259,ft_sensor0_wrench,-0.11356210708618164,-0.01850128173828125,-0.03552722930908203,-0.0003808736801147461,0.0009345151484012604,9.006261825561523e-05
1742955483.056342,8699,1742955483,56251534,ft_sensor0_wrench,-0.06824588775634766,-0.0011539459228515625,-0.01064443588256836,-0.0003336966037750244,-0.00013699382543563843,0.00033943355083465576
1742955483.063038,8700,1742955483,62912523,ft_sensor0_wrench,-0.0713815689086914,-0.03296661376953125,-0.033627986907958984,-0.0012558698654174805,-7.177144289016724e-05,0.0003395974636077881
1742955483.0696523,8701,1742955483,69581966,ft_sensor0_wrench,-0.032138824462890625,-0.05204582214355469,-0.08215475082397461,-0.001768350601196289,-0.00024364888668060303,-9.609758853912354e-05
1742955483.076311,8702,1742955483,76247119,ft_sensor0_wrench,-0.12427186965942383,-0.06380271911621094,-0.03329801559448242,-0.0017285048961639404,0.0007237158715724945,0.0003124326467514038
1742955483.0829983,8703,1742955483,82911795,ft_sensor0_wrench,-0.13102102279663086,0.013309478759765625,-0.035439491271972656,0.00011479854583740234,0.001178879290819168,-0.00011783838272094727
1742955483.0896754,8704,1742955483,89584802,ft_sensor0_wrench,-0.12129831314086914,0.00308990478515625,-0.008396625518798828,-0.00024831295013427734,-0.00010902062058448792,0.00033392012119293213
1742955483.0963361,8705,1742955483,96273240,ft_sensor0_wrench,-0.13341236114501953,-0.017963409423828125,-0.05817699432373047,-0.0007988214492797852,0.0012305229902267456,0.000544622540473938
1742955483.1030836,8706,1742955483,102933339,ft_sensor0_wrench,-0.11595439910888672,-0.049774169921875,-0.05826520919799805,-0.001294463872909546,0.000986151397228241,0.0007525235414505005
1742955483.1097183,8707,1742955483,109581457,ft_sensor0_wrench,-0.0863337516784668,-0.03274726867675781,-0.010646343231201172,-0.0008221268653869629,0.00014535710215568542,9.866058826446533e-05
1742955483.116328,8708,1742955483,116247328,ft_sensor0_wrench,-0.15166234970092773,-0.014476776123046875,-0.05626058578491211,-0.0007292032241821289,0.0007453598082065582,0.00032548606395721436
1742955483.1230304,8709,1742955483,122924867,ft_sensor0_wrench,-0.017037391662597656,-0.05285453796386719,-0.13050556182861328,-0.0013348758220672607,-0.0004347264766693115,0.00011055171489715576
1742955483.12969,8710,1742955483,129579517,ft_sensor0_wrench,-0.046509742736816406,-0.016208648681640625,-0.05700969696044922,-0.0007680058479309082,-0.000807635486125946,0.00034692883491516113
1742955483.1363442,8711,1742955483,136248144,ft_sensor0_wrench,-0.0713815689086914,-0.03296661376953125,-0.033627986907958984,-0.0012558698654174805,-7.177144289016724e-05,0.0003395974636077881
1742955483.143056,8712,1742955483,142929153,ft_sensor0_wrench,-0.14173078536987305,-0.03199195861816406,-0.03321027755737305,-0.001232832670211792,0.0009680874645709991,0.00010453164577484131
1742955483.149648,8713,1742955483,149581810,ft_sensor0_wrench,-0.09386014938354492,-0.018451690673828125,0.012491703033447266,-0.0008300542831420898,0.0006124489009380341,-0.0003301948308944702
1742955483.1563632,8714,1742955483,156253943,ft_sensor0_wrench,-0.15166234970092773,-0.014476776123046875,-0.05626058578491211,-0.0007292032241821289,0.0007453598082065582,0.00032548606395721436
1742955483.1630306,8715,1742955483,162934201,ft_sensor0_wrench,-0.09700918197631836,-0.015771865844726562,-0.03394269943237305,-0.00032702088356018066,-6.378442049026489e-05,-0.00034268200397491455
1742955483.169641,8716,1742955483,169580519,ft_sensor0_wrench,-0.12443399429321289,-0.028722763061523438,-0.03137969970703125,-0.0011704862117767334,-4.3798238039016724e-05,0.0003340691328048706
1742955483.1763155,8717,1742955483,176247507,ft_sensor0_wrench,-0.1582961082458496,-0.0002288818359375,-0.05824613571166992,0.0001385509967803955,0.0012249238789081573,0.0005246400833129883
1742955483.1830597,8718,1742955483,182933797,ft_sensor0_wrench,-0.18662691116333008,0.0213623046875,-0.05401039123535156,-0.00015538930892944336,0.0004909820854663849,0.0005607455968856812
1742955483.1896758,8719,1742955483,189582360,ft_sensor0_wrench,-0.09641456604003906,-0.014644622802734375,-0.008327484130859375,-0.001185685396194458,-0.00010342150926589966,0.00035390257835388184
1742955483.1963396,8720,1742955483,196260071,ft_sensor0_wrench,-0.009349822998046875,-0.04796791076660156,-0.009078502655029297,-0.0017129182815551758,-0.0013740584254264832,0.00013455748558044434
1742955483.203043,8721,1742955483,202929640,ft_sensor0_wrench,-0.08205652236938477,-0.0159912109375,-0.05692338943481445,-0.0007607638835906982,-0.00028091296553611755,-0.00010176002979278564
1742955483.2097027,8722,1742955483,209590290,ft_sensor0_wrench,-0.12459421157836914,0.006359100341796875,-0.029460906982421875,-0.0006124675273895264,-0.000811312347650528,0.0003557056188583374
1742955483.216375,8723,1742955483,216246128,ft_sensor0_wrench,-0.09829950332641602,-0.0001277923583984375,0.06068706512451172,-0.00033336877822875977,0.00027121230959892273,-0.00010813772678375244
1742955483.2230713,8724,1742955483,222933189,ft_sensor0_wrench,-0.15531063079833984,0.03217124938964844,-0.009893417358398438,0.00019356608390808105,0.001133650541305542,0.0005587786436080933
1742955483.2296436,8725,1742955483,229580482,ft_sensor0_wrench,-0.18018150329589844,0.015411376953125,0.013488292694091797,-0.0002942681312561035,0.0018695071339607239,0.0005514472723007202
1742955483.236308,8726,1742955483,236247078,ft_sensor0_wrench,-0.14926958084106445,0.016796112060546875,-0.0335230827331543,0.0001844167709350586,0.0006937161087989807,-0.00033695995807647705
1742955483.2429688,8727,1742955483,242912988,ft_sensor0_wrench,-0.11215734481811523,-0.04274940490722656,0.016481876373291016,-0.0011780261993408203,-0.000615827739238739,0.00010173022747039795
1742955483.2496889,8728,1742955483,249583137,ft_sensor0_wrench,-0.17183256149291992,-0.058750152587890625,0.040195465087890625,-0.0016500651836395264,0.0006331726908683777,0.0003080219030380249
1742955483.2563183,8729,1742955483,256247472,ft_sensor0_wrench,-0.10442209243774414,-0.06434059143066406,-0.010648727416992188,-0.0013105571269989014,0.0004277080297470093,-0.0001421123743057251
1742955483.2630284,8730,1742955483,262912719,ft_sensor0_wrench,-0.11685895919799805,-0.015233993530273438,-0.05659198760986328,-0.0007449686527252197,0.00023222342133522034,0.00011186301708221436
1742955483.2696595,8731,1742955483,269580699,ft_sensor0_wrench,-0.18976259231567383,-0.010450363159179688,-0.07699346542358398,-0.0010775625705718994,0.0005562193691730499,0.0005609095096588135
1742955483.276341,8732,1742955483,276247141,ft_sensor0_wrench,-0.08884048461914062,-0.001155853271484375,-0.033539772033691406,-0.000760197639465332,0.0001726001501083374,0.00013169646263122559
1742955483.283045,8733,1742955483,282931751,ft_sensor0_wrench,-0.18191194534301758,-0.040645599365234375,0.042514801025390625,-0.0020136237144470215,0.0003843940794467926,0.0005632638931274414
1742955483.2896955,8734,1742955483,289579119,ft_sensor0_wrench,-0.19607305526733398,-0.012104034423828125,0.06366729736328125,-0.0011538267135620117,0.0013310499489307404,0.0003335624933242798
1742955483.2963781,8735,1742955483,296246271,ft_sensor0_wrench,-0.17339849472045898,0.0005779266357421875,-0.00989532470703125,-0.0002948641777038574,0.0014160014688968658,0.00031800568103790283
1742955483.3030028,8736,1742955483,302928905,ft_sensor0_wrench,-0.10724973678588867,0.03741264343261719,-0.029704570770263672,-0.00013262033462524414,-0.0010800845921039581,-6.58184289932251e-05
1742955483.3096397,8737,1742955483,309579297,ft_sensor0_wrench,-0.12129831314086914,0.00308990478515625,-0.008396625518798828,-0.00024831295013427734,-0.00010902062058448792,0.00033392012119293213
1742955483.316352,8738,1742955483,316253112,ft_sensor0_wrench,-0.11136674880981445,-0.014425277709960938,0.014653682708740234,-0.0007519423961639404,0.000113707035779953,0.00011296570301055908
1742955483.3230813,8739,1742955483,322933103,ft_sensor0_wrench,-0.05613088607788086,0.019899368286132812,0.03913593292236328,0.0002168118953704834,-0.001476537436246872,0.0001287311315536499
1742955483.3296475,8740,1742955483,329581616,ft_sensor0_wrench,-0.1087026596069336,0.03387451171875,-0.07964038848876953,0.00024706125259399414,-0.00027285516262054443,0.0005736052989959717
1742955483.3364208,8741,1742955483,336295872,ft_sensor0_wrench,-0.08888721466064453,-0.028940200805664062,-0.031466007232666016,-0.0011777281761169434,-0.0005705133080482483,0.0007827579975128174
1742955483.3430598,8742,1742955483,342931828,ft_sensor0_wrench,-0.10304832458496094,-0.000396728515625,-0.010313034057617188,-0.0003179013729095459,0.00037614256143569946,0.0005530565977096558
1742955483.3496644,8743,1742955483,349582513,ft_sensor0_wrench,-0.09626436233520508,-0.015232086181640625,-0.033696651458740234,-0.0003184676170349121,-7.737055420875549e-05,0.0003196150064468384
1742955483.3563867,8744,1742955483,356247879,ft_sensor0_wrench,-0.09940004348754883,-0.04704475402832031,-0.056679725646972656,-0.0012406408786773682,-1.2148171663284302e-05,0.00031976401805877686
1742955483.3630457,8745,1742955483,362930204,ft_sensor0_wrench,-0.05216073989868164,-0.0969085693359375,-0.011068344116210938,-0.0018219947814941406,-0.00032979249954223633,-0.0001478344202041626
1742955483.3696399,8746,1742955483,369580247,ft_sensor0_wrench,-0.05467939376831055,-0.030824661254882812,-0.057412147521972656,-0.00033485889434814453,-0.0010440126061439514,-0.000127449631690979
1742955483.376328,8747,1742955483,376247267,ft_sensor0_wrench,-0.1059870719909668,-0.0050144195556640625,-0.06073951721191406,4.464387893676758e-05,0.0012105368077754974,-0.00013214349746704102
1742955483.3830612,8748,1742955483,382921701,ft_sensor0_wrench,-0.08696413040161133,-0.09615135192871094,-0.010736942291259766,-0.0018061995506286621,0.00018334388732910156,6.57886266708374e-05
1742955483.389714,8749,1742955483,389590053,ft_sensor0_wrench,-0.13686704635620117,-0.09458732604980469,0.03794527053833008,-0.002223879098892212,0.000887550413608551,7.27623701095581e-05
1742955483.396363,8750,1742955483,396254018,ft_sensor0_wrench,-0.03344249725341797,-0.001911163330078125,-0.010975837707519531,-0.00034946203231811523,-0.0006501302123069763,0.00012581050395965576
1742955483.4029727,8751,1742955483,402912521,ft_sensor0_wrench,-0.08621931076049805,-0.09561347961425781,-0.010490894317626953,-0.0017976462841033936,0.00016975775361061096,0.0007280856370925903
1742955483.4096763,8752,1742955483,409593276,ft_sensor0_wrench,-0.11281871795654297,-0.017961502075195312,-0.035282135009765625,-0.00037229061126708984,0.0009209290146827698,0.000752374529838562
1742955483.4163208,8753,1742955483,416249075,ft_sensor0_wrench,-0.0706024169921875,0.029850006103515625,-0.05890703201293945,0.0005954205989837646,-8.369982242584229e-05,0.00033818185329437256
1742955483.42308,8754,1742955483,422924656,ft_sensor0_wrench,-0.06130075454711914,-0.05106925964355469,-0.03594684600830078,-0.0008923113346099854,0.00017700716853141785,8.434057235717773e-05
1742955483.429634,8755,1742955483,429579891,ft_sensor0_wrench,-0.1203451156616211,-0.003665924072265625,-0.012143611907958984,-0.0003802776336669922,0.0013880208134651184,0.00032351911067962646
1742955483.436313,8756,1742955483,436247305,ft_sensor0_wrench,-0.037720680236816406,-0.01866912841796875,0.03530073165893555,-0.0004107952117919922,-0.00022386014461517334,0.00032623112201690674
1742955483.4430044,8757,1742955483,442915532,ft_sensor0_wrench,-0.043212890625,-0.019475936889648438,-0.03594493865966797,-0.0004038810729980469,-0.000105343759059906,0.000325128436088562
1742955483.4496465,8758,1742955483,449580450,ft_sensor0_wrench,-0.0954742431640625,0.013092041015625,-0.03552532196044922,0.00010755658149719238,0.0006521642208099365,0.0003308504819869995
1742955483.4563372,8759,1742955483,456264144,ft_sensor0_wrench,-0.05718564987182617,0.000766754150390625,-0.08030509948730469,-0.00027292966842651367,-0.0010167770087718964,-9.44286584854126e-05
1742955483.46301,8760,1742955483,462914240,ft_sensor0_wrench,-0.0570225715637207,-0.034313201904296875,-0.08222389221191406,-0.0008309781551361084,-0.00024926289916038513,-0.0001160651445388794
1742955483.46965,8761,1742955483,469580474,ft_sensor0_wrench,-0.0523219108581543,-0.06182861328125,-0.009150028228759766,-0.0012639760971069336,-0.0010973066091537476,-0.0001261979341506958
1742955483.4763846,8762,1742955483,476250301,ft_sensor0_wrench,-0.10054349899291992,-0.03199005126953125,0.012579917907714844,-0.00037980079650878906,0.0003489069640636444,0.0005200356245040894
1742955483.4830399,8763,1742955483,482924921,ft_sensor0_wrench,-0.10379266738891602,-0.0009365081787109375,-0.010558605194091797,-0.00032645463943481445,0.00038972869515419006,-0.00010924041271209717
1742955483.4896705,8764,1742955483,489594956,ft_sensor0_wrench,-0.1374526023864746,-0.015233993530273438,-0.07948684692382812,-0.001171499490737915,0.0005418248474597931,-9.587407112121582e-05
1742955483.4963691,8765,1742955483,496262934,ft_sensor0_wrench,-0.09496068954467773,-0.06536865234375,-0.10487556457519531,-0.001737356185913086,0.0003291107714176178,9.770691394805908e-05
1742955483.503011,8766,1742955483,502913304,ft_sensor0_wrench,-0.09500932693481445,-0.09315299987792969,-0.10280132293701172,-0.0021548569202423096,-0.0004140026867389679,0.0007487833499908447
1742955483.5096943,8767,1742955483,509599919,ft_sensor0_wrench,-0.08932065963745117,-0.06514739990234375,-0.05899953842163086,-0.0008771121501922607,0.00023663043975830078,6.452202796936035e-05
1742955483.516377,8768,1742955483,516262720,ft_sensor0_wrench,-0.16143178939819336,-0.03204154968261719,-0.08122920989990234,-0.0007836222648620605,0.0012901462614536285,0.0005248039960861206
1742955483.5230336,8769,1742955483,522927839,ft_sensor0_wrench,-0.0713815689086914,-0.03296661376953125,-0.033627986907958984,-0.0012558698654174805,-7.177144289016724e-05,0.0003395974636077881
1742955483.5296454,8770,1742955483,529579916,ft_sensor0_wrench,-0.0497589111328125,0.014844894409179688,-0.08014822006225586,-0.0007146298885345459,-0.0007667988538742065,-0.0002823472023010254
1742955483.5363853,8771,1742955483,536246300,ft_sensor0_wrench,-0.1623244285583496,-0.03199195861816406,-0.05610513687133789,-0.0016593337059020996,0.001277688890695572,-0.00010320544242858887
1742955483.5430803,8772,1742955483,542932089,ft_sensor0_wrench,-0.11685895919799805,-0.015233993530273438,-0.05659198760986328,-0.0007449686527252197,0.00023222342133522034,0.00011186301708221436
1742955483.5496478,8773,1742955483,549579585,ft_sensor0_wrench,-0.0896306037902832,-0.02947998046875,-0.03171110153198242,-0.0011862516403198242,-0.0005569346249103546,0.0001204460859298706
1742955483.5563152,8774,1742955483,556247006,ft_sensor0_wrench,-0.09548711776733398,0.04758262634277344,-0.058976173400878906,0.0015327930450439453,-8.929893374443054e-05,0.00031819939613342285
1742955483.562972,8775,1742955483,562913004,ft_sensor0_wrench,-0.008570671081542969,0.0148468017578125,-0.034357547760009766,0.00013837218284606934,-0.0013859942555427551,0.0001331418752670288
1742955483.5696948,8776,1742955483,569588566,ft_sensor0_wrench,-0.01865243911743164,0.03295135498046875,-0.03203916549682617,-0.00022518634796142578,-0.0016347765922546387,0.0003883838653564453
1742955483.576446,8777,1742955483,576259362,ft_sensor0_wrench,-0.06396865844726562,0.01560211181640625,-0.05692148208618164,-0.00027233362197875977,-0.0005632638931274414,0.00013902783393859863
1742955483.5830402,8778,1742955483,582915061,ft_sensor0_wrench,-0.07817649841308594,0.016361236572265625,-0.03369474411010742,0.00016996264457702637,-0.00035972148180007935,0.0005603879690170288
1742955483.5897372,8779,1742955483,589580587,ft_sensor0_wrench,-0.13106775283813477,-0.014474868774414062,-0.03336524963378906,-0.0003027021884918213,0.0004357658326625824,0.0005332380533218384
1742955483.5964055,8780,1742955483,596278508,ft_sensor0_wrench,-0.12192773818969727,-0.060314178466796875,-0.008486747741699219,-0.0012324154376983643,-7.103383541107178e-05,0.0003010481595993042
1742955483.6030567,8781,1742955483,602939176,ft_sensor0_wrench,-0.08116292953491211,-0.016038894653320312,-0.0820474624633789,0.00011494755744934082,-0.00026844069361686707,0.0005262494087219238
1742955483.6096601,8782,1742955483,609580661,ft_sensor0_wrench,-0.09449291229248047,0.03311729431152344,-0.10286664962768555,-0.000195235013961792,-0.00047639012336730957,0.00015223026275634766
1742955483.6163595,8783,1742955483,616260368,ft_sensor0_wrench,-0.05466604232788086,-0.06531715393066406,-0.03396129608154297,-0.0017600655555725098,-0.0003025569021701813,-0.00011481344699859619
1742955483.623035,8784,1742955483,622911481,ft_sensor0_wrench,-0.04634857177734375,-0.051288604736328125,-0.058928489685058594,-0.001326054334640503,-4.0121376514434814e-05,0.0003252774477005005
1742955483.6296344,8785,1742955483,629578175,ft_sensor0_wrench,-0.08932065963745117,-0.06514739990234375,-0.05899953842163086,-0.0008771121501922607,0.00023663043975830078,6.452202796936035e-05
1742955483.6363978,8786,1742955483,636267491,ft_sensor0_wrench,-0.07938909530639648,-0.08266258239746094,-0.0359492301940918,-0.0013807415962219238,0.0004593580961227417,-0.0001564323902130127
1742955483.643001,8787,1742955483,642912119,ft_sensor0_wrench,-0.06130075454711914,-0.05106925964355469,-0.03594684600830078,-0.0008923113346099854,0.00017700716853141785,8.434057235717773e-05
1742955483.649662,8788,1742955483,649595136,ft_sensor0_wrench,-0.08365678787231445,-0.018938064575195312,-0.08149003982543945,-0.0012483596801757812,0.0005002692341804504,0.0005719363689422607
1742955483.6563382,8789,1742955483,656267687,ft_sensor0_wrench,-0.011545181274414062,-0.05204582214355469,-0.059259891510009766,-0.0013418495655059814,-0.0005532577633857727,0.00011165440082550049
1742955483.6630414,8790,1742955483,662929440,ft_sensor0_wrench,-0.00903940200805664,-0.08363723754882812,-0.03636646270751953,-0.0014037489891052246,-0.0005804933607578278,7.861852645874023e-05
1742955483.6697114,8791,1742955483,669587958,ft_sensor0_wrench,0.021486759185791016,-0.10115242004394531,0.009578704833984375,-0.0014808475971221924,-0.0006673596799373627,6.541609764099121e-05
1742955483.6763885,8792,1742955483,676266182,ft_sensor0_wrench,-0.04807138442993164,-0.07185554504394531,0.008167743682861328,-0.0010317564010620117,0.0011020265519618988,-0.00015839934349060059
1742955483.6830044,8793,1742955483,682912424,ft_sensor0_wrench,-0.06113862991333008,-0.086151123046875,-0.037865638732910156,-0.0014503002166748047,0.0009445212781429291,6.270408630371094e-05
1742955483.6896422,8794,1742955483,689580238,ft_sensor0_wrench,-0.006052970886230469,-0.05123710632324219,0.011986255645751953,-0.0013487637042999268,-0.00067177414894104,0.00011275708675384521
1742955483.6963317,8795,1742955483,696250022,ft_sensor0_wrench,0.036905765533447266,-0.0028839111328125,-0.011393547058105469,-0.0003724992275238037,-0.0016899853944778442,0.0003608614206314087
1742955483.7030847,8796,1742955483,702931483,ft_sensor0_wrench,0.04385185241699219,-0.05280113220214844,-0.03669595718383789,-0.0009311139583587646,-0.0013759806752204895,0.00010578334331512451
1742955483.7096617,8797,1742955483,709580789,ft_sensor0_wrench,0.0024137496948242188,-0.03779792785644531,-0.03835010528564453,-4.7534704208374023e-05,-0.0003832802176475525,0.0005185753107070923
1742955483.7163415,8798,1742955483,716262065,ft_sensor0_wrench,-0.006887912750244141,0.043121337890625,-0.061310768127441406,0.001440197229385376,-0.0006439909338951111,0.0007723867893218994
1742955483.7230983,8799,1742955483,722932600,ft_sensor0_wrench,0.00984048843383789,-0.023721694946289062,-0.0381932258605957,-0.0004892349243164062,-0.00013332068920135498,0.00033064186573028564
1742955483.7296727,8800,1742955483,729582897,ft_sensor0_wrench,0.0024733543395996094,-0.044506072998046875,-0.01697397232055664,-0.001055210828781128,0.0011012852191925049,-0.0001198500394821167
1742955483.736388,8801,1742955483,736248398,ft_sensor0_wrench,-0.007618427276611328,0.008090972900390625,-0.03810548782348633,6.407499313354492e-06,0.00011105090379714966,0.00012274086475372314
1742955483.7430525,8802,1742955483,742933912,ft_sensor0_wrench,-0.009976863861083984,0.03909492492675781,-0.08636808395385742,0.0009355247020721436,0.0001643449068069458,0.00012148916721343994
1742955483.7496378,8803,1742955483,749579291,ft_sensor0_wrench,-0.018179893493652344,-0.037799835205078125,-0.06124544143676758,-0.00047403573989868164,-7.368624210357666e-05,0.00031082332134246826
1742955483.756321,8804,1742955483,756249061,ft_sensor0_wrench,0.06888484954833984,-0.07112503051757812,-0.0619964599609375,-0.0010012686252593994,-0.001344330608844757,9.147822856903076e-05
1742955483.763047,8805,1742955483,762929645,ft_sensor0_wrench,0.06951475143432617,-0.0077190399169921875,-0.06190633773803711,-1.7195940017700195e-05,-0.0013823136687278748,0.0001243501901626587
1742955483.7696495,8806,1742955483,769580590,ft_sensor0_wrench,0.07959365844726562,-0.025823593139648438,-0.06422567367553711,0.0003463923931121826,-0.0011335313320159912,-0.00013087689876556396
1742955483.7763212,8807,1742955483,776245701,ft_sensor0_wrench,0.06135845184326172,-0.05682945251464844,-0.03885841369628906,-0.0010092556476593018,-0.0008772388100624084,-0.0003373771905899048
1742955483.7830212,8808,1742955483,782913797,ft_sensor0_wrench,0.02969074249267578,-0.024259567260742188,-0.015543460845947266,-7.128715515136719e-05,-0.00042932480573654175,-0.0001239180564880371
1742955483.7896657,8809,1742955483,789587335,ft_sensor0_wrench,0.0016713142395019531,-0.03833770751953125,-0.03859567642211914,-5.608797073364258e-05,-0.0003696940839290619,-0.0001437366008758545
1742955483.796334,8810,1742955483,796258792,ft_sensor0_wrench,0.0018315315246582031,-0.07341766357421875,-0.040514469146728516,-0.0006140768527984619,0.0003978125751018524,-0.0001653730869293213
1742955483.8030605,8811,1742955483,802933032,ft_sensor0_wrench,-0.00824737548828125,-0.05531501770019531,-0.038195133209228516,-0.0009776651859283447,0.00014903396368026733,8.986890316009521e-05
1742955483.8096905,8812,1742955483,809579059,ft_sensor0_wrench,0.019919395446777344,-0.0418243408203125,-0.0405125617980957,-0.00012564659118652344,0.00011546164751052856,7.541477680206299e-05
1742955483.8164556,8813,1742955483,816266202,ft_sensor0_wrench,0.004979133605957031,-0.07609939575195312,0.005919456481933594,-0.001117110252380371,0.0010740533471107483,-0.0001528710126876831
1742955483.8230686,8814,1742955483,822935139,ft_sensor0_wrench,0.03267621994018555,0.008142471313476562,0.032808780670166016,-1.6301870346069336e-05,-0.0005206093192100525,-8.979439735412598e-05
1742955483.8296683,8815,1742955483,829581826,ft_sensor0_wrench,0.04761648178100586,0.042415618896484375,-0.013623237609863281,0.0009751617908477783,-0.0014791935682296753,0.00013849139213562012
1742955483.8363814,8816,1742955483,836260263,ft_sensor0_wrench,0.047148704528808594,-0.05607032775878906,-0.015631675720214844,-0.0005669295787811279,-0.0006736889481544495,8.399784564971924e-05
1742955483.8430386,8817,1742955483,842929590,ft_sensor0_wrench,0.02891254425048828,-0.08707618713378906,0.009736061096191406,-0.0019225776195526123,-0.0004173964262008667,-0.00012250244617462158
1742955483.8496997,8818,1742955483,849595153,ft_sensor0_wrench,0.04950523376464844,-0.08707427978515625,0.03263092041015625,-0.001496046781539917,-0.0007269829511642456,8.524954319000244e-05
1742955483.8564155,8819,1742955483,856261348,ft_sensor0_wrench,0.038831233978271484,-0.070098876953125,0.009335517883300781,-0.0010010004043579102,-0.0009361319243907928,-0.0003561079502105713
1742955483.8630414,8820,1742955483,862913800,ft_sensor0_wrench,0.001522064208984375,-0.03774833679199219,-0.013226509094238281,-0.0009233057498931885,-0.000395752489566803,-0.00010944902896881104
1742955483.8696804,8821,1742955483,869589750,ft_sensor0_wrench,-0.005261898040771484,-0.022912979125976562,0.010157108306884766,-0.0009227097034454346,5.774945020675659e-05,0.00012399256229400635
1742955483.8763516,8822,1742955483,876246688,ft_sensor0_wrench,0.07203245162963867,-0.07380485534667969,-0.01556253433227539,-0.0015043020248413086,-0.0006680935621261597,0.0001039654016494751
1742955483.8830462,8823,1742955483,882934634,ft_sensor0_wrench,0.06371498107910156,-0.08783340454101562,0.009404182434082031,-0.0019383728504180908,-0.0009305328130722046,-0.0003361254930496216
1742955483.8896506,8824,1742955483,889580796,ft_sensor0_wrench,0.07281064987182617,-0.010988235473632812,-0.04084205627441406,0.0003469884395599365,-0.0006800293922424316,0.00010256469249725342
1742955483.8963504,8825,1742955483,896247667,ft_sensor0_wrench,0.02985095977783203,-0.0593414306640625,-0.01746225357055664,-0.0006292760372161865,0.0003381893038749695,-0.00014553964138031006
1742955483.9030771,8826,1742955483,902931132,ft_sensor0_wrench,0.056919097900390625,-0.03850555419921875,0.009337425231933594,-0.0005125701427459717,-0.0012184828519821167,-0.00011533498764038086
1742955483.9096835,8827,1742955483,909579371,ft_sensor0_wrench,0.06370210647583008,-0.053340911865234375,-0.014046192169189453,-0.0005131661891937256,-0.0016719885170459747,-0.00034877657890319824
1742955483.9163663,8828,1742955483,916250852,ft_sensor0_wrench,-0.0026068687438964844,-0.055095672607421875,0.007681369781494141,-0.00011739134788513184,5.657598376274109e-05,5.6684017181396484e-05
1742955483.9230444,8829,1742955483,922931423,ft_sensor0_wrench,0.06539678573608398,-0.059558868408203125,-0.017548561096191406,-0.0006365180015563965,-0.00018852949142456055,0.00030313432216644287
1742955483.9296489,8830,1742955483,929580950,ft_sensor0_wrench,0.06775426864624023,-0.09056282043457031,0.030714035034179688,-0.0015656352043151855,-0.0002418234944343567,0.0003043860197067261
1742955483.9363244,8831,1742955483,936245753,ft_sensor0_wrench,0.12005043029785156,-0.06085395812988281,0.004769802093505859,-0.00023433566093444824,-0.0009976774454116821,-0.0003650486469268799
1742955483.9430282,8832,1742955483,942929855,ft_sensor0_wrench,0.11691474914550781,-0.0926666259765625,-0.018213272094726562,-0.0011565089225769043,-0.0009324550628662109,-0.00036488473415374756
1742955483.9496498,8833,1742955483,949580865,ft_sensor0_wrench,0.0471954345703125,-0.028285980224609375,-0.017705917358398438,-0.0001493990421295166,6.942451000213623e-05,-0.0005670785903930664
1742955483.9564347,8834,1742955483,956250187,ft_sensor0_wrench,-0.005890846252441406,-0.0863189697265625,0.010067462921142578,-0.0019067823886871338,9.573996067047119e-05,9.112060070037842e-05
1742955483.9631014,8835,1742955483,962934938,ft_sensor0_wrench,0.022276878356933594,-0.0728302001953125,0.007750034332275391,-0.0010547637939453125,6.217509508132935e-05,7.666647434234619e-05
1742955483.9696813,8836,1742955483,969580863,ft_sensor0_wrench,0.11927223205566406,-0.12367057800292969,0.03004932403564453,-0.0020856261253356934,-0.0009857416152954102,-0.00036363303661346436
1742955483.9763517,8837,1742955483,976256802,ft_sensor0_wrench,0.08133411407470703,-0.15472412109375,0.007397651672363281,-0.0029920339584350586,-0.0004073828458786011,-0.00014986097812652588
1742955483.983089,8838,1742955483,982939297,ft_sensor0_wrench,0.07140254974365234,-0.13721084594726562,-0.01565265655517578,-0.0024884045124053955,-0.000630110502243042,7.109344005584717e-05
1742955483.9896767,8839,1742955483,989592282,ft_sensor0_wrench,0.09517860412597656,-0.07761192321777344,0.028151512145996094,-0.0007221698760986328,-0.0002618134021759033,-0.00037238001823425293
1742955483.9963872,8840,1742955483,996265765,ft_sensor0_wrench,0.11076068878173828,-0.014425277709960938,0.005260944366455078,-0.00017184019088745117,-0.0005169250071048737,-9.857118129730225e-05
1742955484.0030365,8841,1742955484,2931505,ft_sensor0_wrench,0.10396480560302734,0.03490257263183594,0.0051937103271484375,0.001253962516784668,-0.0008048750460147858,0.00012221932411193848
1742955484.0096436,8842,1742955484,9580684,ft_sensor0_wrench,0.06775426864624023,-0.09056282043457031,0.030714035034179688,-0.0015656352043151855,-0.0002418234944343567,0.0003043860197067261
1742955484.0163872,8843,1742955484,16255626,ft_sensor0_wrench,0.08540916442871094,-0.09517669677734375,0.0031828880310058594,-0.0007765591144561768,0.0002829805016517639,-0.00017306208610534668
1742955484.0230632,8844,1742955484,22917599,ft_sensor0_wrench,0.03978157043457031,-0.07685470581054688,0.005588054656982422,-0.0011329054832458496,0.0005609169602394104,-0.0003664940595626831
1742955484.0296428,8845,1742955484,29581174,ft_sensor0_wrench,0.04908418655395508,-0.15777587890625,0.028548240661621094,-0.0026206374168395996,0.0008216239511966705,-0.0006203353404998779
1742955484.0363753,8846,1742955484,36246268,ft_sensor0_wrench,0.04986238479614258,-0.09495925903320312,0.003268718719482422,-0.0007693171501159668,0.0008096955716609955,-0.0006217509508132935
1742955484.0430486,8847,1742955484,42930915,ft_sensor0_wrench,0.044173240661621094,-0.12296485900878906,-0.04053354263305664,-0.002047121524810791,0.00015904754400253296,6.251037120819092e-05
1742955484.0496674,8848,1742955484,49586349,ft_sensor0_wrench,0.07881641387939453,-0.08864021301269531,-0.03894615173339844,-0.0015048980712890625,-0.0011216029524803162,-0.00012947618961334229
1742955484.0563161,8849,1742955484,56247667,ft_sensor0_wrench,0.028430461883544922,-0.15106964111328125,-0.01572418212890625,-0.0020394623279571533,-0.0003533586859703064,-0.00018966197967529297
1742955484.0630636,8850,1742955484,62933058,ft_sensor0_wrench,0.07379484176635742,-0.10593605041503906,0.007085323333740234,-0.001574784517288208,-0.0006817467510700226,-0.0005913674831390381
1742955484.0697055,8851,1742955484,69598256,ft_sensor0_wrench,0.08209943771362305,-0.05741691589355469,-0.04133272171020508,0.00028449296951293945,-0.0011607743799686432,-0.00016391277313232422
1742955484.076403,8852,1742955484,76270635,ft_sensor0_wrench,0.08289051055908203,-0.029092788696289062,-0.04316139221191406,0.0007105767726898193,-0.0004312470555305481,-0.00015267729759216309
1742955484.0830812,8853,1742955484,82917331,ft_sensor0_wrench,0.08209943771362305,-0.05741691589355469,-0.04133272171020508,0.00028449296951293945,-0.0011607743799686432,-0.00016391277313232422
1742955484.0896595,8854,1742955484,89590889,ft_sensor0_wrench,0.13185405731201172,-0.058391571044921875,-0.06464529037475586,-0.00016504526138305664,-0.0018910393118858337,-0.00013659894466400146
1742955484.0963318,8855,1742955484,96265887,ft_sensor0_wrench,0.06903219223022461,-0.07171440124511719,-0.08736610412597656,-0.00013405084609985352,-0.001318279653787613,5.7190656661987305e-05
1742955484.1030705,8856,1742955484,102933624,ft_sensor0_wrench,0.0358433723449707,-0.10249900817871094,-0.039017677307128906,-0.0010559558868408203,-0.0008448511362075806,-0.0003902316093444824
1742955484.109644,8857,1742955484,109580069,ft_sensor0_wrench,0.0595860481262207,-0.1051788330078125,0.03031158447265625,-0.0011324584484100342,-0.0004782043397426605,-0.00016999244689941406
1742955484.1163127,8858,1742955484,116248862,ft_sensor0_wrench,0.08540916442871094,-0.09517669677734375,0.0031828880310058594,-0.0007765591144561768,0.0002829805016517639,-0.00017306208610534668
1742955484.1229827,8859,1742955484,122917260,ft_sensor0_wrench,0.1027059555053711,-0.09190750122070312,0.005013465881347656,-0.0007142126560211182,-0.000728905200958252,5.647540092468262e-05
1742955484.1297865,8860,1742955484,129581033,ft_sensor0_wrench,0.18297481536865234,-0.07590675354003906,0.004195690155029297,0.0001843571662902832,-0.0022875070571899414,5.793571472167969e-05
1742955484.1363409,8861,1742955484,136265830,ft_sensor0_wrench,0.08968639373779297,-0.07842063903808594,-0.04309415817260742,-0.0007152259349822998,-0.00014329701662063599,-0.00037348270416259766
1742955484.1430306,8862,1742955484,142942024,ft_sensor0_wrench,0.11765813827514648,-0.09212493896484375,-0.017968177795410156,-0.0011479556560516357,-0.0009460374712944031,0.00029741227626800537
1742955484.1496935,8863,1742955484,149581284,ft_sensor0_wrench,0.1300954818725586,-0.1412353515625,0.02797555923461914,-0.001713484525680542,-0.0007505416870117188,4.342198371887207e-05
1742955484.1563203,8864,1742955484,156248507,ft_sensor0_wrench,0.11263751983642578,-0.10942268371582031,0.02806377410888672,-0.0012178421020507812,-0.000506177544593811,-0.00016447901725769043
1742955484.1631489,8865,1742955484,162914198,ft_sensor0_wrench,0.17247295379638672,-0.12850189208984375,0.0024318695068359375,-0.0013037919998168945,-0.0009876638650894165,-0.0003924071788787842
1742955484.1697173,8866,1742955484,169581566,ft_sensor0_wrench,0.14758920669555664,-0.11076927185058594,0.0023627281188964844,-0.00036641955375671387,-0.0009932778775691986,-0.0004123896360397339
1742955484.1763778,8867,1742955484,176295105,ft_sensor0_wrench,0.1345229148864746,-0.12506484985351562,-0.043670654296875,-0.0007849633693695068,-0.0011507607996463776,-0.00019128620624542236
1742955484.183057,8868,1742955484,182937475,ft_sensor0_wrench,0.15340089797973633,-0.06514739990234375,-0.04549741744995117,0.00012952089309692383,-0.0007035881280899048,6.073713302612305e-05
1742955484.1896532,8869,1742955484,189579878,ft_sensor0_wrench,0.1458268165588379,-0.07863616943359375,-0.02028512954711914,-0.00029593706130981445,-0.0009796097874641418,0.0002829432487487793
1742955484.1963766,8870,1742955484,196266802,ft_sensor0_wrench,0.10714530944824219,-0.11023139953613281,-0.043182373046875,-0.0012108981609344482,-0.0003876611590385437,-0.00016558170318603516
1742955484.203081,8871,1742955484,202931048,ft_sensor0_wrench,0.12758970260620117,-0.10964012145996094,0.005082130432128906,-0.0016515851020812988,-0.0007233098149299622,7.645785808563232e-05
1742955484.2097404,8872,1742955484,209586886,ft_sensor0_wrench,0.15559720993041992,-0.06107139587402344,0.004683971405029297,-0.0002415776252746582,-0.0015243962407112122,8.362531661987305e-05
1742955484.2163184,8873,1742955484,216248152,ft_sensor0_wrench,0.07547760009765625,-0.07766151428222656,-0.019867420196533203,-0.00027292966842651367,6.0252845287323e-05,4.789233207702637e-05
1742955484.2230706,8874,1742955484,222913508,ft_sensor0_wrench,0.1170649528503418,-0.09325408935546875,-0.04358243942260742,-0.0002893209457397461,-0.0009063966572284698,-0.00039918720722198486
1742955484.2296376,8875,1742955484,229579517,ft_sensor0_wrench,0.09293556213378906,-0.10947418212890625,-0.01995563507080078,-0.0007686018943786621,-0.00018411874771118164,0.00025579333305358887
1742955484.2363446,8876,1742955484,236286368,ft_sensor0_wrench,0.07861328125,-0.045848846435546875,0.0031156539916992188,0.0006492435932159424,-4.984438419342041e-06,4.774332046508789e-05
1742955484.2430248,8877,1742955484,242946514,ft_sensor0_wrench,0.11013078689575195,-0.07782936096191406,0.005170345306396484,-0.0011559128761291504,-0.00047894567251205444,-0.00013144314289093018
1742955484.2496524,8878,1742955484,249581351,ft_sensor0_wrench,0.18287229537963867,-0.0475311279296875,0.027490615844726562,-0.00026533007621765137,-0.0015704408288002014,-0.0005588531494140625
1742955484.2563326,8879,1742955484,256258046,ft_sensor0_wrench,0.104949951171875,-0.060047149658203125,0.05312061309814453,-0.0006677806377410889,-0.0008065998554229736,-0.0005716979503631592
1742955484.2630253,8880,1742955484,262931918,ft_sensor0_wrench,0.09752416610717773,-0.07412338256835938,0.0529637336730957,-0.00022608041763305664,-0.0010565780103206635,-0.00038376450538635254
1742955484.2697396,8881,1742955484,269580995,ft_sensor0_wrench,0.14978647232055664,-0.10669136047363281,0.05254411697387695,-0.0007375478744506836,-0.001814078539609909,-0.00038948655128479004
1742955484.2763536,8882,1742955484,276249942,ft_sensor0_wrench,0.14064502716064453,-0.06085205078125,0.027665138244628906,0.00019216537475585938,-0.0013072788715362549,-0.00015729665756225586
1742955484.2830777,8883,1742955484,282943153,ft_sensor0_wrench,0.11990213394165039,-0.06026458740234375,0.030139446258544922,-0.0011015534400939941,-0.0010237321257591248,-0.0003307610750198364
1742955484.2896495,8884,1742955484,289578782,ft_sensor0_wrench,0.14556407928466797,-0.0151824951171875,0.004929065704345703,-0.000187605619430542,-0.0010300613939762115,-0.00031219422817230225
1742955484.296345,8885,1742955484,296267397,ft_sensor0_wrench,0.16980600357055664,-0.06182861328125,-0.018543243408203125,-0.0006838738918304443,-0.0017279461026191711,-0.00033773481845855713
1742955484.3030267,8886,1742955484,302912736,ft_sensor0_wrench,0.10777425765991211,-0.046825408935546875,-0.04309225082397461,-0.00022679567337036133,-0.0004256516695022583,-0.00013270974159240723
1742955484.3096545,8887,1742955484,309579970,ft_sensor0_wrench,0.1655278205871582,-0.07858467102050781,0.027733802795410156,-0.0007452070713043213,-0.0013016685843467712,-0.0001373291015625
1742955484.3163288,8888,1742955484,316245830,ft_sensor0_wrench,0.1715226173400879,-0.12174606323242188,0.006179332733154297,-0.001171886920928955,-0.002484705299139023,-0.0003820061683654785
1742955484.3230696,8889,1742955484,322931425,ft_sensor0_wrench,0.19467782974243164,-0.045070648193359375,-0.04192495346069336,-0.00019603967666625977,-0.002463802695274353,-0.0003304034471511841
1742955484.329733,8890,1742955484,329580050,ft_sensor0_wrench,0.19782447814941406,-0.04775047302246094,0.004509449005126953,-0.0006990730762481689,-0.001787569373846054,-0.00031791627407073975
1742955484.3363452,8891,1742955484,336260520,ft_sensor0_wrench,0.17529821395874023,-0.0610198974609375,0.052702903747558594,-0.0006908178329467773,-0.0018464550375938416,-0.00033664703369140625
1742955484.3430595,8892,1742955484,342932950,ft_sensor0_wrench,0.18660354614257812,-0.014591217041015625,0.07608890533447266,-0.00020179152488708496,-0.0016753003001213074,0.00013756752014160156
1742955484.3496466,8893,1742955484,349580733,ft_sensor0_wrench,0.2185811996459961,-0.08283042907714844,0.025486469268798828,-0.0008305609226226807,-0.0013296417891979218,-0.00013181567192077637
1742955484.356304,8894,1742955484,356245943,ft_sensor0_wrench,0.21528339385986328,-0.07956123352050781,0.004421710968017578,-0.0011947453022003174,-0.002031933516263962,-0.00011001527309417725
1742955484.3630774,8895,1742955484,362930594,ft_sensor0_wrench,0.2764925956726074,-0.03469657897949219,-0.020874500274658203,-0.0002880394458770752,-0.002564985305070877,0.000357210636138916
1742955484.369758,8896,1742955484,369595640,ft_sensor0_wrench,0.13904285430908203,-0.06380081176757812,0.0030989646911621094,-0.00029534101486206055,-0.0005260966718196869,0.0005163848400115967
1742955484.3764336,8897,1742955484,376258409,ft_sensor0_wrench,0.19887924194335938,-0.08288002014160156,-0.022532939910888672,-0.0003813505172729492,-0.0010075755417346954,0.00028845667839050293
1742955484.383029,8898,1742955484,382912184,ft_sensor0_wrench,0.14332103729248047,-0.0470428466796875,-0.04317808151245117,-0.0002340376377105713,-0.0009523667395114899,0.0003159642219543457
1742955484.389749,8899,1742955484,389579937,ft_sensor0_wrench,0.2357168197631836,-0.0444793701171875,0.029235363006591797,-0.00021022558212280273,-0.003109034150838852,0.00011935830116271973
1742955484.3963144,8900,1742955484,396245640,ft_sensor0_wrench,0.2532224655151367,-0.04850578308105469,0.027073383331298828,-0.00028833746910095215,-0.002610292285680771,-0.00032380223274230957
1742955484.4031062,8901,1742955484,402918494,ft_sensor0_wrench,0.22599411010742188,-0.034259796142578125,0.0021924972534179688,0.00015294551849365234,-0.001821134239435196,-0.0003323853015899658
1742955484.409643,8902,1742955484,409579982,ft_sensor0_wrench,0.20927906036376953,-0.0019092559814453125,0.002525806427001953,0.0006571412086486816,-0.0015903487801551819,0.00012201070785522461
1742955484.4163346,8903,1742955484,416246458,ft_sensor0_wrench,0.16396236419677734,-0.019258499145507812,-0.022356510162353516,0.00060996413230896,-0.0005188398063182831,-0.00012734532356262207
1742955484.4230778,8904,1742955484,422913991,ft_sensor0_wrench,0.1813068389892578,0.0117950439453125,-0.022600173950195312,0.0010898709297180176,-0.0007876120507717133,-0.0005488693714141846
1742955484.4297075,8905,1742955484,429579478,ft_sensor0_wrench,0.24110889434814453,-0.06955909729003906,-0.022707462310791016,-0.00083884596824646,-0.0012707486748695374,-0.00011309981346130371
1742955484.436392,8906,1742955484,436250669,ft_sensor0_wrench,0.2185811996459961,-0.08283042907714844,0.025486469268798828,-0.0008305609226226807,-0.0013296417891979218,-0.00013181567192077637
1742955484.4430573,8907,1742955484,442932420,ft_sensor0_wrench,0.22615528106689453,-0.06934165954589844,0.0002741813659667969,-0.0004051029682159424,-0.0010536201298236847,-0.0003540217876434326
1742955484.4496336,8908,1742955484,449579920,ft_sensor0_wrench,0.20128345489501953,-0.08609962463378906,0.02365589141845703,-0.000892937183380127,-0.0003177560865879059,-0.00036135315895080566
1742955484.4563093,8909,1742955484,456247236,ft_sensor0_wrench,0.22536420822143555,-0.09766578674316406,0.002102375030517578,-0.0008311569690704346,-0.0017831549048423767,-0.00036525726318359375
1742955484.463012,8910,1742955484,462913518,ft_sensor0_wrench,0.15592050552368164,-0.13123130798339844,0.0008463859558105469,-0.0013576149940490723,1.0631978511810303e-05,4.035234451293945e-05
1742955484.4696903,8911,1742955484,469584385,ft_sensor0_wrench,0.13532590866088867,-0.13123321533203125,-0.022048473358154297,-0.0017841458320617676,0.00032022595405578613,-0.00016739964485168457
1742955484.4763188,8912,1742955484,476247736,ft_sensor0_wrench,0.1738452911376953,-0.06455802917480469,0.0027675628662109375,-0.00031113624572753906,-0.0010392330586910248,0.0003027617931365967
1742955484.4830644,8913,1742955484,482914394,ft_sensor0_wrench,0.1837778091430664,-0.08207321166992188,0.02581787109375,-0.0008147954940795898,-0.0008165054023265839,8.180737495422363e-05
1742955484.489656,8914,1742955484,489580070,ft_sensor0_wrench,0.18805503845214844,-0.06531524658203125,-0.02045917510986328,-0.0007534623146057129,-0.0012427754700183868,-0.00011861324310302734
1742955484.4963286,8915,1742955484,496247659,ft_sensor0_wrench,0.13909149169921875,-0.03601646423339844,0.0010251998901367188,0.0001221299171447754,0.0002170167863368988,-0.00013467669486999512
1742955484.503062,8916,1742955484,502931098,ft_sensor0_wrench,0.19135284423828125,-0.06858444213867188,0.0006055831909179688,-0.00038930773735046387,-0.0005404837429523468,-0.00014039874076843262
1742955484.5097485,8917,1742955484,509582227,ft_sensor0_wrench,0.1699671745300293,-0.0969085693359375,-0.020461559295654297,-0.0012418925762176514,-0.000960424542427063,-0.0003593862056732178
1742955484.5163767,8918,1742955484,516289972,ft_sensor0_wrench,0.13909149169921875,-0.03601646423339844,0.0010251998901367188,0.0001221299171447754,0.0002170167863368988,-0.00013467669486999512
1742955484.5230947,8919,1742955484,522933258,ft_sensor0_wrench,0.14572525024414062,-0.050262451171875,0.003010272979736328,-0.000745624303817749,-0.00026255473494529724,-0.0003338456153869629
1742955484.529721,8920,1742955484,529582446,ft_sensor0_wrench,0.14336776733398438,-0.019258499145507812,-0.04525184631347656,0.00018346309661865234,-0.00020925328135490417,-0.0003350973129272461
1742955484.5363426,8921,1742955484,536269418,ft_sensor0_wrench,0.12586212158203125,-0.015232086181640625,-0.043089866638183594,0.00026163458824157715,-0.0007080025970935822,0.0001080632209777832
1742955484.543047,8922,1742955484,542946119,ft_sensor0_wrench,0.07532739639282227,-0.0770721435546875,0.005501747131347656,-0.0011401176452636719,3.419071435928345e-05,8.217990398406982e-05
1742955484.5496404,8923,1742955484,549579586,ft_sensor0_wrench,0.12064456939697266,-0.05972480773925781,0.03038501739501953,-0.0010929703712463379,-0.0010373108088970184,0.0003315359354019165
1742955484.5564446,8924,1742955484,556264419,ft_sensor0_wrench,0.18361568450927734,-0.04699134826660156,0.027736186981201172,-0.0002567768096923828,-0.001584019511938095,0.00010344386100769043
1742955484.5630574,8925,1742955484,562916653,ft_sensor0_wrench,0.15559720993041992,-0.06107139587402344,0.004683971405029297,-0.0002415776252746582,-0.0015243962407112122,8.362531661987305e-05
1742955484.569737,8926,1742955484,569580310,ft_sensor0_wrench,0.1417865753173828,-0.07590866088867188,-0.0415949821472168,-0.0006686747074127197,-0.0016683116555213928,-0.0003575533628463745
1742955484.5764322,8927,1742955484,576281962,ft_sensor0_wrench,0.1563873291015625,-0.032745361328125,0.0028553009033203125,0.00018450617790222168,-0.0007948614656925201,9.486079216003418e-05
1742955484.5830905,8928,1742955484,582933093,ft_sensor0_wrench,0.21355628967285156,0.014848709106445312,-0.04375123977661133,0.0007184743881225586,-0.002016626298427582,-7.840991020202637e-05
1742955484.5896459,8929,1742955484,589580661,ft_sensor0_wrench,0.15988636016845703,-0.07880592346191406,-0.018142223358154297,-0.0016054511070251465,-0.001209210604429245,-0.00010414421558380127
1742955484.596362,8930,1742955484,596250080,ft_sensor0_wrench,0.17059612274169922,-0.033504486083984375,-0.020371437072753906,-0.00025779008865356445,-0.0009984113276004791,-0.00032651424407958984
1742955484.6030757,8931,1742955484,602934184,ft_sensor0_wrench,0.13505029678344727,-0.03328514099121094,-0.020285606384277344,-0.0002505481243133545,-0.00047169625759124756,-0.0007751882076263428
1742955484.6096768,8932,1742955484,609581700,ft_sensor0_wrench,0.16254138946533203,-0.11098670959472656,-0.020618438720703125,-0.0008001625537872314,-0.0012103915214538574,-0.00017145276069641113
1742955484.6163304,8933,1742955484,616249828,ft_sensor0_wrench,0.21480369567871094,-0.1435546875,-0.021038055419921875,-0.0013116300106048584,-0.001967892050743103,-0.00017717480659484863
1742955484.6230142,8934,1742955484,622932282,ft_sensor0_wrench,0.1782846450805664,-0.08288192749023438,-0.045427799224853516,-0.0008078515529632568,-0.0006979890167713165,8.07046890258789e-05
1742955484.6296647,8935,1742955484,629584798,ft_sensor0_wrench,0.17891502380371094,-0.019475936889648438,-0.04533815383911133,0.00017622113227844238,-0.0007359683513641357,0.00011357665061950684
1742955484.6363406,8936,1742955484,636267574,ft_sensor0_wrench,0.1608266830444336,-0.05106925964355469,-0.04534006118774414,-0.0003122091293334961,-0.0004536174237728119,-0.0001271963119506836
1742955484.642986,8937,1742955484,642914676,ft_sensor0_wrench,0.14273881912231445,-0.08266258239746094,-0.045342445373535156,-0.0008006393909454346,-0.00017126649618148804,-0.000367969274520874
1742955484.649633,8938,1742955484,649579365,ft_sensor0_wrench,0.09816598892211914,-0.0994720458984375,-0.06997966766357422,-0.0008392035961151123,0.0008866563439369202,4.4971704483032227e-05
1742955484.656345,8939,1742955484,656272402,ft_sensor0_wrench,0.15784025192260742,-0.08347129821777344,-0.09369277954101562,-0.00036716461181640625,-0.00036234408617019653,-0.00016131997108459473
1742955484.6630642,8940,1742955484,662919785,ft_sensor0_wrench,0.14273881912231445,-0.08266258239746094,-0.045342445373535156,-0.0008006393909454346,-0.00017126649618148804,-0.000367969274520874
1742955484.6696694,8941,1742955484,669581375,ft_sensor0_wrench,0.16762351989746094,-0.10039710998535156,-0.0452728271484375,-0.0017380118370056152,-0.0001656748354434967,-0.0003479868173599243
1742955484.676363,8942,1742955484,676251399,ft_sensor0_wrench,0.13282108306884766,-0.099639892578125,-0.04494142532348633,-0.0017222464084625244,0.0003474615514278412,-0.00013436377048492432
1742955484.6830938,8943,1742955484,682931322,ft_sensor0_wrench,0.15026617050170898,-0.09696006774902344,-0.0684804916381836,-0.0007926523685455322,-0.0006383657455444336,6.0886144638061523e-05
1742955484.6896553,8944,1742955484,689582151,ft_sensor0_wrench,0.23116397857666016,-0.017553329467773438,-0.06920814514160156,0.0010899901390075684,-0.0022349320352077484,9.521842002868652e-05
1742955484.6964166,8945,1742955484,696250296,ft_sensor0_wrench,0.21685409545898438,0.011579513549804688,-0.022686004638671875,0.0010826289653778076,-0.0013143271207809448,-0.00010019540786743164
1742955484.703047,8946,1742955484,702937996,ft_sensor0_wrench,0.19312381744384766,-0.020233154296875,-0.06856441497802734,-0.00026607513427734375,-0.0009395182132720947,-0.00030778348445892334
1742955484.7096446,8947,1742955484,709581695,ft_sensor0_wrench,0.14918088912963867,0.026363372802734375,-0.09311151504516602,0.0006794333457946777,8.041784167289734e-05,0.000138014554977417
1742955484.716348,8948,1742955484,716267121,ft_sensor0_wrench,0.14792156219482422,-0.10044670104980469,-0.0932917594909668,-0.001288771629333496,0.00015639141201972961,7.227063179016113e-05
1742955484.723047,8949,1742955484,722943825,ft_sensor0_wrench,0.18820428848266602,-0.06590461730957031,-0.045828819274902344,0.00011372566223144531,-0.0012167245149612427,-0.00015288591384887695
1742955484.7296495,8950,1742955484,729582893,ft_sensor0_wrench,0.18062925338745117,-0.07939338684082031,-0.020616531372070312,-0.00031173229217529297,-0.0014927461743354797,6.93202018737793e-05
1742955484.736389,8951,1742955484,736281908,ft_sensor0_wrench,0.20378684997558594,-0.0027179718017578125,-0.06871986389160156,0.000664055347442627,-0.0014718323945999146,0.00012090802192687988
1742955484.743101,8952,1742955484,742929651,ft_sensor0_wrench,0.18884754180908203,-0.036991119384765625,-0.022287845611572266,-0.0003274083137512207,-0.0005132481455802917,-0.00010737776756286621
1742955484.749676,8953,1742955484,749585537,ft_sensor0_wrench,0.1260242462158203,-0.05031394958496094,-0.04500865936279297,-0.0002964138984680176,5.9518963098526e-05,8.64267349243164e-05
1742955484.756383,8954,1742955484,756289628,ft_sensor0_wrench,0.124603271484375,-0.1420421600341797,-0.043270111083984375,-0.0017065703868865967,-0.0006320327520370483,4.2319297790527344e-05
1742955484.7630339,8955,1742955484,762944588,ft_sensor0_wrench,0.15654945373535156,-0.06782722473144531,0.0009369850158691406,-0.00037354230880737305,-2.734735608100891e-05,7.322430610656738e-05
1742955484.7696645,8956,1742955484,769581105,ft_sensor0_wrench,0.18884754180908203,-0.036991119384765625,-0.022287845611572266,-0.0003274083137512207,-0.0005132481455802917,-0.00010737776756286621
1742955484.7763445,8957,1742955484,776271656,ft_sensor0_wrench,0.1608266830444336,-0.05106925964355469,-0.04534006118774414,-0.0003122091293334961,-0.0004536174237728119,-0.0001271963119506836
1742955484.7830155,8958,1742955484,782933521,ft_sensor0_wrench,0.1845693588256836,-0.05374908447265625,0.023989200592041016,-0.00038871169090270996,-8.697807788848877e-05,9.304285049438477e-05
1742955484.7896726,8959,1742955484,789585771,ft_sensor0_wrench,0.17400836944580078,-0.09963798522949219,0.0008487701416015625,-0.0008691847324371338,-0.00027171894907951355,0.0002811253070831299
1742955484.7964046,8960,1742955484,796299915,ft_sensor0_wrench,0.19887924194335938,-0.08288002014160156,-0.022532939910888672,-0.0003813505172729492,-0.0010075755417346954,0.00028845667839050293
1742955484.8030977,8961,1742955484,802947249,ft_sensor0_wrench,0.28673553466796875,-0.08788108825683594,-0.025112628936767578,-0.0004824995994567871,-0.0015486925840377808,8.034706115722656e-05
1742955484.8096576,8962,1742955484,809582766,ft_sensor0_wrench,0.24440574645996094,-0.07282829284667969,-0.0016427040100097656,-0.00047469139099121094,-0.0005684569478034973,-0.00013490021228790283
1742955484.8164082,8963,1742955484,816274622,ft_sensor0_wrench,0.26551151275634766,-0.15128707885742188,-0.04809761047363281,-0.0018931031227111816,-0.0012011192739009857,-0.0001602768898010254
1742955484.8230846,8964,1742955484,822918825,ft_sensor0_wrench,0.23400497436523438,-0.15379905700683594,-0.02670145034790039,-0.001513153314590454,1.4316290616989136e-05,3.1560659408569336e-05
1742955484.8296611,8965,1742955484,829586834,ft_sensor0_wrench,0.23697948455810547,-0.08690643310546875,-0.0017995834350585938,-3.2961368560791016e-05,-0.0008184276521205902,5.303323268890381e-05
1742955484.8363192,8966,1742955484,836249565,ft_sensor0_wrench,0.23697948455810547,-0.08690643310546875,-0.0017995834350585938,-3.2961368560791016e-05,-0.0008184276521205902,5.303323268890381e-05
1742955484.8430479,8967,1742955484,842918037,ft_sensor0_wrench,0.2892417907714844,-0.11947441101074219,-0.0022192001342773438,-0.0005443990230560303,-0.0015759281814098358,4.731118679046631e-05
1742955484.8496478,8968,1742955484,849580915,ft_sensor0_wrench,0.22704696655273438,-0.06939125061035156,-0.024849891662597656,0.00047066807746887207,-0.001041162759065628,0.00027398765087127686
1742955484.856318,8969,1742955484,856251147,ft_sensor0_wrench,0.22042560577392578,-0.08963584899902344,-0.0033850669860839844,-8.672475814819336e-05,0.00017987936735153198,0.00048579275608062744
1742955484.8630245,8970,1742955484,862944028,ft_sensor0_wrench,0.1590561866760254,-0.09942054748535156,0.023829936981201172,-0.0004354417324066162,-5.4605305194854736e-05,4.0203332901000977e-05
1742955484.8696418,8971,1742955484,869581317,ft_sensor0_wrench,0.20143365859985352,-0.08668708801269531,-0.0017142295837402344,-2.5719404220581055e-05,-0.0002917051315307617,-0.0003956407308578491
1742955484.8763196,8972,1742955484,876248230,ft_sensor0_wrench,0.2163858413696289,-0.08690643310546875,-0.02469491958618164,-0.00045949220657348633,-0.0005088336765766144,-0.00015471875667572021
1742955484.8830502,8973,1742955484,882931649,ft_sensor0_wrench,0.1882171630859375,-0.10039710998535156,-0.022377490997314453,-0.0013115108013153076,-0.0004752613604068756,-0.00014024972915649414
1742955484.889659,8974,1742955484,889582796,ft_sensor0_wrench,0.21952152252197266,-0.05509376525878906,-0.0017118453979492188,0.0004627108573913574,-0.0005740560591220856,-0.0001548677682876587
1742955484.8964236,8975,1742955484,896278602,ft_sensor0_wrench,0.25055932998657227,-0.15106964111328125,-0.025116920471191406,-0.001459360122680664,-0.000983990728855133,-0.0004011988639831543
1742955484.9030533,8976,1742955484,902915142,ft_sensor0_wrench,0.21481657028198242,-0.17804718017578125,0.0024123191833496094,-0.0027368366718292236,-0.0012264400720596313,-0.00016453862190246582
1742955484.9097319,8977,1742955484,909580139,ft_sensor0_wrench,0.23968744277954102,-0.1612873077392578,-0.020969390869140625,-0.002249002456665039,-0.0019622966647148132,-0.00015720725059509277
1742955484.916415,8978,1742955484,916262344,ft_sensor0_wrench,0.2263174057006836,-0.10442161560058594,-0.0016446113586425781,-0.0009631216526031494,-0.00028610602021217346,-0.00037567317485809326
1742955484.923083,8979,1742955484,922918117,ft_sensor0_wrench,0.18997955322265625,-0.13253021240234375,0.00026988983154296875,-0.0013819634914398193,-0.0004889145493507385,-0.0008355677127838135
1742955484.9296477,8980,1742955484,929579749,ft_sensor0_wrench,0.1874251365661621,-0.12871932983398438,-0.020549774169921875,-0.0017375349998474121,-0.0012047961354255676,-0.00015148520469665527
1742955484.9363208,8981,1742955484,936246267,ft_sensor0_wrench,0.20551300048828125,-0.09712600708007812,-0.02054738998413086,-0.0012491047382354736,-0.0014871470630168915,8.928775787353516e-05
1742955484.9430015,8982,1742955484,942914235,ft_sensor0_wrench,0.20551300048828125,-0.09712600708007812,-0.02054738998413086,-0.0012491047382354736,-0.0014871470630168915,8.928775787353516e-05
1742955484.949656,8983,1742955484,949582280,ft_sensor0_wrench,0.18805503845214844,-0.06531524658203125,-0.02045917510986328,-0.0007534623146057129,-0.0012427754700183868,-0.00011861324310302734
1742955484.9563334,8984,1742955484,956250886,ft_sensor0_wrench,0.18303537368774414,-0.082611083984375,0.025571823120117188,-0.0008233487606048584,-0.0008029267191886902,-0.0005804896354675293
1742955484.9632158,8985,1742955484,962942112,ft_sensor0_wrench,0.2277216911315918,-0.12866973876953125,0.05036497116088867,-0.0017602741718292236,-0.0018364489078521729,-0.00036400556564331055
1742955484.969678,8986,1742955484,969582341,ft_sensor0_wrench,0.19056081771850586,-0.0969085693359375,0.00243377685546875,-0.0008153617382049561,-0.0012700185179710388,-0.00015163421630859375
1742955484.976349,8987,1742955484,976248171,ft_sensor0_wrench,0.1798868179321289,-0.07993316650390625,-0.020862102508544922,-0.0003203153610229492,-0.0014791563153266907,-0.0005929768085479736
1742955484.9830353,8988,1742955484,982931914,ft_sensor0_wrench,0.1458745002746582,-0.05085182189941406,-0.02235889434814453,0.00012153387069702148,-0.00023648887872695923,-0.0003681182861328125
1742955484.98965,8989,1742955484,989582909,ft_sensor0_wrench,0.13829946517944336,-0.06433868408203125,0.002852916717529297,-0.0003039240837097168,-0.0005125105381011963,-0.00014591217041015625
1742955484.9964087,8990,1742955484,996288916,ft_sensor0_wrench,0.16239309310913086,-0.1103973388671875,0.004750728607177734,-0.0016673803329467773,-0.0012364462018013,-0.00013716518878936768
1742955485.0030577,8991,1742955485,2917676,ft_sensor0_wrench,0.22285842895507812,-0.06607246398925781,-0.020790576934814453,-0.0007692575454711914,-0.0017559118568897247,-0.00033223628997802734
1742955485.0096798,8992,1742955485,9602747,ft_sensor0_wrench,0.19025135040283203,-0.06123924255371094,0.029721736907958984,-0.001124560832977295,-0.002063583582639694,-9.57101583480835e-05
1742955485.0163932,8993,1742955485,16246867,ft_sensor0_wrench,0.13516473770141602,-0.09615135192871094,-0.020130157470703125,-0.0012260973453521729,-0.0004472881555557251,-0.00014576315879821777
1742955485.0229874,8994,1742955485,22915113,ft_sensor0_wrench,0.1882171630859375,-0.10039710998535156,-0.022377490997314453,-0.0013115108013153076,-0.0004752613604068756,-0.00014024972915649414
1742955485.029676,8995,1742955485,29593387,ft_sensor0_wrench,0.13516473770141602,-0.09615135192871094,-0.020130157470703125,-0.0012260973453521729,-0.0004472881555557251,-0.00014576315879821777
1742955485.0363147,8996,1742955485,36248195,ft_sensor0_wrench,0.16003656387329102,-0.07939338684082031,-0.04351186752319336,-0.0007382631301879883,-0.001183152198791504,-0.00013843178749084473
1742955485.0431273,8997,1742955485,42951322,ft_sensor0_wrench,0.21292686462402344,-0.048557281494140625,-0.043840885162353516,-0.0002656280994415283,-0.0019786395132541656,-0.0001112818717956543
1742955485.0496545,8998,1742955485,49580919,ft_sensor0_wrench,0.11786794662475586,-0.09942245483398438,-0.021960735321044922,-0.0012884736061096191,0.0005645900964736938,-0.00037530064582824707
1742955485.0563185,8999,1742955485,56249153,ft_sensor0_wrench,0.1534137725830078,-0.099639892578125,-0.02204608917236328,-0.001295715570449829,3.787502646446228e-05,7.337331771850586e-05
1742955485.0630565,9000,1742955485,62931131,ft_sensor0_wrench,0.20551300048828125,-0.09712600708007812,-0.02054738998413086,-0.0012491047382354736,-0.0014871470630168915,8.928775787353516e-05
1742955485.0696495,9001,1742955485,69582405,ft_sensor0_wrench,0.18064212799072266,-0.11388587951660156,0.002834320068359375,-0.001736968755722046,-0.0007512830197811127,8.195638656616211e-05
1742955485.0764287,9002,1742955485,76283132,ft_sensor0_wrench,0.23117637634277344,-0.052043914794921875,-0.045757293701171875,-0.0003352165222167969,-0.0014934763312339783,0.00010785460472106934
1742955485.083121,9003,1742955485,82956928,ft_sensor0_wrench,0.18221282958984375,-0.022745132446289062,-0.024273395538330078,0.0005404055118560791,-3.368407487869263e-05,9.177625179290771e-05
1742955485.0897498,9004,1742955485,89585479,ft_sensor0_wrench,0.18393993377685547,-0.11715507507324219,0.023899078369140625,-0.0013728141784667969,-4.899129271507263e-05,6.0170888900756836e-05
1742955485.096361,9005,1742955485,96268133,ft_sensor0_wrench,0.24361419677734375,-0.10115242004394531,0.00018596649169921875,-0.0009007751941680908,-0.0012979917228221893,-0.00014612078666687012
1742955485.103044,9006,1742955485,102917874,ft_sensor0_wrench,0.23384380340576172,-0.11871910095214844,-0.02478313446044922,-0.0009551346302032471,-0.000753205269575119,5.319714546203613e-05
1742955485.1096976,9007,1742955485,109600910,ft_sensor0_wrench,0.25432491302490234,-0.055850982666015625,-0.0020432472229003906,0.0004469156265258789,-0.0010871924459934235,-0.0003684908151626587
1742955485.116403,9008,1742955485,116248345,ft_sensor0_wrench,0.22945308685302734,-0.07261085510253906,0.021338462829589844,-4.0918588638305664e-05,-0.00035132840275764465,-0.00037582218647003174
1742955485.1230772,9009,1742955485,122918782,ft_sensor0_wrench,0.21952152252197266,-0.05509376525878906,-0.0017118453979492188,0.0004627108573913574,-0.0005740560591220856,-0.0001548677682876587
1742955485.1296818,9010,1742955485,129580574,ft_sensor0_wrench,0.24883079528808594,-0.056659698486328125,-0.0732889175415039,0.0004538595676422119,-0.0009686760604381561,-0.0003695935010910034
1742955485.136327,9011,1742955485,136248846,ft_sensor0_wrench,0.1959395408630371,-0.08749580383300781,-0.07295989990234375,-1.8775463104248047e-05,-0.00017318874597549438,-0.00039674341678619385
1742955485.1430585,9012,1742955485,142920640,ft_sensor0_wrench,0.20567607879638672,-0.13220787048339844,-0.02246570587158203,-0.0018071532249450684,-0.0007196329534053802,6.765127182006836e-05
1742955485.1496367,9013,1742955485,149579253,ft_sensor0_wrench,0.26770782470703125,-0.14720916748046875,0.002083301544189453,-0.0022642016410827637,-0.002021927386522293,-0.0001373887062072754
1742955485.1563022,9014,1742955485,156246811,ft_sensor0_wrench,0.20630550384521484,-0.06880378723144531,-0.02237558364868164,-0.0008230805397033691,-0.0007576122879981995,0.00010052323341369629
1742955485.1630454,9015,1742955485,162915376,ft_sensor0_wrench,0.24868297576904297,-0.05607032775878906,-0.04791975021362305,-0.000413358211517334,-0.0009947344660758972,-0.00033530592918395996
1742955485.1696475,9016,1742955485,169579715,ft_sensor0_wrench,0.26927757263183594,-0.05607032775878906,-0.0250244140625,1.3142824172973633e-05,-0.0013043209910392761,-0.00012756884098052979
1742955485.1763093,9017,1742955485,176248375,ft_sensor0_wrench,0.23447418212890625,-0.0553131103515625,-0.024693012237548828,2.893805503845215e-05,-0.0007911846041679382,8.605420589447021e-05
1742955485.1830335,9018,1742955485,182930050,ft_sensor0_wrench,0.2263174057006836,-0.10442161560058594,-0.0016446113586425781,-0.0009631216526031494,-0.00028610602021217346,-0.00037567317485809326
1742955485.1896658,9019,1742955485,189578771,ft_sensor0_wrench,0.2661418914794922,-0.08788108825683594,-0.048007965087890625,-0.0009090304374694824,-0.001239098608493805,-0.00012740492820739746
1742955485.1963053,9020,1742955485,196247279,ft_sensor0_wrench,0.1882171630859375,-0.10039710998535156,-0.022377490997314453,-0.0013115108013153076,-0.0004752613604068756,-0.00014024972915649414
1742955485.2030318,9021,1742955485,202918646,ft_sensor0_wrench,0.1458873748779297,-0.08534431457519531,0.0010919570922851562,-0.0013036727905273438,0.0005049668252468109,-0.0003554821014404297
1742955485.209714,9022,1742955485,209580768,ft_sensor0_wrench,0.22439336776733398,-0.03721046447753906,-0.022373199462890625,-0.00033465027809143066,-0.0010399632155895233,0.0003412961959838867
1742955485.21636,9023,1742955485,216248985,ft_sensor0_wrench,0.23510313034057617,0.008090972900390625,-0.024602413177490234,0.001013040542602539,-0.0008291713893413544,0.00011892616748809814
1742955485.2230775,9024,1742955485,222928346,ft_sensor0_wrench,0.22615528106689453,-0.06934165954589844,0.0002741813659667969,-0.0004051029682159424,-0.0010536201298236847,-0.0003540217876434326
1742955485.2296467,9025,1742955485,229579357,ft_sensor0_wrench,0.19433975219726562,-0.036182403564453125,0.04895782470703125,-0.000334322452545166,-0.0006317645311355591,-0.00010627508163452148
1742955485.2363975,9026,1742955485,236251770,ft_sensor0_wrench,0.2540140151977539,-0.020181655883789062,0.025244712829589844,0.00013771653175354004,-0.0018807649612426758,-0.00031256675720214844
1742955485.243068,9027,1742955485,242928055,ft_sensor0_wrench,0.20630550384521484,-0.06880378723144531,-0.02237558364868164,-0.0008230805397033691,-0.0007576122879981995,0.00010052323341369629
1742955485.249695,9028,1742955485,249583678,ft_sensor0_wrench,0.17087268829345703,-0.13145065307617188,-0.02213430404663086,-0.0017913579940795898,-0.00020649656653404236,0.00028127431869506836
1742955485.256332,9029,1742955485,256262911,ft_sensor0_wrench,0.12775182723999023,-0.14472198486328125,0.0031633377075195312,-0.002209603786468506,4.420429468154907e-05,5.480647087097168e-05
1742955485.262978,9030,1742955485,262913919,ft_sensor0_wrench,0.20123672485351562,-0.11388397216796875,0.025729656219482422,-0.0013104379177093506,-0.0010608769953250885,0.00028970837593078613
1742955485.2696843,9031,1742955485,269589480,ft_sensor0_wrench,0.20493268966674805,-0.13274765014648438,-0.022711753845214844,-0.001815706491470337,-0.0007060468196868896,-0.0005946457386016846
1742955485.2763388,9032,1742955485,276264725,ft_sensor0_wrench,0.16349554061889648,-0.11774253845214844,-0.024365901947021484,-0.0009321272373199463,0.00028665363788604736,-0.00018186867237091064
1742955485.2829804,9033,1742955485,282914747,ft_sensor0_wrench,0.2360401153564453,-0.11464118957519531,0.02539825439453125,-0.001326233148574829,-0.0015740133821964264,7.608532905578613e-05
1742955485.2896342,9034,1742955485,289579100,ft_sensor0_wrench,0.208648681640625,-0.06531524658203125,0.0024361610412597656,-0.0003269314765930176,-0.0015523694455623627,8.913874626159668e-05
1742955485.2963445,9035,1742955485,296248259,ft_sensor0_wrench,0.20493268966674805,-0.13274765014648438,-0.022711753845214844,-0.001815706491470337,-0.0007060468196868896,-0.0005946457386016846
1742955485.3030171,9036,1742955485,302940099,ft_sensor0_wrench,0.19579219818115234,-0.08690834045410156,-0.04759025573730469,-0.0008859932422637939,-0.00019924715161323547,-0.0003624558448791504
1742955485.3096783,9037,1742955485,309579602,ft_sensor0_wrench,0.18158340454101562,-0.08614921569824219,-0.02436351776123047,-0.0004436969757080078,4.302710294723511e-06,5.8904290199279785e-05
1742955485.3163698,9038,1742955485,316261053,ft_sensor0_wrench,0.1641244888305664,-0.05433845520019531,-0.02427530288696289,5.1975250244140625e-05,0.0002486668527126312,-0.00014899671077728271
1742955485.323063,9039,1742955485,322931388,ft_sensor0_wrench,0.20881175994873047,-0.10039520263671875,0.0005173683166503906,-0.0008849799633026123,-0.0007848553359508514,6.750226020812988e-05
1742955485.329664,9040,1742955485,329583405,ft_sensor0_wrench,0.24361419677734375,-0.10115242004394531,0.00018596649169921875,-0.0009007751941680908,-0.0012979917228221893,-0.00014612078666687012
1742955485.3363922,9041,1742955485,336246540,ft_sensor0_wrench,0.18837928771972656,-0.13547706604003906,-0.02429676055908203,-0.001869499683380127,0.0002922527492046356,-0.00016188621520996094
1742955485.3430407,9042,1742955485,342942046,ft_sensor0_wrench,0.19829797744750977,-0.118499755859375,-0.024697303771972656,-0.0009479224681854248,-0.00022648274898529053,-0.00039549171924591064
1742955485.34963,9043,1742955485,349578174,ft_sensor0_wrench,0.20881175994873047,-0.10039520263671875,0.0005173683166503906,-0.0008849799633026123,-0.0007848553359508514,6.750226020812988e-05
1742955485.3563735,9044,1742955485,356245938,ft_sensor0_wrench,0.1534137725830078,-0.099639892578125,-0.02204608917236328,-0.001295715570449829,3.787502646446228e-05,7.337331771850586e-05
1742955485.3629909,9045,1742955485,362918253,ft_sensor0_wrench,0.21544551849365234,-0.11464309692382812,0.002502918243408203,-0.0017527639865875244,-0.0012644194066524506,-0.0001316666603088379
1742955485.369645,9046,1742955485,369580136,ft_sensor0_wrench,0.23290443420410156,-0.146453857421875,0.002414703369140625,-0.002248406410217285,-0.0015087909996509552,7.623434066772461e-05
1742955485.3763578,9047,1742955485,376245787,ft_sensor0_wrench,0.1837778091430664,-0.08207321166992188,0.02581787109375,-0.0008147954940795898,-0.0008165054023265839,8.180737495422363e-05
1742955485.383022,9048,1742955485,382912049,ft_sensor0_wrench,0.2335338592529297,-0.08304786682128906,0.0025048255920410156,-0.001264333724975586,-0.0015467703342437744,0.00010910630226135254
1742955485.3897085,9049,1742955485,389578971,ft_sensor0_wrench,0.16318416595458984,-0.08207321166992188,0.002922534942626953,-0.0012412965297698975,-0.000506918877363205,-0.0001259446144104004
1742955485.396352,9050,1742955485,396253416,ft_sensor0_wrench,0.11342859268188477,-0.08109855651855469,0.02623462677001953,-0.0007917582988739014,0.0002233460545539856,-0.0001532435417175293
1742955485.403031,9051,1742955485,402923993,ft_sensor0_wrench,0.18691349029541016,-0.05026054382324219,0.04880094528198242,0.0001074075698852539,-0.0008817426860332489,8.165836334228516e-05
1742955485.4097123,9052,1742955485,409590400,ft_sensor0_wrench,0.21544551849365234,-0.11464309692382812,0.002502918243408203,-0.0017527639865875244,-0.0012644194066524506,-0.0001316666603088379
1742955485.416304,9053,1742955485,416247483,ft_sensor0_wrench,0.24789142608642578,-0.0843963623046875,-0.04609107971191406,-0.0008394420146942139,-0.0017242617905139923,-0.0003465414047241211
1742955485.4230344,9054,1742955485,422932700,ft_sensor0_wrench,0.19637298583984375,-0.05128669738769531,-0.0454258918762207,-0.00031942129135131836,-0.0009803399443626404,0.00032147765159606934
1742955485.4296765,9055,1742955485,429583318,ft_sensor0_wrench,0.15654945373535156,-0.06782722473144531,0.0009369850158691406,-0.00037354230880737305,-2.734735608100891e-05,7.322430610656738e-05
1742955485.4363074,9056,1742955485,436249360,ft_sensor0_wrench,0.20630550384521484,-0.06880378723144531,-0.02237558364868164,-0.0008230805397033691,-0.0007576122879981995,0.00010052323341369629
1742955485.4430401,9057,1742955485,442914862,ft_sensor0_wrench,0.19135284423828125,-0.06858444213867188,0.0006055831909179688,-0.00038930773735046387,-0.0005404837429523468,-0.00014039874076843262
1742955485.4496543,9058,1742955485,449582201,ft_sensor0_wrench,0.20190048217773438,0.011796951293945312,0.0002951622009277344,0.0015163719654083252,-0.001097213476896286,-0.0003411322832107544
1742955485.4563262,9059,1742955485,456248972,ft_sensor0_wrench,0.26848506927490234,-0.08439445495605469,-0.023195743560791016,-0.00041291117668151855,-0.002033848315477371,-0.00013878941535949707
1742955485.4630775,9060,1742955485,462941931,ft_sensor0_wrench,0.24361419677734375,-0.10115242004394531,0.00018596649169921875,-0.0009007751941680908,-0.0012979917228221893,-0.00014612078666687012
1742955485.4696608,9061,1742955485,469583164,ft_sensor0_wrench,0.1845693588256836,-0.05374908447265625,0.023989200592041016,-0.00038871169090270996,-8.697807788848877e-05,9.304285049438477e-05
1742955485.476336,9062,1742955485,476248877,ft_sensor0_wrench,0.2130880355834961,-0.08363914489746094,-0.04575920104980469,-0.0008236467838287354,-0.0012111254036426544,-0.0001329183578491211
1742955485.483012,9063,1742955485,482941836,ft_sensor0_wrench,0.19579219818115234,-0.08690834045410156,-0.04759025573730469,-0.0008859932422637939,-0.00019924715161323547,-0.0003624558448791504
1742955485.4896612,9064,1742955485,489580574,ft_sensor0_wrench,0.19967174530029297,-0.05455589294433594,-0.024361610412597656,4.4733285903930664e-05,-0.00027804821729660034,0.0002996772527694702
1742955485.4963658,9065,1742955485,496250039,ft_sensor0_wrench,0.13846158981323242,-0.09942054748535156,0.000934600830078125,-0.0008619725704193115,0.00025500357151031494,-0.00016754865646362305
1742955485.503053,9066,1742955485,502931579,ft_sensor0_wrench,0.19500017166137695,-0.11523246765136719,-0.0457615852355957,-0.0013120770454406738,-0.0009287744760513306,-0.0003736913204193115
1742955485.5097418,9067,1742955485,509593207,ft_sensor0_wrench,0.22066307067871094,-0.07015037536621094,-0.07097196578979492,-0.0003981590270996094,-0.0009351037442684174,-0.00035512447357177734
1742955485.5164213,9068,1742955485,516249219,ft_sensor0_wrench,0.22615528106689453,-0.06934165954589844,0.0002741813659667969,-0.0004051029682159424,-0.0010536201298236847,-0.0003540217876434326
1742955485.523081,9069,1742955485,522934849,ft_sensor0_wrench,0.20881175994873047,-0.10039520263671875,0.0005173683166503906,-0.0008849799633026123,-0.0007848553359508514,6.750226020812988e-05
1742955485.529662,9070,1742955485,529582561,ft_sensor0_wrench,0.18221282958984375,-0.022745132446289062,-0.024273395538330078,0.0005404055118560791,-3.368407487869263e-05,9.177625179290771e-05
1742955485.5363762,9071,1742955485,536271095,ft_sensor0_wrench,0.18221282958984375,-0.022745132446289062,-0.024273395538330078,0.0005404055118560791,-3.368407487869263e-05,9.177625179290771e-05
1742955485.5430288,9072,1742955485,542916544,ft_sensor0_wrench,0.1616191864013672,-0.022745132446289062,-0.047168731689453125,0.00011387467384338379,0.0002759099006652832,-0.00011596083641052246
1742955485.5496967,9073,1742955485,549580065,ft_sensor0_wrench,0.20708370208740234,-0.0059871673583984375,-0.04765510559082031,0.0010282397270202637,-0.0007695406675338745,9.910762310028076e-05
1742955485.5564091,9074,1742955485,556249120,ft_sensor0_wrench,0.24109554290771484,-0.035068511962890625,-0.0461578369140625,0.0005863606929779053,-0.0020122118294239044,-0.00012573599815368652
1742955485.5630722,9075,1742955485,562917915,ft_sensor0_wrench,0.22536420822143555,-0.09766578674316406,0.002102375030517578,-0.0008311569690704346,-0.0017831549048423767,-0.00036525726318359375
1742955485.5696447,9076,1742955485,569580608,ft_sensor0_wrench,0.20049333572387695,-0.11442375183105469,0.025484085083007812,-0.0013189911842346191,-0.001047290861606598,-0.0003725886344909668
1742955485.576372,9077,1742955485,576249331,ft_sensor0_wrench,0.19072389602661133,-0.131988525390625,0.000514984130859375,-0.0013734102249145508,-0.0005025044083595276,-0.00017327070236206055
1742955485.583048,9078,1742955485,582931960,ft_sensor0_wrench,0.16349554061889648,-0.11774253845214844,-0.024365901947021484,-0.0009321272373199463,0.00028665363788604736,-0.00018186867237091064
1742955485.5897202,9079,1742955485,589582113,ft_sensor0_wrench,0.22239160537719727,-0.16455841064453125,-0.022799968719482422,-0.0023113787174224854,-0.0009504184126853943,-0.00038674473762512207
1742955485.5963814,9080,1742955485,596249427,ft_sensor0_wrench,0.26848506927490234,-0.08439445495605469,-0.023195743560791016,-0.00041291117668151855,-0.002033848315477371,-0.00013878941535949707
1742955485.603093,9081,1742955485,602942362,ft_sensor0_wrench,0.2313394546508789,-0.08712387084960938,-0.04767656326293945,-0.0008932352066040039,-0.000725962221622467,8.621811866760254e-05
1742955485.609704,9082,1742955485,609581298,ft_sensor0_wrench,0.22318172454833984,-0.13623428344726562,-0.024628162384033203,-0.0018852949142456055,-0.00022088363766670227,-0.00037550926208496094
1742955485.6164505,9083,1742955485,616270256,ft_sensor0_wrench,0.20570993423461914,-0.0699310302734375,-0.04799079895019531,3.55839729309082e-05,-0.0007179751992225647,-0.0005960613489151001
1742955485.6230767,9084,1742955485,622915297,ft_sensor0_wrench,0.1989269256591797,-0.055095672607421875,-0.024606704711914062,3.618001937866211e-05,-0.00026446953415870667,-0.0003626197576522827
1742955485.629658,9085,1742955485,629585142,ft_sensor0_wrench,0.17012929916381836,-0.1319904327392578,-0.02237987518310547,-0.001799941062927246,-0.00019291043281555176,-0.00038102269172668457
1742955485.6364229,9086,1742955485,636247430,ft_sensor0_wrench,0.2080674171447754,-0.10093498229980469,0.00027179718017578125,-0.0008935332298278809,-0.0007712692022323608,-0.000594794750213623
1742955485.643051,9087,1742955485,642914583,ft_sensor0_wrench,0.19500017166137695,-0.11523246765136719,-0.0457615852355957,-0.0013120770454406738,-0.0009287744760513306,-0.0003736913204193115
1742955485.649669,9088,1742955485,649580395,ft_sensor0_wrench,0.16019678115844727,-0.11447525024414062,-0.04543018341064453,-0.0012962818145751953,-0.0004156380891799927,-0.00016006827354431152
1742955485.6563542,9089,1742955485,656248079,ft_sensor0_wrench,0.19135284423828125,-0.06858444213867188,0.0006055831909179688,-0.00038930773735046387,-0.0005404837429523468,-0.00014039874076843262
1742955485.663325,9090,1742955485,662934543,ft_sensor0_wrench,0.19135284423828125,-0.06858444213867188,0.0006055831909179688,-0.00038930773735046387,-0.0005404837429523468,-0.00014039874076843262
1742955485.6696608,9091,1742955485,669580081,ft_sensor0_wrench,0.18158340454101562,-0.08614921569824219,-0.02436351776123047,-0.0004436969757080078,4.302710294723511e-06,5.8904290199279785e-05
1742955485.6764047,9092,1742955485,676250718,ft_sensor0_wrench,0.18158340454101562,-0.08614921569824219,-0.02436351776123047,-0.0004436969757080078,4.302710294723511e-06,5.8904290199279785e-05
1742955485.6830952,9093,1742955485,682941757,ft_sensor0_wrench,0.19829797744750977,-0.118499755859375,-0.024697303771972656,-0.0009479224681854248,-0.00022648274898529053,-0.00039549171924591064
1742955485.6897058,9094,1742955485,689585148,ft_sensor0_wrench,0.2163858413696289,-0.08690643310546875,-0.02469491958618164,-0.00045949220657348633,-0.0005088336765766144,-0.00015471875667572021
1742955485.6963882,9095,1742955485,696248206,ft_sensor0_wrench,0.2163858413696289,-0.08690643310546875,-0.02469491958618164,-0.00045949220657348633,-0.0005088336765766144,-0.00015471875667572021
1742955485.7030842,9096,1742955485,702932210,ft_sensor0_wrench,0.19829797744750977,-0.118499755859375,-0.024697303771972656,-0.0009479224681854248,-0.00022648274898529053,-0.00039549171924591064
1742955485.709735,9097,1742955485,709609165,ft_sensor0_wrench,0.24883079528808594,-0.056659698486328125,-0.0732889175415039,0.0004538595676422119,-0.0009686760604381561,-0.0003695935010910034
1742955485.716387,9098,1742955485,716270287,ft_sensor0_wrench,0.2760601043701172,-0.07090568542480469,-0.04840803146362305,1.2576580047607422e-05,-0.001757834106683731,-0.00036101043224334717
1742955485.723033,9099,1742955485,722916161,ft_sensor0_wrench,0.2412567138671875,-0.07014846801757812,-0.048076629638671875,2.8371810913085938e-05,-0.0012446977198123932,-0.00014738738536834717
1742955485.72974,9100,1742955485,729579706,ft_sensor0_wrench,0.2130880355834961,-0.08363914489746094,-0.04575920104980469,-0.0008236467838287354,-0.0012111254036426544,-0.0001329183578491211
1742955485.736367,9101,1742955485,736271804,ft_sensor0_wrench,0.188995361328125,-0.03758049011230469,-0.047657012939453125,0.0005398094654083252,-0.00048718973994255066,-0.00014166533946990967
1742955485.7430358,9102,1742955485,742917161,ft_sensor0_wrench,0.2412567138671875,-0.07014846801757812,-0.048076629638671875,2.8371810913085938e-05,-0.0012446977198123932,-0.00014738738536834717
1742955485.7496707,9103,1742955485,749582906,ft_sensor0_wrench,0.2404794692993164,-0.132965087890625,-0.022797584533691406,-0.0018229484558105469,-0.0012327693402767181,-0.00014597177505493164
1742955485.7563794,9104,1742955485,756250915,ft_sensor0_wrench,0.1578531265258789,-0.11796379089355469,-0.07024145126342773,-0.0017923712730407715,0.0003791116178035736,-0.00014868378639221191
1742955485.7630458,9105,1742955485,762932712,ft_sensor0_wrench,0.17844772338867188,-0.11796188354492188,-0.04734659194946289,-0.0013658702373504639,6.95250928401947e-05,5.906820297241211e-05
1742955485.7696395,9106,1742955485,769579925,ft_sensor0_wrench,0.23812198638916016,-0.10196113586425781,-0.0710601806640625,-0.0008938014507293701,-0.001179475337266922,-0.00014722347259521484
1742955485.776344,9107,1742955485,776250359,ft_sensor0_wrench,0.2349863052368164,-0.1337718963623047,-0.09404325485229492,-0.0018160045146942139,-0.0011142529547214508,-0.00014707446098327637
1742955485.7831066,9108,1742955485,782941501,ft_sensor0_wrench,0.19500017166137695,-0.11523246765136719,-0.0457615852355957,-0.0013120770454406738,-0.0009287744760513306,-0.0003736913204193115
1742955485.789646,9109,1742955485,789581469,ft_sensor0_wrench,0.23733091354370117,-0.13028526306152344,-0.06923151016235352,-0.0013199150562286377,-0.001909002661705017,-0.00015845894813537598
1742955485.7963471,9110,1742955485,796265383,ft_sensor0_wrench,0.23373031616210938,-0.05585289001464844,-0.024938106536865234,2.0384788513183594e-05,-0.0007776059210300446,-0.0005762428045272827
1742955485.8030066,9111,1742955485,802915863,ft_sensor0_wrench,0.18915748596191406,-0.072662353515625,-0.0495758056640625,-1.8209218978881836e-05,0.00028031691908836365,-0.00016330182552337646
1742955485.809655,9112,1742955485,809583600,ft_sensor0_wrench,0.18083906173706055,-0.08668899536132812,-0.024609088897705078,-0.00045225024223327637,1.7881393432617188e-05,-0.0006033927202224731
1742955485.8163426,9113,1742955485,816265384,ft_sensor0_wrench,0.17012929916381836,-0.1319904327392578,-0.02237987518310547,-0.001799941062927246,-0.00019291043281555176,-0.00038102269172668457
1742955485.823033,9114,1742955485,822915965,ft_sensor0_wrench,0.25934505462646484,-0.03855323791503906,-0.04807472229003906,0.0005168020725250244,-0.001527048647403717,9.338557720184326e-05
1742955485.8296902,9115,1742955485,829579718,ft_sensor0_wrench,0.2972841262817383,-0.00749969482421875,-0.025423049926757812,0.001423180103302002,-0.002105407416820526,-0.00012038648128509521
1742955485.8363771,9116,1742955485,836250419,ft_sensor0_wrench,0.23875141143798828,-0.038555145263671875,-0.07097005844116211,9.02712345123291e-05,-0.0012174546718597412,-0.00011435151100158691
1742955485.8430321,9117,1742955485,842916608,ft_sensor0_wrench,0.19327354431152344,-0.020822525024414062,-0.0939340591430664,0.0006011128425598145,-0.0009134672582149506,-0.0003420710563659668
1742955485.8497,9118,1742955485,849579905,ft_sensor0_wrench,0.22061538696289062,-0.09793472290039062,-0.06889772415161133,-0.0008156895637512207,-0.001678217202425003,0.00029593706130981445
1742955485.8563795,9119,1742955485,856250203,ft_sensor0_wrench,0.19516324996948242,-0.1503124237060547,-0.04768085479736328,-0.0018700957298278809,-0.00016126036643981934,-0.0003953278064727783
1742955485.8630545,9120,1742955485,862930766,ft_sensor0_wrench,0.2208251953125,-0.10523033142089844,-0.0728907585144043,-0.0009561777114868164,-0.00016759708523750305,-0.00037676095962524414
1742955485.8696492,9121,1742955485,869582017,ft_sensor0_wrench,0.26927757263183594,-0.05607032775878906,-0.0250244140625,1.3142824172973633e-05,-0.0013043209910392761,-0.00012756884098052979
1742955485.8764036,9122,1742955485,876284026,ft_sensor0_wrench,0.22066307067871094,-0.07015037536621094,-0.07097196578979492,-0.0003981590270996094,-0.0009351037442684174,-0.00035512447357177734
1742955485.8830783,9123,1742955485,882933527,ft_sensor0_wrench,0.2025752067565918,-0.10174369812011719,-0.07097434997558594,-0.0008865892887115479,-0.0006527528166770935,-0.0005958974361419678
1742955485.8896556,9124,1742955485,889583057,ft_sensor0_wrench,0.1926565170288086,-0.11871910095214844,-0.07057332992553711,-0.00180816650390625,-0.00013402476906776428,-0.0003623068332672119
1742955485.8963084,9125,1742955485,896247036,ft_sensor0_wrench,0.21325111389160156,-0.11871910095214844,-0.047678470611572266,-0.0013816654682159424,-0.0004436112940311432,-0.0001545548439025879
1742955485.903012,9126,1742955485,902915768,ft_sensor0_wrench,0.26927757263183594,-0.05607032775878906,-0.0250244140625,1.3142824172973633e-05,-0.0013043209910392761,-0.00012756884098052979
1742955485.9096568,9127,1742955485,909581818,ft_sensor0_wrench,0.2313394546508789,-0.08712387084960938,-0.04767656326293945,-0.0008932352066040039,-0.000725962221622467,8.621811866760254e-05
1742955485.9163458,9128,1742955485,916247234,ft_sensor0_wrench,0.22376441955566406,-0.10061454772949219,-0.02246379852294922,-0.0013187229633331299,-0.001001983880996704,0.0003084242343902588
1742955485.922987,9129,1742955485,922915888,ft_sensor0_wrench,0.16725921630859375,-0.022527694702148438,-0.0012917518615722656,0.0009741485118865967,0.0001834295690059662,-0.0001491457223892212
1742955485.9296486,9130,1742955485,929579916,ft_sensor0_wrench,0.19579219818115234,-0.08690834045410156,-0.04759025573730469,-0.0008859932422637939,-0.00019924715161323547,-0.0003624558448791504
1742955485.936324,9131,1742955485,936248047,ft_sensor0_wrench,0.2510395050048828,-0.08707618713378906,0.0003428459167480469,-0.001342475414276123,-0.0010480210185050964,-0.00033405423164367676
1742955485.943027,9132,1742955485,942951335,ft_sensor0_wrench,0.2910604476928711,-0.04334068298339844,-0.07346343994140625,-3.6656856536865234e-06,-0.001231849193572998,-0.0007711350917816162
1742955485.949674,9133,1742955485,949585775,ft_sensor0_wrench,0.2230205535888672,-0.10115432739257812,-0.022709369659423828,-0.0013272762298583984,-0.0009883977472782135,-0.00035387277603149414
1742955485.9563265,9134,1742955485,956248083,ft_sensor0_wrench,0.26581859588623047,-0.017719268798828125,-0.044170379638671875,0.00020700693130493164,-0.0027741268277168274,-8.413195610046387e-05
1742955485.9630425,9135,1742955485,962915262,ft_sensor0_wrench,0.22066307067871094,-0.07015037536621094,-0.07097196578979492,-0.0003981590270996094,-0.0009351037442684174,-0.00035512447357177734
1742955485.9696777,9136,1742955485,969582542,ft_sensor0_wrench,0.2412700653076172,-0.10464096069335938,-0.02462625503540039,-0.001396864652633667,-0.0005032345652580261,-0.0001347362995147705
1742955485.9764812,9137,1742955485,976284771,ft_sensor0_wrench,0.2412700653076172,-0.10464096069335938,-0.02462625503540039,-0.001396864652633667,-0.0005032345652580261,-0.0001347362995147705
1742955485.9830985,9138,1742955485,982913526,ft_sensor0_wrench,0.23891353607177734,-0.07363700866699219,-0.07288885116577148,-0.00046774744987487793,-0.0004499480128288269,-0.0001359879970550537
1742955485.989652,9139,1742955485,989580857,ft_sensor0_wrench,0.28406763076782227,-0.021207809448242188,-0.046086788177490234,0.00013741850852966309,-0.00228896364569664,0.00013500452041625977
1742955485.9963152,9140,1742955485,996248259,ft_sensor0_wrench,0.2667708396911621,-0.024477005004882812,-0.04791736602783203,7.507205009460449e-05,-0.001277085393667221,-9.453296661376953e-05
1742955486.003075,9141,1742955486,2919130,ft_sensor0_wrench,0.2064676284790039,-0.10388374328613281,-0.02429485321044922,-0.0013810694217681885,9.901821613311768e-06,7.888674736022949e-05
1742955486.009672,9142,1742955486,9580304,ft_sensor0_wrench,0.2510261535644531,-0.05258369445800781,-0.023107528686523438,8.273124694824219e-05,-0.0017894841730594635,-0.00034669041633605957
1742955486.01637,9143,1742955486,16247098,ft_sensor0_wrench,0.28269386291503906,-0.08515357971191406,-0.046422481536865234,-0.0008552372455596924,-0.00223739817738533,-0.0005601644515991211
1742955486.02304,9144,1742955486,22915975,ft_sensor0_wrench,0.19500017166137695,-0.11523246765136719,-0.0457615852355957,-0.0013120770454406738,-0.0009287744760513306,-0.0003736913204193115
1742955486.0296807,9145,1742955486,29593529,ft_sensor0_wrench,0.27292442321777344,-0.10271835327148438,-0.07139158248901367,-0.0009095966815948486,-0.0016926117241382599,-0.00036084651947021484
1742955486.0363984,9146,1742955486,36251369,ft_sensor0_wrench,0.2661418914794922,-0.08788108825683594,-0.048007965087890625,-0.0009090304374694824,-0.001239098608493805,-0.00012740492820739746
1742955486.0430825,9147,1742955486,42944108,ft_sensor0_wrench,0.23447418212890625,-0.0553131103515625,-0.024693012237548828,2.893805503845215e-05,-0.0007911846041679382,8.605420589447021e-05
1742955486.0497372,9148,1742955486,49581368,ft_sensor0_wrench,0.19135284423828125,-0.06858444213867188,0.0006055831909179688,-0.00038930773735046387,-0.0005404837429523468,-0.00014039874076843262
1742955486.0564487,9149,1742955486,56264127,ft_sensor0_wrench,0.2510395050048828,-0.08707618713378906,0.0003428459167480469,-0.001342475414276123,-0.0010480210185050964,-0.00033405423164367676
1742955486.0630488,9150,1742955486,62931390,ft_sensor0_wrench,0.2661418914794922,-0.08788108825683594,-0.048007965087890625,-0.0009090304374694824,-0.001239098608493805,-0.00012740492820739746
1742955486.0696743,9151,1742955486,69586824,ft_sensor0_wrench,0.24805355072021484,-0.119476318359375,-0.04800987243652344,-0.001397460699081421,-0.0009567476809024811,-0.0003681778907775879
1742955486.0763404,9152,1742955486,76252577,ft_sensor0_wrench,0.2752819061279297,-0.13372230529785156,-0.023128986358642578,-0.0018387436866760254,-0.001745905727148056,-0.00035959482192993164
1742955486.083023,9153,1742955486,82934878,ft_sensor0_wrench,0.2588768005371094,-0.1370410919189453,-0.050083160400390625,-0.0010253190994262695,-0.0007215477526187897,3.889203071594238e-05
1742955486.0896912,9154,1742955486,89580077,ft_sensor0_wrench,0.20913314819335938,-0.17055892944335938,-0.0033202171325683594,-0.0020009875297546387,0.000750172883272171,2.422928810119629e-05
1742955486.0963519,9155,1742955486,96248226,ft_sensor0_wrench,0.20139789581298828,-0.14896583557128906,0.02381134033203125,-0.0018684566020965576,-0.00029335543513298035,0.00026807188987731934
1742955486.103109,9156,1742955486,102934950,ft_sensor0_wrench,0.26186370849609375,-0.10463905334472656,-0.0017309188842773438,-0.0009703338146209717,-0.000812828540802002,7.301568984985352e-05
1742955486.1097374,9157,1742955486,109584098,ft_sensor0_wrench,0.2412700653076172,-0.10464096069335938,-0.02462625503540039,-0.001396864652633667,-0.0005032345652580261,-0.0001347362995147705
1742955486.116418,9158,1742955486,116289761,ft_sensor0_wrench,0.26927757263183594,-0.05607032775878906,-0.0250244140625,1.3142824172973633e-05,-0.0013043209910392761,-0.00012756884098052979
1742955486.1231353,9159,1742955486,122934265,ft_sensor0_wrench,0.26630306243896484,-0.12296295166015625,-0.0499267578125,-0.0014670193195343018,-0.0004715844988822937,-0.00014904141426086426
1742955486.1296403,9160,1742955486,129579115,ft_sensor0_wrench,0.23608684539794922,-0.08685684204101562,0.02332448959350586,-0.0009087324142456055,-0.0008308924734592438,-0.0005749762058258057
1742955486.1363184,9161,1742955486,136248012,ft_sensor0_wrench,0.23295116424560547,-0.11866950988769531,0.0003409385681152344,-0.0018309056758880615,-0.0007656700909137726,-0.0005748271942138672
1742955486.143026,9162,1742955486,142913525,ft_sensor0_wrench,0.27841758728027344,-0.10190963745117188,-0.00014543533325195312,-0.0009165704250335693,-0.0018111281096935272,-0.0003597438335418701
1742955486.1496425,9163,1742955486,149579553,ft_sensor0_wrench,0.2759113311767578,-0.07031631469726562,-0.023038864135742188,-0.0008546411991119385,-0.0017838850617408752,-0.0003267228603363037
1742955486.1563132,9164,1742955486,156246286,ft_sensor0_wrench,0.2873654365539551,-0.024477005004882812,-0.025022029876708984,0.0005015730857849121,-0.0015866719186306,0.00011320412158966064
1742955486.1631334,9165,1742955486,162932460,ft_sensor0_wrench,0.2094411849975586,-0.036991119384765625,0.0006074905395507812,9.912252426147461e-05,-0.0008228346705436707,0.00010037422180175781
1742955486.1696386,9166,1742955486,169578878,ft_sensor0_wrench,0.3048233985900879,-0.05628776550292969,-0.025110244750976562,5.930662155151367e-06,-0.0018310435116291046,0.000321120023727417
1742955486.1763222,9167,1742955486,176247449,ft_sensor0_wrench,0.26911449432373047,-0.02098846435546875,-0.023105621337890625,0.0005711615085601807,-0.0020718351006507874,-0.00010591745376586914
1742955486.183038,9168,1742955486,182933042,ft_sensor0_wrench,0.2759113311767578,-0.07031631469726562,-0.023038864135742188,-0.0008546411991119385,-0.0017838850617408752,-0.0003267228603363037
1742955486.18967,9169,1742955486,189578938,ft_sensor0_wrench,0.24036502838134766,-0.070098876953125,-0.022952556610107422,-0.0008474290370941162,-0.0012571699917316437,-0.0007753968238830566
1742955486.196312,9170,1742955486,196246434,ft_sensor0_wrench,0.20630550384521484,-0.06880378723144531,-0.02237558364868164,-0.0008230805397033691,-0.0007576122879981995,0.00010052323341369629
1742955486.2030582,9171,1742955486,202912781,ft_sensor0_wrench,0.20583724975585938,-0.16728973388671875,-0.024384498596191406,-0.0023651421070098877,4.788115620613098e-05,4.601478576660156e-05
1742955486.2096503,9172,1742955486,209585322,ft_sensor0_wrench,0.18080425262451172,-0.14896583557128906,0.0009160041809082031,-0.002294987440109253,1.623108983039856e-05,6.031990051269531e-05
1742955486.2163916,9173,1742955486,216265706,ft_sensor0_wrench,0.22297191619873047,-0.128936767578125,-0.020635604858398438,-0.001744776964187622,-0.0017315112054347992,0.00029718875885009766
1742955486.2231495,9174,1742955486,222924749,ft_sensor0_wrench,0.2865734100341797,-0.052799224853515625,-0.023193836212158203,7.551908493041992e-05,-0.002316199243068695,0.00010198354721069336
1742955486.2297187,9175,1742955486,229583531,ft_sensor0_wrench,0.2965059280395508,-0.07031631469726562,-0.00014352798461914062,-0.00042814016342163086,-0.002093479037284851,-0.00011897087097167969
1742955486.2365053,9176,1742955486,236256520,ft_sensor0_wrench,0.16020965576171875,-0.14896774291992188,-0.02197885513305664,-0.0027214884757995605,0.00032581761479377747,-0.00014741718769073486
1742955486.243067,9177,1742955486,242925113,ft_sensor0_wrench,0.21623706817626953,-0.0863189697265625,0.0006742477416992188,-0.0013266801834106445,-0.0005348846316337585,-0.00012043118476867676
1742955486.2496471,9178,1742955486,249578657,ft_sensor0_wrench,0.26405906677246094,-0.10056114196777344,0.04844999313354492,-0.0013414323329925537,-0.0016336366534233093,9.590387344360352e-05
1742955486.2563019,9179,1742955486,256245687,ft_sensor0_wrench,0.24361419677734375,-0.10115242004394531,0.00018596649169921875,-0.0009007751941680908,-0.0012979917228221893,-0.00014612078666687012
1742955486.2630575,9180,1742955486,262924275,ft_sensor0_wrench,0.2412567138671875,-0.07014846801757812,-0.048076629638671875,2.8371810913085938e-05,-0.0012446977198123932,-0.00014738738536834717
1742955486.2696505,9181,1742955486,269581428,ft_sensor0_wrench,0.23812198638916016,-0.10196113586425781,-0.0710601806640625,-0.0008938014507293701,-0.001179475337266922,-0.00014722347259521484
1742955486.2763155,9182,1742955486,276248382,ft_sensor0_wrench,0.2138805389404297,-0.0553131103515625,-0.047588348388671875,-0.00039756298065185547,-0.0004815980792045593,-0.00012168288230895996
1742955486.2830603,9183,1742955486,282915405,ft_sensor0_wrench,0.24110889434814453,-0.06955909729003906,-0.022707462310791016,-0.00083884596824646,-0.0012707486748695374,-0.00011309981346130371
1742955486.289716,9184,1742955486,289581755,ft_sensor0_wrench,0.24863529205322266,-0.08385467529296875,-0.04584550857543945,-0.0008308887481689453,-0.001737840473651886,0.00031575560569763184
1742955486.2963371,9185,1742955486,296250242,ft_sensor0_wrench,0.25856781005859375,-0.10136985778808594,-0.022795677185058594,-0.0013345181941986084,-0.001515120267868042,9.480118751525879e-05
1742955486.3030496,9186,1742955486,302939041,ft_sensor0_wrench,0.2965059280395508,-0.07031631469726562,-0.00014352798461914062,-0.00042814016342163086,-0.002093479037284851,-0.00011897087097167969
1742955486.3097982,9187,1742955486,309587683,ft_sensor0_wrench,0.24110889434814453,-0.06955909729003906,-0.022707462310791016,-0.00083884596824646,-0.0012707486748695374,-0.00011309981346130371
1742955486.3164415,9188,1742955486,316259187,ft_sensor0_wrench,0.22615528106689453,-0.06934165954589844,0.0002741813659667969,-0.0004051029682159424,-0.0010536201298236847,-0.0003540217876434326
1742955486.3230932,9189,1742955486,322937271,ft_sensor0_wrench,0.19214344024658203,-0.04026031494140625,-0.0012230873107910156,3.6776065826416016e-05,0.0001890435814857483,-0.00012917816638946533
1742955486.329656,9190,1742955486,329580309,ft_sensor0_wrench,0.2510395050048828,-0.08707618713378906,0.0003428459167480469,-0.001342475414276123,-0.0010480210185050964,-0.00033405423164367676
1742955486.3363898,9191,1742955486,336245660,ft_sensor0_wrench,0.26405906677246094,-0.10056114196777344,0.04844999313354492,-0.0013414323329925537,-0.0016336366534233093,9.590387344360352e-05
1742955486.3430917,9192,1742955486,342931280,ft_sensor0_wrench,0.29337024688720703,-0.1021270751953125,-0.023127079010009766,-0.001350313425064087,-0.00202825665473938,-0.00011882185935974121
1742955486.3496535,9193,1742955486,349579766,ft_sensor0_wrench,0.25543212890625,-0.13318252563476562,-0.045778751373291016,-0.0022566914558410645,-0.0014498978853225708,9.495019912719727e-05
1742955486.3563254,9194,1742955486,356247279,ft_sensor0_wrench,0.1890087127685547,-0.07207298278808594,-0.02420663833618164,-0.00088539719581604,0.0002542659640312195,-0.000129014253616333
1742955486.363068,9195,1742955486,362929310,ft_sensor0_wrench,0.2661418914794922,-0.08788108825683594,-0.048007965087890625,-0.0009090304374694824,-0.001239098608493805,-0.00012740492820739746
1742955486.3696828,9196,1742955486,369579366,ft_sensor0_wrench,0.24361419677734375,-0.10115242004394531,0.00018596649169921875,-0.0009007751941680908,-0.0012979917228221893,-0.00014612078666687012
1742955486.3763857,9197,1742955486,376245956,ft_sensor0_wrench,0.26107215881347656,-0.132965087890625,9.775161743164062e-05,-0.0013964176177978516,-0.001542355865240097,6.178021430969238e-05
1742955486.3830733,9198,1742955486,382912869,ft_sensor0_wrench,0.2269001007080078,-0.0688018798828125,0.0005192756652832031,-0.00039654970169067383,-0.0010672062635421753,0.0003082752227783203
1742955486.3896616,9199,1742955486,389581714,ft_sensor0_wrench,0.23196840286254883,-0.02371978759765625,-0.04758596420288086,9.086728096008301e-05,-0.0007639490067958832,0.00011909008026123047
1742955486.3963227,9200,1742955486,396246022,ft_sensor0_wrench,0.26927757263183594,-0.05607032775878906,-0.0250244140625,1.3142824172973633e-05,-0.0013043209910392761,-0.00012756884098052979
1742955486.4030557,9201,1742955486,402933991,ft_sensor0_wrench,0.2760601043701172,-0.07090568542480469,-0.04840803146362305,1.2576580047607422e-05,-0.001757834106683731,-0.00036101043224334717
1742955486.4096386,9202,1742955486,409579719,ft_sensor0_wrench,0.23447418212890625,-0.0553131103515625,-0.024693012237548828,2.893805503845215e-05,-0.0007911846041679382,8.605420589447021e-05
1742955486.4163134,9203,1742955486,416246254,ft_sensor0_wrench,0.2511892318725586,-0.08766365051269531,-0.025026321411132812,-0.00047528743743896484,-0.0010219700634479523,-0.0003683418035507202
1742955486.4230623,9204,1742955486,422932382,ft_sensor0_wrench,0.23447418212890625,-0.0553131103515625,-0.024693012237548828,2.893805503845215e-05,-0.0007911846041679382,8.605420589447021e-05
1742955486.4296517,9205,1742955486,429580217,ft_sensor0_wrench,0.2313394546508789,-0.08712387084960938,-0.04767656326293945,-0.0008932352066040039,-0.000725962221622467,8.621811866760254e-05
1742955486.4363697,9206,1742955486,436266841,ft_sensor0_wrench,0.2064676284790039,-0.10388374328613281,-0.02429485321044922,-0.0013810694217681885,9.901821613311768e-06,7.888674736022949e-05
1742955486.443076,9207,1742955486,442935900,ft_sensor0_wrench,0.23369598388671875,-0.11812973022460938,0.0005860328674316406,-0.001822352409362793,-0.0007792562246322632,8.746981620788574e-05
1742955486.4496765,9208,1742955486,449584935,ft_sensor0_wrench,0.22929096221923828,-0.03752899169921875,0.02325725555419922,0.0005170702934265137,-0.0011188425123691559,-0.00035418570041656494
1742955486.4563286,9209,1742955486,456248600,ft_sensor0_wrench,0.27904701232910156,-0.03850555419921875,-5.53131103515625e-05,6.753206253051758e-05,-0.0018491074442863464,-0.0003268718719482422
1742955486.4630735,9210,1742955486,462912745,ft_sensor0_wrench,0.2759113311767578,-0.07031631469726562,-0.023038864135742188,-0.0008546411991119385,-0.0017838850617408752,-0.0003267228603363037
1742955486.4696412,9211,1742955486,469579332,ft_sensor0_wrench,0.24868297576904297,-0.05607032775878906,-0.04791975021362305,-0.000413358211517334,-0.0009947344660758972,-0.00033530592918395996
1742955486.4763434,9212,1742955486,476271234,ft_sensor0_wrench,0.25860118865966797,-0.03909492492675781,-0.04831981658935547,0.0005082190036773682,-0.0015134625136852264,-0.0005689114332199097
1742955486.4830592,9213,1742955486,482949681,ft_sensor0_wrench,0.2617025375366211,-0.06955909729003906,0.00018787384033203125,-0.00041234493255615234,-0.0015803426504135132,9.465217590332031e-05
1742955486.4896622,9214,1742955486,489582165,ft_sensor0_wrench,0.2865734100341797,-0.052799224853515625,-0.023193836212158203,7.551908493041992e-05,-0.002316199243068695,0.00010198354721069336
1742955486.4963787,9215,1742955486,496265946,ft_sensor0_wrench,0.2230205535888672,-0.10115432739257812,-0.022709369659423828,-0.0013272762298583984,-0.0009883977472782135,-0.00035387277603149414
1742955486.5030684,9216,1742955486,502929716,ft_sensor0_wrench,0.17833423614501953,-0.055095672607421875,-0.04750204086303711,-0.0003903508186340332,4.5124441385269165e-05,-0.0005703568458557129
1742955486.5096488,9217,1742955486,509579652,ft_sensor0_wrench,0.19579219818115234,-0.08690834045410156,-0.04759025573730469,-0.0008859932422637939,-0.00019924715161323547,-0.0003624558448791504
1742955486.5163112,9218,1742955486,516246841,ft_sensor0_wrench,0.28343868255615234,-0.08461189270019531,-0.04617738723754883,-0.0008466541767120361,-0.002250976860523224,0.00010213255882263184
1742955486.5230663,9219,1742955486,522931777,ft_sensor0_wrench,0.23812198638916016,-0.10196113586425781,-0.0710601806640625,-0.0008938014507293701,-0.001179475337266922,-0.00014722347259521484
1742955486.5296595,9220,1742955486,529589062,ft_sensor0_wrench,0.23447418212890625,-0.0553131103515625,-0.024693012237548828,2.893805503845215e-05,-0.0007911846041679382,8.605420589447021e-05
1742955486.5363243,9221,1742955486,536256651,ft_sensor0_wrench,0.26927757263183594,-0.05607032775878906,-0.0250244140625,1.3142824172973633e-05,-0.0013043209910392761,-0.00012756884098052979
1742955486.5430608,9222,1742955486,542919914,ft_sensor0_wrench,0.24424362182617188,-0.03774833679199219,0.0002760887145996094,8.33272933959961e-05,-0.0013359710574150085,-0.00011324882507324219
1742955486.5496721,9223,1742955486,549584048,ft_sensor0_wrench,0.2803030014038086,-0.116424560546875,-0.06916046142578125,-0.0017688572406768799,-0.0021857544779777527,0.00010228157043457031
1742955486.556328,9224,1742955486,556271174,ft_sensor0_wrench,0.2175273895263672,-0.10196113586425781,-0.09395503997802734,-0.0013203322887420654,-0.0008698813617229462,-0.00035497546195983887
1742955486.5630412,9225,1742955486,562929812,ft_sensor0_wrench,0.2510395050048828,-0.08707618713378906,0.0003428459167480469,-0.001342475414276123,-0.0010480210185050964,-0.00033405423164367676
1742955486.5696418,9226,1742955486,569580729,ft_sensor0_wrench,0.2609586715698242,-0.070098876953125,-5.7220458984375e-05,-0.0004208981990814209,-0.0015667565166950226,-0.0005676448345184326
1742955486.5763144,9227,1742955486,576246783,ft_sensor0_wrench,0.29337024688720703,-0.1021270751953125,-0.023127079010009766,-0.001350313425064087,-0.00202825665473938,-0.00011882185935974121
1742955486.5830867,9228,1742955486,582966042,ft_sensor0_wrench,0.2752819061279297,-0.13372230529785156,-0.023128986358642578,-0.0018387436866760254,-0.001745905727148056,-0.00035959482192993164
1742955486.589651,9229,1742955486,589581454,ft_sensor0_wrench,0.23295116424560547,-0.11866950988769531,0.0003409385681152344,-0.0018309056758880615,-0.0007656700909137726,-0.0005748271942138672
1742955486.596338,9230,1742955486,596260648,ft_sensor0_wrench,0.23059463500976562,-0.08766555786132812,-0.04792165756225586,-0.0009017884731292725,-0.0007123835384845734,-0.0005760788917541504
1742955486.6030672,9231,1742955486,602943266,ft_sensor0_wrench,0.22318172454833984,-0.13623428344726562,-0.024628162384033203,-0.0018852949142456055,-0.00022088363766670227,-0.00037550926208496094
1742955486.6097217,9232,1742955486,609594942,ft_sensor0_wrench,0.26849842071533203,-0.11888694763183594,0.00025463104248046875,-0.0018381476402282715,-0.001292392611503601,-0.00012615323066711426
1742955486.6163592,9233,1742955486,616269161,ft_sensor0_wrench,0.2404794692993164,-0.132965087890625,-0.022797584533691406,-0.0018229484558105469,-0.0012327693402767181,-0.00014597177505493164
1742955486.6230884,9234,1742955486,622932050,ft_sensor0_wrench,0.18143367767333984,-0.08556175231933594,0.0010061264038085938,-0.0013109147548675537,-2.1755695343017578e-05,9.319186210632324e-05
1742955486.6297345,9235,1742955486,629593437,ft_sensor0_wrench,0.17229318618774414,-0.039722442626953125,-0.02387237548828125,-0.00038120150566101074,0.0004850514233112335,0.0003253817558288574
1742955486.6363912,9236,1742955486,636246404,ft_sensor0_wrench,0.13611698150634766,-0.10290908813476562,-0.023876667022705078,-0.0013580620288848877,0.0010497532784938812,-0.00015616416931152344
1742955486.6430795,9237,1742955486,642943378,ft_sensor0_wrench,0.18837928771972656,-0.13547706604003906,-0.02429676055908203,-0.001869499683380127,0.0002922527492046356,-0.00016188621520996094
1742955486.6497006,9238,1742955486,649580949,ft_sensor0_wrench,0.20960235595703125,-0.07207107543945312,-0.0013113021850585938,-0.0004588961601257324,-5.5320560932159424e-05,7.872283458709717e-05
1742955486.6563597,9239,1742955486,656247112,ft_sensor0_wrench,0.25417518615722656,-0.055263519287109375,0.023326396942138672,-0.000420302152633667,-0.0011132434010505676,-0.00033420324325561523
1742955486.6630833,9240,1742955486,662933594,ft_sensor0_wrench,0.25417518615722656,-0.055263519287109375,0.023326396942138672,-0.000420302152633667,-0.0011132434010505676,-0.00033420324325561523
1742955486.669645,9241,1742955486,669580324,ft_sensor0_wrench,0.26927757263183594,-0.05607032775878906,-0.0250244140625,1.3142824172973633e-05,-0.0013043209910392761,-0.00012756884098052979
1742955486.6763709,9242,1742955486,676254851,ft_sensor0_wrench,0.21701526641845703,-0.023502349853515625,-0.02460479736328125,0.0005246102809906006,-0.0005468204617500305,-0.00012184679508209229
1742955486.68308,9243,1742955486,682936361,ft_sensor0_wrench,0.2525620460510254,-0.02371978759765625,-0.024690628051757812,0.0005173683166503906,-0.001073535531759262,0.00032682716846466064
1742955486.6896882,9244,1742955486,689580934,ft_sensor0_wrench,0.1890087127685547,-0.07207298278808594,-0.02420663833618164,-0.00088539719581604,0.0002542659640312195,-0.000129014253616333
1742955486.6963637,9245,1742955486,696248079,ft_sensor0_wrench,0.21623706817626953,-0.0863189697265625,0.0006742477416992188,-0.0013266801834106445,-0.0005348846316337585,-0.00012043118476867676
1742955486.703052,9246,1742955486,702932474,ft_sensor0_wrench,0.23369598388671875,-0.11812973022460938,0.0005860328674316406,-0.001822352409362793,-0.0007792562246322632,8.746981620788574e-05
1742955486.7096744,9247,1742955486,709582230,ft_sensor0_wrench,0.23797321319580078,-0.10137176513671875,-0.04569053649902344,-0.001761019229888916,-0.0012055262923240662,-0.00011295080184936523
1742955486.7163734,9248,1742955486,716248465,ft_sensor0_wrench,0.21623706817626953,-0.0863189697265625,0.0006742477416992188,-0.0013266801834106445,-0.0005348846316337585,-0.00012043118476867676
1742955486.723054,9249,1742955486,722934683,ft_sensor0_wrench,0.22678565979003906,-0.0059356689453125,0.0003638267517089844,0.0005789697170257568,-0.0010916069149971008,-0.0003211498260498047
1742955486.7297168,9250,1742955486,729580722,ft_sensor0_wrench,0.24424362182617188,-0.03774833679199219,0.0002760887145996094,8.33272933959961e-05,-0.0013359710574150085,-0.00011324882507324219
1742955486.7363627,9251,1742955486,736246770,ft_sensor0_wrench,0.3213768005371094,-0.05355644226074219,-0.023525238037109375,5.9723854064941406e-05,-0.002829335629940033,-0.00011163949966430664
1742955486.7430573,9252,1742955486,742940220,ft_sensor0_wrench,0.22066307067871094,-0.07015037536621094,-0.07097196578979492,-0.0003981590270996094,-0.0009351037442684174,-0.00035512447357177734
1742955486.7497306,9253,1742955486,749589008,ft_sensor0_wrench,0.19579219818115234,-0.08690834045410156,-0.04759025573730469,-0.0008859932422637939,-0.00019924715161323547,-0.0003624558448791504
1742955486.7563732,9254,1742955486,756257061,ft_sensor0_wrench,0.24868297576904297,-0.05607032775878906,-0.04791975021362305,-0.000413358211517334,-0.0009947344660758972,-0.00033530592918395996
1742955486.7630832,9255,1742955486,762937200,ft_sensor0_wrench,0.24110889434814453,-0.06955909729003906,-0.022707462310791016,-0.00083884596824646,-0.0012707486748695374,-0.00011309981346130371
1742955486.769711,9256,1742955486,769583936,ft_sensor0_wrench,0.25543212890625,-0.13318252563476562,-0.045778751373291016,-0.0022566914558410645,-0.0014498978853225708,9.495019912719727e-05
1742955486.776361,9257,1742955486,776270496,ft_sensor0_wrench,0.25856781005859375,-0.10136985778808594,-0.022795677185058594,-0.0013345181941986084,-0.001515120267868042,9.480118751525879e-05
1742955486.7830853,9258,1742955486,782935417,ft_sensor0_wrench,0.2617025375366211,-0.06955909729003906,0.00018787384033203125,-0.00041234493255615234,-0.0015803426504135132,9.465217590332031e-05
1742955486.7897,9259,1742955486,789580984,ft_sensor0_wrench,0.24424362182617188,-0.03774833679199219,0.0002760887145996094,8.33272933959961e-05,-0.0013359710574150085,-0.00011324882507324219
1742955486.7964709,9260,1742955486,796295191,ft_sensor0_wrench,0.2659797668457031,-0.05280113220214844,-0.04608917236328125,-0.0003510117530822754,-0.002006612718105316,-0.00010576844215393066
1742955486.8031626,9261,1742955486,802964275,ft_sensor0_wrench,0.2138805389404297,-0.0553131103515625,-0.047588348388671875,-0.00039756298065185547,-0.0004815980792045593,-0.00012168288230895996
1742955486.8097746,9262,1742955486,809581300,ft_sensor0_wrench,0.2138805389404297,-0.0553131103515625,-0.047588348388671875,-0.00039756298065185547,-0.0004815980792045593,-0.00012168288230895996
1742955486.816473,9263,1742955486,816305124,ft_sensor0_wrench,0.2163858413696289,-0.08690643310546875,-0.02469491958618164,-0.00045949220657348633,-0.0005088336765766144,-0.00015471875667572021
1742955486.823104,9264,1742955486,822963558,ft_sensor0_wrench,0.2518186569213867,-0.024259567260742188,-0.024936199188232422,0.0005088150501251221,-0.0010599568486213684,-0.0003354698419570923
1742955486.8297086,9265,1742955486,829581005,ft_sensor0_wrench,0.19579219818115234,-0.08690834045410156,-0.04759025573730469,-0.0008859932422637939,-0.00019924715161323547,-0.0003624558448791504
1742955486.8363757,9266,1742955486,836249630,ft_sensor0_wrench,0.19579219818115234,-0.08690834045410156,-0.04759025573730469,-0.0008859932422637939,-0.00019924715161323547,-0.0003624558448791504
1742955486.843098,9267,1742955486,842943589,ft_sensor0_wrench,0.2313394546508789,-0.08712387084960938,-0.04767656326293945,-0.0008932352066040039,-0.000725962221622467,8.621811866760254e-05
1742955486.8496559,9268,1742955486,849579815,ft_sensor0_wrench,0.25543212890625,-0.13318252563476562,-0.045778751373291016,-0.0022566914558410645,-0.0014498978853225708,9.495019912719727e-05
1742955486.8564157,9269,1742955486,856247093,ft_sensor0_wrench,0.28343868255615234,-0.08461189270019531,-0.04617738723754883,-0.0008466541767120361,-0.002250976860523224,0.00010213255882263184
1742955486.8631124,9270,1742955486,862931581,ft_sensor0_wrench,0.2039480209350586,-0.03779792785644531,-0.07063817977905273,0.00010606646537780762,-0.0007043182849884033,9.927153587341309e-05
1742955486.8696666,9271,1742955486,869581358,ft_sensor0_wrench,0.2230205535888672,-0.10115432739257812,-0.022709369659423828,-0.0013272762298583984,-0.0009883977472782135,-0.00035387277603149414
1742955486.876366,9272,1742955486,876249912,ft_sensor0_wrench,0.25782299041748047,-0.10191154479980469,-0.023040771484375,-0.001343071460723877,-0.0015015341341495514,-0.0005674958229064941
1742955486.883084,9273,1742955486,882932565,ft_sensor0_wrench,0.2965059280395508,-0.07031631469726562,-0.00014352798461914062,-0.00042814016342163086,-0.002093479037284851,-0.00011897087097167969
1742955486.889654,9274,1742955486,889580652,ft_sensor0_wrench,0.22376441955566406,-0.10061454772949219,-0.02246379852294922,-0.0013187229633331299,-0.001001983880996704,0.0003084242343902588
1742955486.8963075,9275,1742955486,896247391,ft_sensor0_wrench,0.2101154327392578,-0.1505298614501953,-0.07066154479980469,-0.0023038387298583984,-0.000378388911485672,-0.00015440583229064941
1742955486.9030943,9276,1742955486,902949912,ft_sensor0_wrench,0.2752819061279297,-0.13372230529785156,-0.023128986358642578,-0.0018387436866760254,-0.001745905727148056,-0.00035959482192993164
1742955486.9096467,9277,1742955486,909580838,ft_sensor0_wrench,0.2138805389404297,-0.0553131103515625,-0.047588348388671875,-0.00039756298065185547,-0.0004815980792045593,-0.00012168288230895996
1742955486.9163308,9278,1742955486,916248707,ft_sensor0_wrench,0.2510395050048828,-0.08707618713378906,0.0003428459167480469,-0.001342475414276123,-0.0010480210185050964,-0.00033405423164367676
1742955486.9230442,9279,1742955486,922976796,ft_sensor0_wrench,0.24110889434814453,-0.06955909729003906,-0.022707462310791016,-0.00083884596824646,-0.0012707486748695374,-0.00011309981346130371
1742955486.9297001,9280,1742955486,929581236,ft_sensor0_wrench,0.26523590087890625,-0.053340911865234375,-0.046334266662597656,-0.00035956501960754395,-0.0019930265843868256,-0.0007680654525756836
1742955486.9363933,9281,1742955486,936275137,ft_sensor0_wrench,0.24110889434814453,-0.06955909729003906,-0.022707462310791016,-0.00083884596824646,-0.0012707486748695374,-0.00011309981346130371
1742955486.9430804,9282,1742955486,942942733,ft_sensor0_wrench,0.25919675827026367,-0.03796577453613281,-0.022705078125,-0.0003504157066345215,-0.0015530996024608612,0.00012767314910888672
1742955486.9496517,9283,1742955486,949579858,ft_sensor0_wrench,0.24173879623413086,-0.0061550140380859375,-0.022616863250732422,0.00014522671699523926,-0.0013087354600429535,-8.022785186767578e-05
1742955486.9564404,9284,1742955486,956268297,ft_sensor0_wrench,0.2667708396911621,-0.024477005004882812,-0.04791736602783203,7.507205009460449e-05,-0.001277085393667221,-9.453296661376953e-05
1742955486.9630313,9285,1742955486,962937928,ft_sensor0_wrench,0.28422975540161133,-0.05628776550292969,-0.04800558090209961,-0.00042060017585754395,-0.0015214495360851288,0.00011336803436279297
1742955486.9696598,9286,1742955486,969580519,ft_sensor0_wrench,0.29477739334106445,0.0240936279296875,-0.04831552505493164,0.0014850795269012451,-0.002078164368867874,-8.736550807952881e-05
1742955486.9763732,9287,1742955486,976247260,ft_sensor0_wrench,0.26927757263183594,-0.05607032775878906,-0.0250244140625,1.3142824172973633e-05,-0.0013043209910392761,-0.00012756884098052979
1742955486.983074,9288,1742955486,982932449,ft_sensor0_wrench,0.27841758728027344,-0.10190963745117188,-0.00014543533325195312,-0.0009165704250335693,-0.0018111281096935272,-0.0003597438335418701
1742955486.9896407,9289,1742955486,989579626,ft_sensor0_wrench,0.3062753677368164,-0.0527496337890625,0.024825096130371094,-0.0003737211227416992,-0.0026382654905319214,-0.00031828880310058594
1742955486.9963822,9290,1742955486,996250137,ft_sensor0_wrench,0.28422975540161133,-0.05628776550292969,-0.04800558090209961,-0.00042060017585754395,-0.0015214495360851288,0.00011336803436279297
1742955487.0030694,9291,1742955487,2941559,ft_sensor0_wrench,0.27351999282836914,-0.10158920288085938,-0.0457763671875,-0.001768261194229126,-0.0017322488129138947,0.0003357231616973877
1742955487.0097437,9292,1742955487,9583550,ft_sensor0_wrench,0.2206287384033203,-0.13242530822753906,-0.04544687271118164,-0.002240896224975586,-0.0009367614984512329,0.0003085881471633911
1742955487.0163295,9293,1742955487,16247558,ft_sensor0_wrench,0.20881175994873047,-0.10039520263671875,0.0005173683166503906,-0.0008849799633026123,-0.0007848553359508514,6.750226020812988e-05
1742955487.0230317,9294,1742955487,22934301,ft_sensor0_wrench,0.20708370208740234,-0.0059871673583984375,-0.04765510559082031,0.0010282397270202637,-0.0007695406675338745,9.910762310028076e-05
1742955487.029661,9295,1742955487,29584130,ft_sensor0_wrench,0.19955730438232422,0.008310317993164062,-0.024517059326171875,0.0010202527046203613,-0.0003024488687515259,-0.0003297477960586548
1742955487.036319,9296,1742955487,36249386,ft_sensor0_wrench,0.2138805389404297,-0.0553131103515625,-0.047588348388671875,-0.00039756298065185547,-0.0004815980792045593,-0.00012168288230895996
1742955487.0430124,9297,1742955487,42936917,ft_sensor0_wrench,0.20630550384521484,-0.06880378723144531,-0.02237558364868164,-0.0008230805397033691,-0.0007576122879981995,0.00010052323341369629
1742955487.0496488,9298,1742955487,49582088,ft_sensor0_wrench,0.25609588623046875,-0.0075016021728515625,-0.0712132453918457,0.000570148229598999,-0.0014862269163131714,-0.0005358755588531494
1742955487.0563338,9299,1742955487,56263996,ft_sensor0_wrench,0.2759113311767578,-0.07031631469726562,-0.023038864135742188,-0.0008546411991119385,-0.0017838850617408752,-0.0003267228603363037
1742955487.0629895,9300,1742955487,62916290,ft_sensor0_wrench,0.21701526641845703,-0.023502349853515625,-0.02460479736328125,0.0005246102809906006,-0.0005468204617500305,-0.00012184679508209229
1742955487.069657,9301,1742955487,69582203,ft_sensor0_wrench,0.2343120574951172,-0.020233154296875,-0.022774219512939453,0.0005869567394256592,-0.0015586987137794495,0.00010770559310913086
1742955487.0763378,9302,1742955487,76247935,ft_sensor0_wrench,0.23117637634277344,-0.052043914794921875,-0.045757293701171875,-0.0003352165222167969,-0.0014934763312339783,0.00010785460472106934
1742955487.0830245,9303,1742955487,82916139,ft_sensor0_wrench,0.2138805389404297,-0.0553131103515625,-0.047588348388671875,-0.00039756298065185547,-0.0004815980792045593,-0.00012168288230895996
1742955487.0896583,9304,1742955487,89581273,ft_sensor0_wrench,0.1981487274169922,-0.11791229248046875,0.0006723403930664062,-0.001815110445022583,-0.0002525337040424347,-0.0003612041473388672
1742955487.0963418,9305,1742955487,96250791,ft_sensor0_wrench,0.1915140151977539,-0.10366439819335938,-0.0013132095336914062,-0.0009473264217376709,0.00022703036665916443,-0.00016205012798309326
1742955487.1030812,9306,1742955487,102942924,ft_sensor0_wrench,0.2343120574951172,-0.020233154296875,-0.022774219512939453,0.0005869567394256592,-0.0015586987137794495,0.00010770559310913086
1742955487.1096683,9307,1742955487,109579803,ft_sensor0_wrench,0.2609586715698242,-0.070098876953125,-5.7220458984375e-05,-0.0004208981990814209,-0.0015667565166950226,-0.0005676448345184326
1742955487.1164558,9308,1742955487,116258130,ft_sensor0_wrench,0.2518186569213867,-0.024259567260742188,-0.024936199188232422,0.0005088150501251221,-0.0010599568486213684,-0.0003354698419570923
1742955487.1231093,9309,1742955487,122914366,ft_sensor0_wrench,0.23122501373291016,-0.024259567260742188,-0.04783153533935547,8.228421211242676e-05,-0.0007503628730773926,-0.0005432069301605225
1742955487.129724,9310,1742955487,129583714,ft_sensor0_wrench,0.23059463500976562,-0.08766555786132812,-0.04792165756225586,-0.0009017884731292725,-0.0007123835384845734,-0.0005760788917541504
1742955487.1363986,9311,1742955487,136249841,ft_sensor0_wrench,0.27841758728027344,-0.10190963745117188,-0.00014543533325195312,-0.0009165704250335693,-0.0018111281096935272,-0.0003597438335418701
1742955487.1430542,9312,1742955487,142913276,ft_sensor0_wrench,0.2609586715698242,-0.070098876953125,-5.7220458984375e-05,-0.0004208981990814209,-0.0015667565166950226,-0.0005676448345184326
1742955487.149696,9313,1742955487,149582514,ft_sensor0_wrench,0.24424362182617188,-0.03774833679199219,0.0002760887145996094,8.33272933959961e-05,-0.0013359710574150085,-0.00011324882507324219
1742955487.1563714,9314,1742955487,156249173,ft_sensor0_wrench,0.1549844741821289,-0.0084991455078125,-0.04915428161621094,0.0009816884994506836,0.0007554739713668823,8.319318294525146e-05
1742955487.1630163,9315,1742955487,162932962,ft_sensor0_wrench,0.18146896362304688,-0.023284912109375,-0.024518966674804688,0.0005318224430084229,-2.0097941160202026e-05,-0.0005705207586288452
1742955487.1696556,9316,1742955487,169580456,ft_sensor0_wrench,0.1853475570678711,0.009067535400390625,-0.0012898445129394531,0.0014625787734985352,-9.892135858535767e-05,9.162724018096924e-05
1742955487.176353,9317,1742955487,176247019,ft_sensor0_wrench,0.188995361328125,-0.03758049011230469,-0.047657012939453125,0.0005398094654083252,-0.00048718973994255066,-0.00014166533946990967
1742955487.1830683,9318,1742955487,182912966,ft_sensor0_wrench,0.28343868255615234,-0.08461189270019531,-0.04617738723754883,-0.0008466541767120361,-0.002250976860523224,0.00010213255882263184
1742955487.1896503,9319,1742955487,189582277,ft_sensor0_wrench,0.28343868255615234,-0.08461189270019531,-0.04617738723754883,-0.0008466541767120361,-0.002250976860523224,0.00010213255882263184
1742955487.1963959,9320,1742955487,196246717,ft_sensor0_wrench,0.21623706817626953,-0.0863189697265625,0.0006742477416992188,-0.0013266801834106445,-0.0005348846316337585,-0.00012043118476867676
1742955487.2030663,9321,1742955487,202932743,ft_sensor0_wrench,0.2230205535888672,-0.10115432739257812,-0.022709369659423828,-0.0013272762298583984,-0.0009883977472782135,-0.00035387277603149414
1742955487.2097216,9322,1742955487,209581076,ft_sensor0_wrench,0.1989269256591797,-0.055095672607421875,-0.024606704711914062,3.618001937866211e-05,-0.00026446953415870667,-0.0003626197576522827
1742955487.2163227,9323,1742955487,216246712,ft_sensor0_wrench,0.1989269256591797,-0.055095672607421875,-0.024606704711914062,3.618001937866211e-05,-0.00026446953415870667,-0.0003626197576522827
1742955487.2230866,9324,1742955487,222934114,ft_sensor0_wrench,0.20869731903076172,-0.03753089904785156,0.0003619194030761719,9.053945541381836e-05,-0.000809255987405777,-0.0005619227886199951
1742955487.2297118,9325,1742955487,229599377,ft_sensor0_wrench,0.1790771484375,-0.05455780029296875,-0.0472564697265625,-0.00038179755210876465,3.1538307666778564e-05,9.194016456604004e-05
1742955487.2363873,9326,1742955487,236278546,ft_sensor0_wrench,0.16098880767822266,-0.086151123046875,-0.04725837707519531,-0.0008702278137207031,0.0003138892352581024,-0.0001488327980041504
1742955487.2430682,9327,1742955487,242952093,ft_sensor0_wrench,0.22376441955566406,-0.10061454772949219,-0.02246379852294922,-0.0013187229633331299,-0.001001983880996704,0.0003084242343902588
1742955487.249665,9328,1742955487,249582716,ft_sensor0_wrench,0.22376441955566406,-0.10061454772949219,-0.02246379852294922,-0.0013187229633331299,-0.001001983880996704,0.0003084242343902588
1742955487.256367,9329,1742955487,256248155,ft_sensor0_wrench,0.25856781005859375,-0.10136985778808594,-0.022795677185058594,-0.0013345181941986084,-0.001515120267868042,9.480118751525879e-05
1742955487.2630565,9330,1742955487,262912266,ft_sensor0_wrench,0.2138805389404297,-0.0553131103515625,-0.047588348388671875,-0.00039756298065185547,-0.0004815980792045593,-0.00012168288230895996
1742955487.2696884,9331,1742955487,269580971,ft_sensor0_wrench,0.19135284423828125,-0.06858444213867188,0.0006055831909179688,-0.00038930773735046387,-0.0005404837429523468,-0.00014039874076843262
1742955487.2763424,9332,1742955487,276248637,ft_sensor0_wrench,0.2039480209350586,-0.03779792785644531,-0.07063817977905273,0.00010606646537780762,-0.0007043182849884033,9.927153587341309e-05
1742955487.2831573,9333,1742955487,282948221,ft_sensor0_wrench,0.22066307067871094,-0.07015037536621094,-0.07097196578979492,-0.0003981590270996094,-0.0009351037442684174,-0.00035512447357177734
1742955487.2896917,9334,1742955487,289581239,ft_sensor0_wrench,0.23529577255249023,-0.11518096923828125,0.025152206420898438,-0.0013347864151000977,-0.0015604272484779358,-0.0005862116813659668
1742955487.2963824,9335,1742955487,296267115,ft_sensor0_wrench,0.24789142608642578,-0.0843963623046875,-0.04609107971191406,-0.0008394420146942139,-0.0017242617905139923,-0.0003465414047241211
1742955487.3031733,9336,1742955487,302928828,ft_sensor0_wrench,0.20709657669067383,-0.04047966003417969,-0.024204254150390625,-0.00039696693420410156,-2.808496356010437e-05,0.00011175870895385742
1742955487.3096564,9337,1742955487,309579064,ft_sensor0_wrench,0.20630550384521484,-0.06880378723144531,-0.02237558364868164,-0.0008230805397033691,-0.0007576122879981995,0.00010052323341369629
1742955487.3163373,9338,1742955487,316247753,ft_sensor0_wrench,0.17150211334228516,-0.06804656982421875,-0.02204418182373047,-0.0008072853088378906,-0.00024447590112686157,0.0003141462802886963
1742955487.323111,9339,1742955487,322912461,ft_sensor0_wrench,0.22376441955566406,-0.10061454772949219,-0.02246379852294922,-0.0013187229633331299,-0.001001983880996704,0.0003084242343902588
1742955487.329696,9340,1742955487,329578845,ft_sensor0_wrench,0.19579219818115234,-0.08690834045410156,-0.04759025573730469,-0.0008859932422637939,-0.00019924715161323547,-0.0003624558448791504
1742955487.3363652,9341,1742955487,336245618,ft_sensor0_wrench,0.13611698150634766,-0.10290908813476562,-0.023876667022705078,-0.0013580620288848877,0.0010497532784938812,-0.00015616416931152344
1742955487.3430457,9342,1742955487,342913130,ft_sensor0_wrench,0.1882171630859375,-0.10039710998535156,-0.022377490997314453,-0.0013115108013153076,-0.0004752613604068756,-0.00014024972915649414
1742955487.3497128,9343,1742955487,349581494,ft_sensor0_wrench,0.2343120574951172,-0.020233154296875,-0.022774219512939453,0.0005869567394256592,-0.0015586987137794495,0.00010770559310913086
1742955487.3563697,9344,1742955487,356245000,ft_sensor0_wrench,0.22454261779785156,-0.03779792785644531,-0.04774332046508789,0.0005325973033905029,-0.0010139122605323792,0.00030700862407684326
1742955487.3630383,9345,1742955487,362912803,ft_sensor0_wrench,0.2028064727783203,-0.02274322509765625,-0.0013780593872070312,0.0009669065475463867,-0.0003432855010032654,0.00029952824115753174
1742955487.3696914,9346,1742955487,369580220,ft_sensor0_wrench,0.2525620460510254,-0.02371978759765625,-0.024690628051757812,0.0005173683166503906,-0.001073535531759262,0.00032682716846466064
1742955487.3764029,9347,1742955487,376270683,ft_sensor0_wrench,0.2525620460510254,-0.02371978759765625,-0.024690628051757812,0.0005173683166503906,-0.001073535531759262,0.00032682716846466064
1742955487.3830698,9348,1742955487,382943845,ft_sensor0_wrench,0.27429819107055664,-0.0387725830078125,-0.07105588912963867,8.305907249450684e-05,-0.0017441771924495697,0.000334322452545166
1742955487.3896887,9349,1742955487,389580874,ft_sensor0_wrench,0.25543212890625,-0.13318252563476562,-0.045778751373291016,-0.0022566914558410645,-0.0014498978853225708,9.495019912719727e-05
1742955487.3963957,9350,1742955487,396267071,ft_sensor0_wrench,0.21074485778808594,-0.08712577819824219,-0.0705714225769043,-0.0013197362422943115,-0.00041637569665908813,-0.00012153387069702148
1742955487.4031625,9351,1742955487,402941357,ft_sensor0_wrench,0.2094888687133789,-0.009204864501953125,-0.0014667510986328125,0.0005166232585906982,-7.972121238708496e-05,-0.0005507022142410278
1742955487.4097319,9352,1742955487,409584103,ft_sensor0_wrench,0.24424362182617188,-0.03774833679199219,0.0002760887145996094,8.33272933959961e-05,-0.0013359710574150085,-0.00011324882507324219
1742955487.4163797,9353,1742955487,416258205,ft_sensor0_wrench,0.23875141143798828,-0.038555145263671875,-0.07097005844116211,9.02712345123291e-05,-0.0012174546718597412,-0.00011435151100158691
1742955487.4231493,9354,1742955487,422945459,ft_sensor0_wrench,0.24424362182617188,-0.03774833679199219,0.0002760887145996094,8.33272933959961e-05,-0.0013359710574150085,-0.00011324882507324219
1742955487.42976,9355,1742955487,429585962,ft_sensor0_wrench,0.22752904891967773,-0.005397796630859375,0.0006098747253417969,0.0005875527858734131,-0.0011051855981349945,0.00034114718437194824
1742955487.4363666,9356,1742955487,436248549,ft_sensor0_wrench,0.18947649002075195,0.0264129638671875,-0.022197246551513672,0.0006566941738128662,-0.0005512349307537079,-7.450580596923828e-05
1742955487.44303,9357,1742955487,442917175,ft_sensor0_wrench,0.18571186065673828,-0.06880378723144531,-0.04527091979980469,-0.0012495815753936768,-0.00044802576303482056,-0.00010721385478973389
1742955487.4497702,9358,1742955487,449584494,ft_sensor0_wrench,0.2031698226928711,-0.10061454772949219,-0.04535865783691406,-0.0017452239990234375,-0.0006923899054527283,0.00010068714618682861
1742955487.456352,9359,1742955487,456276070,ft_sensor0_wrench,0.26154041290283203,-0.03447723388671875,0.0021066665649414062,0.00014570355415344238,-0.0023478567600250244,0.00011628866195678711
1742955487.4630413,9360,1742955487,462928223,ft_sensor0_wrench,0.22439336776733398,-0.03721046447753906,-0.022373199462890625,-0.00033465027809143066,-0.0010399632155895233,0.0003412961959838867
1742955487.4696374,9361,1742955487,469579716,ft_sensor0_wrench,0.262331485748291,-0.0061550140380859375,0.000278472900390625,0.0005717575550079346,-0.0016183219850063324,0.00012752413749694824
1742955487.4764028,9362,1742955487,476254342,ft_sensor0_wrench,0.24424362182617188,-0.03774833679199219,0.0002760887145996094,8.33272933959961e-05,-0.0013359710574150085,-0.00011324882507324219
1742955487.4830337,9363,1742955487,482930132,ft_sensor0_wrench,0.17594146728515625,-0.08636856079101562,-0.07023954391479492,-0.001303941011428833,9.676069021224976e-05,9.208917617797852e-05
1742955487.4896495,9364,1742955487,489579829,ft_sensor0_wrench,0.21310138702392578,-0.11812973022460938,-0.022308826446533203,-0.0022488534450531006,-0.00046966224908828735,-0.00012028217315673828
1742955487.4963708,9365,1742955487,496267668,ft_sensor0_wrench,0.22365093231201172,-0.03774833679199219,-0.022619247436523438,-0.0003432035446166992,-0.0010263845324516296,-0.0003210008144378662
1742955487.5030942,9366,1742955487,502934483,ft_sensor0_wrench,0.18221282958984375,-0.022745132446289062,-0.024273395538330078,0.0005404055118560791,-3.368407487869263e-05,9.177625179290771e-05
1742955487.509668,9367,1742955487,509581590,ft_sensor0_wrench,0.19198322296142578,-0.0051784515380859375,0.0006957054138183594,0.0005947649478912354,-0.0005784705281257629,-0.00010752677917480469
1742955487.5163858,9368,1742955487,516266145,ft_sensor0_wrench,0.22752904891967773,-0.005397796630859375,0.0006098747253417969,0.0005875527858734131,-0.0011051855981349945,0.00034114718437194824
1742955487.5230238,9369,1742955487,522917450,ft_sensor0_wrench,0.28406763076782227,-0.021207809448242188,-0.046086788177490234,0.00013741850852966309,-0.00228896364569664,0.00013500452041625977
1742955487.5296333,9370,1742955487,529578899,ft_sensor0_wrench,0.28406763076782227,-0.021207809448242188,-0.046086788177490234,0.00013741850852966309,-0.00228896364569664,0.00013500452041625977
1742955487.5363948,9371,1742955487,536246127,ft_sensor0_wrench,0.21701526641845703,-0.023502349853515625,-0.02460479736328125,0.0005246102809906006,-0.0005468204617500305,-0.00012184679508209229
1742955487.543039,9372,1742955487,542916484,ft_sensor0_wrench,0.24424362182617188,-0.03774833679199219,0.0002760887145996094,8.33272933959961e-05,-0.0013359710574150085,-0.00011324882507324219
1742955487.5496373,9373,1742955487,549579484,ft_sensor0_wrench,0.25856781005859375,-0.10136985778808594,-0.022795677185058594,-0.0013345181941986084,-0.001515120267868042,9.480118751525879e-05
1742955487.5563147,9374,1742955487,556246375,ft_sensor0_wrench,0.21074485778808594,-0.08712577819824219,-0.0705714225769043,-0.0013197362422943115,-0.00041637569665908813,-0.00012153387069702148
1742955487.5630233,9375,1742955487,562912880,ft_sensor0_wrench,0.2628440856933594,-0.08461380004882812,-0.06907224655151367,-0.0012731850147247314,-0.001941390335559845,-0.00010561943054199219
1742955487.5696583,9376,1742955487,569582634,ft_sensor0_wrench,0.262331485748291,-0.0061550140380859375,0.000278472900390625,0.0005717575550079346,-0.0016183219850063324,0.00012752413749694824
1742955487.5763555,9377,1742955487,576246838,ft_sensor0_wrench,0.2448735237121582,0.02565765380859375,0.0003662109375,0.0010673999786376953,-0.0013739578425884247,-8.037686347961426e-05
1742955487.5830452,9378,1742955487,582911942,ft_sensor0_wrench,0.19967174530029297,-0.05455589294433594,-0.024361610412597656,4.4733285903930664e-05,-0.00027804821729660034,0.0002996772527694702
1742955487.5896397,9379,1742955487,589578508,ft_sensor0_wrench,0.17150211334228516,-0.06804656982421875,-0.02204418182373047,-0.0008072853088378906,-0.00024447590112686157,0.0003141462802886963
1742955487.596302,9380,1742955487,596246606,ft_sensor0_wrench,0.1882171630859375,-0.10039710998535156,-0.022377490997314453,-0.0013115108013153076,-0.0004752613604068756,-0.00014024972915649414
1742955487.6030474,9381,1742955487,602932924,ft_sensor0_wrench,0.20556259155273438,-0.06934165954589844,-0.02262115478515625,-0.0008316338062286377,-0.0007440336048603058,-0.0005617737770080566
1742955487.6096554,9382,1742955487,609581121,ft_sensor0_wrench,0.2269001007080078,-0.0688018798828125,0.0005192756652832031,-0.00039654970169067383,-0.0010672062635421753,0.0003082752227783203
1742955487.6163576,9383,1742955487,616274675,ft_sensor0_wrench,0.26911449432373047,-0.02098846435546875,-0.023105621337890625,0.0005711615085601807,-0.0020718351006507874,-0.00010591745376586914
1742955487.623031,9384,1742955487,622935272,ft_sensor0_wrench,0.24554729461669922,-0.08788299560546875,-0.07090282440185547,-0.00133553147315979,-0.000929512083530426,-0.0003351569175720215
1742955487.629642,9385,1742955487,629580504,ft_sensor0_wrench,0.23013639450073242,-0.10566902160644531,-0.14174747467041016,-0.002250164747238159,-0.0002922452986240387,-0.0001026540994644165
1742955487.6363363,9386,1742955487,636249592,ft_sensor0_wrench,0.2227783203125,-0.045970916748046875,-0.21234607696533203,-0.0026223957538604736,0.0005569979548454285,-2.5212764739990234e-05
1742955487.643028,9387,1742955487,642914582,ft_sensor0_wrench,0.25623178482055664,-0.0646820068359375,-0.28137969970703125,-0.004862368106842041,0.00045152753591537476,-0.0003934502601623535
1742955487.6496873,9388,1742955487,649581339,ft_sensor0_wrench,0.2577071189880371,-0.06941413879394531,-0.44629430770874023,-0.006645560264587402,0.0012401416897773743,-0.00010904669761657715
1742955487.656356,9389,1742955487,656268996,ft_sensor0_wrench,0.2492961883544922,-0.028848648071289062,-0.6363339424133301,-0.007507592439651489,0.002549160271883011,-0.0002547651529312134
1742955487.6631074,9390,1742955487,662912250,ft_sensor0_wrench,0.29899168014526367,-0.06342124938964844,-0.8229780197143555,-0.010174930095672607,0.0018915534019470215,-0.0006165951490402222
1742955487.6696687,9391,1742955487,669582476,ft_sensor0_wrench,0.21422815322875977,0.0557708740234375,-1.014495611190796,-0.009162038564682007,0.004681993275880814,-0.0007653385400772095
1742955487.6764119,9392,1742955487,676271366,ft_sensor0_wrench,0.18632125854492188,-0.0614776611328125,-1.1793477535247803,-0.013347893953323364,0.006323277950286865,-0.0011832863092422485
1742955487.6831212,9393,1742955487,682950676,ft_sensor0_wrench,0.22243785858154297,-0.031887054443359375,-1.3426754474639893,-0.01458883285522461,0.005831252783536911,-0.0010908842086791992
1742955487.6896503,9394,1742955487,689580916,ft_sensor0_wrench,0.2610607147216797,-0.0338897705078125,-1.483109951019287,-0.015891700983047485,0.005311980843544006,-0.0010314881801605225
1742955487.69632,9395,1742955487,696247069,ft_sensor0_wrench,0.2648797035217285,-0.03513526916503906,-1.623213291168213,-0.017178773880004883,0.005305841565132141,-0.0007584840059280396
1742955487.703043,9396,1742955487,702941407,ft_sensor0_wrench,0.225738525390625,-0.08473396301269531,-1.7399365901947021,-0.019442111253738403,0.0063179172575473785,-0.0007335841655731201
1742955487.7097318,9397,1742955487,709580841,ft_sensor0_wrench,0.24705076217651367,-0.05551338195800781,-1.9056527614593506,-0.01938214898109436,0.006069064140319824,-0.0009163916110992432
1742955487.716311,9398,1742955487,716247162,ft_sensor0_wrench,0.1470808982849121,-0.07156562805175781,-1.9528536796569824,-0.019831448793411255,0.007949717342853546,-0.0004975646734237671
1742955487.7230365,9399,1742955487,722932986,ft_sensor0_wrench,0.1719517707824707,-0.05480766296386719,-1.9762353897094727,-0.01934361457824707,0.007213853299617767,-0.000490233302116394
1742955487.729647,9400,1742955487,729582139,ft_sensor0_wrench,0.15386390686035156,-0.08640098571777344,-1.9762375354766846,-0.01983204483985901,0.007496204227209091,-0.0007310062646865845
1742955487.7363408,9401,1742955487,736247519,ft_sensor0_wrench,0.20545148849487305,-0.0054302215576171875,-1.905388593673706,-0.017940521240234375,0.006294243037700653,-0.0004819631576538086
1742955487.7431269,9402,1742955487,742950511,ft_sensor0_wrench,0.23581552505493164,0.01213836669921875,-1.8575241565704346,-0.017459630966186523,0.005439862608909607,-0.0004735291004180908
1742955487.7496424,9403,1742955487,749580743,ft_sensor0_wrench,0.16118907928466797,-0.0036468505859375,-1.8108296394348145,-0.0174979567527771,0.006905991584062576,-0.0005081593990325928
1742955487.7563667,9404,1742955487,756268657,ft_sensor0_wrench,0.17848587036132812,-0.000377655029296875,-1.8089990615844727,-0.017435580492019653,0.00589410588145256,-0.0002786219120025635
1742955487.763071,9405,1742955487,762935957,ft_sensor0_wrench,0.09554052352905273,-0.030187606811523438,-1.7373383045196533,-0.01790788769721985,0.007097799330949783,-0.000753358006477356
1742955487.7696607,9406,1742955487,769581531,ft_sensor0_wrench,0.21668672561645508,0.021486282348632812,-1.6650776863098145,-0.01646551489830017,0.004126444458961487,-0.0002804696559906006
1742955487.7764213,9407,1742955487,776247839,ft_sensor0_wrench,0.21240854263305664,0.004730224609375,-1.6188008785247803,-0.01652681827545166,0.004552721977233887,-8.006393909454346e-05
1742955487.78308,9408,1742955487,782932991,ft_sensor0_wrench,0.1906723976135254,0.01978302001953125,-1.5724356174468994,-0.01609247922897339,0.0052233412861824036,-8.754432201385498e-05
1742955487.7896585,9409,1742955487,789581888,ft_sensor0_wrench,0.20357847213745117,0.06916046142578125,-1.5244836807250977,-0.015115916728973389,0.004613332450389862,-0.00028702616691589355
1742955487.796397,9410,1742955487,796248606,ft_sensor0_wrench,0.24163007736206055,0.037349700927734375,-1.5016765594482422,-0.015185058116912842,0.0040593743324279785,0.00012862682342529297
1742955487.803066,9411,1742955487,802933804,ft_sensor0_wrench,0.2389674186706543,-0.010950088500976562,-1.4073824882507324,-0.016184061765670776,0.004445936530828476,-0.0003319978713989258
1742955487.8096452,9412,1742955487,809581080,ft_sensor0_wrench,0.29499387741088867,0.05169868469238281,-1.3847286701202393,-0.01478925347328186,0.003585211932659149,-0.00030499696731567383
1742955487.8163738,9413,1742955487,816279188,ft_sensor0_wrench,0.24602842330932617,0.08099746704101562,-1.3632447719573975,-0.013913601636886597,0.005045011639595032,-0.00032107532024383545
1742955487.823054,9414,1742955487,822931979,ft_sensor0_wrench,0.22679758071899414,0.06445693969726562,-1.2939865589141846,-0.013541191816329956,0.005688410252332687,-0.0003615915775299072
1742955487.8296592,9415,1742955487,829583046,ft_sensor0_wrench,0.2335805892944336,0.04962158203125,-1.3173704147338867,-0.01354178786277771,0.005234897136688232,-0.0005950331687927246
1742955487.836336,9416,1742955487,836247559,ft_sensor0_wrench,0.24664878845214844,0.0639190673828125,-1.2713375091552734,-0.013123244047164917,0.005392387509346008,-0.0008161365985870361
1742955487.8430796,9417,1742955487,842935373,ft_sensor0_wrench,0.2435131072998047,0.03210639953613281,-1.2943205833435059,-0.014045417308807373,0.005457624793052673,-0.0008159875869750977
1742955487.8496516,9418,1742955487,849580909,ft_sensor0_wrench,0.3248443603515625,0.1477222442626953,-1.2675142288208008,-0.012463390827178955,0.0030538998544216156,-6.343424320220947e-05
1742955487.856329,9419,1742955487,856248032,ft_sensor0_wrench,0.29433107376098633,0.13074684143066406,-1.2900090217590332,-0.013811498880386353,0.0038822218775749207,-3.758072853088379e-05
1742955487.8630407,9420,1742955487,862929146,ft_sensor0_wrench,0.30264949798583984,0.1447734832763672,-1.3149759769439697,-0.013377457857131958,0.004144664853811264,0.0004025101661682129
1742955487.8696537,9421,1742955487,869580749,ft_sensor0_wrench,0.2820549011230469,0.1447734832763672,-1.3378710746765137,-0.013803958892822266,0.004454251378774643,0.00019475817680358887
1742955487.8763278,9422,1742955487,876248812,ft_sensor0_wrench,0.24337339401245117,0.11318016052246094,-1.3607680797576904,-0.0147189199924469,0.0050462037324905396,-0.0002537667751312256
1742955487.883062,9423,1742955487,882932402,ft_sensor0_wrench,0.21599674224853516,0.12801361083984375,-1.3602797985076904,-0.015144824981689453,0.005809303373098373,-0.00022807717323303223
1742955487.8896618,9424,1742955487,889581651,ft_sensor0_wrench,0.29062461853027344,0.1437969207763672,-1.4069743156433105,-0.015106528997421265,0.004343181848526001,-0.00019343197345733643
1742955487.896368,9425,1742955487,896267000,ft_sensor0_wrench,0.2750515937805176,0.16109275817871094,-1.475900650024414,-0.015463173389434814,0.004212930798530579,6.070733070373535e-05
1742955487.903063,9426,1742955487,902932806,ft_sensor0_wrench,0.23711252212524414,0.1300373077392578,-1.4985523223876953,-0.01636958122253418,0.004791289567947388,0.00027447938919067383
1742955487.9096997,9427,1742955487,909581055,ft_sensor0_wrench,0.1764850616455078,0.12079429626464844,-1.4710919857025146,-0.01670968532562256,0.0045432448387146,0.0004911869764328003
1742955487.9163744,9428,1742955487,916268562,ft_sensor0_wrench,0.03323173522949219,0.12655067443847656,-1.4910759925842285,-0.01701924204826355,0.005907084792852402,0.0007051676511764526
1742955487.9231234,9429,1742955487,922932839,ft_sensor0_wrench,0.0839223861694336,0.11781692504882812,-1.579655647277832,-0.01818913221359253,0.0033051520586013794,0.0012049078941345215
1742955487.9296463,9430,1742955487,929581535,ft_sensor0_wrench,0.009292125701904297,0.2170085906982422,-1.6482300758361816,-0.01660853624343872,0.0036444440484046936,0.0016855746507644653
1742955487.9363213,9431,1742955487,936246940,ft_sensor0_wrench,-0.05415058135986328,0.22076416015625,-1.7628581523895264,-0.017367899417877197,0.003869827836751938,0.002374425530433655
1742955487.9430838,9432,1742955487,942932861,ft_sensor0_wrench,-0.06622457504272461,0.1920013427734375,-1.8527822494506836,-0.01951456069946289,0.003325231373310089,0.0024295449256896973
1742955487.9496522,9433,1742955487,949580533,ft_sensor0_wrench,-0.07233715057373047,0.20827293395996094,-2.0159354209899902,-0.020297974348068237,0.00309637188911438,0.002923518419265747
1742955487.956332,9434,1742955487,956249620,ft_sensor0_wrench,-0.1322331428527832,0.1937541961669922,-2.1536357402801514,-0.022429823875427246,0.003650519996881485,0.0027623027563095093
1742955487.963089,9435,1742955487,962914285,ft_sensor0_wrench,-0.22347784042358398,0.2566184997558594,-2.3871262073516846,-0.023120790719985962,0.005060799419879913,0.0032865703105926514
1742955487.9696662,9436,1742955487,969580850,ft_sensor0_wrench,-0.22593212127685547,0.30672454833984375,-2.6884639263153076,-0.024633347988128662,0.004058282822370529,0.004075184464454651
1742955487.9763656,9437,1742955487,976253983,ft_sensor0_wrench,-0.2549424171447754,0.3117961883544922,-2.939467430114746,-0.02793547511100769,0.0030496492981910706,0.004217207431793213
1742955487.9830437,9438,1742955487,982932660,ft_sensor0_wrench,-0.3465557098388672,0.37673377990722656,-3.309001922607422,-0.031153500080108643,0.0037390142679214478,0.0044082701206207275
1742955487.989659,9439,1742955487,989581979,ft_sensor0_wrench,-0.42714405059814453,0.3813152313232422,-3.722672462463379,-0.03615346550941467,0.0035469606518745422,0.0048291683197021484
1742955487.9963691,9440,1742955487,996264950,ft_sensor0_wrench,-0.5299053192138672,0.4797191619873047,-4.2327799797058105,-0.038799554109573364,0.0037058554589748383,0.00503966212272644
1742955488.0030243,9441,1742955488,2933119,ft_sensor0_wrench,-0.6235494613647461,0.5504856109619141,-4.784301280975342,-0.044024378061294556,0.0029709339141845703,0.0062095969915390015
1742955488.0097816,9442,1742955488,9604645,ft_sensor0_wrench,-0.6546034812927246,0.5555782318115234,-5.382697582244873,-0.05113372206687927,0.0013537853956222534,0.00629030168056488
1742955488.0163567,9443,1742955488,16246291,ft_sensor0_wrench,-0.7021756172180176,0.6202144622802734,-6.008203506469727,-0.05645415186882019,0.0007365792989730835,0.006140068173408508
1742955488.0230806,9444,1742955488,22945987,ft_sensor0_wrench,-0.7943210601806641,0.6680431365966797,-6.658346652984619,-0.06181305646896362,0.0011772885918617249,0.006402760744094849
1742955488.0296834,9445,1742955488,29581366,ft_sensor0_wrench,-0.8169083595275879,0.6865730285644531,-7.307079315185547,-0.06762117147445679,-0.00015137344598770142,0.006889268755912781
1742955488.0363364,9446,1742955488,36247385,ft_sensor0_wrench,-0.836212158203125,0.7363262176513672,-7.958198070526123,-0.07163983583450317,-0.0015192106366157532,0.007341355085372925
1742955488.0430498,9447,1742955488,42941227,ft_sensor0_wrench,-0.886359691619873,0.7587814331054688,-8.53615665435791,-0.07608437538146973,-0.003208395093679428,0.007334619760513306
1742955488.0496762,9448,1742955488,49581983,ft_sensor0_wrench,-0.9548330307006836,0.7301559448242188,-9.046529769897461,-0.08070594072341919,-0.003500238060951233,0.007928058505058289
1742955488.0563626,9449,1742955488,56247061,ft_sensor0_wrench,-0.9954571723937988,0.6702060699462891,-9.440114974975586,-0.08497828245162964,-0.004233859479427338,0.008035004138946533
1742955488.0629778,9450,1742955488,62913115,ft_sensor0_wrench,-1.0123038291931152,0.6698551177978516,-9.789896011352539,-0.08748447895050049,-0.0045991986989974976,0.007698476314544678
1742955488.069653,9451,1742955488,69580935,ft_sensor0_wrench,-1.0330185890197754,0.6429634094238281,-9.997501373291016,-0.08912116289138794,-0.005701497197151184,0.007740005850791931
1742955488.0763588,9452,1742955488,76270781,ft_sensor0_wrench,-1.0890483856201172,0.6952877044677734,-10.13542366027832,-0.0888969898223877,-0.005967620760202408,0.008228302001953125
1742955488.0830443,9453,1742955488,82934616,ft_sensor0_wrench,-1.1788973808288574,0.6534252166748047,-10.225086212158203,-0.09057891368865967,-0.005722321569919586,0.008236318826675415
1742955488.089643,9454,1742955488,89580734,ft_sensor0_wrench,-1.2350883483886719,0.7408313751220703,-10.361089706420898,-0.08979678153991699,-0.006755951792001724,0.008746236562728882
1742955488.096378,9455,1742955488,96246726,ft_sensor0_wrench,-1.3649606704711914,0.7702064514160156,-10.49221420288086,-0.09119856357574463,-0.007453657686710358,0.009706616401672363
1742955488.103187,9456,1742955488,102932204,ft_sensor0_wrench,-1.48710298538208,0.74249267578125,-10.6885404586792,-0.09474653005599976,-0.009735088795423508,0.01091863214969635
1742955488.1097038,9457,1742955488,109584007,ft_sensor0_wrench,-1.6580204963684082,0.7357826232910156,-10.928894996643066,-0.09814774990081787,-0.012414809316396713,0.011924728751182556
1742955488.116364,9458,1742955488,116249323,ft_sensor0_wrench,-1.7692532539367676,0.8255577087402344,-11.284780502319336,-0.10088324546813965,-0.016728896647691727,0.01325245201587677
1742955488.1230662,9459,1742955488,122914093,ft_sensor0_wrench,-2.0619406700134277,0.8992252349853516,-11.804572105407715,-0.10489833354949951,-0.017911486327648163,0.014796018600463867
1742955488.1296487,9460,1742955488,129580356,ft_sensor0_wrench,-2.180960178375244,1.0032157897949219,-12.534958839416504,-0.10969740152359009,-0.02234204113483429,0.01688961684703827
1742955488.1363003,9461,1742955488,136246633,ft_sensor0_wrench,-2.384908676147461,1.1110115051269531,-13.37774658203125,-0.11655807495117188,-0.026250094175338745,0.01883631944656372
1742955488.1430578,9462,1742955488,142914467,ft_sensor0_wrench,-2.604595184326172,1.0664520263671875,-14.356825828552246,-0.12702202796936035,-0.031316593289375305,0.021422207355499268
1742955488.1497316,9463,1742955488,149585630,ft_sensor0_wrench,-2.777211904525757,1.1920700073242188,-15.389023780822754,-0.132451593875885,-0.03670930117368698,0.02356928586959839
1742955488.1564076,9464,1742955488,156274377,ft_sensor0_wrench,-2.8942673206329346,1.1668758392333984,-16.285308837890625,-0.13964730501174927,-0.0410303995013237,0.025173567235469818
1742955488.16299,9465,1742955488,162913351,ft_sensor0_wrench,-2.9302117824554443,1.0988178253173828,-17.071046829223633,-0.14671963453292847,-0.044310614466667175,0.02562417834997177
1742955488.1696997,9466,1742955488,169580348,ft_sensor0_wrench,-2.9908101558685303,1.1274909973144531,-17.787260055541992,-0.15100139379501343,-0.047286950051784515,0.026950247585773468
1742955488.176358,9467,1742955488,176259785,ft_sensor0_wrench,-3.0136282444000244,1.1073265075683594,-18.363632202148438,-0.1554374098777771,-0.05048234760761261,0.027568891644477844
1742955488.1830297,9468,1742955488,182932804,ft_sensor0_wrench,-3.054474115371704,1.0891685485839844,-18.776676177978516,-0.15814411640167236,-0.05346806347370148,0.02833590656518936
1742955488.189655,9469,1742955488,189580657,ft_sensor0_wrench,-3.1232669353485107,1.0560340881347656,-19.025991439819336,-0.16004294157028198,-0.055725350975990295,0.02948487550020218
1742955488.196351,9470,1742955488,196246372,ft_sensor0_wrench,-3.2361137866973877,1.017385482788086,-19.184738159179688,-0.16163980960845947,-0.055860280990600586,0.02993493527173996
1742955488.2030797,9471,1742955488,202939439,ft_sensor0_wrench,-3.242720603942871,1.0584163665771484,-19.250316619873047,-0.1609429121017456,-0.058006323873996735,0.029965877532958984
1742955488.20966,9472,1742955488,209580802,ft_sensor0_wrench,-3.31687331199646,1.0168724060058594,-19.362714767456055,-0.16304993629455566,-0.05799172818660736,0.03087710589170456
1742955488.2164211,9473,1742955488,216252133,ft_sensor0_wrench,-3.2610678672790527,1.081003189086914,-19.50147819519043,-0.16331493854522705,-0.05954728275537491,0.03053661435842514
1742955488.223059,9474,1742955488,222914816,ft_sensor0_wrench,-3.206831932067871,0.9997348785400391,-19.759613037109375,-0.16602927446365356,-0.06058068573474884,0.03056950867176056
1742955488.2296422,9475,1742955488,229579450,ft_sensor0_wrench,-3.242928981781006,0.927581787109375,-20.248136520385742,-0.1689234972000122,-0.062431588768959045,0.03105853497982025
1742955488.23636,9476,1742955488,236246152,ft_sensor0_wrench,-3.326500654220581,0.9412670135498047,-20.967140197753906,-0.17147105932235718,-0.06540113687515259,0.03163503110408783
1742955488.2430165,9477,1742955488,242917105,ft_sensor0_wrench,-3.4332468509674072,0.83697509765625,-21.84151840209961,-0.1788082718849182,-0.07020306587219238,0.03161522001028061
1742955488.249645,9478,1742955488,249580923,ft_sensor0_wrench,-3.540604829788208,0.8302402496337891,-22.899612426757812,-0.18674218654632568,-0.07573773711919785,0.03261839598417282
1742955488.2563367,9479,1742955488,256247439,ft_sensor0_wrench,-3.6126556396484375,0.9835128784179688,-23.981563568115234,-0.19130700826644897,-0.08258940279483795,0.03279875963926315
1742955488.2630386,9480,1742955488,262912884,ft_sensor0_wrench,-3.6947426795959473,0.9779434204101562,-25.132549285888672,-0.1996225118637085,-0.08920738101005554,0.03294670581817627
1742955488.2696626,9481,1742955488,269580095,ft_sensor0_wrench,-3.713273763656616,0.9057502746582031,-26.168750762939453,-0.2081540822982788,-0.09602636098861694,0.03303521126508713
1742955488.276419,9482,1742955488,276279301,ft_sensor0_wrench,-3.7411282062530518,0.9774494171142578,-26.979766845703125,-0.21284157037734985,-0.09909293055534363,0.03266705572605133
1742955488.2830746,9483,1742955488,282932600,ft_sensor0_wrench,-3.7536416053771973,1.1021232604980469,-27.46971893310547,-0.2146751880645752,-0.0995267927646637,0.03200697898864746
1742955488.2896469,9484,1742955488,289580435,ft_sensor0_wrench,-3.6436767578125,1.0846824645996094,-27.654460906982422,-0.21772903203964233,-0.10147301852703094,0.032135434448719025
1742955488.2963138,9485,1742955488,296246254,ft_sensor0_wrench,-3.709178924560547,1.132223129272461,-27.86355972290039,-0.21887844800949097,-0.10082472860813141,0.03134370595216751
1742955488.3030865,9486,1742955488,302943448,ft_sensor0_wrench,-3.754267454147339,1.2138423919677734,-28.109371185302734,-0.21963173151016235,-0.10462227463722229,0.03126419335603714
1742955488.3096693,9487,1742955488,309581382,ft_sensor0_wrench,-4.036991119384766,1.2221088409423828,-28.412479400634766,-0.22271478176116943,-0.10863816738128662,0.03293086588382721
1742955488.3164103,9488,1742955488,316246375,ft_sensor0_wrench,-4.390832901000977,1.140054702758789,-28.96149444580078,-0.2285575270652771,-0.11635681986808777,0.035061731934547424
1742955488.3230686,9489,1742955488,322929155,ft_sensor0_wrench,-4.801128387451172,1.1545982360839844,-29.767780303955078,-0.23368185758590698,-0.12391979992389679,0.037490613758563995
1742955488.329734,9490,1742955488,329580739,ft_sensor0_wrench,-5.199258804321289,1.208709716796875,-30.80272674560547,-0.23982995748519897,-0.13385207951068878,0.0404643639922142
1742955488.336348,9491,1742955488,336270947,ft_sensor0_wrench,-5.467263698577881,1.20916748046875,-32.027061462402344,-0.24830502271652222,-0.14523302018642426,0.04305610805749893
1742955488.343046,9492,1742955488,342934162,ft_sensor0_wrench,-5.633697986602783,1.2833290100097656,-33.14632797241211,-0.2548900246620178,-0.15366683900356293,0.04476865381002426
1742955488.3496473,9493,1742955488,349581552,ft_sensor0_wrench,-5.5966010093688965,1.2351188659667969,-34.236854553222656,-0.2613295316696167,-0.15975934267044067,0.04612995684146881
1742955488.3563445,9494,1742955488,356246330,ft_sensor0_wrench,-5.492950916290283,1.0732040405273438,-35.01091003417969,-0.26753532886505127,-0.16238999366760254,0.04645515978336334
1742955488.3630245,9495,1742955488,362929745,ft_sensor0_wrench,-5.31162166595459,1.0285663604736328,-35.5818977355957,-0.2694165110588074,-0.1640234887599945,0.04674278944730759
1742955488.3696628,9496,1742955488,369581872,ft_sensor0_wrench,-5.0403828620910645,1.0733489990234375,-35.8953742980957,-0.27045130729675293,-0.1656574308872223,0.046000756323337555
1742955488.37637,9497,1742955488,376247177,ft_sensor0_wrench,-4.939972877502441,1.120798110961914,-35.924522399902344,-0.27151453495025635,-0.16416072845458984,0.04477710276842117
1742955488.383039,9498,1742955488,382913186,ft_sensor0_wrench,-4.826967239379883,1.2532939910888672,-35.87843704223633,-0.27191030979156494,-0.1640676110982895,0.04340990632772446
1742955488.3896542,9499,1742955488,389580307,ft_sensor0_wrench,-4.889150619506836,1.397817611694336,-35.98835372924805,-0.27375495433807373,-0.16360069811344147,0.04275371879339218
1742955488.3963337,9500,1742955488,396246287,ft_sensor0_wrench,-4.943689346313477,1.5749053955078125,-36.22722244262695,-0.27694129943847656,-0.16736751794815063,0.041551537811756134
1742955488.403066,9501,1742955488,402943682,ft_sensor0_wrench,-5.0794525146484375,1.8577232360839844,-36.5767936706543,-0.279275119304657,-0.17219959199428558,0.04087357968091965
1742955488.40965,9502,1742955488,409580157,ft_sensor0_wrench,-5.321823596954346,1.9882678985595703,-36.898353576660156,-0.2848232388496399,-0.17617188394069672,0.04079381376504898
1742955488.4163387,9503,1742955488,416246263,ft_sensor0_wrench,-5.579397201538086,2.134033203125,-37.152793884277344,-0.2882009744644165,-0.1795535534620285,0.041301384568214417
1742955488.4230218,9504,1742955488,422932553,ft_sensor0_wrench,-5.789951801300049,2.217458724975586,-37.527565002441406,-0.2907663583755493,-0.18426519632339478,0.04238464683294296
1742955488.4296467,9505,1742955488,429580731,ft_sensor0_wrench,-5.982266426086426,2.1626510620117188,-37.95892333984375,-0.2937670350074768,-0.18686656653881073,0.04354233294725418
1742955488.4363616,9506,1742955488,436249723,ft_sensor0_wrench,-6.033304214477539,2.096529006958008,-38.25905990600586,-0.2944270968437195,-0.18931613862514496,0.04483064264059067
1742955488.4430501,9507,1742955488,442931392,ft_sensor0_wrench,-5.902255058288574,1.9406795501708984,-38.42642593383789,-0.2946144938468933,-0.1925685852766037,0.04580392688512802
1742955488.4496477,9508,1742955488,449580753,ft_sensor0_wrench,-5.876076698303223,1.7241077423095703,-38.556732177734375,-0.2942829132080078,-0.19084888696670532,0.046868085861206055
1742955488.456359,9509,1742955488,456247088,ft_sensor0_wrench,-5.778286933898926,1.518402099609375,-38.57200622558594,-0.2936251759529114,-0.18911820650100708,0.047717735171318054
1742955488.4630578,9510,1742955488,462913509,ft_sensor0_wrench,-5.640666961669922,1.4189872741699219,-38.44908905029297,-0.2907276749610901,-0.18695300817489624,0.04793693870306015
1742955488.4696658,9511,1742955488,469583274,ft_sensor0_wrench,-5.416393280029297,1.3502826690673828,-38.276336669921875,-0.2891162037849426,-0.186134934425354,0.04737593233585358
1742955488.4764123,9512,1742955488,476269258,ft_sensor0_wrench,-5.308864593505859,1.318552017211914,-38.16730880737305,-0.2894958257675171,-0.18437249958515167,0.04691576957702637
1742955488.4830565,9513,1742955488,482913171,ft_sensor0_wrench,-5.2967529296875,1.414276123046875,-38.37474822998047,-0.29055190086364746,-0.18528161942958832,0.046192802488803864
1742955488.4896622,9514,1742955488,489579895,ft_sensor0_wrench,-5.373879432678223,1.5305366516113281,-38.73328399658203,-0.292894184589386,-0.1893521547317505,0.045993536710739136
1742955488.4963737,9515,1742955488,496246263,ft_sensor0_wrench,-5.52461051940918,1.5890750885009766,-39.299095153808594,-0.29734575748443604,-0.19372950494289398,0.045808665454387665
1742955488.5030382,9516,1742955488,502913682,ft_sensor0_wrench,-5.58799934387207,1.7210655212402344,-39.79813766479492,-0.30005359649658203,-0.19832490384578705,0.045648813247680664
1742955488.509689,9517,1742955488,509579527,ft_sensor0_wrench,-5.601790428161621,1.7721881866455078,-40.20330047607422,-0.30427175760269165,-0.20329123735427856,0.04502261430025101
1742955488.5163372,9518,1742955488,516246076,ft_sensor0_wrench,-5.678243160247803,1.7749137878417969,-40.63310241699219,-0.3090170621871948,-0.20691731572151184,0.044568583369255066
1742955488.523116,9519,1742955488,522931227,ft_sensor0_wrench,-5.779079914093018,1.9006671905517578,-40.834049224853516,-0.30889421701431274,-0.2088015377521515,0.04470645636320114
1742955488.529653,9520,1742955488,529581048,ft_sensor0_wrench,-5.758593559265137,1.8935470581054688,-40.82592010498047,-0.3109310269355774,-0.2110213339328766,0.04479289799928665
1742955488.5363219,9521,1742955488,536246523,ft_sensor0_wrench,-5.897248268127441,2.01513671875,-40.864810943603516,-0.31050437688827515,-0.21091529726982117,0.04489525407552719
1742955488.5431218,9522,1742955488,542949922,ft_sensor0_wrench,-6.028512477874756,1.979562759399414,-41.05778503417969,-0.31348735094070435,-0.21493017673492432,0.04564330726861954
1742955488.5496469,9523,1742955488,549580160,ft_sensor0_wrench,-6.231287956237793,1.9047565460205078,-41.38909912109375,-0.31634658575057983,-0.2196730673313141,0.04722263664007187
1742955488.5563228,9524,1742955488,556245771,ft_sensor0_wrench,-6.483247756958008,1.9010391235351562,-41.718379974365234,-0.316764771938324,-0.2252083122730255,0.04944596439599991
1742955488.5630362,9525,1742955488,562915407,ft_sensor0_wrench,-6.787196159362793,1.831939697265625,-42.04900360107422,-0.3182048797607422,-0.22919413447380066,0.05228279531002045
1742955488.569659,9526,1742955488,569581020,ft_sensor0_wrench,-7.029216289520264,1.8911933898925781,-42.447052001953125,-0.31893301010131836,-0.23489198088645935,0.05481310188770294
1742955488.5763955,9527,1742955488,576264617,ft_sensor0_wrench,-7.209031105041504,1.8658676147460938,-42.799015045166016,-0.3221011757850647,-0.24038314819335938,0.057129375636577606
1742955488.5830693,9528,1742955488,582937279,ft_sensor0_wrench,-7.325890064239502,1.7919979095458984,-43.066593170166016,-0.32568758726119995,-0.24305397272109985,0.05939842015504837
1742955488.5896351,9529,1742955488,589581047,ft_sensor0_wrench,-7.202554702758789,1.7037315368652344,-43.275184631347656,-0.32697397470474243,-0.24699386954307556,0.06115611642599106
1742955488.5963228,9530,1742955488,596249047,ft_sensor0_wrench,-7.093523979187012,1.6800899505615234,-43.39918899536133,-0.3262540102005005,-0.2473859190940857,0.062222920358181
1742955488.6030514,9531,1742955488,602934096,ft_sensor0_wrench,-6.990715980529785,1.6206092834472656,-43.57123565673828,-0.3269609808921814,-0.2469044029712677,0.06263896822929382
1742955488.6096458,9532,1742955488,609581163,ft_sensor0_wrench,-6.908764362335205,1.6245803833007812,-43.74095916748047,-0.32798606157302856,-0.2461637556552887,0.06225211173295975
1742955488.6163702,9533,1742955488,616248960,ft_sensor0_wrench,-6.858659744262695,1.6548957824707031,-44.08892822265625,-0.3313291072845459,-0.24755415320396423,0.061555638909339905
1742955488.62302,9534,1742955488,622912598,ft_sensor0_wrench,-6.762534141540527,1.8205299377441406,-44.47758865356445,-0.33339428901672363,-0.25193655490875244,0.06032212823629379
1742955488.629665,9535,1742955488,629582171,ft_sensor0_wrench,-6.794147491455078,1.9410343170166016,-44.98064422607422,-0.33763015270233154,-0.25475215911865234,0.05865931510925293
1742955488.6363668,9536,1742955488,636263417,ft_sensor0_wrench,-6.7305684089660645,2.10479736328125,-45.29741668701172,-0.34105849266052246,-0.25795769691467285,0.05702389031648636
1742955488.6431193,9537,1742955488,642934746,ft_sensor0_wrench,-6.72628116607666,2.2159957885742188,-45.43098068237305,-0.3438568711280823,-0.25845178961753845,0.05594061315059662
1742955488.649729,9538,1742955488,649579112,ft_sensor0_wrench,-6.691379547119141,2.315797805786133,-45.565345764160156,-0.3448575735092163,-0.26049134135246277,0.055448271334171295
1742955488.6563754,9539,1742955488,656257392,ft_sensor0_wrench,-6.768604278564453,2.331501007080078,-45.789852142333984,-0.3462151288986206,-0.26303547620773315,0.05552772432565689
1742955488.663044,9540,1742955488,662927127,ft_sensor0_wrench,-6.951027870178223,2.3211536407470703,-46.01152801513672,-0.34795117378234863,-0.26476970314979553,0.05623681843280792
1742955488.6696525,9541,1742955488,669580336,ft_sensor0_wrench,-7.124825477600098,2.3434200286865234,-46.13897705078125,-0.34877192974090576,-0.2666877210140228,0.05694685876369476
1742955488.676375,9542,1742955488,676247981,ft_sensor0_wrench,-7.286697864532471,2.3950443267822266,-46.1511344909668,-0.34831345081329346,-0.2680871784687042,0.057636044919490814
1742955488.6830478,9543,1742955488,682935177,ft_sensor0_wrench,-7.365943908691406,2.431661605834961,-46.1158447265625,-0.3478855490684509,-0.2710985243320465,0.05832795053720474
1742955488.689674,9544,1742955488,689580454,ft_sensor0_wrench,-7.465360641479492,2.3697509765625,-46.13058090209961,-0.3485504984855652,-0.27298232913017273,0.05938560515642166
1742955488.6963205,9545,1742955488,696248958,ft_sensor0_wrench,-7.519662380218506,2.367969512939453,-46.078372955322266,-0.3470141291618347,-0.274821013212204,0.06086985021829605
1742955488.703021,9546,1742955488,702950272,ft_sensor0_wrench,-7.5130720138549805,2.1970043182373047,-45.96357727050781,-0.3468647599220276,-0.2752343416213989,0.06221725046634674
1742955488.7097366,9547,1742955488,709583045,ft_sensor0_wrench,-7.557493209838867,2.0506744384765625,-45.90285110473633,-0.3446016311645508,-0.27334102988243103,0.06349141150712967
1742955488.7163165,9548,1742955488,716248309,ft_sensor0_wrench,-7.571044921875,1.7536983489990234,-46.048152923583984,-0.34588807821273804,-0.2740126848220825,0.06541958451271057
1742955488.7230523,9549,1742955488,722931219,ft_sensor0_wrench,-7.597356796264648,1.5759906768798828,-46.235565185546875,-0.3454930782318115,-0.27641481161117554,0.06764499843120575
1742955488.7296472,9550,1742955488,729580455,ft_sensor0_wrench,-7.697463035583496,1.4031143188476562,-46.41825866699219,-0.34630632400512695,-0.27850544452667236,0.06969144940376282
1742955488.7363179,9551,1742955488,736248135,ft_sensor0_wrench,-7.798727035522461,1.4087181091308594,-46.66587829589844,-0.34626835584640503,-0.28178584575653076,0.07103001326322556
1742955488.7431242,9552,1742955488,742933900,ft_sensor0_wrench,-7.843774318695068,1.4283676147460938,-47.09830856323242,-0.3487895727157593,-0.2862277328968048,0.07117815315723419
1742955488.7496488,9553,1742955488,749578999,ft_sensor0_wrench,-7.828682899475098,1.4667377471923828,-47.44195556640625,-0.35197633504867554,-0.2886156737804413,0.071368008852005
1742955488.7563655,9554,1742955488,756263123,ft_sensor0_wrench,-7.742959976196289,1.4959392547607422,-47.60322570800781,-0.3545340895652771,-0.2898640036582947,0.07152199745178223
1742955488.7630444,9555,1742955488,762928739,ft_sensor0_wrench,-7.7458906173706055,1.5718059539794922,-47.7454719543457,-0.35397785902023315,-0.2894149422645569,0.07136474549770355
1742955488.7697208,9556,1742955488,769592298,ft_sensor0_wrench,-7.7624616622924805,1.5138168334960938,-47.95506286621094,-0.354792058467865,-0.29054564237594604,0.0726635679602623
1742955488.7764308,9557,1742955488,776255502,ft_sensor0_wrench,-7.750452995300293,1.344552993774414,-47.95579528808594,-0.3554424047470093,-0.2917462885379791,0.07361029088497162
1742955488.783027,9558,1742955488,782933978,ft_sensor0_wrench,-7.788198471069336,1.3255329132080078,-47.611488342285156,-0.35129261016845703,-0.2894047498703003,0.07538735121488571
1742955488.78966,9559,1742955488,789580310,ft_sensor0_wrench,-7.847894668579102,1.4128093719482422,-47.197669982910156,-0.3461824655532837,-0.2856999337673187,0.07591071724891663
1742955488.7963343,9560,1742955488,796244612,ft_sensor0_wrench,-7.928781509399414,1.3392181396484375,-47.031532287597656,-0.3462648391723633,-0.2849191129207611,0.07691659778356552
1742955488.802989,9561,1742955488,802913362,ft_sensor0_wrench,-8.077253341674805,1.3064937591552734,-47.273094177246094,-0.3474351167678833,-0.28938060998916626,0.0780392438173294
1742955488.8096664,9562,1742955488,809587959,ft_sensor0_wrench,-8.30001163482666,1.2398262023925781,-47.835208892822266,-0.35049736499786377,-0.29598087072372437,0.08030977845191956
1742955488.8163033,9563,1742955488,816245104,ft_sensor0_wrench,-8.509822845458984,1.1605701446533203,-48.53600311279297,-0.354351282119751,-0.30383557081222534,0.08260848373174667
1742955488.8230238,9564,1742955488,822913171,ft_sensor0_wrench,-8.753908157348633,1.1738471984863281,-49.21307373046875,-0.35765498876571655,-0.3104979693889618,0.08453688770532608
1742955488.8296533,9565,1742955488,829579256,ft_sensor0_wrench,-8.86130428314209,1.154409408569336,-49.82732391357422,-0.3622141480445862,-0.3158186972141266,0.08582470566034317
1742955488.8362978,9566,1742955488,836244195,ft_sensor0_wrench,-8.766923904418945,1.1887569427490234,-50.10444259643555,-0.36419951915740967,-0.3186366558074951,0.08619463443756104
1742955488.843027,9567,1742955488,842924610,ft_sensor0_wrench,-8.643143653869629,1.2759075164794922,-50.05835723876953,-0.36464065313339233,-0.31905147433280945,0.08588556945323944
1742955488.8496597,9568,1742955488,849578810,ft_sensor0_wrench,-8.612117767333984,1.3776493072509766,-49.77894973754883,-0.3638404607772827,-0.31707340478897095,0.08507344871759415
1742955488.8563547,9569,1742955488,856264729,ft_sensor0_wrench,-8.586236953735352,1.3797435760498047,-49.38576889038086,-0.3637741804122925,-0.31351611018180847,0.08526979386806488
1742955488.8630419,9570,1742955488,862924924,ft_sensor0_wrench,-8.603813171386719,1.4189605712890625,-49.13337707519531,-0.3617570400238037,-0.31074488162994385,0.08565353602170944
1742955488.8696392,9571,1742955488,869578922,ft_sensor0_wrench,-8.614785194396973,1.4231548309326172,-49.110469818115234,-0.3599429130554199,-0.3113236129283905,0.08669154345989227
1742955488.8763454,9572,1742955488,876251197,ft_sensor0_wrench,-8.737972259521484,1.3371315002441406,-49.13094711303711,-0.3603602647781372,-0.3109484314918518,0.08769718557596207
1742955488.8830674,9573,1742955488,882931439,ft_sensor0_wrench,-8.721062660217285,1.2125434875488281,-49.21593475341797,-0.36197882890701294,-0.3152405917644501,0.08897184580564499
1742955488.8896585,9574,1742955488,889589671,ft_sensor0_wrench,-8.884536743164062,1.2269248962402344,-49.68966293334961,-0.3647395372390747,-0.31979769468307495,0.08999235928058624
1742955488.8963795,9575,1742955488,896268543,ft_sensor0_wrench,-9.077415466308594,1.2427635192871094,-50.34011459350586,-0.3688722848892212,-0.3279975950717926,0.09130867570638657
1742955488.9030592,9576,1742955488,902936860,ft_sensor0_wrench,-9.300116539001465,1.3386268615722656,-50.84963607788086,-0.371151328086853,-0.3354799151420593,0.09307284653186798
1742955488.9096608,9577,1742955488,909604176,ft_sensor0_wrench,-9.490633964538574,1.3577556610107422,-51.01482009887695,-0.3734816908836365,-0.3397943377494812,0.09473276138305664
1742955488.9163024,9578,1742955488,916246427,ft_sensor0_wrench,-9.615402221679688,1.4233036041259766,-50.83525848388672,-0.3752741813659668,-0.3407614231109619,0.09618622064590454
1742955488.923095,9579,1742955488,922933047,ft_sensor0_wrench,-9.63314437866211,1.571065902709961,-50.43925094604492,-0.3735876679420471,-0.3370157480239868,0.09691716730594635
1742955488.9296374,9580,1742955488,929579055,ft_sensor0_wrench,-9.304219245910645,1.7078304290771484,-49.848182678222656,-0.3702981472015381,-0.3335567116737366,0.09607023000717163
1742955488.9363155,9581,1742955488,936247454,ft_sensor0_wrench,-9.150471687316895,1.777139663696289,-49.259788513183594,-0.3680628538131714,-0.32596978545188904,0.09492353349924088
1742955488.9430754,9582,1742955488,942960315,ft_sensor0_wrench,-9.041450500488281,1.8362388610839844,-48.96571350097656,-0.3662395477294922,-0.32284706830978394,0.09490925073623657
1742955488.949697,9583,1742955488,949605420,ft_sensor0_wrench,-8.910137176513672,1.7801570892333984,-48.83201599121094,-0.3652381896972656,-0.3229196071624756,0.09592454880475998
1742955488.9563396,9584,1742955488,956266612,ft_sensor0_wrench,-8.861003875732422,1.6223373413085938,-48.70661544799805,-0.3632236123085022,-0.32017529010772705,0.09631898999214172
1742955488.9629915,9585,1742955488,962914176,ft_sensor0_wrench,-8.821056365966797,1.482574462890625,-48.60401153564453,-0.3606969118118286,-0.31766730546951294,0.09759669005870819
1742955488.9696586,9586,1742955488,969579238,ft_sensor0_wrench,-8.714949607849121,1.34515380859375,-48.49776840209961,-0.359433114528656,-0.3169139623641968,0.09850320219993591
1742955488.9763258,9587,1742955488,976246248,ft_sensor0_wrench,-8.649256706237793,1.235055923461914,-48.500667572021484,-0.3591844439506531,-0.31818056106567383,0.09948831796646118
1742955488.9830015,9588,1742955488,982919714,ft_sensor0_wrench,-8.754117965698242,1.200113296508789,-48.58872604370117,-0.3594251275062561,-0.3192026913166046,0.09989380836486816
1742955488.9896493,9589,1742955488,989579044,ft_sensor0_wrench,-8.931792259216309,1.1900310516357422,-48.739402770996094,-0.3611767888069153,-0.32104191184043884,0.09994170069694519
1742955488.9963574,9590,1742955488,996246040,ft_sensor0_wrench,-9.078908920288086,1.214242935180664,-48.74709701538086,-0.3624366521835327,-0.32342764735221863,0.1015571728348732
1742955489.0030313,9591,1742955489,2916491,ft_sensor0_wrench,-9.186147689819336,1.3725337982177734,-48.61866760253906,-0.3610392212867737,-0.324635773897171,0.10189111530780792
1742955489.009655,9592,1742955489,9578816,ft_sensor0_wrench,-9.272405624389648,1.4539508819580078,-48.44981384277344,-0.36133909225463867,-0.3231338858604431,0.10175110399723053
1742955489.016324,9593,1742955489,16245502,ft_sensor0_wrench,-9.235380172729492,1.593017578125,-48.283775329589844,-0.3607718348503113,-0.32272422313690186,0.10122223198413849
1742955489.0230005,9594,1742955489,22913613,ft_sensor0_wrench,-9.170772552490234,1.6201953887939453,-48.3067741394043,-0.3621048927307129,-0.32295456528663635,0.10087369382381439
1742955489.029793,9595,1742955489,29592138,ft_sensor0_wrench,-9.07455825805664,1.5672473907470703,-48.52095031738281,-0.36354005336761475,-0.32387763261795044,0.10133331269025803
1742955489.0363736,9596,1742955489,36244712,ft_sensor0_wrench,-9.007938385009766,1.4790725708007812,-48.71644973754883,-0.36379867792129517,-0.3235728442668915,0.10125516355037689
1742955489.0430226,9597,1742955489,42912930,ft_sensor0_wrench,-8.881612777709961,1.4137134552001953,-48.708740234375,-0.36119645833969116,-0.32196420431137085,0.10152807831764221
1742955489.049641,9598,1742955489,49578677,ft_sensor0_wrench,-8.714873313903809,1.375295639038086,-48.44540023803711,-0.3574067950248718,-0.3195752799510956,0.1013391986489296
1742955489.0563686,9599,1742955489,56245564,ft_sensor0_wrench,-8.62277889251709,1.2797813415527344,-48.33884811401367,-0.35746943950653076,-0.31753167510032654,0.10057096183300018
1742955489.0630405,9600,1742955489,62927973,ft_sensor0_wrench,-8.600292205810547,1.2057533264160156,-48.52214813232422,-0.36006009578704834,-0.31964030861854553,0.09950438141822815
1742955489.0696337,9601,1742955489,69577850,ft_sensor0_wrench,-8.691709518432617,1.2431869506835938,-48.95242691040039,-0.36294645071029663,-0.3237907290458679,0.0987967848777771
1742955489.0763645,9602,1742955489,76263571,ft_sensor0_wrench,-8.953977584838867,1.3429985046386719,-49.421653747558594,-0.3650025725364685,-0.32806628942489624,0.09898892045021057
1742955489.0830746,9603,1742955489,82951315,ft_sensor0_wrench,-9.108644485473633,1.301218032836914,-49.774845123291016,-0.3677707314491272,-0.3342798054218292,0.09929259121417999
1742955489.0896466,9604,1742955489,89580417,ft_sensor0_wrench,-9.25471305847168,1.2652759552001953,-49.970211029052734,-0.36945265531539917,-0.3380514979362488,0.09976544976234436
1742955489.096326,9605,1742955489,96247794,ft_sensor0_wrench,-9.316877365112305,1.3421459197998047,-50.05643844604492,-0.36860841512680054,-0.3401423394680023,0.09982389211654663
1742955489.1030731,9606,1742955489,102933821,ft_sensor0_wrench,-9.316497802734375,1.4345111846923828,-50.007686614990234,-0.3689412474632263,-0.33948928117752075,0.09927426278591156
1742955489.10969,9607,1742955489,109585981,ft_sensor0_wrench,-9.25123119354248,1.5458698272705078,-49.799137115478516,-0.36995482444763184,-0.3368871808052063,0.09810514748096466
1742955489.1163962,9608,1742955489,116277769,ft_sensor0_wrench,-9.154510498046875,1.7019386291503906,-49.59529113769531,-0.3683270215988159,-0.33435776829719543,0.09688714146614075
1742955489.1230836,9609,1742955489,122941268,ft_sensor0_wrench,-9.053924560546875,1.7201194763183594,-49.46095275878906,-0.3681480288505554,-0.33290940523147583,0.09668207168579102
1742955489.1296575,9610,1742955489,129579911,ft_sensor0_wrench,-9.027936935424805,1.5661048889160156,-49.379268646240234,-0.3669155240058899,-0.33057135343551636,0.09755285829305649
1742955489.1363401,9611,1742955489,136245245,ft_sensor0_wrench,-8.947551727294922,1.3360481262207031,-49.415672302246094,-0.3657299876213074,-0.33005648851394653,0.09946246445178986
1742955489.1430595,9612,1742955489,142913609,ft_sensor0_wrench,-8.836246490478516,1.1878528594970703,-49.59090805053711,-0.36387187242507935,-0.33110275864601135,0.10101158916950226
1742955489.1497242,9613,1742955489,149578830,ft_sensor0_wrench,-8.72886848449707,1.1084613800048828,-49.898040771484375,-0.36479681730270386,-0.33362266421318054,0.10165414214134216
1742955489.1563735,9614,1742955489,156248229,ft_sensor0_wrench,-8.67013931274414,1.1714000701904297,-50.15177536010742,-0.36722463369369507,-0.3351967930793762,0.10095863044261932
1742955489.1630697,9615,1742955489,162912329,ft_sensor0_wrench,-8.635540008544922,1.3563251495361328,-50.21625900268555,-0.3695743680000305,-0.3350851535797119,0.09861592948436737
1742955489.1696565,9616,1742955489,169580373,ft_sensor0_wrench,-8.695890426635742,1.5967464447021484,-50.22748565673828,-0.3721315264701843,-0.3347724676132202,0.09677071124315262
1742955489.1764262,9617,1742955489,176250331,ft_sensor0_wrench,-8.767026901245117,1.8330764770507812,-50.281314849853516,-0.37360328435897827,-0.3368965685367584,0.09577362984418869
1742955489.183066,9618,1742955489,182913627,ft_sensor0_wrench,-8.869519233703613,1.9018783569335938,-50.26644515991211,-0.37440717220306396,-0.3395971357822418,0.0963250994682312
1742955489.1897273,9619,1742955489,189580804,ft_sensor0_wrench,-9.091063499450684,1.8085670471191406,-50.14414978027344,-0.3729862570762634,-0.33893826603889465,0.09811607003211975
1742955489.1963413,9620,1742955489,196246819,ft_sensor0_wrench,-9.221821784973145,1.5801277160644531,-50.02867126464844,-0.3723945617675781,-0.33802977204322815,0.10023942589759827
1742955489.203102,9621,1742955489,202944640,ft_sensor0_wrench,-9.256710052490234,1.4318733215332031,-49.8753776550293,-0.36976557970046997,-0.33556631207466125,0.10215519368648529
1742955489.2096546,9622,1742955489,209581152,ft_sensor0_wrench,-9.087663650512695,1.4496402740478516,-49.67697525024414,-0.3657035827636719,-0.33510059118270874,0.103133924305439
1742955489.2163658,9623,1742955489,216273731,ft_sensor0_wrench,-8.908744812011719,1.4162960052490234,-49.61885070800781,-0.36436331272125244,-0.3343394994735718,0.103502556681633
1742955489.223078,9624,1742955489,222931017,ft_sensor0_wrench,-8.794595718383789,1.3505401611328125,-49.67776870727539,-0.3643573522567749,-0.3325583338737488,0.10321381688117981
1742955489.229656,9625,1742955489,229580351,ft_sensor0_wrench,-8.66812515258789,1.2630558013916016,-49.72896194458008,-0.36595505475997925,-0.33323338627815247,0.10253715515136719
1742955489.2363198,9626,1742955489,236248316,ft_sensor0_wrench,-8.566722869873047,1.2820796966552734,-49.80653762817383,-0.36569279432296753,-0.3324412703514099,0.10255829989910126
1742955489.2429986,9627,1742955489,242912755,ft_sensor0_wrench,-8.448633193969727,1.2962417602539062,-49.67436218261719,-0.36559176445007324,-0.33049410581588745,0.1019100695848465
1742955489.2496383,9628,1742955489,249580557,ft_sensor0_wrench,-8.410514831542969,1.3474750518798828,-49.44562911987305,-0.3644829988479614,-0.32817599177360535,0.10080858319997787
1742955489.2563083,9629,1742955489,256245823,ft_sensor0_wrench,-8.411602020263672,1.320333480834961,-49.393062591552734,-0.36664342880249023,-0.32895758748054504,0.1008659154176712
1742955489.26309,9630,1742955489,262931185,ft_sensor0_wrench,-8.536039352416992,1.4126853942871094,-49.726768493652344,-0.3675905466079712,-0.3338097035884857,0.10124474763870239
1742955489.269678,9631,1742955489,269583378,ft_sensor0_wrench,-8.886811256408691,1.453094482421875,-50.255027770996094,-0.37111806869506836,-0.34087488055229187,0.10209496319293976
1742955489.2763884,9632,1742955489,276283593,ft_sensor0_wrench,-9.280622482299805,1.559814453125,-50.66301727294922,-0.37407732009887695,-0.34740591049194336,0.10364843159914017
1742955489.2830355,9633,1742955489,282932686,ft_sensor0_wrench,-9.55540657043457,1.7626934051513672,-50.819557189941406,-0.3754705786705017,-0.3524739742279053,0.10414738953113556
1742955489.2896366,9634,1742955489,289579771,ft_sensor0_wrench,-9.615921020507812,1.8737735748291016,-50.75619888305664,-0.37804871797561646,-0.3547466993331909,0.10371478646993637
1742955489.2963862,9635,1742955489,296246140,ft_sensor0_wrench,-9.561424255371094,1.9465389251708984,-50.566795349121094,-0.37940239906311035,-0.3538399338722229,0.10340647399425507
1742955489.3030813,9636,1742955489,302934811,ft_sensor0_wrench,-9.493241310119629,2.0772323608398438,-50.5012092590332,-0.37810003757476807,-0.35231536626815796,0.10328048467636108
1742955489.3096395,9637,1742955489,309579569,ft_sensor0_wrench,-9.395033836364746,2.071157455444336,-50.62314224243164,-0.37775230407714844,-0.3529426157474518,0.10394022613763809
1742955489.3163042,9638,1742955489,316245903,ft_sensor0_wrench,-9.342879295349121,1.9632492065429688,-50.78934860229492,-0.37784552574157715,-0.35468804836273193,0.10560722649097443
1742955489.3230286,9639,1742955489,322914023,ft_sensor0_wrench,-9.37980842590332,1.7403450012207031,-50.72622299194336,-0.3774172067642212,-0.3532635271549225,0.10797394812107086
1742955489.3296764,9640,1742955489,329596405,ft_sensor0_wrench,-9.461833953857422,1.4986095428466797,-50.52657699584961,-0.37537622451782227,-0.35007259249687195,0.11045882105827332
1742955489.3363502,9641,1742955489,336245997,ft_sensor0_wrench,-9.464055061340332,1.3791236877441406,-50.26047134399414,-0.3701740503311157,-0.3473740816116333,0.11252719163894653
1742955489.343062,9642,1742955489,342928874,ft_sensor0_wrench,-9.32688045501709,1.32177734375,-49.919490814208984,-0.3666524887084961,-0.34684428572654724,0.11387680470943451
1742955489.3496375,9643,1742955489,349579575,ft_sensor0_wrench,-9.385442733764648,1.3182029724121094,-49.75495529174805,-0.3676425814628601,-0.34457048773765564,0.11366783082485199
1742955489.3563159,9644,1742955489,356249110,ft_sensor0_wrench,-9.382620811462402,1.5146160125732422,-49.81542205810547,-0.3684641122817993,-0.3462386131286621,0.1128280982375145
1742955489.3630507,9645,1742955489,362928987,ft_sensor0_wrench,-9.416444778442383,1.6643314361572266,-49.9931755065918,-0.3701857924461365,-0.34766337275505066,0.11196760088205338
1742955489.3696702,9646,1742955489,369581349,ft_sensor0_wrench,-9.407443046569824,1.699563980102539,-50.03474426269531,-0.37178897857666016,-0.34858158230781555,0.11229762434959412
1742955489.3764353,9647,1742955489,376267279,ft_sensor0_wrench,-9.437807083129883,1.681997299194336,-50.08260726928711,-0.37226974964141846,-0.3477271795272827,0.112289197742939
1742955489.383047,9648,1742955489,382911754,ft_sensor0_wrench,-9.314364433288574,1.61480712890625,-50.27190017700195,-0.3741464614868164,-0.349439412355423,0.11275740712881088
1742955489.3897123,9649,1742955489,389579364,ft_sensor0_wrench,-9.241964340209961,1.565439224243164,-50.7421875,-0.3762977719306946,-0.35139793157577515,0.11259502172470093
1742955489.3964012,9650,1742955489,396249459,ft_sensor0_wrench,-9.153633117675781,1.5358772277832031,-51.302791595458984,-0.37918567657470703,-0.35470208525657654,0.11249492317438126
1742955489.403057,9651,1742955489,402913660,ft_sensor0_wrench,-9.061901092529297,1.5289363861083984,-51.71915054321289,-0.3810877203941345,-0.35926076769828796,0.11260659992694855
1742955489.4096584,9652,1742955489,409578977,ft_sensor0_wrench,-9.145098686218262,1.4798336029052734,-52.04035568237305,-0.3825550675392151,-0.3616223633289337,0.11261780560016632
1742955489.416331,9653,1742955489,416245943,ft_sensor0_wrench,-9.265311241149902,1.4607086181640625,-52.03593063354492,-0.38149237632751465,-0.362079918384552,0.11364493519067764
1742955489.42304,9654,1742955489,422911878,ft_sensor0_wrench,-9.44297981262207,1.3559913635253906,-51.63886260986328,-0.3790777325630188,-0.3591710329055786,0.11493067443370819
1742955489.4297125,9655,1742955489,429590738,ft_sensor0_wrench,-9.551443099975586,1.2653484344482422,-51.17295455932617,-0.3758254051208496,-0.35694095492362976,0.1166517436504364
1742955489.4364297,9656,1742955489,436262936,ft_sensor0_wrench,-9.59406852722168,1.1929473876953125,-50.84605026245117,-0.37289172410964966,-0.356760710477829,0.11842812597751617
1742955489.443048,9657,1742955489,442921001,ft_sensor0_wrench,-9.695857048034668,1.1550235748291016,-50.67552185058594,-0.3737099766731262,-0.35646387934684753,0.11928217113018036
1742955489.4496424,9658,1742955489,449580787,ft_sensor0_wrench,-9.703536987304688,1.2848873138427734,-50.742286682128906,-0.3729661703109741,-0.3571496605873108,0.11940289288759232
1742955489.4563377,9659,1742955489,456264645,ft_sensor0_wrench,-9.683837890625,1.3596019744873047,-50.95148849487305,-0.37502193450927734,-0.35704129934310913,0.11847034841775894
1742955489.4630408,9660,1742955489,462932340,ft_sensor0_wrench,-9.587509155273438,1.4281902313232422,-51.52870178222656,-0.3794134259223938,-0.36130058765411377,0.11744282394647598
1742955489.4696538,9661,1742955489,469581671,ft_sensor0_wrench,-9.551679611206055,1.5606117248535156,-52.42255783081055,-0.38547253608703613,-0.368720144033432,0.11656831204891205
1742955489.476351,9662,1742955489,476249266,ft_sensor0_wrench,-9.579876899719238,1.7154293060302734,-53.28672790527344,-0.39268583059310913,-0.37637293338775635,0.11531548202037811
1742955489.483048,9663,1742955489,482931199,ft_sensor0_wrench,-9.597490310668945,1.84246826171875,-53.809017181396484,-0.39722371101379395,-0.3809027671813965,0.11390401422977448
1742955489.4896739,9664,1742955489,489583411,ft_sensor0_wrench,-9.58493423461914,1.9352226257324219,-53.69363021850586,-0.3949599862098694,-0.3804222047328949,0.11391603946685791
1742955489.4963396,9665,1742955489,496247040,ft_sensor0_wrench,-9.65866470336914,1.8247547149658203,-53.12431716918945,-0.38995635509490967,-0.37419548630714417,0.11574727296829224
1742955489.502979,9666,1742955489,502913555,ft_sensor0_wrench,-9.690616607666016,1.5602569580078125,-52.134552001953125,-0.38354551792144775,-0.3686726689338684,0.11867492645978928
1742955489.509643,9667,1742955489,509580783,ft_sensor0_wrench,-9.81474494934082,1.3459758758544922,-50.9093132019043,-0.37532657384872437,-0.3615380823612213,0.12178346514701843
1742955489.516351,9668,1742955489,516246498,ft_sensor0_wrench,-9.966469764709473,1.1480159759521484,-49.844993591308594,-0.36919325590133667,-0.3543352782726288,0.12455019354820251
1742955489.5230677,9669,1742955489,522929999,ft_sensor0_wrench,-10.017792701721191,1.07818603515625,-49.362098693847656,-0.3652361035346985,-0.35070130228996277,0.126266211271286
1742955489.5296602,9670,1742955489,529582119,ft_sensor0_wrench,-9.957185745239258,1.03216552734375,-49.59756088256836,-0.36565637588500977,-0.3525822162628174,0.1269155889749527
1742955489.536308,9671,1742955489,536246985,ft_sensor0_wrench,-9.927988052368164,0.9956455230712891,-50.52915573120117,-0.3695852756500244,-0.35747310519218445,0.12751895189285278
1742955489.543008,9672,1742955489,542932576,ft_sensor0_wrench,-9.785764694213867,0.8654212951660156,-51.989070892333984,-0.3775636553764343,-0.36941346526145935,0.12801873683929443
1742955489.549669,9673,1742955489,549580468,ft_sensor0_wrench,-9.711256980895996,0.7776508331298828,-53.7697868347168,-0.38690871000289917,-0.38325345516204834,0.12818674743175507
1742955489.5563254,9674,1742955489,556247664,ft_sensor0_wrench,-9.747084617614746,0.8726272583007812,-55.175537109375,-0.3944297432899475,-0.39273861050605774,0.1273399293422699
1742955489.5630462,9675,1742955489,562926974,ft_sensor0_wrench,-9.679025650024414,1.0103626251220703,-55.580650329589844,-0.39995086193084717,-0.39748698472976685,0.12532687187194824
1742955489.5696502,9676,1742955489,569579445,ft_sensor0_wrench,-9.668384552001953,1.322296142578125,-54.855377197265625,-0.398248553276062,-0.3917990028858185,0.12269792705774307
1742955489.576336,9677,1742955489,576261401,ft_sensor0_wrench,-9.740571975708008,1.6161460876464844,-53.479331970214844,-0.39203697443008423,-0.38250142335891724,0.12159360945224762
1742955489.5830555,9678,1742955489,582911388,ft_sensor0_wrench,-9.951541900634766,1.7952823638916016,-52.12432098388672,-0.3853679299354553,-0.3733150362968445,0.12120849639177322
1742955489.5897272,9679,1742955489,589579260,ft_sensor0_wrench,-10.102569580078125,1.7887630462646484,-50.98386764526367,-0.378892719745636,-0.3662906885147095,0.12351439148187637
1742955489.5964537,9680,1742955489,596258535,ft_sensor0_wrench,-10.210342407226562,1.5704269409179688,-50.133304595947266,-0.37368321418762207,-0.3592534363269806,0.12674646079540253
1742955489.6030352,9681,1742955489,602911254,ft_sensor0_wrench,-10.191460609436035,1.3170185089111328,-49.66120147705078,-0.3693535327911377,-0.3546363115310669,0.13001054525375366
1742955489.6096778,9682,1742955489,609580535,ft_sensor0_wrench,-10.034483909606934,1.1228218078613281,-49.58845901489258,-0.36617571115493774,-0.35266613960266113,0.13232311606407166
1742955489.6164339,9683,1742955489,616245371,ft_sensor0_wrench,-9.821626663208008,1.007028579711914,-49.86211395263672,-0.3662416934967041,-0.35257676243782043,0.13244833052158356
1742955489.623071,9684,1742955489,622914142,ft_sensor0_wrench,-9.6005220413208,0.9743728637695312,-50.19649887084961,-0.3695477247238159,-0.3538159430027008,0.13081784546375275
1742955489.6296453,9685,1742955489,629578412,ft_sensor0_wrench,-9.399062156677246,1.1042041778564453,-50.526309967041016,-0.37162142992019653,-0.35561510920524597,0.12910127639770508
1742955489.6363072,9686,1742955489,636245427,ft_sensor0_wrench,-9.215631484985352,1.2360305786132812,-50.69278335571289,-0.37196558713912964,-0.3572045862674713,0.12753304839134216
1742955489.6430728,9687,1742955489,642925017,ft_sensor0_wrench,-9.198724746704102,1.1754150390625,-50.468109130859375,-0.37063902616500854,-0.35411491990089417,0.12761437892913818
1742955489.6496694,9688,1742955489,649578985,ft_sensor0_wrench,-9.267711639404297,0.9754562377929688,-50.012351989746094,-0.3678366541862488,-0.34938064217567444,0.1296631395816803
1742955489.6563857,9689,1742955489,656260595,ft_sensor0_wrench,-9.26165771484375,0.7815017700195312,-49.507389068603516,-0.3640647530555725,-0.3472757637500763,0.13192416727542877
1742955489.663062,9690,1742955489,662927793,ft_sensor0_wrench,-9.348176956176758,0.6685085296630859,-49.09183883666992,-0.3613872528076172,-0.34420567750930786,0.13298000395298004
1742955489.669669,9691,1742955489,669577898,ft_sensor0_wrench,-9.381877899169922,0.7161827087402344,-48.97413635253906,-0.36046409606933594,-0.3434092104434967,0.1327657252550125
1742955489.6764054,9692,1742955489,676265355,ft_sensor0_wrench,-9.282992362976074,0.8695144653320312,-48.947044372558594,-0.3615962266921997,-0.3442535698413849,0.13101324439048767
1742955489.6830933,9693,1742955489,682925646,ft_sensor0_wrench,-9.259237289428711,1.179962158203125,-48.89118576049805,-0.36378151178359985,-0.34337663650512695,0.12857642769813538
1742955489.6896791,9694,1742955489,689578407,ft_sensor0_wrench,-9.19609260559082,1.4707412719726562,-48.90922546386719,-0.3656119704246521,-0.3426454961299896,0.12566964328289032
1742955489.696391,9695,1742955489,696256365,ft_sensor0_wrench,-9.094573020935059,1.6998558044433594,-48.76634979248047,-0.3654021620750427,-0.3424905836582184,0.12416277825832367
1742955489.70305,9696,1742955489,702928073,ft_sensor0_wrench,-9.116337776184082,1.7423858642578125,-48.5098991394043,-0.3646247982978821,-0.34043413400650024,0.12394029647111893
1742955489.709713,9697,1742955489,709599758,ft_sensor0_wrench,-9.124481201171875,1.6990909576416016,-48.321449279785156,-0.36381661891937256,-0.34074482321739197,0.12451877444982529
1742955489.7163877,9698,1742955489,716255661,ft_sensor0_wrench,-9.279261589050293,1.644744873046875,-48.13182067871094,-0.3625035881996155,-0.33925294876098633,0.12613967061042786
1742955489.7230651,9699,1742955489,722924270,ft_sensor0_wrench,-9.418590545654297,1.6004714965820312,-47.9114990234375,-0.36187201738357544,-0.34028249979019165,0.12737250328063965
1742955489.729631,9700,1742955489,729577481,ft_sensor0_wrench,-9.622296333312988,1.621978759765625,-47.594051361083984,-0.3611072897911072,-0.34045472741127014,0.1284385323524475
1742955489.7363002,9701,1742955489,736245007,ft_sensor0_wrench,-9.81985092163086,1.6802177429199219,-47.41534423828125,-0.35970842838287354,-0.34216931462287903,0.12975351512432098
1742955489.7430182,9702,1742955489,742912132,ft_sensor0_wrench,-9.944029808044434,1.7079200744628906,-47.37533187866211,-0.3600456714630127,-0.34565940499305725,0.13156534731388092
1742955489.7496579,9703,1742955489,749580340,ft_sensor0_wrench,-10.112279891967773,1.6748409271240234,-47.452762603759766,-0.3608415126800537,-0.34915608167648315,0.13354432582855225
1742955489.756322,9704,1742955489,756245634,ft_sensor0_wrench,-10.140764236450195,1.5933055877685547,-47.61223602294922,-0.3611348271369934,-0.3516210615634918,0.1359042227268219
1742955489.7630246,9705,1742955489,762914375,ft_sensor0_wrench,-10.097578048706055,1.4616680145263672,-47.78179168701172,-0.3622815012931824,-0.35135072469711304,0.1377944052219391
1742955489.7696404,9706,1742955489,769579073,ft_sensor0_wrench,-9.926351547241211,1.387939453125,-47.88316345214844,-0.3625767230987549,-0.35227757692337036,0.13863453269004822
1742955489.7763422,9707,1742955489,776245079,ft_sensor0_wrench,-9.898565292358398,1.4722862243652344,-47.607967376708984,-0.3600950241088867,-0.34983474016189575,0.13861656188964844
1742955489.7830374,9708,1742955489,782913046,ft_sensor0_wrench,-9.926831245422363,1.521463394165039,-47.145355224609375,-0.35866492986679077,-0.3451453149318695,0.13835659623146057
1742955489.7896447,9709,1742955489,789578099,ft_sensor0_wrench,-9.87002944946289,1.6054229736328125,-46.89099884033203,-0.35792630910873413,-0.34314918518066406,0.13819245994091034
1742955489.7963154,9710,1742955489,796247298,ft_sensor0_wrench,-9.772863388061523,1.5999813079833984,-46.96243667602539,-0.3593214750289917,-0.3438149392604828,0.1382584571838379
1742955489.8029995,9711,1742955489,802914239,ft_sensor0_wrench,-9.57254409790039,1.6159305572509766,-47.112247467041016,-0.3590995669364929,-0.34444373846054077,0.1376376450061798
1742955489.809709,9712,1742955489,809579966,ft_sensor0_wrench,-9.357413291931152,1.6677474975585938,-47.22159957885742,-0.3581651449203491,-0.3426884412765503,0.13679654896259308
1742955489.816318,9713,1742955489,816247377,ft_sensor0_wrench,-9.134915351867676,1.6253681182861328,-47.23690414428711,-0.35828346014022827,-0.3410409390926361,0.1358906626701355
1742955489.8229795,9714,1742955489,822912227,ft_sensor0_wrench,-9.010831832885742,1.5421028137207031,-47.272769927978516,-0.35878121852874756,-0.3390370309352875,0.13538096845149994
1742955489.8296742,9715,1742955489,829593580,ft_sensor0_wrench,-8.990839958190918,1.4512176513671875,-47.46004104614258,-0.35968172550201416,-0.34069451689720154,0.13577085733413696
1742955489.836299,9716,1742955489,836245624,ft_sensor0_wrench,-9.166352272033691,1.3701801300048828,-47.938480377197266,-0.3613116145133972,-0.3449851870536804,0.13707828521728516
1742955489.8430374,9717,1742955489,842929731,ft_sensor0_wrench,-9.434404373168945,1.2667617797851562,-48.06024932861328,-0.36205410957336426,-0.3488154411315918,0.13874565064907074
1742955489.8496728,9718,1742955489,849581564,ft_sensor0_wrench,-9.765728950500488,1.256063461303711,-47.67701721191406,-0.35919660329818726,-0.34632647037506104,0.1405438929796219
1742955489.8563383,9719,1742955489,856248019,ft_sensor0_wrench,-9.879974365234375,1.2555465698242188,-47.04705810546875,-0.3554859161376953,-0.34264248609542847,0.14145371317863464
1742955489.863032,9720,1742955489,862915151,ft_sensor0_wrench,-9.922039985656738,1.2957019805908203,-46.46531677246094,-0.3526827096939087,-0.3389127552509308,0.14179274439811707
1742955489.8696425,9721,1742955489,869579514,ft_sensor0_wrench,-9.927648544311523,1.3565559387207031,-46.13777542114258,-0.3509823679924011,-0.33750712871551514,0.14200006425380707
1742955489.8764057,9722,1742955489,876258260,ft_sensor0_wrench,-9.911737442016602,1.4393386840820312,-45.979957580566406,-0.34936225414276123,-0.33483970165252686,0.1413518786430359
1742955489.88306,9723,1742955489,882915940,ft_sensor0_wrench,-9.739263534545898,1.4258956909179688,-45.98479461669922,-0.3509365916252136,-0.3351396322250366,0.14031901955604553
1742955489.8897111,9724,1742955489,889588222,ft_sensor0_wrench,-9.580130577087402,1.441843032836914,-46.18040084838867,-0.35156768560409546,-0.33514922857284546,0.1392827183008194
1742955489.8963335,9725,1742955489,896261158,ft_sensor0_wrench,-9.403711318969727,1.3263168334960938,-46.42884063720703,-0.3525022864341736,-0.3345456123352051,0.13833123445510864
1742955489.9030437,9726,1742955489,902911796,ft_sensor0_wrench,-9.293310165405273,1.1723575592041016,-46.74435806274414,-0.35332030057907104,-0.3347885310649872,0.1382121443748474
1742955489.9096773,9727,1742955489,909581199,ft_sensor0_wrench,-9.13125228881836,1.064188003540039,-47.2392463684082,-0.3541859984397888,-0.3395034372806549,0.13840152323246002
1742955489.9163237,9728,1742955489,916248634,ft_sensor0_wrench,-9.1118745803833,0.9915885925292969,-47.9173583984375,-0.3565948009490967,-0.34281978011131287,0.13844862580299377
1742955489.9229696,9729,1742955489,922912099,ft_sensor0_wrench,-8.997828483581543,0.9741783142089844,-48.243499755859375,-0.3595983386039734,-0.345500111579895,0.13681751489639282
1742955489.9296746,9730,1742955489,929591875,ft_sensor0_wrench,-8.784729957580566,0.9803829193115234,-47.99671936035156,-0.3601255416870117,-0.34350916743278503,0.13465014100074768
1742955489.9363086,9731,1742955489,936246501,ft_sensor0_wrench,-8.628340721130371,1.1062602996826172,-47.28776550292969,-0.35548776388168335,-0.3379046320915222,0.13304027915000916
1742955489.9430215,9732,1742955489,942914243,ft_sensor0_wrench,-8.639813423156738,1.1576862335205078,-46.60063171386719,-0.3517557978630066,-0.33014997839927673,0.132232204079628
1742955489.9496706,9733,1742955489,949595398,ft_sensor0_wrench,-8.63446044921875,1.1199073791503906,-46.2087287902832,-0.34900975227355957,-0.32809776067733765,0.13228437304496765
1742955489.956364,9734,1742955489,956269718,ft_sensor0_wrench,-8.806037902832031,1.0183219909667969,-46.113731384277344,-0.3481786847114563,-0.3266584873199463,0.13342995941638947
1742955489.9629862,9735,1742955489,962915526,ft_sensor0_wrench,-8.932544708251953,0.8895816802978516,-46.0869026184082,-0.3477289080619812,-0.3273417353630066,0.13391682505607605
1742955489.9697025,9736,1742955489,969584100,ft_sensor0_wrench,-8.997840881347656,0.8057041168212891,-46.08537292480469,-0.34637218713760376,-0.32855796813964844,0.13487093150615692
1742955489.9763584,9737,1742955489,976249803,ft_sensor0_wrench,-9.014846801757812,0.7657642364501953,-46.17601013183594,-0.3467138409614563,-0.330121248960495,0.13506831228733063
1742955489.98304,9738,1742955489,982914582,ft_sensor0_wrench,-9.010120391845703,0.8397006988525391,-46.42375183105469,-0.3489243984222412,-0.3331644833087921,0.13437768816947937
1742955489.9896557,9739,1742955489,989592979,ft_sensor0_wrench,-9.06286907196045,1.066141128540039,-46.6702766418457,-0.35139912366867065,-0.3339616060256958,0.1325252652168274
1742955489.9963346,9740,1742955489,996247453,ft_sensor0_wrench,-9.077542304992676,1.3714923858642578,-46.93843460083008,-0.3537282943725586,-0.3357349932193756,0.12900134921073914
1742955490.0030818,9741,1742955490,2921970,ft_sensor0_wrench,-9.052733421325684,1.537851333618164,-47.08940505981445,-0.35672080516815186,-0.3384472727775574,0.12734080851078033
1742955490.0096858,9742,1742955490,9615225,ft_sensor0_wrench,-9.013330459594727,1.5379524230957031,-46.993370056152344,-0.35761934518814087,-0.33909139037132263,0.12650026381015778
1742955490.0163376,9743,1742955490,16245259,ft_sensor0_wrench,-9.073246002197266,1.4977779388427734,-46.63022232055664,-0.3527345657348633,-0.33527204394340515,0.1275516301393509
1742955490.0230694,9744,1742955490,22911621,ft_sensor0_wrench,-9.082804679870605,1.2138481140136719,-46.03877258300781,-0.3493421673774719,-0.33028644323349,0.12970708310604095
1742955490.0296972,9745,1742955490,29580288,ft_sensor0_wrench,-9.129947662353516,1.0602188110351562,-45.468116760253906,-0.34433871507644653,-0.325552374124527,0.13150139153003693
1742955490.0363092,9746,1742955490,36247425,ft_sensor0_wrench,-9.118778228759766,0.9530849456787109,-45.0088005065918,-0.34271562099456787,-0.32208365201950073,0.131511390209198
1742955490.0429735,9747,1742955490,42914634,ft_sensor0_wrench,-9.054664611816406,1.1139869689941406,-44.75444793701172,-0.34144318103790283,-0.3198619484901428,0.13052989542484283
1742955490.0496426,9748,1742955490,49579276,ft_sensor0_wrench,-8.934720039367676,1.4404773712158203,-44.95966720581055,-0.34221309423446655,-0.3213909864425659,0.1285274177789688
1742955490.0563037,9749,1742955490,56245375,ft_sensor0_wrench,-8.903270721435547,1.5845146179199219,-45.78395462036133,-0.3487834930419922,-0.3276672065258026,0.1272365152835846
1742955490.0630248,9750,1742955490,62914183,ft_sensor0_wrench,-8.935920715332031,1.5746593475341797,-47.096126556396484,-0.3555437922477722,-0.3382924199104309,0.127129465341568
1742955490.0696983,9751,1742955490,69582724,ft_sensor0_wrench,-9.046892166137695,1.3492012023925781,-48.38698196411133,-0.36258840560913086,-0.3483845591545105,0.12964636087417603
1742955490.076345,9752,1742955490,76253661,ft_sensor0_wrench,-9.126599311828613,1.1503314971923828,-48.91826248168945,-0.3649778366088867,-0.35286542773246765,0.1317480504512787
1742955490.0830667,9753,1742955490,82919803,ft_sensor0_wrench,-9.064855575561523,1.0430660247802734,-48.69417190551758,-0.3637210726737976,-0.35078325867652893,0.13201159238815308
1742955490.089769,9754,1742955490,89579125,ft_sensor0_wrench,-9.021709442138672,1.030923843383789,-47.959190368652344,-0.36142975091934204,-0.3438393771648407,0.13119904696941376
1742955490.0963845,9755,1742955490,96247405,ft_sensor0_wrench,-8.999933242797852,1.2009906768798828,-47.010589599609375,-0.35438603162765503,-0.3378705680370331,0.1308443248271942
1742955490.1030364,9756,1742955490,102914268,ft_sensor0_wrench,-9.098984718322754,1.2540321350097656,-46.03419876098633,-0.34868890047073364,-0.33157989382743835,0.13149647414684296
1742955490.1096559,9757,1742955490,109582273,ft_sensor0_wrench,-9.366591453552246,1.304861068725586,-45.21183395385742,-0.3453086018562317,-0.32539495825767517,0.13266050815582275
1742955490.1163175,9758,1742955490,116245891,ft_sensor0_wrench,-9.507135391235352,1.4397659301757812,-44.78276443481445,-0.343311607837677,-0.3236027657985687,0.13313867151737213
1742955490.1230536,9759,1742955490,122914497,ft_sensor0_wrench,-9.450689315795898,1.5870742797851562,-44.75149917602539,-0.3438456058502197,-0.32569462060928345,0.13246046006679535
1742955490.1296554,9760,1742955490,129580933,ft_sensor0_wrench,-9.341632843017578,1.6788387298583984,-45.19179153442383,-0.34795671701431274,-0.32796433568000793,0.13143597543239594
1742955490.136311,9761,1742955490,136246037,ft_sensor0_wrench,-9.21589469909668,1.7921600341796875,-46.121097564697266,-0.35351383686065674,-0.3329048454761505,0.13029825687408447
1742955490.1429896,9762,1742955490,142915266,ft_sensor0_wrench,-8.99837875366211,1.9263191223144531,-47.46883010864258,-0.36055558919906616,-0.3416609466075897,0.1286211460828781
1742955490.1496453,9763,1742955490,149581335,ft_sensor0_wrench,-8.719078063964844,1.9455070495605469,-48.63261413574219,-0.36793655157089233,-0.3502190113067627,0.12705197930335999
1742955490.1563215,9764,1742955490,156250280,ft_sensor0_wrench,-8.563039779663086,1.8676681518554688,-49.03782272338867,-0.371258020401001,-0.350807785987854,0.1262434720993042
1742955490.1630595,9765,1742955490,162943538,ft_sensor0_wrench,-8.521621704101562,1.7867088317871094,-48.67728042602539,-0.3683505654335022,-0.3469780385494232,0.12601569294929504
1742955490.1696606,9766,1742955490,169583244,ft_sensor0_wrench,-8.665409088134766,1.6947956085205078,-48.04987716674805,-0.363430917263031,-0.3435263931751251,0.12765558063983917
1742955490.176354,9767,1742955490,176249361,ft_sensor0_wrench,-8.988411903381348,1.6234607696533203,-47.43437957763672,-0.35853296518325806,-0.3412054479122162,0.1304061859846115
1742955490.183053,9768,1742955490,182937155,ft_sensor0_wrench,-9.375179290771484,1.5110645294189453,-46.81440734863281,-0.35489702224731445,-0.3390673100948334,0.13337364792823792
1742955490.189654,9769,1742955490,189581203,ft_sensor0_wrench,-9.581064224243164,1.4053764343261719,-46.27099609375,-0.3505263328552246,-0.3384251892566681,0.13635247945785522
1742955490.1963925,9770,1742955490,196272974,ft_sensor0_wrench,-9.710329055786133,1.2677688598632812,-45.97047424316406,-0.3477320671081543,-0.33615636825561523,0.13892172276973724
1742955490.2030551,9771,1742955490,202944872,ft_sensor0_wrench,-9.637077331542969,1.1098804473876953,-45.91153335571289,-0.34831249713897705,-0.33377987146377563,0.1398654729127884
1742955490.209653,9772,1742955490,209581231,ft_sensor0_wrench,-9.360695838928223,1.233144760131836,-45.64932632446289,-0.3453357219696045,-0.33050301671028137,0.13967840373516083
1742955490.216366,9773,1742955490,216246555,ft_sensor0_wrench,-8.932117462158203,1.3970489501953125,-45.257591247558594,-0.3418647050857544,-0.3250353932380676,0.13731609284877777
1742955490.2230647,9774,1742955490,222915107,ft_sensor0_wrench,-8.589264869689941,1.4559497833251953,-44.88460922241211,-0.34107547998428345,-0.3193894326686859,0.13426773250102997
1742955490.2296607,9775,1742955490,229581754,ft_sensor0_wrench,-8.343568801879883,1.4825401306152344,-44.988162994384766,-0.34181416034698486,-0.31960517168045044,0.13325783610343933
1742955490.236426,9776,1742955490,236275738,ft_sensor0_wrench,-8.4500150680542,1.4656219482421875,-45.32978820800781,-0.3445132374763489,-0.3216559588909149,0.1331285983324051
1742955490.2430308,9777,1742955490,242915412,ft_sensor0_wrench,-8.634096145629883,1.568756103515625,-45.70337677001953,-0.3461031913757324,-0.32788464426994324,0.13354550302028656
1742955490.2496428,9778,1742955490,249579995,ft_sensor0_wrench,-8.884695053100586,1.5624542236328125,-45.935977935791016,-0.34877586364746094,-0.33276858925819397,0.13452528417110443
1742955490.25633,9779,1742955490,256248450,ft_sensor0_wrench,-9.120789527893066,1.4987564086914062,-45.990089416503906,-0.3496103286743164,-0.33525264263153076,0.13623619079589844
1742955490.2631156,9780,1742955490,262916360,ft_sensor0_wrench,-9.23052978515625,1.5054435729980469,-45.92030334472656,-0.34688860177993774,-0.3343844413757324,0.13788188993930817
1742955490.2696526,9781,1742955490,269582009,ft_sensor0_wrench,-9.16050910949707,1.47418212890625,-45.5345458984375,-0.3434297442436218,-0.3313954770565033,0.13835786283016205
1742955490.2763343,9782,1742955490,276251470,ft_sensor0_wrench,-9.087308883666992,1.4610023498535156,-44.87090301513672,-0.34113848209381104,-0.32485976815223694,0.13799290359020233
1742955490.2830517,9783,1742955490,282932117,ft_sensor0_wrench,-8.962890625,1.5308761596679688,-44.2724494934082,-0.3394829034805298,-0.32024696469306946,0.13754376769065857
1742955490.2896614,9784,1742955490,289581831,ft_sensor0_wrench,-8.939286231994629,1.6540355682373047,-43.95512390136719,-0.33622729778289795,-0.3158916234970093,0.13642409443855286
1742955490.2963388,9785,1742955490,296266038,ft_sensor0_wrench,-8.869338035583496,1.623666763305664,-43.75615692138672,-0.3335610628128052,-0.31357139348983765,0.13649828732013702
1742955490.303035,9786,1742955490,302916550,ft_sensor0_wrench,-8.803991317749023,1.3130340576171875,-43.465606689453125,-0.3322099447250366,-0.31181126832962036,0.1380750983953476
1742955490.309675,9787,1742955490,309581351,ft_sensor0_wrench,-8.813218116760254,0.9304695129394531,-43.14958953857422,-0.3308650255203247,-0.3100452423095703,0.140885129570961
1742955490.3163428,9788,1742955490,316268460,ft_sensor0_wrench,-8.993642807006836,0.7091217041015625,-43.05754852294922,-0.3279489278793335,-0.30986499786376953,0.14358532428741455
1742955490.3230386,9789,1742955490,322917628,ft_sensor0_wrench,-9.190505027770996,0.5319061279296875,-43.07290267944336,-0.3264361619949341,-0.31245312094688416,0.14574341475963593
1742955490.3296463,9790,1742955490,329580599,ft_sensor0_wrench,-9.420381546020508,0.457855224609375,-42.55015563964844,-0.32330602407455444,-0.3114866316318512,0.14791950583457947
1742955490.336308,9791,1742955490,336248548,ft_sensor0_wrench,-9.520709991455078,0.41738319396972656,-41.198463439941406,-0.31743377447128296,-0.304549902677536,0.14933112263679504
1742955490.3430629,9792,1742955490,342930906,ft_sensor0_wrench,-9.540260314941406,0.5819549560546875,-39.13904571533203,-0.30504047870635986,-0.2905408442020416,0.1497921645641327
1742955490.3496408,9793,1742955490,349580061,ft_sensor0_wrench,-9.50035285949707,0.6833267211914062,-36.71249008178711,-0.29272210597991943,-0.27340996265411377,0.14950647950172424
1742955490.3563473,9794,1742955490,356251685,ft_sensor0_wrench,-9.444751739501953,0.7400398254394531,-34.17877960205078,-0.2790091633796692,-0.2534972131252289,0.14910058677196503
1742955490.3630183,9795,1742955490,362930454,ft_sensor0_wrench,-9.222251892089844,0.8581829071044922,-31.789440155029297,-0.26300519704818726,-0.23673337697982788,0.14827388525009155
1742955490.3696642,9796,1742955490,369582210,ft_sensor0_wrench,-8.978927612304688,0.7368335723876953,-29.66055679321289,-0.25086259841918945,-0.22041502594947815,0.14756065607070923
1742955490.376317,9797,1742955490,376247000,ft_sensor0_wrench,-8.719294548034668,0.6344127655029297,-27.884899139404297,-0.23764777183532715,-0.20603299140930176,0.14640511572360992
1742955490.383078,9798,1742955490,382935663,ft_sensor0_wrench,-8.480875015258789,0.4401073455810547,-26.40381622314453,-0.22677481174468994,-0.19605793058872223,0.14570678770542145
1742955490.3896646,9799,1742955490,389582926,ft_sensor0_wrench,-8.436558723449707,0.3060722351074219,-25.419109344482422,-0.21903514862060547,-0.18983601033687592,0.14542540907859802
1742955490.3964067,9800,1742955490,396267113,ft_sensor0_wrench,-8.618480682373047,0.16638755798339844,-24.90947723388672,-0.21503287553787231,-0.18611380457878113,0.14571991562843323
1742955490.4030535,9801,1742955490,402916304,ft_sensor0_wrench,-8.861379623413086,0.1257953643798828,-24.725357055664062,-0.21446335315704346,-0.18974024057388306,0.14674048125743866
1742955490.4096355,9802,1742955490,409579756,ft_sensor0_wrench,-9.309271812438965,0.24321556091308594,-24.915203094482422,-0.2172800898551941,-0.19709759950637817,0.1487348973751068
1742955490.4163067,9803,1742955490,416246975,ft_sensor0_wrench,-9.727290153503418,0.5026512145996094,-25.05620574951172,-0.21900242567062378,-0.20463021099567413,0.15151146054267883
1742955490.423044,9804,1742955490,422919001,ft_sensor0_wrench,-9.908202171325684,0.7364482879638672,-24.46929931640625,-0.21870523691177368,-0.20581600069999695,0.1532784104347229
1742955490.4296453,9805,1742955490,429581501,ft_sensor0_wrench,-9.845179557800293,0.9436054229736328,-23.184486389160156,-0.21291810274124146,-0.20068290829658508,0.15456201136112213
1742955490.4363086,9806,1742955490,436249276,ft_sensor0_wrench,-9.850435256958008,1.09320068359375,-21.627521514892578,-0.20487737655639648,-0.19195717573165894,0.15345267951488495
1742955490.4430475,9807,1742955490,442931373,ft_sensor0_wrench,-9.724143981933594,1.106954574584961,-20.021047592163086,-0.19449859857559204,-0.1801665872335434,0.1518775075674057
1742955490.4496653,9808,1742955490,449582756,ft_sensor0_wrench,-9.558917999267578,1.018838882446289,-18.44763946533203,-0.18223315477371216,-0.16807080805301666,0.14857357740402222
1742955490.4563243,9809,1742955490,456251600,ft_sensor0_wrench,-9.260063171386719,0.9068126678466797,-16.904586791992188,-0.16884523630142212,-0.15676802396774292,0.14522069692611694
1742955490.4630625,9810,1742955490,462933220,ft_sensor0_wrench,-8.766158103942871,0.7681388854980469,-15.563129425048828,-0.15679430961608887,-0.14372341334819794,0.14058585464954376
1742955490.4696555,9811,1742955490,469581976,ft_sensor0_wrench,-6.9631733894348145,0.7879695892333984,-14.550158500671387,-0.14696145057678223,-0.12400610744953156,0.13282211124897003
1742955490.4763696,9812,1742955490,476275170,ft_sensor0_wrench,-5.911667823791504,0.7875232696533203,-13.825265884399414,-0.14210575819015503,-0.11420822143554688,0.12828412652015686
1742955490.4830465,9813,1742955490,482922660,ft_sensor0_wrench,-6.005288600921631,0.8045177459716797,-13.512380599975586,-0.14013153314590454,-0.11523227393627167,0.13064010441303253
1742955490.4896665,9814,1742955490,489581994,ft_sensor0_wrench,-6.0564470291137695,0.9045619964599609,-13.406445503234863,-0.13875317573547363,-0.11798286437988281,0.13489662110805511
1742955490.4963827,9815,1742955490,496266046,ft_sensor0_wrench,-6.307477951049805,1.0008468627929688,-13.222277641296387,-0.1380484700202942,-0.11970902979373932,0.13826030492782593
1742955490.503102,9816,1742955490,502916003,ft_sensor0_wrench,-6.274181842803955,1.082540512084961,-12.986804962158203,-0.1357651948928833,-0.11997336149215698,0.14069029688835144
1742955490.509682,9817,1742955490,509580576,ft_sensor0_wrench,-6.137115478515625,1.0180778503417969,-12.660598754882812,-0.1347070336341858,-0.12135374546051025,0.1419185996055603
1742955490.516364,9818,1742955490,516251947,ft_sensor0_wrench,-6.080893516540527,0.9777927398681641,-12.15571403503418,-0.12987494468688965,-0.11932443082332611,0.14299358427524567
1742955490.5231266,9819,1742955490,522932024,ft_sensor0_wrench,-6.057673454284668,0.8534278869628906,-11.538108825683594,-0.12487375736236572,-0.11566716432571411,0.1424078792333603
1742955490.529656,9820,1742955490,529579956,ft_sensor0_wrench,-5.898417949676514,0.7019367218017578,-10.904664993286133,-0.1192617416381836,-0.1121130883693695,0.14112341403961182
1742955490.5363355,9821,1742955490,536248310,ft_sensor0_wrench,-5.610492706298828,0.5025253295898438,-10.234170913696289,-0.1136048436164856,-0.10742758214473724,0.13868969678878784
1742955490.5430267,9822,1742955490,542933432,ft_sensor0_wrench,-5.401313304901123,0.4152050018310547,-9.563973426818848,-0.10554081201553345,-0.10198742151260376,0.13428768515586853
1742955490.5496817,9823,1742955490,549583586,ft_sensor0_wrench,-5.0986127853393555,0.2541179656982422,-8.80357551574707,-0.09956806898117065,-0.09569789469242096,0.1296696662902832
1742955490.5563517,9824,1742955490,556246959,ft_sensor0_wrench,-4.776769161224365,0.15422821044921875,-8.04629898071289,-0.0913432240486145,-0.08968916535377502,0.12327110767364502
1742955490.5630364,9825,1742955490,562941896,ft_sensor0_wrench,-4.429361343383789,0.012821197509765625,-7.175670623779297,-0.08427304029464722,-0.08184286206960678,0.11575902998447418
1742955490.5696568,9826,1742955490,569582758,ft_sensor0_wrench,-4.053228378295898,0.0034656524658203125,-6.347566604614258,-0.07598733901977539,-0.07597666233778,0.10748034715652466
1742955490.576375,9827,1742955490,576267497,ft_sensor0_wrench,-3.7646946907043457,0.019598007202148438,-5.522950649261475,-0.0673234760761261,-0.06731560826301575,0.09808601438999176
1742955490.5830476,9828,1742955490,582917111,ft_sensor0_wrench,-3.456777572631836,-0.06329536437988281,-4.6776933670043945,-0.059783726930618286,-0.05814507603645325,0.08818261325359344
1742955490.5897486,9829,1742955490,589594125,ft_sensor0_wrench,-3.0890257358551025,-0.16526412963867188,-3.8580679893493652,-0.052329957485198975,-0.04945603013038635,0.07805128395557404
1742955490.5963862,9830,1742955490,596248647,ft_sensor0_wrench,-2.7715981006622314,-0.12563133239746094,-3.219607353210449,-0.04212009906768799,-0.04374951124191284,0.0675431415438652
1742955490.6030967,9831,1742955490,602916233,ft_sensor0_wrench,-2.5765700340270996,-0.1341991424560547,-2.7714061737060547,-0.035735100507736206,-0.04257815331220627,0.0595707893371582
1742955490.6096838,9832,1742955490,609581319,ft_sensor0_wrench,-2.3764357566833496,-0.21511459350585938,-2.3054866790771484,-0.030084848403930664,-0.03919665515422821,0.05285796523094177
1742955490.6164045,9833,1742955490,616249891,ft_sensor0_wrench,-2.136608123779297,-0.2779045104980469,-1.7990400791168213,-0.024659335613250732,-0.033425480127334595,0.04594483971595764
1742955490.6230595,9834,1742955490,622931656,ft_sensor0_wrench,-1.851797103881836,-0.25899505615234375,-1.429279088973999,-0.019870847463607788,-0.02944505214691162,0.03828413784503937
1742955490.6297038,9835,1742955490,629580529,ft_sensor0_wrench,-1.5927538871765137,-0.14181900024414062,-1.1262810230255127,-0.014827072620391846,-0.025868043303489685,0.03050338476896286
1742955490.636366,9836,1742955490,636254829,ft_sensor0_wrench,-1.2796940803527832,-0.07013702392578125,-0.8058271408081055,-0.011425793170928955,-0.020080525428056717,0.022730380296707153
1742955490.6430674,9837,1742955490,642933605,ft_sensor0_wrench,-0.9396014213562012,-0.09415817260742188,-0.5795326232910156,-0.009922564029693604,-0.014611568301916122,0.016034528613090515
1742955490.6496615,9838,1742955490,649581278,ft_sensor0_wrench,-0.5717897415161133,-0.0019054412841796875,-0.3992443084716797,-0.0054964423179626465,-0.010698676109313965,0.011353135108947754
1742955490.656362,9839,1742955490,656265779,ft_sensor0_wrench,-0.3436312675476074,0.021673202514648438,-0.2832322120666504,-0.0027202367782592773,-0.006553333252668381,0.007303506135940552
1742955490.6630654,9840,1742955490,662915956,ft_sensor0_wrench,-0.1885228157043457,0.05062294006347656,-0.16225290298461914,-0.0011437535285949707,-0.002110060304403305,0.0037371963262557983
1742955490.669686,9841,1742955490,669581155,ft_sensor0_wrench,0.005524158477783203,0.012220382690429688,-0.08165931701660156,-0.000774383544921875,-0.0008355192840099335,0.001710057258605957
1742955490.6763818,9842,1742955490,676279103,ft_sensor0_wrench,0.0038471221923828125,0.019439697265625,-0.016637802124023438,-6.255507469177246e-05,0.001049719750881195,0.0005753189325332642
1742955490.6830552,9843,1742955490,682916444,ft_sensor0_wrench,0.039278507232666016,0.08208656311035156,-0.01687908172607422,0.0009057521820068359,0.000498604029417038,0.0003945678472518921
1742955490.6896596,9844,1742955490,689580301,ft_sensor0_wrench,0.021353721618652344,0.015413284301757812,-0.01880025863647461,-0.00014069676399230957,0.0015484616160392761,0.00013214349746704102
1742955490.696383,9845,1742955490,696248504,ft_sensor0_wrench,0.04622459411621094,0.03217124938964844,-0.042181968688964844,0.000347137451171875,0.0008126050233840942,0.00013947486877441406
1742955490.7030983,9846,1742955490,702940912,ft_sensor0_wrench,0.08490514755249023,0.0637664794921875,-0.01928424835205078,0.0012620985507965088,0.00022066012024879456,0.0005879998207092285
1742955490.709664,9847,1742955490,709582313,ft_sensor0_wrench,0.08934450149536133,0.04544258117675781,-0.06747961044311523,0.000765383243560791,0.0005619041621685028,0.0003659576177597046
1742955490.716371,9848,1742955490,716249794,ft_sensor0_wrench,0.08855438232421875,0.017118453979492188,-0.06565141677856445,0.00033932924270629883,-0.00016762316226959229,0.00035472214221954346
1742955490.7230458,9849,1742955490,722933063,ft_sensor0_wrench,0.14082765579223633,-0.0499420166015625,-0.042620182037353516,-0.0015973448753356934,-0.00018366053700447083,0.00036163628101348877
1742955490.729689,9850,1742955490,729580568,ft_sensor0_wrench,0.09535026550292969,-0.03220939636230469,-0.06558465957641602,-0.0010864734649658203,0.00012033432722091675,0.0001339167356491089
1742955490.7364008,9851,1742955490,736267324,ft_sensor0_wrench,0.10476922988891602,0.028734207153320312,0.02681589126586914,0.0002548396587371826,0.0006661154329776764,0.00014609098434448242
1742955490.7430325,9852,1742955490,742943394,ft_sensor0_wrench,0.07754087448120117,0.042980194091796875,0.0019354820251464844,0.0006960928440093994,0.0014552734792232513,0.00013750791549682617
1742955490.7496727,9853,1742955490,749582285,ft_sensor0_wrench,0.034420013427734375,0.0297088623046875,0.027233123779296875,0.0002778470516204834,0.0017059668898582458,-8.895993232727051e-05
1742955490.7563474,9854,1742955490,756266241,ft_sensor0_wrench,0.10841751098632812,-0.017911911010742188,-0.01955127716064453,-0.0006679296493530273,0.0002778246998786926,-8.718669414520264e-05
1742955490.7630002,9855,1742955490,762915805,ft_sensor0_wrench,0.13328838348388672,-0.0011539459228515625,-0.042932987213134766,-0.00018009543418884277,-0.0004580393433570862,-7.985532283782959e-05
1742955490.7696733,9856,1742955490,769584347,ft_sensor0_wrench,0.16872167587280273,0.06149482727050781,-0.043173789978027344,0.0007882118225097656,-0.0010091550648212433,-0.0002606213092803955
1742955490.776335,9857,1742955490,776251661,ft_sensor0_wrench,0.08102703094482422,0.031414031982421875,-0.042513370513916016,0.0003313720226287842,0.00029946863651275635,-7.414817810058594e-05
1742955490.7830417,9858,1742955490,782926245,ft_sensor0_wrench,0.08118915557861328,-0.003665924072265625,-0.04443168640136719,-0.00022667646408081055,0.0010669827461242676,-9.576976299285889e-05
1742955490.7896981,9859,1742955490,789590786,ft_sensor0_wrench,0.15137624740600586,0.030439376831054688,-0.04293060302734375,0.0003083348274230957,-0.00074039027094841,0.00016091763973236084
1742955490.7963939,9860,1742955490,796258317,ft_sensor0_wrench,0.10495948791503906,0.020437240600585938,-0.038697242736816406,-0.00047409534454345703,-0.0011919662356376648,-4.3764710426330566e-05
1742955490.8030696,9861,1742955490,802916767,ft_sensor0_wrench,0.07031726837158203,-0.013887405395507812,-0.040284156799316406,-0.0010163187980651855,8.868426084518433e-05,0.00014822185039520264
1742955490.8097546,9862,1742955490,809588239,ft_sensor0_wrench,0.04858207702636719,0.00116729736328125,0.00608062744140625,-0.0005819797515869141,0.0007593110203742981,0.0001407414674758911
1742955490.816417,9863,1742955490,816270648,ft_sensor0_wrench,0.1263432502746582,0.04876136779785156,-0.01763010025024414,0.00037851929664611816,-0.0007720403373241425,0.0001752227544784546
1742955490.8230822,9864,1742955490,822932174,ft_sensor0_wrench,0.12571334838867188,-0.014642715454101562,-0.01772022247314453,-0.0006055831909179688,-0.0007340535521507263,0.00014235079288482666
1742955490.8296564,9865,1742955490,829580966,ft_sensor0_wrench,0.048419952392578125,0.03624725341796875,0.007999420166015625,-2.396106719970703e-05,-8.203089237213135e-06,0.0001623779535293579
1742955490.836339,9866,1742955490,836249483,ft_sensor0_wrench,0.060385704040527344,0.003627777099609375,-0.06333446502685547,-0.0005126893520355225,-0.00013405084609985352,0.0003691762685775757
1742955490.8430068,9867,1742955490,842915771,ft_sensor0_wrench,0.11657285690307617,0.03119659423828125,-0.042598724365234375,0.0003241300582885742,-0.00022725388407707214,0.00037454068660736084
1742955490.8496568,9868,1742955490,849581899,ft_sensor0_wrench,0.036142826080322266,0.05027580261230469,-0.039862632751464844,-1.6421079635620117e-05,0.0005638264119625092,0.00039471685886383057
1742955490.8563466,9869,1742955490,856265880,ft_sensor0_wrench,0.053601741790771484,0.018463134765625,-0.03995037078857422,-0.0005120933055877686,0.0003194548189640045,0.0006026178598403931
1742955490.8629951,9870,1742955490,862915494,ft_sensor0_wrench,0.07015609741210938,0.0211944580078125,-0.038365840911865234,-0.0004583001136779785,-0.0006788447499275208,0.00016985833644866943
1742955490.86966,9871,1742955490,869582217,ft_sensor0_wrench,0.12999248504638672,0.00211334228515625,-0.06399726867675781,-0.0005442798137664795,-0.0011603161692619324,-5.8069825172424316e-05
1742955490.8763552,9872,1742955490,876250702,ft_sensor0_wrench,0.027826309204101562,0.03624725341796875,-0.014895915985107422,-0.00045049190521240234,0.0003013908863067627,-4.537403583526611e-05
1742955490.8830972,9873,1742955490,882937594,ft_sensor0_wrench,0.08338451385498047,0.0004100799560546875,0.005749225616455078,-0.0005977749824523926,0.0002461746335029602,-7.288157939910889e-05
1742955490.8896546,9874,1742955490,889580142,ft_sensor0_wrench,0.10068225860595703,0.0036792755126953125,0.007579803466796875,-0.000535428524017334,-0.0007657036185264587,0.0001566559076309204
1742955490.8963835,9875,1742955490,896248963,ft_sensor0_wrench,0.054424285888671875,-0.04140281677246094,0.009894847869873047,-0.001875847578048706,-0.00044978782534599304,-6.966292858123779e-05
1742955490.9030163,9876,1742955490,902915231,ft_sensor0_wrench,0.022757530212402344,-0.0088348388671875,0.033209800720214844,-0.0009378790855407715,-1.8738210201263428e-06,0.00014381110668182373
1742955490.909666,9877,1742955490,909581533,ft_sensor0_wrench,0.0627431869506836,-0.027376174926757812,-0.015071868896484375,-0.0014418065547943115,-0.00018734484910964966,0.0003704279661178589
1742955490.9163506,9878,1742955490,916246243,ft_sensor0_wrench,0.08066987991333008,0.03929901123046875,-0.013150691986083984,-0.000395357608795166,-0.0012372173368930817,0.0006328374147415161
1742955490.9229958,9879,1742955490,922913738,ft_sensor0_wrench,0.10052013397216797,0.038761138916015625,0.00949859619140625,2.2590160369873047e-05,-0.001533225178718567,0.0001782923936843872
1742955490.9296696,9880,1742955490,929582876,ft_sensor0_wrench,0.09075069427490234,0.0211944580078125,-0.015470504760742188,-3.17990779876709e-05,-0.0009884312748908997,0.00037761032581329346
1742955490.9363642,9881,1742955490,936267836,ft_sensor0_wrench,0.10068225860595703,0.0036792755126953125,0.007579803466796875,-0.000535428524017334,-0.0007657036185264587,0.0001566559076309204
1742955490.9429991,9882,1742955490,942915541,ft_sensor0_wrench,0.03472423553466797,-0.041454315185546875,-0.03812408447265625,-0.001426607370376587,-0.00012772157788276672,0.0003506094217300415
1742955490.949647,9883,1742955490,949580311,ft_sensor0_wrench,0.019772052764892578,-0.04123687744140625,-0.01514291763305664,-0.0009928643703460693,8.940696716308594e-05,0.0001096874475479126
1742955490.9563088,9884,1742955490,956246159,ft_sensor0_wrench,0.11723518371582031,0.0064105987548828125,0.009165287017822266,-0.00048163533210754395,-0.001764010637998581,-0.0002761036157608032
1742955490.963002,9885,1742955490,962916278,ft_sensor0_wrench,0.013617515563964844,0.03700447082519531,0.008330821990966797,-8.165836334228516e-06,0.0005049332976341248,0.0003760010004043579
1742955490.969664,9886,1742955490,969583008,ft_sensor0_wrench,0.044493675231933594,-0.02388763427734375,-0.013154983520507812,-0.001372218132019043,-0.000672515481710434,0.00015129148960113525
1742955490.9763503,9887,1742955490,976248909,ft_sensor0_wrench,0.05206775665283203,-0.010400772094726562,-0.03836774826049805,-0.000946730375289917,-0.0003964938223361969,-7.0914626121521e-05
1742955490.9830468,9888,1742955490,982931099,ft_sensor0_wrench,0.01726531982421875,-0.0096435546875,-0.03803586959838867,-0.0009309351444244385,0.00011664256453514099,0.000142708420753479
1742955490.9896872,9889,1742955490,989581190,ft_sensor0_wrench,0.06273174285888672,0.0071163177490234375,-0.03852224349975586,-1.659989356994629e-05,-0.0009288080036640167,0.0003577917814254761
1742955490.996355,9890,1742955490,996248172,ft_sensor0_wrench,0.18095016479492188,0.019681930541992188,0.006762027740478516,0.0003631412982940674,-0.0023242980241775513,0.00015811622142791748
1742955491.0030434,9891,1742955491,2914086,ft_sensor0_wrench,0.09075069427490234,0.0211944580078125,-0.015470504760742188,-3.17990779876709e-05,-0.0009884312748908997,0.00037761032581329346
1742955491.009655,9892,1742955491,9580785,ft_sensor0_wrench,-0.00760650634765625,-0.026401519775390625,-0.014654159545898438,-0.001418769359588623,0.0008525066077709198,0.00013537704944610596
1742955491.01631,9893,1742955491,16247358,ft_sensor0_wrench,0.10068225860595703,0.0036792755126953125,0.007579803466796875,-0.000535428524017334,-0.0007657036185264587,0.0001566559076309204
1742955491.023068,9894,1742955491,22914871,ft_sensor0_wrench,0.09310722351074219,-0.009809494018554688,0.032792091369628906,-0.00096091628074646,-0.0010417252779006958,0.00037886202335357666
1742955491.0297165,9895,1742955491,29585083,ft_sensor0_wrench,0.07581138610839844,-0.013078689575195312,0.03096151351928711,-0.0010232627391815186,-2.9847025871276855e-05,0.00014932453632354736
1742955491.036434,9896,1742955491,36260045,ft_sensor0_wrench,0.06587886810302734,0.004436492919921875,0.007911205291748047,-0.0005196332931518555,-0.00025256723165512085,0.0003702789545059204
1742955491.043038,9897,1742955491,42913762,ft_sensor0_wrench,0.07282257080078125,-0.04547882080078125,-0.017390727996826172,-0.0010782182216644287,6.143376231193542e-05,0.00011520087718963623
1742955491.0496428,9898,1742955491,49580280,ft_sensor0_wrench,0.09252548217773438,-0.04543113708496094,0.030628204345703125,-0.0015274882316589355,-0.0002606324851512909,-0.00030507147312164307
1742955491.0563607,9899,1742955491,56249032,ft_sensor0_wrench,0.026055335998535156,-0.012104034423828125,0.05427408218383789,-0.0005737245082855225,0.0007004179060459137,0.00012201070785522461
1742955491.0630598,9900,1742955491,62928355,ft_sensor0_wrench,0.0400543212890625,-0.005565643310546875,0.03504037857055664,-0.0008755326271057129,-0.0010137520730495453,0.00037334859371185303
1742955491.0696473,9901,1742955491,69580025,ft_sensor0_wrench,0.05166912078857422,0.0051937103271484375,0.031137943267822266,-7.730722427368164e-05,-4.902482032775879e-05,0.0007916539907455444
1742955491.0764968,9902,1742955491,76259736,ft_sensor0_wrench,0.0030565261840820312,-0.008886337280273438,-0.014809131622314453,-0.0004886388778686523,0.0003201924264431,0.000564083456993103
1742955491.083122,9903,1742955491,82932374,ft_sensor0_wrench,0.03785991668701172,-0.0096435546875,-0.015140533447265625,-0.0005044341087341309,-0.00019294396042823792,0.00035046041011810303
1742955491.089672,9904,1742955491,89584027,ft_sensor0_wrench,0.031076431274414062,0.0051937103271484375,0.008243083953857422,-0.000503838062286377,0.00026056915521621704,0.0005839020013809204
1742955491.0963826,9905,1742955491,96263890,ft_sensor0_wrench,0.05171680450439453,0.032978057861328125,0.029063701629638672,0.000340193510055542,0.0006940886378288269,0.0001405775547027588
1742955491.1031146,9906,1742955491,102948324,ft_sensor0_wrench,-0.0044708251953125,0.0054111480712890625,0.008328914642333984,-0.000496596097946167,0.0007872842252254486,0.00013522803783416748
1742955491.1096592,9907,1742955491,109581197,ft_sensor0_wrench,0.03033161163330078,0.0046539306640625,0.007997512817382812,-0.0005123913288116455,0.0002741478383541107,-7.839500904083252e-05
1742955491.1164155,9908,1742955491,116263684,ft_sensor0_wrench,0.07030487060546875,0.020605087280273438,-0.0637350082397461,0.0004088878631591797,-0.0006527863442897797,0.00013558566570281982
1742955491.1230483,9909,1742955491,122917494,ft_sensor0_wrench,0.07282257080078125,-0.04547882080078125,-0.017390727996826172,-0.0010782182216644287,6.143376231193542e-05,0.00011520087718963623
1742955491.1296742,9910,1742955491,129580797,ft_sensor0_wrench,0.07501888275146484,-0.04140281677246094,0.032790184020996094,-0.0014493465423583984,-0.000759374350309372,0.00013808906078338623
1742955491.1363654,9911,1742955491,136248388,ft_sensor0_wrench,0.03033161163330078,0.0046539306640625,0.007997512817382812,-0.0005123913288116455,0.0002741478383541107,-7.839500904083252e-05
1742955491.1430635,9912,1742955491,142916561,ft_sensor0_wrench,0.009690284729003906,-0.02313232421875,-0.01282358169555664,-0.0013564527034759521,-0.00015937909483909607,0.00036491453647613525
1742955491.1496518,9913,1742955491,149581778,ft_sensor0_wrench,0.06273174285888672,0.0071163177490234375,-0.03852224349975586,-1.659989356994629e-05,-0.0009288080036640167,0.0003577917814254761
1742955491.1563642,9914,1742955491,156253851,ft_sensor0_wrench,0.018625259399414062,0.08879470825195312,-0.06115102767944336,0.0014868974685668945,-0.000676378607749939,0.000825241208076477
1742955491.1631021,9915,1742955491,162929140,ft_sensor0_wrench,0.04700040817260742,-0.05548095703125,0.009737968444824219,-0.0014341473579406738,-0.000699751079082489,0.00011827051639556885
1742955491.169699,9916,1742955491,169582319,ft_sensor0_wrench,-0.03499603271484375,0.022924423217773438,-0.03761625289916992,-0.0004195272922515869,0.0008741505444049835,0.0001484304666519165
1742955491.1763282,9917,1742955491,176247925,ft_sensor0_wrench,0.05964183807373047,0.0030879974365234375,-0.06358003616333008,-0.000521242618560791,-0.00012045726180076599,-0.00029312074184417725
1742955491.1830463,9918,1742955491,182933266,ft_sensor0_wrench,0.01726531982421875,-0.0096435546875,-0.03803586959838867,-0.0009309351444244385,0.00011664256453514099,0.000142708420753479
1742955491.1896634,9919,1742955491,189582390,ft_sensor0_wrench,0.04464387893676758,-0.024477005004882812,-0.038524627685546875,-0.0005050301551818848,-0.0006464570760726929,0.00011701881885528564
1742955491.1963913,9920,1742955491,196266461,ft_sensor0_wrench,0.09439849853515625,-0.025453567504882812,-0.061837196350097656,-0.0009545683860778809,-0.0013767220079898834,0.00014431774616241455
1742955491.2030213,9921,1742955491,202915469,ft_sensor0_wrench,0.08996009826660156,-0.007129669189453125,-0.013641357421875,-0.0004578828811645508,-0.0017179660499095917,0.0003663748502731323
1742955491.2096443,9922,1742955491,209579834,ft_sensor0_wrench,0.05520343780517578,0.021411895751953125,-0.015384197235107422,-2.4557113647460938e-05,-0.0004617162048816681,-7.106363773345947e-05
1742955491.2164063,9923,1742955491,216266704,ft_sensor0_wrench,0.04543304443359375,0.00384521484375,-0.04035329818725586,-7.894635200500488e-05,8.307769894599915e-05,0.00012825429439544678
1742955491.2230868,9924,1742955491,222921807,ft_sensor0_wrench,-0.000240325927734375,-0.005615234375,-0.0358738899230957,-0.0008528232574462891,-0.00038209930062294006,0.0005858689546585083
1742955491.2296515,9925,1742955491,229582001,ft_sensor0_wrench,0.058452606201171875,-0.009641647338867188,0.007754325866699219,-7.790327072143555e-05,-0.0005025304853916168,0.000558212399482727
1742955491.2363226,9926,1742955491,236248997,ft_sensor0_wrench,0.07752132415771484,0.04197883605957031,-0.0595850944519043,0.00010764598846435547,-0.0019134506583213806,0.0006203502416610718
1742955491.2430675,9927,1742955491,242930493,ft_sensor0_wrench,0.09137964248657227,0.08459854125976562,-0.015379905700683594,0.000952303409576416,-0.0010264180600643158,0.0004104822874069214
1742955491.2496634,9928,1742955491,249580723,ft_sensor0_wrench,0.010630607604980469,0.0046024322509765625,-0.040021419525146484,-6.315112113952637e-05,0.000596214085817337,0.0003418773412704468
1742955491.256327,9929,1742955491,256248683,ft_sensor0_wrench,0.012988090515136719,-0.026401519775390625,0.00824117660522461,-0.0009922683238983154,0.0005429200828075409,0.00034312903881073
1742955491.2630463,9930,1742955491,262929210,ft_sensor0_wrench,-0.02417278289794922,0.005359649658203125,-0.03969001770019531,-4.735589027404785e-05,0.001109350472688675,0.0005555003881454468
1742955491.2696936,9931,1742955491,269581046,ft_sensor0_wrench,0.01000070571899414,-0.05880165100097656,-0.04011201858520508,-0.0010472238063812256,0.0006341934204101562,0.00030900537967681885
1742955491.276359,9932,1742955491,276278769,ft_sensor0_wrench,0.032204627990722656,0.024629592895507812,-0.08446788787841797,6.0498714447021484e-05,-0.0008419416844844818,0.0003709942102432251
1742955491.283023,9933,1742955491,282915856,ft_sensor0_wrench,0.13830995559692383,0.016141891479492188,-0.08896398544311523,-0.00011020898818969727,-0.0008978806436061859,0.00038202106952667236
1742955491.2896636,9934,1742955491,289581139,ft_sensor0_wrench,-0.04885435104370117,-0.019695281982421875,-0.08182144165039062,-0.001264125108718872,-1.2867152690887451e-05,0.00035831332206726074
1742955491.2963583,9935,1742955491,296284854,ft_sensor0_wrench,0.05143880844116211,-0.07380485534667969,-0.03845787048339844,-0.001930832862854004,-0.00035850703716278076,-0.00010378658771514893
1742955491.3030257,9936,1742955491,302915584,ft_sensor0_wrench,-0.02763080596923828,0.04371070861816406,-0.05883598327636719,0.00014647841453552246,-0.00036045536398887634,0.0005989223718643188
1742955491.3096433,9937,1742955491,309579590,ft_sensor0_wrench,0.05281257629394531,-0.009860992431640625,-0.03812217712402344,-0.0009381771087646484,-0.0004100725054740906,0.0005913823843002319
1742955491.316334,9938,1742955491,316251813,ft_sensor0_wrench,0.025422096252441406,0.03946685791015625,-0.06108427047729492,6.109476089477539e-05,-0.00038842856884002686,0.0006044358015060425
1742955491.3230557,9939,1742955491,322916043,ft_sensor0_wrench,0.034562110900878906,-0.0063724517822265625,-0.036205291748046875,-0.0008686184883117676,-0.000895235687494278,0.0003722459077835083
1742955491.3296561,9940,1742955491,329579592,ft_sensor0_wrench,0.02149486541748047,-0.020669937133789062,-0.08223867416381836,-0.0012871623039245605,-0.0010527260601520538,0.0005933493375778198
1742955491.3363202,9941,1742955491,336248620,ft_sensor0_wrench,0.06700801849365234,0.023874282836914062,-0.08479928970336914,4.4733285903930664e-05,-0.0013550780713558197,0.0001573711633682251
1742955491.3430529,9942,1742955491,342930469,ft_sensor0_wrench,0.004975318908691406,0.038875579833984375,-0.10934877395629883,0.000501781702041626,-5.278363823890686e-05,0.00036241114139556885
1742955491.349655,9943,1742955491,349580459,ft_sensor0_wrench,0.08462715148925781,-0.043018341064453125,-0.0868062973022461,-0.0010089278221130371,-0.0008319355547428131,0.00034365057945251465
1742955491.356321,9944,1742955491,356249612,ft_sensor0_wrench,-0.0024366378784179688,-0.009693145751953125,-0.08605527877807617,-0.00048169493675231934,0.0004387088119983673,0.0005629807710647583
1742955491.3630261,9945,1742955491,362927673,ft_sensor0_wrench,-0.012368202209472656,0.007822036743164062,-0.10910511016845703,2.193450927734375e-05,0.0002159811556339264,0.0007839351892471313
1742955491.3696752,9946,1742955491,369585550,ft_sensor0_wrench,-0.0027456283569335938,0.025976181030273438,-0.058766841888427734,-0.0007908940315246582,-0.00035484880208969116,0.0006188899278640747
1742955491.3763537,9947,1742955491,376271863,ft_sensor0_wrench,-0.002597808837890625,0.025386810302734375,-0.0841364860534668,7.62939453125e-05,-0.0003288052976131439,0.0005846172571182251
1742955491.383067,9948,1742955491,382940516,ft_sensor0_wrench,0.021657943725585938,-0.055751800537109375,-0.08415746688842773,-0.0018451511859893799,-0.0002852119505405426,0.000571712851524353
1742955491.3896585,9949,1742955491,389582532,ft_sensor0_wrench,-0.057994842529296875,0.026142120361328125,-0.10669994354248047,-0.0003344118595123291,0.0004939399659633636,0.0005905032157897949
1742955491.3964324,9950,1742955491,396278118,ft_sensor0_wrench,0.06006336212158203,0.07378959655761719,-0.05949687957763672,0.0006033182144165039,-0.001669079065322876,0.0004124492406845093
1742955491.4031038,9951,1742955491,402931817,ft_sensor0_wrench,-0.0523533821105957,0.026363372802734375,-0.060823917388916016,0.0005258321762084961,0.00040145963430404663,0.0005573183298110962
1742955491.4096527,9952,1742955491,409580701,ft_sensor0_wrench,-0.04492664337158203,0.040439605712890625,-0.060666561126708984,8.413195610046387e-05,0.0006514228880405426,0.00036938488483428955
1742955491.4163773,9953,1742955491,416247008,ft_sensor0_wrench,-0.047914981842041016,0.008039474487304688,-0.10901975631713867,2.9146671295166016e-05,0.0007427036762237549,0.0003352612257003784
1742955491.4230878,9954,1742955491,422932254,ft_sensor0_wrench,0.0701436996459961,0.05568504333496094,-0.06181621551513672,0.0009669065475463867,-0.001420300453901291,0.00015722215175628662
1742955491.4296398,9955,1742955491,429580075,ft_sensor0_wrench,-0.02512502670288086,0.012117385864257812,-0.035943031311035156,8.45491886138916e-05,-0.0003876984119415283,0.0005659013986587524
1742955491.4363005,9956,1742955491,436246785,ft_sensor0_wrench,-0.02821207046508789,0.008089065551757812,-0.06100034713745117,-0.0004200935363769531,0.00042063742876052856,-8.501112461090088e-05
1742955491.443109,9957,1742955491,442950494,ft_sensor0_wrench,-0.03798341751098633,-0.0094757080078125,-0.08596944808959961,-0.00047448277473449707,0.0009654238820075989,0.00011430680751800537
1742955491.4497318,9958,1742955491,449591252,ft_sensor0_wrench,-0.0478663444519043,0.035823822021484375,-0.11109352111816406,0.00044667720794677734,0.0014858096837997437,-0.0003158003091812134
1742955491.4563866,9959,1742955491,456256424,ft_sensor0_wrench,-0.05308389663696289,-0.008668899536132812,-0.03761863708496094,-0.0009079575538635254,0.0011565014719963074,-9.234249591827393e-05
1742955491.4630408,9960,1742955491,462917344,ft_sensor0_wrench,-0.07733869552612305,0.07246971130371094,-0.03759765625,0.0010135471820831299,0.0011129230260849,-7.943809032440186e-05
1742955491.469665,9961,1742955491,469582583,ft_sensor0_wrench,-0.053096771240234375,0.025823593139648438,-0.06106901168823242,0.0005172789096832275,0.0004150494933128357,-0.00010497868061065674
1742955491.476375,9962,1742955491,476280949,ft_sensor0_wrench,-0.020846843719482422,0.028875350952148438,-0.08222007751464844,0.00014588236808776855,-0.0008139684796333313,0.00036548078060150146
1742955491.4830503,9963,1742955491,482915445,ft_sensor0_wrench,0.014698982238769531,0.028657913208007812,-0.082305908203125,0.0001386702060699463,-0.0013406910002231598,0.0008141547441482544
1742955491.4896944,9964,1742955491,489581398,ft_sensor0_wrench,-0.012482643127441406,0.07068634033203125,-0.10926055908203125,0.0009974539279937744,0.00019158050417900085,0.00015451014041900635
1742955491.496319,9965,1742955491,496248049,ft_sensor0_wrench,-0.013271808624267578,0.042362213134765625,-0.10743236541748047,0.0005713701248168945,-0.0005379468202590942,0.00014327466487884521
1742955491.5030448,9966,1742955491,502915233,ft_sensor0_wrench,0.038988590240478516,0.009794235229492188,-0.10785198211669922,5.9932470321655273e-05,-0.0012954548001289368,0.00013755261898040771
1742955491.509661,9967,1742955491,509582071,ft_sensor0_wrench,-0.003341197967529297,0.024847030639648438,-0.0843820571899414,6.774067878723145e-05,-0.0003152191638946533,-7.767975330352783e-05
1742955491.5164113,9968,1742955491,516249123,ft_sensor0_wrench,-0.021783828735351562,0.15160751342773438,-0.13222074508666992,0.0024851858615875244,-6.912648677825928e-05,0.0004083365201950073
1742955491.5230448,9969,1742955491,522913166,ft_sensor0_wrench,-0.03969764709472656,0.050441741943359375,-0.11069059371948242,1.3530254364013672e-05,0.0017222091555595398,0.0001585632562637329
1742955491.5296881,9970,1742955491,529581181,ft_sensor0_wrench,-0.013258934020996094,0.007869720458984375,-0.08398103713989258,-0.0008538365364074707,0.00020352378487586975,0.00015591084957122803
1742955491.536384,9971,1742955491,536249929,ft_sensor0_wrench,-0.02821207046508789,0.008089065551757812,-0.06100034713745117,-0.0004200935363769531,0.00042063742876052856,-8.501112461090088e-05
1742955491.5430954,9972,1742955491,542935047,ft_sensor0_wrench,-0.013112545013427734,0.007282257080078125,-0.10935115814208984,1.33514404296875e-05,0.000229567289352417,0.00012163817882537842
1742955491.5496655,9973,1742955491,549581517,ft_sensor0_wrench,-0.013258934020996094,0.007869720458984375,-0.08398103713989258,-0.0008538365364074707,0.00020352378487586975,0.00015591084957122803
1742955491.5563736,9974,1742955491,556266102,ft_sensor0_wrench,0.0116119384765625,0.024629592895507812,-0.10736274719238281,-0.00036600232124328613,-0.0005323328077793121,0.00016324222087860107
1742955491.5630348,9975,1742955491,562915071,ft_sensor0_wrench,0.022447586059570312,-0.02742767333984375,-0.08598613739013672,-0.0014190673828125,0.0004443228244781494,0.0005829483270645142
1742955491.569669,9976,1742955491,569586210,ft_sensor0_wrench,0.022287368774414062,0.0076541900634765625,-0.08406734466552734,-0.000861048698425293,-0.0003231912851333618,0.000604584813117981
1742955491.5764127,9977,1742955491,576272637,ft_sensor0_wrench,-0.03076648712158203,0.011898040771484375,-0.08181905746459961,-0.0007756948471069336,-0.0002952180802822113,0.0005990862846374512
1742955491.5829952,9978,1742955491,582915710,ft_sensor0_wrench,-0.017698287963867188,0.026195526123046875,-0.035785675048828125,-0.0003571510314941406,-0.00013773515820503235,0.0003779679536819458
1742955491.5896428,9979,1742955491,589580160,ft_sensor0_wrench,0.019928932189941406,0.03865814208984375,-0.13232994079589844,6.80387020111084e-05,-0.0002698972821235657,0.0006033331155776978
1742955491.596359,9980,1742955491,596248454,ft_sensor0_wrench,-0.04728507995605469,0.07144355773925781,-0.10892915725708008,0.001013249158859253,0.0007047168910503387,0.00036813318729400635
1742955491.602999,9981,1742955491,602916289,ft_sensor0_wrench,-0.0556025505065918,0.057415008544921875,-0.08396244049072266,0.0005792081356048584,0.0004422813653945923,-7.195770740509033e-05
1742955491.6097019,9982,1742955491,609583468,ft_sensor0_wrench,-0.006988525390625,0.07149505615234375,-0.038014888763427734,0.0009905099868774414,7.306411862373352e-05,0.00015561282634735107
1742955491.6163726,9983,1742955491,616248285,ft_sensor0_wrench,-0.062272071838378906,0.009386062622070312,-0.06042337417602539,-0.00039574503898620605,0.0009201951324939728,0.000790908932685852
1742955491.6230567,9984,1742955491,622938953,ft_sensor0_wrench,-0.04418373107910156,0.04097938537597656,-0.06042146682739258,9.268522262573242e-05,0.0006378442049026489,0.0010316818952560425
1742955491.6296556,9985,1742955491,629581073,ft_sensor0_wrench,-0.06238555908203125,0.0722503662109375,-0.060578346252441406,0.0005798041820526123,0.0008957944810390472,0.00016148388385772705
1742955491.6364148,9986,1742955491,636268867,ft_sensor0_wrench,-0.044297218322753906,0.10384559631347656,-0.060576438903808594,0.0010682344436645508,0.0006134435534477234,0.0004022568464279175
1742955491.6431105,9987,1742955491,642936399,ft_sensor0_wrench,-0.012678146362304688,0.043491363525390625,-0.0818171501159668,-0.0002872645854949951,-0.0005775690078735352,0.0008398592472076416
1742955491.6496592,9988,1742955491,649581536,ft_sensor0_wrench,0.0149078369140625,0.021360397338867188,-0.08629846572875977,-1.817941665649414e-06,0.00016993656754493713,0.0001414567232131958
1742955491.6563394,9989,1742955491,656266446,ft_sensor0_wrench,-0.003376007080078125,-0.03742790222167969,-0.058856964111328125,-0.0017749667167663574,-0.000316862016916275,0.0005860179662704468
1742955491.6630347,9990,1742955491,662914539,ft_sensor0_wrench,-0.018328189849853516,-0.03720855712890625,-0.03587627410888672,-0.0013412535190582275,-9.974837303161621e-05,0.00034509599208831787
1742955491.669666,9991,1742955491,669582215,ft_sensor0_wrench,-0.04885435104370117,-0.019695281982421875,-0.08182144165039062,-0.001264125108718872,-1.2867152690887451e-05,0.00035831332206726074
1742955491.6763701,9992,1742955491,676251146,ft_sensor0_wrench,0.014116764068603516,-0.0069637298583984375,-0.08447027206420898,-0.000427931547164917,-0.000559590756893158,0.00013022124767303467
1742955491.6830564,9993,1742955491,682918849,ft_sensor0_wrench,-0.06631326675415039,0.012115478515625,-0.08173322677612305,-0.0007684528827667236,0.00023149698972702026,0.00015041232109069824
1742955491.689686,9994,1742955491,689580619,ft_sensor0_wrench,-0.04395627975463867,-0.020015716552734375,-0.036190032958984375,-0.00041243433952331543,-9.17576253414154e-05,-0.00033718347549438477
1742955491.6963751,9995,1742955491,696256738,ft_sensor0_wrench,-0.09040594100952148,0.05817222595214844,-0.08363103866577148,0.0005950033664703369,0.0009554177522659302,0.00014166533946990967
1742955491.7030864,9996,1742955491,702932414,ft_sensor0_wrench,-0.020055770874023438,0.05719757080078125,-0.08404827117919922,0.0005719661712646484,-8.443370461463928e-05,0.0003767162561416626
1742955491.7097085,9997,1742955491,709581519,ft_sensor0_wrench,0.006428241729736328,0.04241371154785156,-0.05941343307495117,0.0001221299171447754,-0.0008600130677223206,-0.0002769976854324341
1742955491.7163823,9998,1742955491,716248828,ft_sensor0_wrench,-0.011077404022216797,0.04644012451171875,-0.0572509765625,0.0002003014087677002,-0.0013587549328804016,0.00016617774963378906
1742955491.7231004,9999,1742955491,722932631,ft_sensor0_wrench,-0.0732574462890625,0.062030792236328125,-0.056430816650390625,-0.0002098381519317627,-8.250400424003601e-05,0.0004054903984069824
1742955491.7297115,10000,1742955491,729584880,ft_sensor0_wrench,-0.057994842529296875,0.026142120361328125,-0.10669994354248047,-0.0003344118595123291,0.0004939399659633636,0.0005905032157897949
1742955491.73641,10001,1742955491,736247040,ft_sensor0_wrench,-0.05119800567626953,-0.023183822631835938,-0.10663270950317383,-0.001760244369506836,0.0007818825542926788,0.00036969780921936035
1742955491.7430549,10002,1742955491,742915758,ft_sensor0_wrench,-0.0987234115600586,0.04414558410644531,-0.05866432189941406,0.0001609325408935547,0.0006929785013198853,-0.000298425555229187
1742955491.7496445,10003,1742955491,749580322,ft_sensor0_wrench,-0.13336467742919922,0.00981903076171875,-0.06025123596191406,-0.00038126111030578613,0.0019736364483833313,-0.00010643899440765381
1742955491.7563353,10004,1742955491,756266464,ft_sensor0_wrench,-0.0827183723449707,0.00879669189453125,-0.1086883544921875,4.494190216064453e-05,0.0012558400630950928,0.0005488842725753784
1742955491.7630095,10005,1742955491,762916051,ft_sensor0_wrench,-0.0019674301147460938,0.08879280090332031,-0.0840463638305664,0.001060396432876587,-0.00036678463220596313,0.000617489218711853
1742955491.7696905,10006,1742955491,769582419,ft_sensor0_wrench,-0.1327834129333496,0.045440673828125,-0.05808734893798828,0.00018528103828430176,0.001192532479763031,0.0005774945020675659
1742955491.7763221,10007,1742955491,776249477,ft_sensor0_wrench,-0.09798097610473633,0.04468536376953125,-0.05841875076293945,0.00016948580741882324,0.0006793960928916931,0.0003638714551925659
1742955491.7831147,10008,1742955491,782933393,ft_sensor0_wrench,-0.05878496170043945,-0.0021800994873046875,-0.10487174987792969,-0.000760495662689209,-0.00023559480905532837,0.0005792677402496338
1742955491.7897074,10009,1742955491,789580030,ft_sensor0_wrench,-0.057994842529296875,0.026142120361328125,-0.10669994354248047,-0.0003344118595123291,0.0004939399659633636,0.0005905032157897949
1742955491.796356,10010,1742955491,796251811,ft_sensor0_wrench,-0.10555505752563477,0.031194686889648438,-0.03320646286010742,-0.00025597214698791504,0.000403381884098053,0.000586092472076416
1742955491.8030326,10011,1742955491,802931651,ft_sensor0_wrench,-0.10178947448730469,0.12641334533691406,-0.010132789611816406,0.001650303602218628,0.00030017271637916565,0.0006188005208969116
1742955491.8096504,10012,1742955491,809580647,ft_sensor0_wrench,-0.07231807708740234,0.08976554870605469,-0.08362865447998047,0.0010834336280822754,0.0006730668246746063,0.0003824383020401001
1742955491.816329,10013,1742955491,816266060,ft_sensor0_wrench,-0.04571866989135742,0.012117385864257812,-0.0588383674621582,-0.000341951847076416,-7.810443639755249e-05,0.0003581494092941284
1742955491.8230054,10014,1742955491,822935164,ft_sensor0_wrench,0.009517192840576172,0.04644012451171875,-0.03435564041137695,0.0006268024444580078,-0.0016683489084243774,0.00037391483783721924
1742955491.8296757,10015,1742955491,829582506,ft_sensor0_wrench,-0.008720874786376953,0.015436172485351562,-0.00898885726928711,-0.0007288157939910889,-0.0014120489358901978,0.00016742944717407227
1742955491.8363414,10016,1742955491,836266381,ft_sensor0_wrench,-0.007780551910400391,0.04317283630371094,-0.03618621826171875,0.0005644261837005615,-0.0006564632058143616,0.00014437735080718994
1742955491.8430512,10017,1742955491,842915048,ft_sensor0_wrench,-0.06322431564331055,0.016141891479492188,-0.05667591094970703,-0.0002637803554534912,-0.0005768537521362305,0.0008013248443603516
1742955491.8496497,10018,1742955491,849593223,ft_sensor0_wrench,-0.11606884002685547,0.013090133666992188,-0.058420658111572266,-0.00031894445419311523,0.0009617507457733154,0.0001230984926223755
1742955491.856364,10019,1742955491,856249026,ft_sensor0_wrench,-0.09119701385498047,0.029848098754882812,-0.0818023681640625,0.00016891956329345703,0.00022588670253753662,0.00013042986392974854
1742955491.863051,10020,1742955491,862928678,ft_sensor0_wrench,-0.12050724029541016,0.031414031982421875,-0.01022481918334961,0.00017777085304260254,0.0006205141544342041,0.00034515559673309326
1742955491.86964,10021,1742955491,869580236,ft_sensor0_wrench,-0.08068323135375977,0.04795265197753906,-0.056588172912597656,0.00023189187049865723,-0.00033248215913772583,0.0005934238433837891
1742955491.8763506,10022,1742955491,876250197,ft_sensor0_wrench,-0.12077093124389648,0.04060554504394531,-0.13149499893188477,0.00011411309242248535,0.0018098130822181702,0.00013324618339538574
1742955491.8830652,10023,1742955491,882930827,ft_sensor0_wrench,-0.09134531021118164,0.030437469482421875,-0.05643320083618164,-0.0006982684135437012,0.00019984692335128784,0.000164717435836792
1742955491.8897026,10024,1742955491,889581353,ft_sensor0_wrench,-0.12614870071411133,0.031194686889648438,-0.056101322174072266,-0.0006824731826782227,0.0007129833102226257,0.000378340482711792
1742955491.8963277,10025,1742955491,896260270,ft_sensor0_wrench,-0.15859460830688477,0.0009479522705078125,-0.007507801055908203,-0.0015957951545715332,0.0011728256940841675,0.0005932152271270752
1742955491.9030712,10026,1742955491,902932601,ft_sensor0_wrench,-0.09875822067260742,-0.018131256103515625,-0.03313922882080078,-0.0016817748546600342,0.000691339373588562,0.00036528706550598145
1742955491.909695,10027,1742955491,909581709,ft_sensor0_wrench,-0.16849136352539062,0.08073806762695312,-0.05608224868774414,0.0007505416870117188,0.0009517446160316467,0.00015045702457427979
1742955491.916343,10028,1742955491,916266233,ft_sensor0_wrench,-0.09135723114013672,0.06492996215820312,-0.07988357543945312,0.0007269382476806641,-0.0005416274070739746,0.00015208125114440918
1742955491.9230187,10029,1742955491,922920586,ft_sensor0_wrench,-0.08084440231323242,0.08303642272949219,-0.054669857025146484,0.0007898807525634766,-0.001099996268749237,0.0006150603294372559
1742955491.9296474,10030,1742955491,929580765,ft_sensor0_wrench,-0.06997346878051758,0.09325408935546875,-0.058817386627197266,0.0015795230865478516,-0.00012169033288955688,0.0003710538148880005
1742955491.9363513,10031,1742955491,936264774,ft_sensor0_wrench,-0.05565023422241211,0.029632568359375,-0.08188867568969727,0.00016167759895324707,-0.0003008320927619934,0.0005791038274765015
1742955491.9430366,10032,1742955491,942919612,ft_sensor0_wrench,-0.0494842529296875,-0.08310127258300781,-0.08191156387329102,-0.002248227596282959,2.5115907192230225e-05,0.0003254413604736328
1742955491.9496977,10033,1742955491,949593494,ft_sensor0_wrench,-0.16837692260742188,0.017873764038085938,-0.05592679977416992,-0.00022497773170471191,0.0009761452674865723,0.0007798969745635986
1742955491.9563372,10034,1742955491,956250840,ft_sensor0_wrench,-0.10304832458496094,-0.000396728515625,-0.010313034057617188,-0.0003179013729095459,0.00037614256143569946,0.0005530565977096558
1742955491.9630232,10035,1742955491,962912623,ft_sensor0_wrench,-0.0735769271850586,-0.03704261779785156,-0.08380937576293945,-0.0008847713470458984,0.0007490366697311401,0.00031669437885284424
1742955491.9697413,10036,1742955491,969580419,ft_sensor0_wrench,-0.05642843246459961,-0.033184051513671875,-0.056609153747558594,-0.001689612865447998,-0.0002888888120651245,0.000580519437789917
1742955491.97638,10037,1742955491,976248765,ft_sensor0_wrench,-0.04885435104370117,-0.019695281982421875,-0.08182144165039062,-0.001264125108718872,-1.2867152690887451e-05,0.00035831332206726074
1742955491.9830968,10038,1742955491,982913051,ft_sensor0_wrench,-0.016921043395996094,0.08901023864746094,-0.061064720153808594,0.0014941394329071045,-0.00014965608716011047,0.0003765672445297241
1742955491.9897814,10039,1742955491,989598204,ft_sensor0_wrench,-0.05878496170043945,-0.0021800994873046875,-0.10487174987792969,-0.000760495662689209,-0.00023559480905532837,0.0005792677402496338
1742955491.9963882,10040,1742955491,996245978,ft_sensor0_wrench,-0.06385421752929688,-0.04726219177246094,-0.05676603317260742,-0.0012478828430175781,-0.0005388632416725159,0.0007684528827667236
1742955492.0030859,10041,1742955492,2932243,ft_sensor0_wrench,-0.02826070785522461,-0.019693374633789062,-0.05892658233642578,-0.0008376240730285645,-0.00032247602939605713,0.0005660504102706909
1742955492.0096593,10042,1742955492,9582024,ft_sensor0_wrench,-0.1651935577392578,0.07747077941894531,-0.035017967224121094,0.0011146962642669678,0.0016540288925170898,0.0001286715269088745
1742955492.0163484,10043,1742955492,16263154,ft_sensor0_wrench,-0.18567466735839844,0.014604568481445312,-0.05775785446166992,-0.0002873539924621582,0.001988023519515991,0.0005503445863723755
1742955492.0230575,10044,1742955492,22917126,ft_sensor0_wrench,-0.16138505935668945,-0.0042572021484375,-0.08330345153808594,-0.0003660917282104492,0.0020332597196102142,-0.0001262575387954712
1742955492.029777,10045,1742955492,29596389,ft_sensor0_wrench,-0.11606884002685547,0.013090133666992188,-0.058420658111572266,-0.00031894445419311523,0.0009617507457733154,0.0001230984926223755
1742955492.0362983,10046,1742955492,36245700,ft_sensor0_wrench,-0.0987710952758789,0.016359329223632812,-0.05659008026123047,-0.00025653839111328125,-5.0127506256103516e-05,0.00035265088081359863
1742955492.042982,10047,1742955492,42914136,ft_sensor0_wrench,-0.09720182418823242,0.10750007629394531,-0.08369827270507812,0.002020806074142456,0.0006674677133560181,0.00036247074604034424
1742955492.0497253,10048,1742955492,49580429,ft_sensor0_wrench,-0.147735595703125,0.04566001892089844,-0.03510570526123047,0.0006190240383148193,0.0014096647500991821,0.000336572527885437
1742955492.056311,10049,1742955492,56246621,ft_sensor0_wrench,-0.11606884002685547,0.013090133666992188,-0.058420658111572266,-0.00031894445419311523,0.0009617507457733154,0.0001230984926223755
1742955492.0630178,10050,1742955492,62911893,ft_sensor0_wrench,-0.1440873146057129,-0.000988006591796875,-0.08147287368774414,-0.00030371546745300293,0.0010213740170001984,0.0001032799482345581
1742955492.0697033,10051,1742955492,69580720,ft_sensor0_wrench,-0.017711162567138672,0.06068611145019531,-0.05923652648925781,0.0010680556297302246,-0.0008791908621788025,0.000365331768989563
1742955492.076365,10052,1742955492,76250204,ft_sensor0_wrench,-0.05565023422241211,0.029632568359375,-0.08188867568969727,0.00016167759895324707,-0.0003008320927619934,0.0005791038274765015
1742955492.083073,10053,1742955492,82933406,ft_sensor0_wrench,-0.04258298873901367,0.04392814636230469,-0.03585481643676758,0.00058022141456604,-0.00014332681894302368,0.00035800039768218994
1742955492.0897996,10054,1742955492,89597198,ft_sensor0_wrench,-0.06396865844726562,0.01560211181640625,-0.05692148208618164,-0.00027233362197875977,-0.0005632638931274414,0.00013902783393859863
1742955492.0964196,10055,1742955492,96273620,ft_sensor0_wrench,-0.03814363479614258,0.025604248046875,-0.08405065536499023,8.353590965270996e-05,0.00019791722297668457,0.00013594329357147217
1742955492.1030428,10056,1742955492,102915636,ft_sensor0_wrench,-0.11178970336914062,0.029848098754882812,-0.10469770431518555,-0.0002576112747192383,0.0005354955792427063,-7.730722427368164e-05
1742955492.1097057,10057,1742955492,109597750,ft_sensor0_wrench,-0.044939517974853516,0.07493209838867188,-0.08411741256713867,0.001509338617324829,-9.003281593322754e-05,0.00035674870014190674
1742955492.1163905,10058,1742955492,116275195,ft_sensor0_wrench,-0.10775041580200195,0.027118682861328125,-0.08338785171508789,0.0001150965690612793,0.0012241899967193604,0.0005631893873214722
1742955492.1230638,10059,1742955492,122915699,ft_sensor0_wrench,-0.10555505752563477,0.031194686889648438,-0.03320646286010742,-0.00025597214698791504,0.000403381884098053,0.000586092472076416
1742955492.1296499,10060,1742955492,129580008,ft_sensor0_wrench,-0.032651424407958984,0.0264129638671875,-0.012804508209228516,7.659196853637695e-05,7.939338684082031e-05,0.0001370459794998169
1742955492.1363308,10061,1742955492,136250831,ft_sensor0_wrench,-0.05031919479370117,0.065521240234375,-0.008724212646484375,0.0007127821445465088,-0.001186862587928772,0.000601842999458313
1742955492.1430297,10062,1742955492,142931618,ft_sensor0_wrench,-0.050739288330078125,-0.00518035888671875,-0.012806415557861328,-0.0004118382930755615,0.0003617480397224426,-0.00010372698307037354
1742955492.1496549,10063,1742955492,149582598,ft_sensor0_wrench,-0.0855417251586914,-0.0044231414794921875,-0.012475013732910156,-0.000396043062210083,0.0008748844265937805,0.00010989606380462646
1742955492.1563334,10064,1742955492,156250865,ft_sensor0_wrench,-0.09625244140625,-0.049724578857421875,-0.01024627685546875,-0.001743704080581665,0.0006640926003456116,0.00033226609230041504
1742955492.163091,10065,1742955492,162927465,ft_sensor0_wrench,-0.0523533821105957,0.026363372802734375,-0.060823917388916016,0.0005258321762084961,0.00040145963430404663,0.0005573183298110962
1742955492.1697211,10066,1742955492,169583252,ft_sensor0_wrench,-0.06981134414672852,0.05817413330078125,-0.06073570251464844,0.0010215044021606445,0.0006458312273025513,0.0003494173288345337
1742955492.1764088,10067,1742955492,176267672,ft_sensor0_wrench,-0.0954742431640625,0.013092041015625,-0.03552532196044922,0.00010755658149719238,0.0006521642208099365,0.0003308504819869995
1742955492.1830924,10068,1742955492,182936919,ft_sensor0_wrench,-0.10285234451293945,0.026798248291015625,-0.03775644302368164,0.0009668171405792236,0.0011453144252300262,-0.0001322925090789795
1742955492.1896484,10069,1742955492,189581545,ft_sensor0_wrench,-0.10979747772216797,0.07671356201171875,-0.012454509735107422,0.0015254318714141846,0.000831305980682373,0.00012280046939849854
1742955492.1963594,10070,1742955492,196246980,ft_sensor0_wrench,-0.10727882385253906,0.010629653930664062,0.0338897705078125,3.8295984268188477e-05,0.0015455260872840881,0.0001024007797241211
1742955492.202984,10071,1742955492,202913969,ft_sensor0_wrench,-0.03563880920410156,-0.0059871673583984375,-0.0611572265625,2.16066837310791e-05,0.00017067790031433105,0.00010292232036590576
1742955492.2096713,10072,1742955492,209580730,ft_sensor0_wrench,-0.11685895919799805,-0.015233993530273438,-0.05659198760986328,-0.0007449686527252197,0.00023222342133522034,0.00011186301708221436
1742955492.2163105,10073,1742955492,216246186,ft_sensor0_wrench,-0.09860992431640625,-0.018720626831054688,-0.058508872985839844,-0.0008146166801452637,0.0007173866033554077,0.000330999493598938
1742955492.2230086,10074,1742955492,222914725,ft_sensor0_wrench,-0.09531211853027344,-0.021989822387695312,-0.037444114685058594,-0.00045043230056762695,0.0014196783304214478,0.0003092139959335327
1742955492.2296348,10075,1742955492,229579159,ft_sensor0_wrench,-0.09770441055297852,-0.05326271057128906,-0.06018209457397461,-0.0013640522956848145,0.0014713108539581299,0.0009716600179672241
1742955492.236338,10076,1742955492,236263824,ft_sensor0_wrench,-0.1053929328918457,-0.0038852691650390625,-0.0351252555847168,-0.0008140206336975098,0.0011708885431289673,0.0005644410848617554
1742955492.2430584,10077,1742955492,242951675,ft_sensor0_wrench,-0.08809614181518555,-0.0006160736083984375,-0.0332942008972168,-0.0007516443729400635,0.00015901029109954834,0.0007939934730529785
1742955492.249668,10078,1742955492,249582613,ft_sensor0_wrench,-0.11611557006835938,-0.0146942138671875,-0.05634641647338867,-0.0007364451885223389,0.00021863728761672974,0.0007741749286651611
1742955492.2563746,10079,1742955492,256248528,ft_sensor0_wrench,-0.09860992431640625,-0.018720626831054688,-0.058508872985839844,-0.0008146166801452637,0.0007173866033554077,0.000330999493598938
1742955492.2630775,10080,1742955492,262933249,ft_sensor0_wrench,-0.05623149871826172,-0.00598907470703125,-0.08405256271362305,-0.0004048943519592285,0.0004802718758583069,-0.00010482966899871826
1742955492.2696538,10081,1742955492,269581116,ft_sensor0_wrench,-0.0738992691040039,0.03311729431152344,-0.0799717903137207,0.00023129582405090332,-0.0007859915494918823,0.0003599822521209717
1742955492.276388,10082,1742955492,276252201,ft_sensor0_wrench,-0.11685895919799805,-0.015233993530273438,-0.05659198760986328,-0.0007449686527252197,0.00023222342133522034,0.00011186301708221436
1742955492.2830381,10083,1742955492,282916671,ft_sensor0_wrench,-0.1385951042175293,-0.000179290771484375,-0.010226726531982422,-0.00031065940856933594,0.000902865082025528,0.00010438263416290283
1742955492.2896519,10084,1742955492,289580005,ft_sensor0_wrench,-0.14173078536987305,-0.03199195861816406,-0.03321027755737305,-0.001232832670211792,0.0009680874645709991,0.00010453164577484131
1742955492.2963812,10085,1742955492,296246069,ft_sensor0_wrench,-0.11136674880981445,-0.014425277709960938,0.014653682708740234,-0.0007519423961639404,0.000113707035779953,0.00011296570301055908
1742955492.3030534,10086,1742955492,302915326,ft_sensor0_wrench,-0.16912031173706055,0.017333984375,-0.05617237091064453,-0.00023353099822998047,0.000989723950624466,0.00011758506298065186
1742955492.309695,10087,1742955492,309582062,ft_sensor0_wrench,-0.1689591407775879,-0.0177459716796875,-0.058091163635253906,-0.0007915794849395752,0.0017572380602359772,9.594857692718506e-05
1742955492.316325,10088,1742955492,316249469,ft_sensor0_wrench,-0.08115196228027344,-0.05053138732910156,-0.05859708786010742,-0.0013102591037750244,0.0004730150103569031,0.0005389004945755005
1742955492.32305,10089,1742955492,322929807,ft_sensor0_wrench,-0.1145024299621582,-0.046237945556640625,-0.008329391479492188,-0.0016741156578063965,0.0001789294183254242,0.00011311471462249756
1742955492.3296473,10090,1742955492,329578896,ft_sensor0_wrench,-0.10618400573730469,-0.03220939636230469,-0.03329610824584961,-0.001240074634552002,0.00044136494398117065,0.0005532205104827881
1742955492.3363268,10091,1742955492,336256589,ft_sensor0_wrench,-0.0614619255065918,-0.015989303588867188,-0.034028053283691406,-0.0003342628479003906,-0.0005905069410800934,0.00010599195957183838
1742955492.343057,10092,1742955492,342938459,ft_sensor0_wrench,-0.09260416030883789,-0.09637260437011719,-0.05661296844482422,-0.002666473388671875,0.00027581676840782166,9.897351264953613e-05
1742955492.3496563,10093,1742955492,349580880,ft_sensor0_wrench,-0.0873866081237793,-0.0518798828125,-0.13008785247802734,-0.00131186842918396,0.0006051324307918549,-0.00012449920177459717
1742955492.3563828,10094,1742955492,356274217,ft_sensor0_wrench,-0.11606884002685547,0.013090133666992188,-0.058420658111572266,-0.00031894445419311523,0.0009617507457733154,0.0001230984926223755
1742955492.3630095,10095,1742955492,362914275,ft_sensor0_wrench,-0.07058954238891602,-0.004642486572265625,-0.03545665740966797,-0.0008297860622406006,0.0006577521562576294,0.00035081803798675537
1742955492.3697393,10096,1742955492,369586732,ft_sensor0_wrench,-0.04127931594848633,-0.006206512451171875,-0.10703372955322266,-0.0008386373519897461,0.0002631545066833496,0.00013609230518341064
1742955492.3763852,10097,1742955492,376280920,ft_sensor0_wrench,-0.03814363479614258,0.025604248046875,-0.08405065536499023,8.353590965270996e-05,0.00019791722297668457,0.00013594329357147217
1742955492.383019,10098,1742955492,382915076,ft_sensor0_wrench,-0.11543893814086914,0.07649612426757812,-0.05833101272583008,0.0006651580333709717,0.0009237602353096008,0.00015597045421600342
1742955492.3896646,10099,1742955492,389579696,ft_sensor0_wrench,-0.035008907318115234,0.05741691589355469,-0.06106710433959961,0.001005709171295166,0.00013269484043121338,0.0001357942819595337
1742955492.3963494,10100,1742955492,396248199,ft_sensor0_wrench,-0.07671260833740234,-0.06885528564453125,-0.10679244995117188,-0.0018069446086883545,0.0008142739534378052,0.00031685829162597656
1742955492.40308,10101,1742955492,402917756,ft_sensor0_wrench,-0.07671260833740234,-0.06885528564453125,-0.10679244995117188,-0.0018069446086883545,0.0008142739534378052,0.00031685829162597656
1742955492.4096417,10102,1742955492,409580950,ft_sensor0_wrench,-0.07608270645141602,-0.005451202392578125,-0.10670232772827148,-0.0008228421211242676,0.0007762908935546875,0.0003497302532196045
1742955492.4163108,10103,1742955492,416248419,ft_sensor0_wrench,-0.06317758560180664,0.04392814636230469,-0.058750152587890625,0.00015372037887573242,0.00016625970602035522,0.00015024840831756592
1742955492.4230783,10104,1742955492,422930778,ft_sensor0_wrench,-0.040650367736816406,0.05719757080078125,-0.10694313049316406,0.00014546513557434082,0.00022516772150993347,0.00016896426677703857
1742955492.4296412,10105,1742955492,429580737,ft_sensor0_wrench,-0.07608270645141602,-0.005451202392578125,-0.10670232772827148,-0.0008228421211242676,0.0007762908935546875,0.0003497302532196045
1742955492.436339,10106,1742955492,436268549,ft_sensor0_wrench,-0.048029422760009766,0.07090377807617188,-0.10917520523071289,0.0010046958923339844,0.0007183030247688293,-0.0002941638231277466
1742955492.4430308,10107,1742955492,442934695,ft_sensor0_wrench,-0.020800113677978516,0.05665779113769531,-0.08429431915283203,0.0005634129047393799,-7.08550214767456e-05,-0.00028558075428009033
1742955492.4496899,10108,1742955492,449580847,ft_sensor0_wrench,0.014585494995117188,0.091522216796875,-0.08246088027954102,0.001114189624786377,-0.0013650916516780853,0.0001847296953201294
1742955492.4564385,10109,1742955492,456267329,ft_sensor0_wrench,-0.07215595245361328,0.05468559265136719,-0.08554744720458984,0.0005254149436950684,0.0014405809342861176,0.0003608018159866333
1742955492.4630497,10110,1742955492,462915163,ft_sensor0_wrench,-0.07529163360595703,0.0228729248046875,-0.10853052139282227,-0.0003967583179473877,0.0015058182179927826,0.0003609508275985718
1742955492.469684,10111,1742955492,469581996,ft_sensor0_wrench,-0.03814363479614258,0.025604248046875,-0.08405065536499023,8.353590965270996e-05,0.00019791722297668457,0.00013594329357147217
1742955492.4763803,10112,1742955492,476268629,ft_sensor0_wrench,0.011725425720214844,-0.03823661804199219,-0.1072072982788086,-0.0013415217399597168,-0.0005079321563243866,0.0007926672697067261
1742955492.4830463,10113,1742955492,482918136,ft_sensor0_wrench,-0.022869110107421875,-0.04477500915527344,-0.11086893081665039,-0.001466214656829834,0.0015158243477344513,0.0003335922956466675
1742955492.489671,10114,1742955492,489580550,ft_sensor0_wrench,-0.02821207046508789,0.008089065551757812,-0.06100034713745117,-0.0004200935363769531,0.00042063742876052856,-8.501112461090088e-05
1742955492.4963672,10115,1742955492,496249231,ft_sensor0_wrench,-0.03893470764160156,-0.002719879150390625,-0.08222198486328125,-0.0003425478935241699,-0.000531613826751709,0.00012470781803131104
1742955492.503108,10116,1742955492,502940862,ft_sensor0_wrench,-0.0354766845703125,-0.04106903076171875,-0.06307601928710938,-0.0005363821983337402,0.0009381920099258423,8.128583431243896e-05
1742955492.5096521,10117,1742955492,509581009,ft_sensor0_wrench,-0.09008359909057617,-0.011987686157226562,-0.08746862411499023,-0.0005210340023040771,0.0024904385209083557,9.839236736297607e-05
1742955492.5163186,10118,1742955492,516248644,ft_sensor0_wrench,-0.07278585433959961,-0.008718490600585938,-0.08563804626464844,-0.00045868754386901855,0.0014785602688789368,0.00032792985439300537
1742955492.523037,10119,1742955492,522931533,ft_sensor0_wrench,-0.11826419830322266,0.009014129638671875,-0.10860204696655273,5.218386650085449e-05,0.0017825588583946228,0.00010021030902862549
1742955492.529653,10120,1742955492,529581224,ft_sensor0_wrench,-0.04127931594848633,-0.006206512451171875,-0.10703372955322266,-0.0008386373519897461,0.0002631545066833496,0.00013609230518341064
1742955492.5363438,10121,1742955492,536273750,ft_sensor0_wrench,-0.05783367156982422,-0.008937835693359375,-0.10861873626708984,-0.0008924007415771484,0.001261446624994278,0.0005688518285751343
1742955492.5429966,10122,1742955492,542913284,ft_sensor0_wrench,-0.014711380004882812,0.00433349609375,-0.13391733169555664,-0.0004741549491882324,0.0010107457637786865,0.000795319676399231
1742955492.5496457,10123,1742955492,549581037,ft_sensor0_wrench,-0.040374755859375,-0.04074859619140625,-0.10870647430419922,-0.0013880729675292969,0.0010170824825763702,0.0007767528295516968
1742955492.5563965,10124,1742955492,556265927,ft_sensor0_wrench,-0.0024366378784179688,-0.009693145751953125,-0.08605527877807617,-0.00048169493675231934,0.0004387088119983673,0.0005629807710647583
1742955492.5630178,10125,1742955492,562916086,ft_sensor0_wrench,0.0018405914306640625,0.0070648193359375,-0.13233184814453125,-0.0004203915596008301,1.2453645467758179e-05,0.0003625601530075073
1742955492.5696652,10126,1742955492,569581957,ft_sensor0_wrench,-0.05469799041748047,0.022874832153320312,-0.08563566207885742,2.9742717742919922e-05,0.001196209341287613,0.0005687028169631958
1742955492.5763242,10127,1742955492,576248963,ft_sensor0_wrench,-0.03798341751098633,-0.0094757080078125,-0.08596944808959961,-0.00047448277473449707,0.0009654238820075989,0.00011430680751800537
1742955492.583079,10128,1742955492,582930118,ft_sensor0_wrench,-0.05607128143310547,-0.04106903076171875,-0.08597135543823242,-0.0009629130363464355,0.0012477785348892212,-0.00012646615505218506
1742955492.5896447,10129,1742955492,589580338,ft_sensor0_wrench,-0.048496246337890625,-0.02758026123046875,-0.11118364334106445,-0.0005373954772949219,0.0015238001942634583,-0.0003486722707748413
1742955492.5963523,10130,1742955492,596251678,ft_sensor0_wrench,-0.02288198471069336,-0.010282516479492188,-0.13432025909423828,-4.100799560546875e-05,0.0007743537425994873,0.00032095611095428467
1742955492.6030712,10131,1742955492,602940145,ft_sensor0_wrench,0.014278888702392578,-0.04204368591308594,-0.08638906478881836,-0.0009859204292297363,0.00020792335271835327,0.00010858476161956787
1742955492.609707,10132,1742955492,609580746,ft_sensor0_wrench,-0.01738882064819336,-0.0094757080078125,-0.06307411193847656,-4.795193672180176e-05,0.00065583735704422,0.0003220587968826294
1742955492.616353,10133,1742955492,616267919,ft_sensor0_wrench,-0.047914981842041016,0.008039474487304688,-0.10901975631713867,2.9146671295166016e-05,0.0007427036762237549,0.0003352612257003784
1742955492.6230683,10134,1742955492,622933910,ft_sensor0_wrench,0.03914976119995117,-0.025285720825195312,-0.1097707748413086,-0.0004980862140655518,-0.0005279406905174255,0.00011591613292694092
1742955492.629672,10135,1742955492,629583054,ft_sensor0_wrench,0.021690845489501953,0.006526947021484375,-0.10968255996704102,-2.4139881134033203e-06,-0.0002835690975189209,-9.198486804962158e-05
1742955492.6363404,10136,1742955492,636266322,ft_sensor0_wrench,0.03601408004760742,-0.057098388671875,-0.13275384902954102,-0.0014202594757080078,-0.0004627034068107605,0.0001160651445388794
1742955492.643032,10137,1742955492,642915137,ft_sensor0_wrench,0.004346370697021484,-0.02452850341796875,-0.10943937301635742,-0.00048229098320007324,-1.4804303646087646e-05,0.0003295391798019409
1742955492.6496453,10138,1742955492,649580144,ft_sensor0_wrench,-0.047914981842041016,0.008039474487304688,-0.10901975631713867,2.9146671295166016e-05,0.0007427036762237549,0.0003352612257003784
1742955492.6563675,10139,1742955492,656281489,ft_sensor0_wrench,-0.013112545013427734,0.007282257080078125,-0.10935115814208984,1.33514404296875e-05,0.000229567289352417,0.00012163817882537842
1742955492.6630573,10140,1742955492,662916638,ft_sensor0_wrench,0.021690845489501953,0.006526947021484375,-0.10968255996704102,-2.4139881134033203e-06,-0.0002835690975189209,-9.198486804962158e-05
1742955492.669651,10141,1742955492,669580346,ft_sensor0_wrench,0.03914976119995117,-0.025285720825195312,-0.1097707748413086,-0.0004980862140655518,-0.0005279406905174255,0.00011591613292694092
1742955492.6763363,10142,1742955492,676248453,ft_sensor0_wrench,0.014116764068603516,-0.0069637298583984375,-0.08447027206420898,-0.000427931547164917,-0.000559590756893158,0.00013022124767303467
1742955492.6831155,10143,1742955492,682935754,ft_sensor0_wrench,-0.02052450180053711,-0.041286468505859375,-0.08605766296386719,-0.0009701251983642578,0.0007210597395896912,0.00032220780849456787
1742955492.6896565,10144,1742955492,689581988,ft_sensor0_wrench,0.014278888702392578,-0.04204368591308594,-0.08638906478881836,-0.0009859204292297363,0.00020792335271835327,0.00010858476161956787
1742955492.6963353,10145,1742955492,696248728,ft_sensor0_wrench,0.014278888702392578,-0.04204368591308594,-0.08638906478881836,-0.0009859204292297363,0.00020792335271835327,0.00010858476161956787
1742955492.7030616,10146,1742955492,702930618,ft_sensor0_wrench,0.04150819778442383,-0.0562896728515625,-0.0615081787109375,-0.0014272034168243408,-0.0005812346935272217,0.00011716783046722412
1742955492.7096484,10147,1742955492,709580401,ft_sensor0_wrench,0.06967496871948242,-0.04279899597167969,-0.06382513046264648,-0.0005751848220825195,-0.0006148070096969604,0.0001027137041091919
1742955492.716338,10148,1742955492,716266063,ft_sensor0_wrench,0.01255035400390625,0.05236625671386719,-0.13456106185913086,0.0009272992610931396,0.00022323057055473328,0.0001402050256729126
1742955492.7230594,10149,1742955492,722914753,ft_sensor0_wrench,-0.028795242309570312,-0.027530670166015625,-0.06316471099853516,-0.0009866654872894287,0.001201733946800232,-0.0007689446210861206
1742955492.7296607,10150,1742955492,729581182,ft_sensor0_wrench,0.03162240982055664,-0.010990142822265625,-0.08663272857666016,-0.0005060434341430664,-6.0848891735076904e-05,-0.00031293928623199463
1742955492.7363338,10151,1742955492,736265787,ft_sensor0_wrench,0.07395219802856445,-0.026042938232421875,-0.11010217666625977,-0.0005138814449310303,-0.0010410770773887634,-9.770691394805908e-05
1742955492.7430983,10152,1742955492,742915059,ft_sensor0_wrench,0.02404928207397461,-0.024478912353515625,-0.06141996383666992,-0.0009315311908721924,-0.00033686310052871704,-9.073317050933838e-05
1742955492.7496386,10153,1742955492,749578828,ft_sensor0_wrench,-0.02052450180053711,-0.041286468505859375,-0.08605766296386719,-0.0009701251983642578,0.0007210597395896912,0.00032220780849456787
1742955492.75634,10154,1742955492,756251571,ft_sensor0_wrench,0.014278888702392578,-0.04204368591308594,-0.08638906478881836,-0.0009859204292297363,0.00020792335271835327,0.00010858476161956787
1742955492.7629771,10155,1742955492,762914628,ft_sensor0_wrench,0.02937936782836914,-0.042850494384765625,-0.13473939895629883,-0.000552445650100708,1.6845762729644775e-05,0.00031523406505584717
1742955492.7696557,10156,1742955492,769581286,ft_sensor0_wrench,0.041655540466308594,-0.05687904357910156,-0.08687734603881836,-0.0005599856376647949,-0.0005551725625991821,8.289515972137451e-05
1742955492.7763531,10157,1742955492,776249312,ft_sensor0_wrench,0.03173685073852539,-0.07385444641113281,-0.08647680282592773,-0.001481562852859497,-3.644824028015137e-05,0.0003165006637573242
1742955492.7830598,10158,1742955492,782930343,ft_sensor0_wrench,0.03236675262451172,-0.010450363159179688,-0.08638668060302734,-0.0004974901676177979,-7.442757487297058e-05,0.0003493577241897583
1742955492.7896707,10159,1742955492,789582004,ft_sensor0_wrench,0.00984048843383789,-0.023721694946289062,-0.0381932258605957,-0.0004892349243164062,-0.00013332068920135498,0.00033064186573028564
1742955492.7963455,10160,1742955492,796254258,ft_sensor0_wrench,0.04464387893676758,-0.024477005004882812,-0.038524627685546875,-0.0005050301551818848,-0.0006464570760726929,0.00011701881885528564
1742955492.8030744,10161,1742955492,802952830,ft_sensor0_wrench,0.05822277069091797,-0.08864212036132812,-0.061841487884521484,-0.0019314289093017578,-0.0008120164275169373,-0.0003372281789779663
