Time,position.x,position.y,position.z,orientation.x,orientation.y,orientation.z,orientation.w
1742955463.079582,0.5423533915090889,0.07794141436209208,0.642192012295992,-0.055271009213716825,0.07273354107702648,0.9957406379666234,-0.012471144482995645
1742955463.0845666,0.5423534368064113,0.07794158869817429,0.6421919667058947,-0.05527090355059657,0.072740468641579,0.9957401371108869,-0.012471198374505197
1742955463.0896778,0.5423534697341587,0.07794177337341175,0.6421917104703933,-0.055271167040044804,0.07274824204825654,0.9957395539984247,-0.012471245965739555
1742955463.0946753,0.5423536703371066,0.0779419204855164,0.6421912839582712,-0.055271476286791126,0.07275762203244711,0.9957388465905586,-0.012471637252842104
1742955463.0995774,0.542353744894408,0.07794218616381102,0.6421910312496916,-0.05527167726996979,0.07276775108009172,0.9957380928925218,-0.012471826541199396
1742955463.1046104,0.5423537569135979,0.07794214574451362,0.6421910540949697,-0.055271592949337346,0.07277693569623403,0.9957374233733601,-0.012472062270966986
1742955463.1096292,0.542353638681682,0.07794209659884178,0.6421912534344093,-0.05527144063524463,0.07278514627932861,0.9957368283574145,-0.012472328728757006
1742955463.1146872,0.5423535633784208,0.07794212264005654,0.6421915728803906,-0.05527097503490778,0.07279362393375778,0.9957362324875096,-0.012472487516984888
1742955463.1196065,0.542353461574575,0.07794217823949234,0.6421917450835941,-0.05527069326995149,0.07280217147319588,0.9957356195188455,-0.012472782996085747
1742955463.124747,0.5423534633226671,0.07794240077255919,0.6421916796756095,-0.05527072812655859,0.07281010573478329,0.9957350360575907,-0.01247289391593478
1742955463.129582,0.5423536057968138,0.07794256404947333,0.6421912973709613,-0.05527112299153622,0.07281812087755012,0.9957344261945018,-0.012473039975206605
1742955463.1346698,0.5423537625757143,0.07794267521379225,0.6421907882252014,-0.055271608832666276,0.07282530652168555,0.9957338718262412,-0.012473190650112684
1742955463.139684,0.5423539252740429,0.07794297931584497,0.6421904967772142,-0.05527186126916054,0.07283100108349087,0.9957334418145293,-0.012473150572755467
1742955463.1446981,0.5423539394288464,0.07794295409070799,0.6421905741002067,-0.05527170857017979,0.07283663955475425,0.9957330379430953,-0.012473143898726556
1742955463.149671,0.5423538535239246,0.0779428828208515,0.6421906604125807,-0.05527168039956174,0.07284230345868892,0.9957326236062848,-0.012473269771227773
1742955463.1547215,0.5423536714909962,0.0779428818724773,0.642191061268763,-0.055271384213528875,0.07284807067599246,0.9957322170302322,-0.012473357766243701
1742955463.1596026,0.5423536818474533,0.07794282685870342,0.6421911461804313,-0.05527116307895508,0.07285385173902763,0.9957318059903026,-0.01247338598687342
1742955463.1646054,0.5423536855314443,0.0779430525551846,0.6421910331293897,-0.05527122671444836,0.0728589898535347,0.995731426730133,-0.0124733683091738
1742955463.1695974,0.5423537048377112,0.07794332771886502,0.6421907940544646,-0.0552715934866142,0.0728635334151663,0.995731073945588,-0.012473364857700226
1742955463.1746747,0.5423539088249657,0.07794351160457044,0.6421903427538154,-0.05527196520349925,0.07286806511585885,0.9957307219792099,-0.012473341796632698
1742955463.1796966,0.5423539502843585,0.07794379967516638,0.6421902101025176,-0.05527206169680148,0.07287368853360877,0.9957303071479172,-0.012473176917128225
1742955463.1845553,0.5423539185944433,0.07794372008714713,0.64219030034219,-0.05527200864298374,0.07288042680581533,0.99572981570299,-0.012473274199728867
1742955463.1896918,0.542353799485891,0.07794371616912571,0.6421905299279731,-0.055271761810427984,0.07288761845112433,0.9957293012303402,-0.01247341549990228
1742955463.1945922,0.5423537250601794,0.07794369698279197,0.6421908191288059,-0.05527141131485234,0.0728954740916338,0.9957287432044146,-0.012473608330283516
1742955463.1996696,0.5423536936073867,0.07794378317599446,0.6421908830372294,-0.055271207509298065,0.07290393685908694,0.9957281304466598,-0.012473966815336364
1742955463.2045999,0.5423537039966336,0.07794376952824879,0.6421907250641374,-0.055271331257566364,0.07291398309232308,0.9957273846850421,-0.012474229391631243
1742955463.2096083,0.5423538174850099,0.07794405513791562,0.6421905394056033,-0.05527131416019042,0.07292485629421923,0.9957265851028376,-0.012474569528227165
1742955463.2147574,0.5423539285852205,0.07794419015809584,0.6421901132726746,-0.055271811516701824,0.07293771960511508,0.9957256106718406,-0.012474941388958676
1742955463.2197616,0.5423540152191644,0.07794443358132873,0.6421898357514225,-0.05527190205361516,0.0729526916077964,0.9957245020030989,-0.012475485611148382
1742955463.2246952,0.5423540198285945,0.0779443829372526,0.6421898834117244,-0.05527177087244098,0.0729696521437568,0.9957232592676124,-0.012476063647106938
1742955463.2296884,0.542353981727,0.07794430605864981,0.6421900834537833,-0.05527137543598107,0.07298749437762873,0.9957219634697706,-0.012476866024574443
1742955463.2348435,0.5423538703483557,0.07794423035300568,0.6421903610861844,-0.05527101225566441,0.07300530479307063,0.9957206697436616,-0.012477520648722408
1742955463.2396104,0.5423538313725152,0.07794438175840614,0.642190393842903,-0.055270798456107675,0.07302294354459642,0.9957193780535816,-0.012478330124492499
1742955463.2445977,0.5423538703950593,0.07794443834463244,0.6421903576371831,-0.05527053087128385,0.07304162480876349,0.9957180130009219,-0.012479104454977425
1742955463.24962,0.5423539188943248,0.07794469430021939,0.6421900440179394,-0.05527064344761127,0.07306083206498075,0.9957165886400887,-0.01247981962225698
1742955463.2546017,0.5423539810543897,0.0779447625286579,0.6421898504240219,-0.05527073985432652,0.07308058389787227,0.9957151221621404,-0.012480748003833753
1742955463.259676,0.5423540411490699,0.07794493581495426,0.6421896864790617,-0.05527071084628151,0.0731005383242441,0.9957136489646699,-0.012481549772154222
1742955463.264601,0.5423539922240219,0.07794493228690881,0.6421898868138857,-0.055270321205837136,0.07312084607112831,0.9957121698042236,-0.012482322196250631
1742955463.2695985,0.5423539033881103,0.07794496826518811,0.6421900197081573,-0.0552700717785929,0.0731408612473862,0.9957107032113311,-0.012483152325284989
1742955463.274587,0.542353768861952,0.0779449265843547,0.6421903444456516,-0.05526947400801401,0.07315725725165359,0.9957095225184389,-0.012483898445411505
1742955463.2796562,0.542353784178434,0.07794490772552988,0.6421903903659376,-0.05526930150893221,0.07317026545608997,0.9957085701072739,-0.01248438940149611
1742955463.2846987,0.5423537762524632,0.07794503578972231,0.642190334611567,-0.05526928141873558,0.07318003283693197,0.9957078489385414,-0.01248474619786512
1742955463.2896903,0.5423537924299708,0.07794515793589087,0.6421901359394278,-0.05526952218530979,0.07318701439844529,0.9957073205420646,-0.01248489726796476
1742955463.2946198,0.5423539356562479,0.0779453335197727,0.6421898390177982,-0.05526973978760154,0.07319217329960943,0.995706929500116,-0.012484877930599825
1742955463.2996516,0.5423539507591006,0.07794541978973761,0.6421897502980674,-0.05526985561101679,0.07319568691052568,0.995706666162245,-0.012484768259816386
1742955463.3045933,0.5423539130888618,0.07794548680314863,0.6421898389718614,-0.05526979618725067,0.07319837152323104,0.9957064739548019,-0.012484620949878471
1742955463.3097126,0.5423537812481061,0.07794556815720158,0.6421900853485544,-0.055269681955221826,0.07320097385142392,0.995706289463581,-0.012484582749908067
1742955463.3147807,0.5423536742562889,0.07794546653708716,0.6421903462078598,-0.05526938898496781,0.07320352385080896,0.9957061190249782,-0.012484521347181508
1742955463.3195858,0.5423537059964113,0.07794548319371015,0.6421904135317007,-0.05526925753005437,0.07320621066362382,0.9957059300178283,-0.012484423081643525
1742955463.3245947,0.5423537132410906,0.0779455801990155,0.642190301852791,-0.05526938793380077,0.07320869867545741,0.9957057403269987,-0.012484385268513233
1742955463.3295808,0.54235374447037,0.0779458335290656,0.6421900376847998,-0.05526979086650735,0.0732109194686827,0.9957055584237667,-0.012484086355736545
1742955463.3346086,0.542353869278787,0.07794591356560009,0.6421897750380375,-0.05527007399641402,0.07321365172480551,0.9957053439671923,-0.012483914319031291
1742955463.3395755,0.5423538920033348,0.07794608207593853,0.6421896057572094,-0.05527023332112177,0.07321624352939993,0.9957051466493296,-0.0124837465573963
1742955463.3446534,0.5423542720692354,0.07794622545717729,0.6421897010737941,-0.05526843034098115,0.0732186106992769,0.9957050798813047,-0.012483170810189044
1742955463.3496346,0.5423548352134001,0.07794659691490664,0.6421901976448313,-0.055264646479956714,0.0732210022648001,0.9957051322280811,-0.01248171989123244
1742955463.354585,0.5423541279187242,0.07794668383826878,0.6421923830058711,-0.0552623729828891,0.07322379439603108,0.9957050648583854,-0.012480780500690637
1742955463.3597007,0.5423534692226167,0.07794659699151474,0.6421949290071728,-0.05525888620480559,0.07322667192162817,0.9957050574751941,-0.012479925200382193
1742955463.3645976,0.542353295578146,0.07794661312824688,0.6421961511555742,-0.055256503194163815,0.07323030246690765,0.9957049317515981,-0.012479204337771357
1742955463.3696234,0.5423539273678564,0.07794682571365766,0.6421961646797867,-0.05525405828509484,0.07323412257448673,0.9957047955027752,-0.012478483343302363
1742955463.3745828,0.5423543084866044,0.07794714581018727,0.6421973032610842,-0.05524939651916636,0.07323787247950472,0.995704800619949,-0.012476707952474929
1742955463.3796642,0.5423547963421811,0.07794753555373356,0.6421990986965734,-0.055242012310693984,0.07324212903568961,0.9957049266225662,-0.01247436209730238
1742955463.3846211,0.5423551176903356,0.07794782557593474,0.6422027047111803,-0.05522955308391042,0.0732466710237293,0.9957053275307377,-0.012470861116998966
1742955463.3895965,0.5423557223411853,0.07794814661449669,0.6422083487199518,-0.05520966840084039,0.07325141710247335,0.9957061485355487,-0.012465479375163208
1742955463.3945951,0.5423568551072325,0.07794872817133408,0.6422163336048716,-0.055181274278839336,0.07325713582578292,0.9957073990010232,-0.012457712237144937
1742955463.399591,0.5423587727956858,0.07794937415951243,0.642226821239278,-0.05514392627110222,0.07326370170190458,0.9957091041599402,-0.012448184660866475
1742955463.4045923,0.5423616538498413,0.07794989432899173,0.6422383033010457,-0.055099080673035365,0.07327057473945209,0.9957112212573818,-0.012436962992226406
1742955463.4096673,0.5423655089897191,0.07795113113452759,0.642249340162574,-0.0550483719062058,0.07327668547639056,0.9957137383034771,-0.012423987676466816
1742955463.4146526,0.5423708297745321,0.07795251021882645,0.642260213868218,-0.0549922519296294,0.07328336032849417,0.9957165277889582,-0.012409577534021098
1742955463.4195936,0.5423774343271932,0.07795412280006339,0.6422704873037826,-0.05493269721069124,0.07329029754888455,0.9957194959031427,-0.01239421400274988
1742955463.4246058,0.5423844637351942,0.0779556100467198,0.6422811701770813,-0.05487083586706484,0.07329776261765032,0.9957225530116179,-0.012378480945652333
1742955463.4297764,0.5423918062668571,0.07795675072801177,0.6422916414301932,-0.05480871983263584,0.07330613076392299,0.9957255494978211,-0.012363070006775476
1742955463.4346423,0.5424006418748554,0.07795813847724681,0.6423012204766062,-0.054742545600377154,0.07331435424211041,0.9957287918991207,-0.01234634141641629
1742955463.4395945,0.5424107296367354,0.07795979747240185,0.6423103532705812,-0.05467198768233721,0.07332197318297949,0.9957323266310791,-0.012328654155052632
1742955463.4446518,0.5424216745029489,0.07796148738343028,0.6423190757541236,-0.054599178138866125,0.0733296091518019,0.9957359858745384,-0.01231034535119023
1742955463.4496512,0.5424319727204552,0.07796327109514295,0.6423278098379597,-0.05452905813683258,0.07333688723584503,0.9957395146983504,-0.012292341418976078
1742955463.4545586,0.5424422917991993,0.07796562090849003,0.6423372226165124,-0.054457037901925194,0.07334254126937217,0.9957432703804852,-0.012273636587205249
1742955463.4595313,0.5424537499762341,0.07796814826135365,0.6423472921391526,-0.05437835740171728,0.07334809751207783,0.9957474111996437,-0.012253323094475651
1742955463.4646206,0.5424637401322072,0.07797036646304371,0.6423579106047003,-0.05430331404747436,0.07335301284530049,0.9957513801480352,-0.012234153965908252
1742955463.4695363,0.5424701656600849,0.07797186749032242,0.6423689210579037,-0.05424213318453656,0.07335754581489104,0.9957545677998133,-0.012218926524629005
1742955463.4745662,0.5424730345115433,0.07797285087007551,0.642379713350937,-0.05419649746167077,0.07336179107386995,0.9957568798662473,-0.012207517043082185
1742955463.4795282,0.5424724620813717,0.0779732381320578,0.6423900840910336,-0.05416695202711239,0.07336623217330027,0.9957582529539325,-0.012199957332634619
1742955463.4845572,0.5424693027870402,0.07797326832363376,0.6423992918748831,-0.05415197857097041,0.07337067773853587,0.9957587894200308,-0.012195907419777632
1742955463.489743,0.5424650122653774,0.07797306910131904,0.6424071183527613,-0.05414602529631077,0.07337547624246443,0.9957587827392468,-0.012194016092180102
1742955463.4946318,0.5424617351512893,0.07797289363000758,0.6424131230026585,-0.054141461180277135,0.07337988836792023,0.9957587244333879,-0.012192492738093676
1742955463.499662,0.5424594813256103,0.07797298356780072,0.6424166967194042,-0.054139841804608624,0.07338400670050167,0.9957585193953444,-0.012191642282493313
1742955463.5047314,0.5424583314188688,0.07797315947449389,0.642418183260203,-0.05414008381301109,0.07338869142034156,0.9957581659201497,-0.012191238643789602
1742955463.5095804,0.5424582744116091,0.07797336544911647,0.6424177601295333,-0.05414153541767184,0.07339352838780858,0.9957577328082172,-0.012191049423409326
1742955463.514704,0.5424584840522781,0.07797344696721599,0.642417092474303,-0.05414267817475351,0.07339934417582826,0.9957572441620992,-0.012190872541578744
1742955463.5195704,0.5424586656736081,0.0779734632400522,0.6424166687118124,-0.05414333523324455,0.07340589583266661,0.9957567312091001,-0.012190404365406774
1742955463.5246027,0.5424587617376011,0.07797315304330577,0.642416568539046,-0.05414348003633929,0.07341273835397127,0.9957562216988559,-0.012190174934956279
1742955463.5296752,0.5424587707918459,0.077972633455918,0.6424166661708259,-0.054143453038195045,0.0734192883909024,0.9957557402804436,-0.012190171607495056
1742955463.534694,0.542458572588571,0.07797231062644341,0.642417227038128,-0.05414300342487023,0.07342473880843543,0.9957553666481062,-0.012189860644952323
1742955463.539702,0.5424581474541357,0.07797220165383204,0.6424182848296849,-0.05414202870190303,0.07342977214140867,0.995755052187745,-0.012189558395792395
1742955463.5446978,0.542457491292381,0.0779722568950877,0.6424196348166136,-0.05414086337635375,0.0734346998037485,0.9957547588687123,-0.012189010128348833
1742955463.5496416,0.5424561635379862,0.07797219083735193,0.6424222514206103,-0.05413854527143678,0.07344011856216344,0.9957544943252031,-0.012188270288563178
1742955463.554751,0.5424542777789694,0.0779721778490256,0.6424261166934073,-0.05413524991169284,0.07344600999059717,0.9957542549307296,-0.012186965200873708
1742955463.559596,0.5424518079472787,0.0779720597563405,0.6424309956146674,-0.05413084041651346,0.07345174020866208,0.9957540890242557,-0.01218557210786536
1742955463.5646214,0.5424489809806354,0.07797219059550435,0.6424365697316906,-0.05412590372104901,0.07345706554747247,0.9957539863147469,-0.012183792752049385
1742955463.5696838,0.5424457924084084,0.07797213085156086,0.6424428199753431,-0.05412040462854274,0.07346250269679376,0.9957539086324979,-0.012181787367602453
1742955463.574669,0.5424423872399393,0.07797205349016147,0.6424495842935133,-0.05411467034932084,0.07346788974140474,0.9957538529132506,-0.01217932832079234
1742955463.57966,0.5424386160983317,0.07797194815690825,0.6424574936715011,-0.05410770885129432,0.0734737191883714,0.9957538377905804,-0.01217632772319407
1742955463.5846136,0.5424345025446938,0.07797140622270389,0.6424663867041078,-0.05409986848786833,0.07347950716386262,0.9957538738251656,-0.012173291203594781
1742955463.5896547,0.5424300118300841,0.0779706958115319,0.6424761854330413,-0.05409127894354116,0.07348469097160176,0.9957539976207418,-0.012170043441667654
1742955463.5946643,0.5424252589995738,0.07796969294283104,0.6424865095826926,-0.054081966574509,0.07348975863175472,0.9957541647323462,-0.012167156030382932
1742955463.5995817,0.5424202153446961,0.0779681690696008,0.6424966962538772,-0.05407302925913734,0.07349614322561365,0.9957542127444686,-0.012164384051163244
1742955463.604702,0.5424150282291003,0.07796644901820031,0.6425069677483455,-0.054064098906822816,0.07350270981441231,0.9957542404399703,-0.012162134070531273
1742955463.609621,0.542410073505377,0.07796514415967604,0.6425167678212144,-0.05405552361951823,0.07350954676911924,0.9957542315356605,-0.012159657842420025
1742955463.6145864,0.542405233320673,0.07796433381144326,0.6425260991048442,-0.054047543556506865,0.07351665939647756,0.9957541723613149,-0.012156975434815965
1742955463.6196134,0.5424007698864469,0.07796398555955944,0.6425345852698177,-0.05404024374888711,0.07352329491677496,0.9957541101318137,-0.012154394914668736
1742955463.6246364,0.5423964001829452,0.07796367482658077,0.6425429400278736,-0.05403317012128578,0.07352974030221307,0.9957540469291476,-0.012152030363615717
1742955463.6295896,0.542392211285964,0.07796384033146887,0.642550770114379,-0.05402651688856325,0.07353539010231977,0.9957540258305042,-0.012149152963609501
1742955463.6348197,0.5423882236772619,0.07796411014920833,0.6425581436748893,-0.05402035473041061,0.07354096995029706,0.9957539815817685,-0.012146405955057143
1742955463.6396003,0.5423848500769048,0.07796471563678654,0.6425644494670597,-0.05401508102379192,0.07354534941027954,0.9957539777291322,-0.012143658374809262
1742955463.6446693,0.5423819844766575,0.07796515496490851,0.6425697495145826,-0.05401080129858298,0.07354916061196308,0.9957539592413038,-0.012141127279968997
1742955463.6497202,0.5423797198306651,0.07796560130961874,0.6425739779911155,-0.05400744611344445,0.07355321069697841,0.9957538714805759,-0.012138714590676159
1742955463.6545887,0.5423781896516512,0.07796606099896751,0.642576644241932,-0.05400544588814221,0.07355660043684564,0.9957537542799217,-0.012136687523307701
1742955463.6595926,0.5423774649096563,0.07796618548618398,0.6425780689730115,-0.05400443951845356,0.07356022636642978,0.9957535596510885,-0.012135157658778562
1742955463.6645854,0.5423774689728141,0.07796634586607128,0.6425778464449172,-0.05400493123136946,0.07356370549543727,0.9957532860392846,-0.012134330572482225
1742955463.6696305,0.542377683596603,0.07796654427561685,0.6425773070086152,-0.05400566169166261,0.07356733744943644,0.9957529894723403,-0.01213339699935934
1742955463.6746125,0.5423780983611421,0.0779669255429037,0.6425763956548876,-0.054006660262487,0.07357074637263439,0.9957526944507198,-0.012132494368328185
1742955463.6796923,0.5423786484475547,0.07796714494756302,0.6425751381266657,-0.054008157866259364,0.07357453395000964,0.9957523414577687,-0.012131830830643833
1742955463.6845813,0.5423794640958463,0.07796751427311018,0.6425733688200275,-0.05400987466898007,0.07357843984185997,0.9957519664555928,-0.012131278930880661
1742955463.6896958,0.542380297210259,0.07796793952330731,0.6425715679994949,-0.054011880762761824,0.07358232654493571,0.9957515778827666,-0.012130667775700361
1742955463.6945984,0.5423815894691328,0.07796839179642909,0.6425688472733567,-0.05401446691722194,0.07358652315408558,0.9957511314563406,-0.012130341180650567
1742955463.6997402,0.5423832565104585,0.07796899970815774,0.6425653091822863,-0.054017917705129516,0.07359130550027362,0.9957505935070236,-0.012130121680245342
1742955463.7046225,0.5423853355930851,0.07796980670291935,0.6425608565808671,-0.05402234553473207,0.07359597408104993,0.9957500090921065,-0.012130052557891445
1742955463.7097147,0.5423876500620249,0.07797067646480825,0.6425559817704143,-0.054026959995142954,0.07360106245028432,0.9957493819503025,-0.01213010904580827
1742955463.7146192,0.5423892694126601,0.07797145939915687,0.6425523067194862,-0.05403076653086391,0.07360603096668832,0.9957488085715359,-0.012130074269557938
1742955463.7195985,0.5423905654295549,0.0779722279861301,0.642548251265513,-0.05403631845501544,0.07361074556257514,0.9957481524491971,-0.012130594361385545
1742955463.7246473,0.542392533245032,0.07797272018555752,0.6425414300706052,-0.05404565594839024,0.0736157398609825,0.9957472591763541,-0.012132013872686932
1742955463.7296739,0.5423950574497736,0.07797311395271582,0.642533527225412,-0.05405595782594481,0.07362028233018203,0.9957463392141901,-0.012134059282993655
1742955463.7346563,0.5423975239994844,0.07797361636729455,0.6425257459596141,-0.05406704713274905,0.07362479020984204,0.9957453784351378,-0.012136144608813045
1742955463.73957,0.5423997192813894,0.07797392957284364,0.6425178047665133,-0.054079913736825726,0.07362880380394134,0.9957443508120843,-0.012138781093623038
1742955463.7446036,0.5424017887593235,0.07797431973794144,0.6425086218382788,-0.05409603248305515,0.07363266368975127,0.9957431478345726,-0.012142225827279139
1742955463.7497475,0.5424034351014154,0.07797453118242549,0.6424972720464581,-0.05411760891821654,0.0736366689661915,0.9957416222207046,-0.012146899432285684
1742955463.7546341,0.5424051090112456,0.07797487705643265,0.6424842797246649,-0.05414342990592065,0.07364027156703398,0.9957398842003916,-0.012152465352630868
1742955463.7595675,0.5424070082924203,0.0779751503223145,0.6424697710920765,-0.05417303839403289,0.07364348639956639,0.9957379556301642,-0.012159051753187633
1742955463.7646346,0.5424088774880214,0.07797535668097644,0.6424536387445922,-0.054206509807073054,0.07364605339789602,0.9957358537288042,-0.012166458499469344
1742955463.7696927,0.5424105534129084,0.07797560096389779,0.642435571068085,-0.05424502622224681,0.07364885634502022,0.9957334459613304,-0.01217487918596075
1742955463.774608,0.5424120875603131,0.07797577368204962,0.6424146071609305,-0.05428895512251791,0.07365148597613277,0.9957307385403483,-0.012184592365164082
1742955463.7796414,0.5424140296989384,0.07797605825610295,0.6423898671700827,-0.054337226745539466,0.0736539998433189,0.9957277883803145,-0.012195308275391382
1742955463.784641,0.5424157278983653,0.07797628195851951,0.6423610932528486,-0.054391660027759234,0.07365631509377953,0.995724498810619,-0.012207253359059407
1742955463.7897367,0.5424163777735397,0.07797628254962238,0.6423290123748737,-0.054453583882505985,0.07365822280916785,0.9957208053767516,-0.012220931012783223
1742955463.794642,0.5424165429077367,0.07797625663542232,0.6422936030545032,-0.05452374138762375,0.07366009748953489,0.9957166369989476,-0.012236440104609997
1742955463.7996082,0.5424155455720262,0.07797594975334829,0.6422538213435317,-0.054605444257290595,0.07366205442717308,0.9957117916090527,-0.012254601002180242
1742955463.8046565,0.5424119986047835,0.07797523133896223,0.6422103866900479,-0.05470296372247714,0.07366438650579646,0.9957060003466963,-0.012276188100828237
1742955463.8096912,0.5424061197901203,0.07797409560191595,0.6421633894510114,-0.05481636411638544,0.07366683265281304,0.9956992709192225,-0.012301458567631528
1742955463.814673,0.5423986227412327,0.07797287429405327,0.6421102817964754,-0.054945196033168255,0.07366874961436709,0.995691674022808,-0.01233008697417404
1742955463.81968,0.5423903502267943,0.07797160560353895,0.6420528135313299,-0.05508093850448973,0.07367057411550976,0.9956836662640441,-0.012360156064850211
1742955463.824615,0.5423811356277247,0.07797038437610225,0.641992037524928,-0.05522590940971115,0.07367230340536388,0.9956751089176223,-0.012392260596808936
1742955463.8296204,0.5423694405936911,0.07796859379609558,0.6419259302125343,-0.05538401931511695,0.07367447614779056,0.9956657275978152,-0.012427423544907914
1742955463.835011,0.5423583266203091,0.07796690648530881,0.6418541113757017,-0.05554882669027262,0.0736765617759182,0.995655934727118,-0.012464017846675255
1742955463.839675,0.5423459670581038,0.07796517743380599,0.641779617102832,-0.055717697689163306,0.07367862109072806,0.9956458750218335,-0.0125016203108001
1742955463.844661,0.5423338156728683,0.07796343994003331,0.6416990739779839,-0.05589037080470059,0.07368098385979473,0.995635539106987,-0.01254002934228031
1742955463.8496673,0.5423241073274543,0.07796202665474841,0.6416138435590238,-0.05605646499351599,0.07368391267863042,0.9956255182053404,-0.012577012488910994
1742955463.8545916,0.5423184756200923,0.07796134946982396,0.6415206706456441,-0.056215312125199944,0.07368740009182757,0.9956158579200127,-0.012612264212681199
1742955463.859628,0.5423150500589126,0.07796089315383592,0.6414234591374901,-0.05636979740904636,0.07369140490530374,0.9956063895780031,-0.012646731380061121
1742955463.8646495,0.5423121511794962,0.07796077785793289,0.6413175139605872,-0.05653154878214244,0.07369621059086065,0.9955964034505471,-0.012682821972064797
1742955463.869603,0.5423103554700105,0.07796094262195206,0.6412048596636823,-0.05669832587525588,0.07370178710827133,0.9955860323958996,-0.012720004645480627
1742955463.8745997,0.5423097694893988,0.07796123486739658,0.6410864642021469,-0.05686414241075614,0.07370800394669882,0.9955756406003803,-0.012757088430561211
1742955463.8796153,0.5423099106099503,0.07796145474299018,0.6409617182477982,-0.057032622143706274,0.07371431506361151,0.9955650529719163,-0.01279472809954791
1742955463.8846998,0.5423104619807878,0.0779616360250412,0.64083258074475,-0.057204042795709696,0.0737208246924849,0.9955542427610861,-0.012833051659173483
1742955463.8896284,0.5423105288843922,0.07796172197365903,0.6406958253728767,-0.0573848978332807,0.07372761874219712,0.995542809846485,-0.012873441584700785
1742955463.894597,0.5423100746531488,0.07796177991475656,0.6405543090547853,-0.057575125481788766,0.07373324733234705,0.9955308615182272,-0.012915762786592231
1742955463.899605,0.5423079176128424,0.07796190509942945,0.6404095544316297,-0.057775297730629276,0.07373858078567107,0.9955182921685902,-0.01296019419552556
1742955463.904614,0.5423043204286797,0.07796232687315523,0.640258749582409,-0.057985270183664304,0.07374301815707053,0.9955051472511689,-0.013006825563601799
1742955463.9095962,0.5423018946316676,0.07796392601172043,0.6400976277462752,-0.05820814559299147,0.07374647203661246,0.995491240451906,-0.013056026666016084
1742955463.9146001,0.5423010882483491,0.07796637823557873,0.6399253172835045,-0.05844112550834622,0.07374863345219666,0.9954767564539673,-0.013107298468409521
1742955463.919587,0.5423001799494057,0.07796915524203675,0.6397424165136383,-0.05868677084137086,0.07374929234020457,0.9954615462117904,-0.013161110179730125
1742955463.9246309,0.5422982407017273,0.07797172061053803,0.6395572613059706,-0.058934733617468586,0.07374875044168688,0.9954462199046898,-0.013215228306451774
1742955463.929652,0.5422971916885533,0.07797397363295813,0.6393684613454216,-0.05918347314521965,0.07374726180218366,0.9954308480204651,-0.013269690742707648
1742955463.934611,0.5422951284583958,0.07797564162816593,0.6391721939975877,-0.059439792446440876,0.07374587238350674,0.9954149296505316,-0.013325734844537635
1742955463.9395583,0.542293650148981,0.0779774559371367,0.6389684377394266,-0.059701426320749686,0.07374342040065258,0.9953986882533569,-0.013382789932495105
1742955463.944598,0.5422911638509333,0.07797972474881545,0.6387567067723678,-0.05996934363661621,0.07374017518829058,0.9953820386682717,-0.01344103729587096
1742955463.9496381,0.5422907842570409,0.07798301746280863,0.6385331417454853,-0.06024389289081153,0.0737362123164168,0.9953649497143445,-0.01350041639170287
1742955463.9546375,0.5422917401629694,0.0779875744828012,0.6382967607626102,-0.06052805752225331,0.07373106663810353,0.995347262006492,-0.013561418847966565
1742955463.9596264,0.5422939031717438,0.07799303461153186,0.6380487453353936,-0.060822320139718215,0.07372495438158157,0.9953289172103523,-0.013624354631431685
1742955463.9647157,0.542296526672304,0.07799977396072191,0.6377992845876469,-0.0611160008355302,0.07371793397715647,0.9953105904658965,-0.01368682426421414
1742955463.9695997,0.5422992229290121,0.07800726424398864,0.6375483204121415,-0.061409930684901554,0.07371015640246413,0.9952922181859094,-0.013748951777205065
1742955463.9746037,0.5423025373579516,0.07801546464179694,0.6372881925160753,-0.06171350653352505,0.07370173144687937,0.9952731783221969,-0.013812979602578
1742955463.9796014,0.5423061601925336,0.07802403082931564,0.6370126465839415,-0.062034967576846144,0.07369308118173883,0.9952528899085997,-0.013880839753488703
1742955463.984621,0.5423084626433119,0.07803367704118869,0.6367221092889916,-0.06237595998273051,0.07368199946939269,0.9952313966699297,-0.013952406704448006
1742955463.989704,0.5423082087969822,0.07804440648303193,0.6364253220808687,-0.06272802749824812,0.07366941370133988,0.9952091632382243,-0.014026170459303142
1742955463.994593,0.5423050375559529,0.0780562911319775,0.6361278937149644,-0.06308511974111891,0.0736551415387507,0.9951865966924383,-0.014100551616072663
1742955463.9996016,0.5422992053954168,0.07806931326004374,0.6358253258694202,-0.0634504405669342,0.07363933249868275,0.9951634655240931,-0.014176289609336966
1742955464.004611,0.5422923168009735,0.07808307138458961,0.6355124390497374,-0.06382515232219346,0.07362262737011074,0.9951396322330898,-0.014253807532077539
1742955464.0096028,0.5422889220721349,0.07809743273379757,0.6351835938390906,-0.06421228886451408,0.07360562293335053,0.9951148359582722,-0.01433378830297829
1742955464.014628,0.5422874233106283,0.07811222681856218,0.6348436811872975,-0.06460850591103913,0.0735884257819829,0.9950892804787269,-0.014415562118849947
1742955464.0196133,0.5422881905185121,0.07812723908241871,0.6345042764505523,-0.06499944287046316,0.07357195128444666,0.9950638690680477,-0.01449609899440626
1742955464.024612,0.5422910117238121,0.07814206038387632,0.6341620989716212,-0.06538870439493549,0.07355561006754206,0.9950384020638616,-0.014576281533381951
1742955464.0295503,0.5422951793724236,0.07815674897440074,0.6338116475615881,-0.06578355566585685,0.0735396875698781,0.995012354334792,-0.014657860594787077
1742955464.0345943,0.5423014140871856,0.07817075990948993,0.633451885836047,-0.0661874430692362,0.07352477534307802,0.994985432547498,-0.014741736972786657
1742955464.0396674,0.542305738682419,0.07818375590302803,0.6330905243927627,-0.06659395457819546,0.07351031448073776,0.9949581153867166,-0.014826581018342081
1742955464.0445752,0.5423082881875783,0.0781966960797055,0.6327248288735936,-0.06700599536087003,0.0734955391519142,0.9949302582757228,-0.014912527548078806
1742955464.0496414,0.5423100551681513,0.07820853105988979,0.6323551348397237,-0.06742299861530457,0.07348179173762394,0.9949017877115196,-0.014999944972286754
1742955464.0545802,0.5423130797269935,0.07821947036077641,0.631979601431476,-0.06784573982037252,0.07346967810393899,0.9948725938702807,-0.015089199890960808
1742955464.059617,0.5423167677504752,0.07822987626431475,0.6315995654335307,-0.06827305874820173,0.07345856372294372,0.9948428042136607,-0.015179715716274167
1742955464.0645866,0.5423196858825758,0.07824123938681268,0.6312209519854691,-0.06869894751493713,0.07344705915166423,0.9948129595648594,-0.015269564306725726
1742955464.069589,0.5423225132487934,0.07825243735912589,0.6308537196857028,-0.06911219225995444,0.07343644227983351,0.9947837754974207,-0.01535688228128118
1742955464.0745382,0.5423253193651746,0.0782627969650952,0.6304857947467923,-0.06952594901048569,0.07342678885603039,0.9947542978404055,-0.01544461137501473
1742955464.0795348,0.5423273766688975,0.07827280859260569,0.6301063838832507,-0.06995287520167577,0.07341790710674863,0.9947236146251016,-0.01553501445946769
1742955464.084573,0.5423316489683321,0.07828261434850292,0.6297201221052785,-0.07038539347843638,0.07340905852937767,0.9946923194437568,-0.01562677670908265
1742955464.089546,0.5423384938955051,0.07829148894969411,0.6293437988899379,-0.07080586909579167,0.07340159314435868,0.9946616164520596,-0.015716353980339125
1742955464.094598,0.5423464769869736,0.07829809703227916,0.6289712479582797,-0.07122167729436156,0.07339691464611994,0.9946308586400523,-0.015805715572548597
1742955464.099609,0.5423545950256783,0.07830376983332964,0.6285892290012908,-0.07164795793779519,0.07339377620610528,0.9945990089872362,-0.015897643195133527
1742955464.1046774,0.5423666592364167,0.07830989519734986,0.628212955845032,-0.0720631084753629,0.07339164473667673,0.994567740961697,-0.01598697964158114
1742955464.1096213,0.5423817696810059,0.07831527842304213,0.6278499788583278,-0.07246226459401736,0.0733910033294271,0.994537394393673,-0.01607333172838115
1742955464.1145966,0.542395629013711,0.0783190399675166,0.6274894714234761,-0.07286054541993588,0.07339287337141094,0.9945067525378111,-0.016160019062322558
1742955464.119629,0.5424081185871186,0.07832265801683436,0.6271250759237867,-0.07326371624328087,0.07339532400994844,0.994475533027925,-0.016247107574061986
1742955464.1246614,0.5424234096172675,0.07832686443532894,0.6267671537081314,-0.07365503373185407,0.07339770061753581,0.9944450682863374,-0.01633155568217418
1742955464.1296167,0.5424406238253712,0.0783304690111574,0.6264213812544392,-0.07403027679145921,0.07340072882676997,0.9944156446855518,-0.016412700280497884
1742955464.1345968,0.5424575828521364,0.07833355351170604,0.6260800343218851,-0.07440469188920913,0.0734038068624468,0.9943861398106553,-0.016493268791740484
1742955464.1396642,0.5424722548641617,0.07833676163082312,0.6257463151578716,-0.07477330836504414,0.0734063231707415,0.994356995887904,-0.01657192817633494
1742955464.1446943,0.5424890270095711,0.07834048802806795,0.6254212552129204,-0.07513008234944832,0.07340764829688964,0.9943287472271867,-0.016647232061183324
1742955464.1496785,0.5425079719900519,0.0783440341894145,0.6251035584665885,-0.07547780637006374,0.07340954985159519,0.9943010420368249,-0.016720542474262187
1742955464.154703,0.5425291759831016,0.07834768679500677,0.6247915042568843,-0.07581886393579923,0.07341090365167895,0.9942737867513214,-0.016792143273465114
1742955464.159602,0.5425514763509615,0.07835190083678063,0.6244906568199347,-0.07614690460862081,0.07341205204875088,0.9942474811900747,-0.016860180298839424
1742955464.1646888,0.5425744398674839,0.07835627302429816,0.624204483183154,-0.07645752189030883,0.073413860117533,0.9942224325390129,-0.016923567154836682
1742955464.1695971,0.5426001020812303,0.07836037344972191,0.6239273927129423,-0.07675570002626257,0.07341655197878436,0.9941982164097349,-0.016984666517973705
1742955464.1745982,0.5426284259891566,0.0783641198996091,0.6236538198116948,-0.07704957394213317,0.07342044741663517,0.994174164079012,-0.017045014939113118
1742955464.1796472,0.5426564744322497,0.07836837482496034,0.6233893795852167,-0.0773335075121472,0.07342354329176005,0.9941508941825696,-0.01710296764743246
1742955464.1846225,0.5426871980621844,0.0783739403056734,0.6231381676606972,-0.07759925189704946,0.07342587297088847,0.9941290961584964,-0.017156265752552878
1742955464.1896708,0.542719738903616,0.07837990476720279,0.6228938866364886,-0.07785403642863414,0.07342834543144029,0.9941081237980478,-0.017206548105165254
1742955464.194637,0.5427574768775031,0.07838673983664421,0.6226526608776604,-0.078098654952182,0.07343122805900826,0.9940878919461728,-0.017254504525497347
1742955464.199622,0.5427974061917147,0.07839418676189057,0.622418794524112,-0.07833045076735823,0.07343557116018609,0.9940685525610786,-0.017299427160509737
1742955464.204536,0.5428382920143959,0.07840235445231399,0.6222035809888615,-0.07853853387521312,0.07344237048506837,0.994050940421848,-0.017339110724182278
1742955464.210039,0.5428812896151067,0.0784101384324966,0.622003360894455,-0.07872593174817463,0.07345286693466502,0.994034724631058,-0.01737441328841658
1742955464.2145612,0.5429263407268242,0.07841802849199238,0.6218114303586011,-0.07890047254344591,0.07346720269166844,0.994019251544558,-0.0174072720401304
1742955464.2195506,0.5429744652493564,0.07842630623280811,0.6216210311029433,-0.07906667631198612,0.07348523308169598,0.9940041641209875,-0.01743854713104161
1742955464.2245798,0.5430253342449833,0.07843495880271219,0.6214400704303447,-0.07921596049362839,0.07350470766361904,0.9939903543575476,-0.017466109999508712
1742955464.2295372,0.5430774419829145,0.07844395890743172,0.6212756777944443,-0.07934279367661219,0.07352289662483633,0.9939784958425779,-0.017488698236592007
1742955464.2345824,0.5431303767291107,0.07845266542255905,0.6211224691472781,-0.07945606070857072,0.07353717313962387,0.9939680440498444,-0.017508454844320846
1742955464.2396038,0.5431863256168037,0.07846179512350342,0.6209763333573063,-0.07956098256772692,0.07354670403251386,0.9939586324609128,-0.017526247038195133
1742955464.2446148,0.5432453491602788,0.07847145939036805,0.6208371337585419,-0.079656736550218,0.0735534743859689,0.9939501928605639,-0.017541517618775388
1742955464.2496083,0.5433067868003582,0.07848148768620349,0.6207055754136162,-0.07974127062451764,0.07355822213618084,0.9939428427954765,-0.017554001566550802
1742955464.2546299,0.5433685217034503,0.07849107839960272,0.6205879245545212,-0.07980765957197826,0.07356182069654313,0.9939370902557276,-0.01756293322399418
1742955464.2596266,0.5434308972000379,0.0785007769367244,0.620480033029769,-0.0798595532344126,0.07356399672921186,0.9939326523221911,-0.017569086208420237
1742955464.2645848,0.5434935553590089,0.07851049561654237,0.6203736342547154,-0.07990608950239758,0.0735653970361604,0.9939287117235972,-0.01757456203771011
1742955464.2695584,0.5435554702068698,0.07852021334665234,0.6202721768577318,-0.07994489654423995,0.07356647767700732,0.99392543950323,-0.017578611635739635
1742955464.2747614,0.5436159506803175,0.07853009996809909,0.6201774990313192,-0.0799768082546727,0.07356679380517446,0.9939227958627772,-0.017581605584884558
1742955464.2795706,0.5436768699310401,0.07854043365973644,0.6200893565235873,-0.07999825283192415,0.07356652628140004,0.9939210730757854,-0.017582555292304652
1742955464.2846022,0.543738126856691,0.078551096206105,0.6200068480009673,-0.08000955757982683,0.07356612634747461,0.9939202137372389,-0.017581367257101653
1742955464.2895744,0.5438014451685386,0.07856112273609461,0.6199267818112746,-0.08001037272967206,0.07356697346257195,0.9939201381606674,-0.017578385304006326
1742955464.2946143,0.5438639473768825,0.07857042387073852,0.6198480650302606,-0.08000871288362779,0.07356813107428059,0.9939202438578005,-0.017575118850044365
1742955464.2996352,0.5439240798811802,0.07857925882878299,0.6197727072513233,-0.08001087737663072,0.07356930772354098,0.993920011289673,-0.017573491981877326
1742955464.3046677,0.5439830184470884,0.07858763937629863,0.6197063139877012,-0.08000468913033774,0.07357100778715218,0.9939204413054341,-0.017570227248161242
1742955464.309667,0.544037834187835,0.07859564049609477,0.6196510495815694,-0.0799922898425079,0.07357237342755586,0.9939214177433229,-0.017565727570803623
1742955464.314642,0.5440892716503444,0.07860350593793831,0.6196010622448516,-0.07998114325706589,0.07357349073927186,0.9939223067006661,-0.017561504108649185
1742955464.3196368,0.5441362566103526,0.07861125969969433,0.6195550435922287,-0.07997811031281073,0.07357409377043789,0.9939225499620642,-0.0175590225684332
1742955464.3246024,0.5441772211587114,0.0786185203525533,0.619513946608077,-0.07998455854262956,0.07357450997337503,0.9939220099898992,-0.017558471874201335
1742955464.3296692,0.5442129557047457,0.07862508814153708,0.6194785135621349,-0.07999939304217428,0.0735747721581683,0.9939207656025415,-0.01756023117203251
1742955464.3346322,0.5442448697895175,0.0786315174917003,0.6194539671095199,-0.0800105971356382,0.07357447517392901,0.9939198725294183,-0.017560977762772705
1742955464.339727,0.5442765145859245,0.07863784761782229,0.6194341404793271,-0.08001708854022532,0.0735746593860381,0.9939193375761153,-0.017560906298664657
1742955464.3445578,0.5443086977284582,0.0786441526697274,0.61941704343128,-0.0800205965524985,0.07357481939455567,0.9939190554219375,-0.017560220602385178
1742955464.3495681,0.5443401711595008,0.07865053869383748,0.6194027456859502,-0.08002104348962308,0.07357531169613968,0.9939190071219624,-0.017558855012227877
1742955464.3545816,0.5443714499553516,0.07865729716448466,0.6193877061166733,-0.08002268813768494,0.07357561310488418,0.993918874635858,-0.0175575961352558
1742955464.3595912,0.5444017711224624,0.07866442676115878,0.6193792321859217,-0.08001747529265683,0.07357559929967,0.9939193440273298,-0.017554839895761273
1742955464.36472,0.5444305995700817,0.07867089418047642,0.6193732114408473,-0.08001011186126426,0.07357667903650138,0.9939199119802655,-0.017551719888634413
1742955464.369865,0.5444584881213561,0.07867696801029447,0.6193711387862965,-0.07999882119995833,0.07357834968500428,0.9939207633370979,-0.017547970584917656
1742955464.3748965,0.5444843321582703,0.0786824446070455,0.6193732066547983,-0.07998421568435315,0.07358107279168707,0.9939218121132045,-0.017543727476997915
1742955464.3797643,0.5445079176771027,0.07868759382127727,0.619379414496968,-0.07996575766431398,0.07358442010203385,0.9939231389614462,-0.01753865891239527
1742955464.384895,0.5445296087249676,0.07869261827860617,0.6193911846517797,-0.07994223660530538,0.07358864149078741,0.993924823769713,-0.017532693587317082
1742955464.3898692,0.544548034136627,0.07869769134720409,0.6194078401703372,-0.07991509368192833,0.07359290920520002,0.9939268142110121,-0.017525681409631604
1742955464.3948207,0.544564278061579,0.0787037291272518,0.6194288062736303,-0.079883527591944,0.07359617510448031,0.9939292518054162,-0.017517632116908717
1742955464.3998747,0.5445782614819754,0.07871057230346608,0.6194541569589744,-0.07984851308433286,0.07359897579559799,0.9939320176804844,-0.017508567892927675
1742955464.4046876,0.5445900796743774,0.07871763376016509,0.61948134844353,-0.07981231810833629,0.07360163991561831,0.993934893047803,-0.017499167464706793
1742955464.4099796,0.5446007066227382,0.07872435142156038,0.6195134417179438,-0.07977125702809197,0.07360286834207565,0.9939382879897036,-0.01748839592627521
1742955464.4145677,0.5446102584619854,0.07873042013312011,0.619546524515101,-0.07972959013960702,0.07360290924427551,0.993941820582172,-0.017477457044623595
1742955464.4198158,0.5446200702202266,0.0787358568992156,0.6195803413312012,-0.07968697794172275,0.07360270699299441,0.9939454476727992,-0.017466371126755895
1742955464.4247553,0.5446304097818142,0.0787405063112836,0.6196160803406185,-0.07964200198612098,0.07360344902194525,0.993949198548235,-0.01745492815905568
1742955464.4299436,0.5446410667879759,0.07874482934237935,0.6196523537089967,-0.07959616744052314,0.07360477901378339,0.9939529697462511,-0.017443639749789495
1742955464.4345863,0.5446518468217151,0.07874871896804075,0.6196902835791502,-0.07954854746809153,0.07360598060581966,0.9939568973234991,-0.01743199580700793
1742955464.439819,0.544662361442149,0.07875239265510045,0.6197290024464087,-0.07950006724840866,0.0736078565859747,0.9939608433628372,-0.01742023586965797
1742955464.4449153,0.5446723741021899,0.07875585445411921,0.6197691486111878,-0.0794502612797557,0.07360917250723654,0.9939649358792187,-0.017408387288863632
1742955464.44958,0.5446804190668526,0.07875892490858293,0.6198095330017906,-0.07940156168448194,0.07361003267782497,0.9939689690648346,-0.01739665563908348
1742955464.4548917,0.5446877610434528,0.07876191683395235,0.6198547128730757,-0.07934747711884653,0.07361052913829053,0.9939734757308836,-0.017383826342942107
1742955464.4596012,0.5446941053584052,0.07876444217185545,0.6199053268449571,-0.07928794199657803,0.0736106368467223,0.9939784639819704,-0.017369788053112442
1742955464.4649305,0.5447000850610186,0.0787674047190561,0.6199570508758417,-0.07922751749516291,0.07360998793178826,0.9939835825075043,-0.01735534078556515
1742955464.4695823,0.5447062523607311,0.07877057631051261,0.62001029184299,-0.07916532482559456,0.07360928984193038,0.9939888494045845,-0.017340445599089132
1742955464.4747996,0.5447114524468593,0.07877436128921728,0.6200679094012207,-0.07909831531987231,0.07360746587634617,0.9939945996318947,-0.01732435809633569
1742955464.4796278,0.5447160565159133,0.07877860834931381,0.6201297717439471,-0.07902689860544572,0.07360484538993142,0.9940007784309308,-0.01730689199805701
1742955464.4847932,0.5447192422634864,0.0787826469740431,0.620192975140074,-0.07895466119030303,0.07360227341163106,0.9940070161399478,-0.017289265152733237
1742955464.4898689,0.5447226434874352,0.07878600168144564,0.6202568545539565,-0.07888151364815604,0.07360077610403117,0.9940132389083578,-0.017271752556591587
1742955464.4946077,0.5447264149371306,0.07878823566902594,0.620323084460396,-0.07880554632136588,0.07360063072856067,0.9940195833694494,-0.017254011225666388
1742955464.4999096,0.5447305847718649,0.07878960987836708,0.6203933052515069,-0.07872487517999087,0.07360180925062951,0.9940262083684659,-0.01723556728222648
1742955464.5045364,0.544735099038434,0.07879020917745824,0.6204654997792904,-0.07864181722918964,0.07360403182506975,0.9940329400311984,-0.017217003656762372
1742955464.5099072,0.5447393199947484,0.07879064916816021,0.6205380476065829,-0.07855838181141106,0.07360619696255949,0.9940396976581645,-0.017198485268957443
1742955464.5145745,0.5447434522357502,0.07879098480273272,0.6206126935947093,-0.0784727089540178,0.07360845193688229,0.9940466294144746,-0.01717929866426209
1742955464.5197787,0.5447472210977494,0.07879136075400588,0.6206892433589736,-0.07838501766320774,0.07361096360149554,0.9940537007456934,-0.017159693394388997
1742955464.5246065,0.5447498959384632,0.07879166099204879,0.6207669756809889,-0.07829659024453146,0.07361389736323601,0.9940607929151518,-0.017139955075044573
1742955464.5298095,0.5447512903489086,0.07879162989214558,0.6208491963626789,-0.07820372718015788,0.07361730689238562,0.9940682047294225,-0.017119390382449175
1742955464.5348763,0.5447507134361513,0.07879119043851097,0.6209345367788428,-0.07810844443179124,0.0736210233631869,0.9940757816784332,-0.01709842413249807
1742955464.5396075,0.544748936430758,0.07879064589801181,0.6210222365259324,-0.07801101938066553,0.07362529009799296,0.9940834834307416,-0.01707704551081099
1742955464.5449128,0.5447445285237499,0.07878968694623592,0.6211125962073821,-0.07791194839972022,0.07363005398138418,0.9940912724761248,-0.01705536379139588
1742955464.5495734,0.5447391324067957,0.07878885713022264,0.6212095087002572,-0.07780585303093043,0.073635082736235,0.9940996083340841,-0.017032103057983944
1742955464.5549808,0.5447336267133676,0.07878819417855797,0.62130810466793,-0.07769810768824015,0.07364119072033228,0.994107988506644,-0.017008417863885218
1742955464.5596917,0.5447269100100262,0.07878741062931727,0.6214071391815423,-0.0775903780276284,0.07364717333473005,0.9941163656997979,-0.016984656168431485
1742955464.564842,0.5447207436158246,0.07878674199672506,0.6215078013449387,-0.07748042586511415,0.07365341609496812,0.9941248924333712,-0.016960428934444324
1742955464.569603,0.5447148496116745,0.07878591875781225,0.6216120740334988,-0.07736655460875681,0.07366004815982286,0.9941336963332599,-0.01693538744265447
1742955464.574915,0.5447096899503506,0.07878494462861656,0.6217195511401269,-0.07724856455687562,0.07366781726075061,0.9941427348444591,-0.016909604664756748
1742955464.579645,0.5447054071127716,0.07878366649935854,0.621828112078969,-0.07712888933190426,0.07367662537319326,0.9941518143717405,-0.016883698807477587
1742955464.5846848,0.5447014921305279,0.07878232673617519,0.6219373018957534,-0.0770081439522776,0.07368605985527606,0.9941609175430501,-0.016857650429131715
1742955464.589593,0.5446983227572142,0.07878095151193387,0.6220468648071871,-0.07688652870248001,0.07369578158676339,0.9941700502631052,-0.016831655897554892
1742955464.5946088,0.5446938218795144,0.0787799474411683,0.6221584235070289,-0.07676359844258657,0.07370460357534656,0.9941793474086437,-0.016804956175778617
1742955464.599951,0.5446871745348083,0.07877905740188373,0.6222752723085164,-0.07663557912397173,0.07371292409604277,0.9941890783346823,-0.01677704841679496
1742955464.6046128,0.5446793119313921,0.07877800694630904,0.6223927339465566,-0.07650747842208068,0.07372247589442696,0.9941987076319061,-0.016749090618249068
1742955464.6100247,0.5446693963751646,0.07877654606218543,0.6225132284634265,-0.07637715781393957,0.07373299523129097,0.9942084216580334,-0.016720929481615562
1742955464.6146066,0.5446575298270477,0.07877465739478642,0.6226360102943956,-0.07624508292042413,0.07374401997287124,0.9942182185595405,-0.016692535247594734
1742955464.6197517,0.544643918706772,0.07877234945980487,0.6227616181474873,-0.07611079612859024,0.0737551891719088,0.9942281617823833,-0.01666376613227992
1742955464.6249077,0.5446296635781082,0.07877017456869176,0.6228915378510531,-0.07597175353050205,0.0737662646221661,0.9942384737933042,-0.016633944161093563
1742955464.6296065,0.5446147192219136,0.07876799533099191,0.6230229948703855,-0.07583138152550763,0.07377598328058449,0.9942489756685428,-0.016603621561860606
1742955464.6349504,0.5445990796529361,0.07876603758454254,0.6231565401045208,-0.07568885004323081,0.07378508626860396,0.9942596792736881,-0.016572543379064608
1742955464.6396189,0.544583934675775,0.07876446529722808,0.6232882066427623,-0.07554836428168571,0.07379252618456623,0.9942703246166446,-0.01654174478022529
1742955464.6449194,0.5445677837010464,0.07876256449708488,0.6234214608894871,-0.07540664826438584,0.07379924294460735,0.9942811001369813,-0.01651069498016855
1742955464.6495888,0.5445514092444433,0.07876021184191324,0.6235591568680374,-0.07525988857612016,0.07380507805241704,0.9942923180131585,-0.016478651801851592
1742955464.6549366,0.5445337897079404,0.0787573674252652,0.6237023773803116,-0.07510789290936486,0.0738100500073878,0.9943039906932765,-0.01644551708056849
1742955464.6596112,0.5445171329568381,0.0787541542311413,0.6238423167676806,-0.07495884907437905,0.07381471116191632,0.9943154245937595,-0.01641328049047651
1742955464.6647477,0.5445003826293009,0.07875067036404192,0.6239790309636298,-0.07481371391376405,0.07381873382350623,0.9943265740586523,-0.016381906723798696
1742955464.6698737,0.5444835511558017,0.07874760785879277,0.6241155672571295,-0.07466873471984666,0.0738220076326596,0.9943377478623026,-0.016350364538590127
1742955464.6746035,0.5444644406815505,0.07874446279189481,0.6242578701883202,-0.07451840687418372,0.07382457317169931,0.9943493716425816,-0.01631767590538552
1742955464.6799624,0.5444435414149718,0.07874165416842104,0.6244041908289781,-0.07436448103857272,0.07382670721550957,0.9943612896064132,-0.016283948963629464
1742955464.6847117,0.5444195736286815,0.07873838347229913,0.6245505128463292,-0.0742120344647854,0.07382889967049594,0.9943730618832539,-0.01625057891165123
1742955464.6900022,0.5443945553870793,0.07873485272036486,0.6246964365516763,-0.07406049434687133,0.07383071946692532,0.9943847644749085,-0.016217528180151007
1742955464.6945832,0.5443670380419346,0.07873092356790831,0.6248466491700315,-0.07390538754414892,0.073832756123195,0.994396704026774,-0.016183721323920378
1742955464.7000682,0.5443386877375727,0.0787267184219255,0.6249933259401355,-0.07375465724311445,0.07383487213668767,0.994408272022162,-0.016150873827990214
1742955464.7046082,0.5443114230975806,0.07872284856486793,0.6251355115596648,-0.0736084889736995,0.07383675006549216,0.9944194806564393,-0.016118969624409073
1742955464.7098095,0.5442841329486607,0.07871894320931762,0.6252794925421427,-0.07346019316404345,0.07383872267482247,0.9944308224970144,-0.01608671259031917
1742955464.7149694,0.544256770978902,0.07871519312342012,0.6254261209780926,-0.07330903725930842,0.07384078181855001,0.9944423579556793,-0.016053681823409122
1742955464.7195897,0.544227927039643,0.07871117855482818,0.6255797103418415,-0.0731506516739731,0.0738431667636334,0.9944544008518352,-0.01601916066492812
1742955464.7249126,0.5442001895599448,0.07870717450538861,0.6257318622664176,-0.07299336516007583,0.07384547174884673,0.9944663401324232,-0.015984783027049483
1742955464.7296712,0.5441739852878715,0.0787028849348935,0.6258766999391046,-0.07284347416650573,0.073848167479559,0.9944776507913757,-0.01595238250956062
1742955464.734892,0.544147164978196,0.07869745912040581,0.6260216759940598,-0.0726936898449893,0.07385266264130005,0.9944887904863232,-0.015920341534053088
1742955464.7396429,0.5441194789118239,0.07869131113089534,0.6261718310080318,-0.07253842140387907,0.07385766589368235,0.9945002814239693,-0.01588750630578442
1742955464.7447987,0.5440904542972602,0.07868512238575946,0.6263274733548816,-0.07237776564904118,0.07386290878781905,0.9945121432085547,-0.015853288484787238
1742955464.7496278,0.5440593473412766,0.07867867712269676,0.626485605586196,-0.07221516173965635,0.07386853419651077,0.994524093891252,-0.015818872916820312
1742955464.7547262,0.5440261992616009,0.07867289334725938,0.6266458851217745,-0.07205115562355807,0.07387318609358985,0.9945362022382199,-0.015783719057002325
1742955464.7598891,0.5439908803049629,0.0786680527166648,0.6268057619429547,-0.07188860119464686,0.07387654080128929,0.9945482771857747,-0.015748335922255524
1742955464.764602,0.5439569602625566,0.07866352439191275,0.626962573402602,-0.07172855854666654,0.073879569276255,0.9945601611049415,-0.015713340678713023
1742955464.7699502,0.5439234104274474,0.07865904380652435,0.6271232167901675,-0.07156435798395369,0.07388301932953481,0.9945722992309988,-0.015677490981045903
1742955464.774608,0.5438892612332878,0.07865440958582631,0.6272883386818829,-0.0713953445667355,0.07388673887233137,0.9945847512027113,-0.015640564825159912
1742955464.779957,0.5438554414728561,0.07864977666742258,0.627455856156161,-0.07122292913903569,0.07389052783261728,0.9945974263204085,-0.01560268625246588
1742955464.7845802,0.5438230406944417,0.07864500684195293,0.6276263632169728,-0.07104621601521321,0.07389442443601554,0.9946103789596447,-0.015564166953028235
1742955464.7898586,0.5437913658983882,0.07863992065956657,0.6277946068265741,-0.07087203588820197,0.07389849034366937,0.9946230984815665,-0.015526094837924588
1742955464.794578,0.5437615246995792,0.07863510961081038,0.627963428706912,-0.07069617148892578,0.07390272109311324,0.9946358998588928,-0.015487603550342628
1742955464.7995937,0.543732794787423,0.07863018093694668,0.6281349578495747,-0.07051652384000662,0.07390724002825994,0.9946489269357998,-0.015448361802764135
1742955464.8048851,0.5437033500963905,0.07862483335225474,0.628312336379503,-0.0703304180297289,0.07391181765426244,0.9946623936101654,-0.01540773339927754
1742955464.8096497,0.5436718075503061,0.07861906223792364,0.628496628387973,-0.07013792080498302,0.07391638919065982,0.9946762965802833,-0.015365692158218374
1742955464.8149028,0.5436396774052977,0.07861338036879535,0.6286778713976113,-0.06994919476695936,0.07392064556398029,0.9946899085318093,-0.015324300174538757
1742955464.8195837,0.5436089539011295,0.07860777943562103,0.6288559739835234,-0.06976285055724471,0.07392524514046712,0.9947032815272511,-0.015283472510125129
1742955464.8248932,0.5435763387577288,0.07860223926795844,0.629042646283694,-0.06956818093894708,0.07392939746798831,0.9947172569195201,-0.015241101579995586
1742955464.8296556,0.5435426661954267,0.0785975084465634,0.6292313154487241,-0.06937196324487115,0.07393262335277988,0.9947313809059145,-0.015197952518040993
1742955464.8349469,0.5435077103468077,0.0785930482033912,0.6294239120374622,-0.0691718956277619,0.07393500342897862,0.9947458081917114,-0.015153917257191092
1742955464.839657,0.5434722481821121,0.07858868585383212,0.6296169249887054,-0.06897162328351586,0.07393738729497705,0.994760213999778,-0.015109420397394541
1742955464.844803,0.5434380362245884,0.078584582850386,0.6298062564527482,-0.0687747202916266,0.07393982373479925,0.9947743282042231,-0.015065731336776599
1742955464.849958,0.5434035942919968,0.078580475487701,0.6299951139565538,-0.06857873820672968,0.07394239304143556,0.9947883241216022,-0.015022295717126396
1742955464.8545804,0.5433690082379828,0.07857570279585162,0.6301936439285181,-0.06837198535398993,0.07394563409916434,0.9948030014435462,-0.014976753164100812
1742955464.8599362,0.5433350587692307,0.07857050141065373,0.6303954091993166,-0.06816101237803475,0.07394970593075258,0.9948178716931401,-0.014930490423547178
1742955464.8647413,0.543302133708103,0.07856550237988331,0.6305965100827962,-0.06795025503989742,0.07395383306863601,0.9948326743001581,-0.014884339396321273
1742955464.8699746,0.5432701031932703,0.0785606113367501,0.6307942188834622,-0.06774278646496508,0.07395825689555559,0.994847172622742,-0.014838943475511004
1742955464.8746684,0.5432386560219681,0.07855644489512714,0.630990756371817,-0.0675362926637577,0.07396241578398655,0.9948615809321226,-0.01479341102888741
1742955464.8799622,0.5432069999736748,0.07855203574737904,0.6311842221831397,-0.06733349959851956,0.07396654794990119,0.9948756812573528,-0.014748846019583225
1742955464.884656,0.5431735842692463,0.07854736860231688,0.6313868454532424,-0.06712072721312658,0.07397118846958176,0.9948904024241281,-0.01470232699729088
1742955464.8898108,0.5431379845641526,0.07854240068020632,0.6315938468937934,-0.06690450218913625,0.07397613408105329,0.9949052999805162,-0.014654802759676372
1742955464.8949623,0.5431033665872245,0.07853735653501812,0.6317911873474144,-0.06669869211449211,0.07398111862033191,0.9949194110997485,-0.014609721928577526
1742955464.8997276,0.5430689615485136,0.07853229973588928,0.6319884328942345,-0.06649278405352328,0.0739865836627954,0.9949334439381945,-0.014564931857148503
1742955464.90492,0.5430345265043246,0.07852729570898312,0.632190316363609,-0.06628161627580849,0.07399243018575162,0.9949477727515676,-0.014518853803521484
1742955464.9096577,0.5429995750760099,0.07852264596779648,0.6323952918843011,-0.0660671554604929,0.07399705807901281,0.9949623769015644,-0.01447186634127167
1742955464.9149358,0.5429644374178219,0.07851813532503639,0.6326026442691085,-0.0658502356546706,0.07400148804780057,0.9949771175075763,-0.014424349803379172
1742955464.9195888,0.5429305423508354,0.07851403872349201,0.6328093484267285,-0.0656332631131003,0.07400547539108125,0.9949918494213954,-0.014376507582089647
1742955464.9249551,0.5428966480684576,0.07850973124542178,0.6330084036261611,-0.06542492237722039,0.07400906237426513,0.9950059658641008,-0.014330600589811185
1742955464.9296727,0.5428611344100809,0.07850489811608961,0.6332103745447057,-0.06521395048712317,0.07401275346924718,0.9950202053479964,-0.01428439480673947
1742955464.9347098,0.5428240888322532,0.07849945406321399,0.6334177211953209,-0.0649977554564563,0.07401678390062146,0.99503473046624,-0.014237016984203795
1742955464.939952,0.5427855723519219,0.07849344671781625,0.633625378812118,-0.0647818660994908,0.0740207162195909,0.9950491877788853,-0.014190042127744868
1742955464.9447112,0.5427479321745352,0.07848750833338151,0.633825364197245,-0.06457390661147144,0.07402444763646468,0.9950630727611582,-0.014144715061508996
1742955464.949709,0.5427130191481223,0.07848251208807572,0.6340214012571427,-0.06436930186344096,0.07402748821962819,0.9950767400327851,-0.014099837276753005
1742955464.9547486,0.5426787277513282,0.07847787486037328,0.6342170940032493,-0.06416478104453555,0.07402989399169081,0.9950904045799385,-0.014054977126281006
1742955464.959714,0.5426448163888357,0.07847315194638776,0.6344163538949447,-0.06395594111509711,0.07403245502846603,0.9951043046347295,-0.014009143298994123
1742955464.9646792,0.5426100456140501,0.07846853821810046,0.6346190845983131,-0.06374364497835668,0.07403503410866404,0.9951183906779291,-0.013962449067797459
1742955464.9696643,0.5425764767590587,0.07846359639467729,0.6348185129955579,-0.06353437186983284,0.0740377548785802,0.9951322135005461,-0.013916612272697406
1742955464.9746954,0.5425411348736217,0.07845847347467758,0.6350159503543497,-0.06332825760930152,0.07404055896712541,0.9951457717258977,-0.01387156920009791
1742955464.979722,0.5425038486402776,0.07845323312860775,0.6352173135839073,-0.0631185732011454,0.07404290906944987,0.9951595577929989,-0.013825623560173398
1742955464.9846134,0.5424645604203273,0.07844782507354199,0.6354205506584903,-0.06290775905310211,0.07404541119533434,0.9951733597929484,-0.013779509797004175
1742955464.989644,0.5424228775993545,0.0784421562675299,0.6356268957249834,-0.06269455140343268,0.07404765489631855,0.9951872923574518,-0.013732849628603461
1742955464.9946055,0.5423823726824669,0.0784369940029701,0.6358214639339407,-0.06249393890397437,0.07404961202823676,0.9952003719863598,-0.01368876024134822
1742955464.9995933,0.5423443823998422,0.0784324515569726,0.6360139439140587,-0.06229452082025118,0.07405088592439418,0.9952133834187062,-0.013644795120444773
1742955465.004591,0.542306266691801,0.07842759528738184,0.6362100202692168,-0.062091054017813514,0.07405279945695656,0.9952265650256582,-0.01360030039278832
1742955465.0098689,0.5422678008948266,0.07842244597986356,0.6364077740414095,-0.061885904117519014,0.07405477559154798,0.995239808762139,-0.013555373058085336
1742955465.0145774,0.5422294838054981,0.07841677614434256,0.6366082382223511,-0.061677437128842626,0.07405729659793926,0.9952531819389976,-0.01350978941816581
1742955465.0195937,0.5421915560012676,0.07841069669758115,0.6368023615507512,-0.06147595368191571,0.07406055021593165,0.9952659991922285,-0.013465989473764714
1742955465.0245945,0.5421527744044101,0.07840477499448839,0.6369921117736432,-0.061279764650282904,0.07406325553251931,0.9952784734501874,-0.013423297322025277
1742955465.029592,0.542112863321703,0.07839920799569682,0.6371816043101785,-0.061084532361144826,0.074065230319602,0.9952909034072792,-0.01338055150756359
1742955465.0345826,0.5420702649680719,0.07839325404010171,0.6373750094536895,-0.06088599288174038,0.0740675812513578,0.9953034750153443,-0.013337237373537486
1742955465.0396464,0.5420267895047642,0.07838737399331416,0.6375641113521001,-0.06069264238160104,0.07406978746622354,0.9953156855102793,-0.013294958542633422
1742955465.04464,0.5419862033356134,0.07838184239136349,0.6377483830682686,-0.06050345960839554,0.07407170316952745,0.9953276121808747,-0.013253625741620157
1742955465.049603,0.5419460532847289,0.07837628746305648,0.6379296353121048,-0.06031745967568322,0.07407398293252984,0.9953392718965567,-0.013212983433579644
1742955465.054593,0.5419065303993775,0.07837076768084138,0.6381091691842523,-0.06013222173430345,0.07407604716872111,0.9953508613138679,-0.013172624146135936
1742955465.059614,0.5418670527113556,0.07836524269796687,0.6382863157021397,-0.05994713594236268,0.07407876751132655,0.9953623565325682,-0.013132261581439581
1742955465.064592,0.5418244871571256,0.07835941431599687,0.6384591758784829,-0.05976930372581067,0.0740807273111213,0.9953734164526513,-0.013093433184762977
1742955465.0696054,0.5417820677460233,0.07835356569656406,0.6386277177611809,-0.059595405209298215,0.07408285347557803,0.9953841832662566,-0.0130555046713268
1742955465.0745962,0.5417389732198427,0.07834783528635773,0.6387897072334983,-0.05942984738140326,0.07408488574475121,0.9953944043839774,-0.013019318932925327
1742955465.0796542,0.5416949948050385,0.07834199661821377,0.6389506775817976,-0.059263749813137784,0.0740868330989832,0.9954046375602559,-0.012982936608679442
1742955465.084582,0.5416493799453658,0.07833588322979826,0.6391088911891822,-0.05910003075125428,0.07408923311636029,0.9954146589170143,-0.0129471508276689
1742955465.089665,0.541601068400846,0.07832904255159204,0.6392646772088324,-0.05893985458352013,0.07409187618666616,0.9954244110083628,-0.01291237365736544
1742955465.0945811,0.5415554153068549,0.07832231718963,0.6394142825326037,-0.0587819901747404,0.07409489856742607,0.9954339667258878,-0.012877947264363686
1742955465.0996692,0.5415119548009726,0.07831525398594312,0.6395556470572054,-0.058629724069129065,0.07409837415020508,0.995443110884211,-0.012845209108399137
1742955465.104823,0.541469099539729,0.07830736062681291,0.6396915495811631,-0.05848132974112474,0.07410283756346685,0.995451915912562,-0.012813533578292674
1742955465.1097527,0.5414253693475329,0.07829837104206137,0.6398292459405711,-0.0583279443943299,0.07410838433698885,0.9954609183550324,-0.012781169799703522
1742955465.1146815,0.541379924490549,0.07828854233328392,0.6399632082057871,-0.05817486717910339,0.07411487917676413,0.9954698003120316,-0.012749359985168981
1742955465.1195962,0.541334801670081,0.07827839222746201,0.6400889428498047,-0.0580265321771108,0.07412201606900573,0.9954783223418828,-0.012718413610004566
1742955465.124589,0.5412889331224955,0.0782680712385827,0.640206653511388,-0.05788468897958288,0.07412897534708666,0.9954864374749107,-0.012688995202092088
1742955465.1295881,0.5412411552269959,0.07825706421365651,0.640320885981947,-0.05774579284762947,0.07413666331931971,0.9954942976737337,-0.012660247207552424
1742955465.1345954,0.541193138139606,0.07824492552453105,0.6404321688525891,-0.057609824646301926,0.07414569032002459,0.9955018568880215,-0.012632404509457629
1742955465.139839,0.5411450991300367,0.07823182999932905,0.6405435806980111,-0.05747486098908048,0.07415578588255539,0.9955092531960524,-0.012605021835147036
1742955465.1446059,0.5410984905252928,0.07821774712452563,0.6406525065365994,-0.05734082055803013,0.07416729617828886,0.9955164647202411,-0.0125781932822905
1742955465.149547,0.5410557041814978,0.07820416221711915,0.6407544613069569,-0.057209217216509935,0.07417881537733503,0.9955235174121952,-0.012551298496168688
1742955465.1545458,0.5410160154981098,0.07819109609469224,0.6408527590551366,-0.057075935718351935,0.07419027088375603,0.9955306601579477,-0.012523815454979825
1742955465.1595414,0.540977171389379,0.07817843861221119,0.6409532291692468,-0.05693702907446605,0.07420123121995477,0.9955381660304502,-0.012494478074092444
1742955465.1645548,0.5409374151697157,0.07816548722404408,0.6410549765071277,-0.056797772154152076,0.07421243660114,0.9955456541873283,-0.012465061603193045
1742955465.1698387,0.5408983112127245,0.07815142655602764,0.6411544609170418,-0.056662373027649315,0.0742247927810151,0.9955527988383076,-0.012437055306753708
1742955465.1745486,0.5408600634852078,0.07813518441564908,0.6412494721991637,-0.056531409763798536,0.07423962199188637,0.9955594629677377,-0.012411040730299633
1742955465.1796684,0.5408230788529009,0.07811763850862304,0.6413358921048845,-0.05640985108377723,0.07425598980082052,0.9955654249904727,-0.012387947487215695
1742955465.1846333,0.5407893059399468,0.07809984910038642,0.6414177679236621,-0.056288824882135775,0.07427335054231572,0.9955712557094654,-0.012365775256121429
1742955465.189655,0.540755770279351,0.07808312113731883,0.6414981866885304,-0.05617233013834711,0.07428947813743694,0.9955768921379518,-0.012344821012601868
1742955465.1946418,0.5407206511131796,0.07806793724924602,0.6415772770565276,-0.05606478490156329,0.07430306240480017,0.9955821769007739,-0.01232573927705443
1742955465.1996174,0.5406838377271947,0.07805447031165695,0.6416532326736659,-0.0559722455499764,0.07431434510682884,0.9955867454902533,-0.012309266572872835
1742955465.20463,0.5406469779394262,0.07804278132187024,0.6417190642573968,-0.05590100006607447,0.07432307894323399,0.9955902492750806,-0.012296897022970314
1742955465.209733,0.5406103448270282,0.07803227928322325,0.6417727147088614,-0.05585268879337337,0.07433060483992363,0.995592496584453,-0.012288982196164833
1742955465.214819,0.540574478714728,0.07802253389676715,0.641820167538719,-0.05581612784871687,0.0743371862127186,0.9955941219884149,-0.012283602080356776
1742955465.2195866,0.540538892109947,0.07801315400078787,0.6418653307562067,-0.05578220000868597,0.0743432074458697,0.9955956351524422,-0.012278637312687982
1742955465.2246194,0.5405044852194848,0.07800419973239693,0.6419062483171579,-0.05575256147216444,0.07434895117974975,0.9955969174858779,-0.012274495524536657
1742955465.229686,0.5404713051038906,0.0779955229167791,0.6419413324599201,-0.05572908776205113,0.0743545771149864,0.9955978460044281,-0.012271702025561496
1742955465.2350426,0.5404399320288372,0.07798778023290746,0.6419661535438892,-0.055716733705315415,0.07435955283001726,0.9955981730954675,-0.012271113115706216
1742955465.2399085,0.5404086928673973,0.07798182608729097,0.641986412906722,-0.05570928369307164,0.07436282383695696,0.9955983482797571,-0.012270902331045518
1742955465.244587,0.5403779843244921,0.07797770818993885,0.6420008011389008,-0.055707312338317966,0.0743634903543095,0.9955984064245899,-0.012271095272343479
1742955465.2495956,0.5403472905833916,0.07797476694925758,0.6420117066250909,-0.055709453863918124,0.07436291193306474,0.9955983212510136,-0.012271788833861983
1742955465.2545555,0.5403170979303139,0.07797210265257896,0.6420145014532525,-0.05572048689793826,0.07436212709770643,0.9955977304638255,-0.01227438343222393
1742955465.2595453,0.5402883350749683,0.0779703132771716,0.6420108168589416,-0.05573825101091876,0.07436052466720199,0.9955968080680007,-0.012278253551337865
1742955465.2645445,0.5402611489407505,0.07796877210926495,0.6420003083333568,-0.05576290327590217,0.07435868455576311,0.9955954983131047,-0.012283663462489963
1742955465.2695575,0.5402360998246906,0.0779678402782099,0.6419809849806559,-0.055796680450424116,0.07435645915805272,0.9955936829183758,-0.012290889520890065
1742955465.2746315,0.5402140300137398,0.07796772231358418,0.6419518208100465,-0.05584003168420301,0.07435401035798972,0.9955913213698299,-0.012300114563179407
1742955465.2795439,0.5401939349703133,0.07796864561253962,0.6419149303677587,-0.05589144422127646,0.07435083930235516,0.9955885408325765,-0.012310829409772232
1742955465.284541,0.540176094392797,0.0779701346327705,0.6418714808435968,-0.055949242442843376,0.07434721296148973,0.9955854181353402,-0.012322718499206754
1742955465.2895885,0.5401597917142739,0.07797086614302907,0.6418206651681082,-0.05601463256603385,0.07434487216346879,0.9955817478387458,-0.012336299762808145
1742955465.2946165,0.5401447645598632,0.07797075493512207,0.6417644826295059,-0.05608551696549228,0.07434372400889691,0.9955776525852649,-0.01235164604480246
1742955465.29966,0.5401290724135245,0.07796897476145165,0.6417043260720441,-0.0561611395239904,0.07434432844559692,0.9955731340585822,-0.01236858828292745
1742955465.30457,0.5401125347339883,0.07796626224286336,0.6416371897804922,-0.056245050094085855,0.07434594663069541,0.9955680388278361,-0.012387680331517706
1742955465.3096037,0.5400952528508502,0.0779637428245057,0.6415680224423277,-0.0563316975039388,0.0743471012019059,0.995562807909369,-0.01240741338116495
1742955465.3147223,0.540077385397019,0.07796153920020428,0.6414976429801706,-0.05641994283372373,0.07434772957569476,0.9955575164485713,-0.01242725232429104
1742955465.3196647,0.5400590837283398,0.07795977066530238,0.6414253254839037,-0.05651068367642744,0.07434808026738242,0.9955520915250733,-0.012447435520208664
1742955465.3247316,0.540040746957081,0.07795783518656137,0.6413518010792197,-0.05660242248061168,0.07434883432006834,0.9955465668352531,-0.012467953605716398
1742955465.329638,0.540023102687811,0.07795612587366518,0.6412747211133157,-0.05669840518383707,0.07434961157350312,0.9955407803607061,-0.012489225247188663
1742955465.3347158,0.5400059246709397,0.0779540636313218,0.6411947960415707,-0.056797049491373625,0.07435081034987968,0.9955347918485443,-0.012511210511628124
1742955465.3395984,0.5399889013376321,0.07795181739453874,0.6411121021151545,-0.056898933425347346,0.07435241817697222,0.9955285681992168,-0.012533921394041941
1742955465.344649,0.5399725600666184,0.07794926671337545,0.6410284843699916,-0.057001713089326334,0.07435427002858852,0.995522259184369,-0.012557018031682373
1742955465.3496556,0.5399571748371034,0.07794643865393222,0.6409432499947034,-0.05710559980539268,0.07435675899083785,0.995515822882441,-0.012580510877594344
1742955465.3547006,0.5399418669477294,0.07794433382574162,0.6408545558223534,-0.05721356278883685,0.07435795082815262,0.9955092293167517,-0.012604670833183772
1742955465.359596,0.539926723161973,0.07794316420712127,0.6407634990364133,-0.057324168925416655,0.0743581250601138,0.995502544429049,-0.012629051027065696
1742955465.3646793,0.5399119718332913,0.07794247223884825,0.640667896539377,-0.05743956581478521,0.0743580931693111,0.9954955758472576,-0.01265419802951142
1742955465.3697205,0.5398974102335375,0.07794177965007275,0.6405731488009563,-0.05755404780767766,0.07435777798553797,0.9954886675362971,-0.012679323357852395
1742955465.3745844,0.5398821955464291,0.07794127169939852,0.6404765295968072,-0.057670866277347646,0.07435680522138234,0.9954816544608626,-0.01270481530576382
1742955465.3796659,0.5398674979933428,0.0779404891103971,0.640378386827535,-0.05778926819110025,0.07435657304262334,0.995474472074833,-0.012730906276717295
1742955465.3846905,0.5398524118570813,0.07793981059619406,0.6402772622872632,-0.057911137810507406,0.07435576167457367,0.9954671062370433,-0.012757790691715985
1742955465.3897154,0.5398373830320219,0.07794114833193087,0.6401725753415429,-0.05803701780099609,0.07435249907673086,0.9954596707525639,-0.012784926711114855
1742955465.3949575,0.5398214558707286,0.07794515977818908,0.6400619526719646,-0.058170055882494714,0.0743462287019168,0.9954520159899305,-0.012812756846709555
1742955465.399604,0.5398053384396293,0.07795345887788033,0.6399451849405007,-0.05831007609310577,0.07433540908023238,0.9954442632236719,-0.012841370564380873
1742955465.4045992,0.539789572192942,0.07796615085291571,0.6398231630135137,-0.05845569187462182,0.07431983655068633,0.9954365126162014,-0.012870249921187025
1742955465.4097056,0.5397742405023532,0.07798119724907804,0.6396951328434346,-0.05860800856950843,0.0743019295153326,0.9954285121992953,-0.012899678387951143
1742955465.4145474,0.5397597411038048,0.07799567713400028,0.6395618747520874,-0.058765937195245865,0.07428439600260044,0.9954201142639351,-0.012930168400598857
1742955465.4195948,0.5397472185206958,0.07800759732490034,0.6394263005746859,-0.058925669097671524,0.0742699420467179,0.995411344147301,-0.012961372328285925
1742955465.4247816,0.5397365945680481,0.07801730196244146,0.6392823540529385,-0.05909405882218045,0.07425816010506761,0.9954018078496991,-0.012994568068296027
1742955465.429602,0.5397264942721065,0.07802575861123642,0.639133868739712,-0.05926687953737915,0.07424788966283248,0.9953918482654606,-0.01302905511493337
1742955465.4345896,0.5397167179036235,0.07803422235547668,0.6389813045024165,-0.059443810356229206,0.07423779362283307,0.9953815864981195,-0.013064481192644644
1742955465.4396598,0.539706751885863,0.07804324833864751,0.6388239778332172,-0.059626040900652745,0.07422712648213409,0.9953710044412387,-0.013100857161216296
1742955465.4445984,0.5396955776446808,0.07805312158924929,0.6386648348413275,-0.0598111088712466,0.07421536549773901,0.9953602963543818,-0.013137397799642873
1742955465.4496007,0.5396833666650058,0.07806332929494365,0.638502650649284,-0.05999966805596056,0.07420272492377034,0.9953494002822993,-0.013174475501092735
1742955465.4545927,0.5396707718854848,0.07807343553912194,0.6383398059489246,-0.06018783776043133,0.07418980470813645,0.9953385173204602,-0.013211093876004618
1742955465.4596288,0.539657937212887,0.07808253880932729,0.6381748005377575,-0.06037681185067634,0.07417777898761543,0.9953274747210735,-0.013248236131027295
1742955465.4645875,0.53964458200947,0.07808967425201964,0.6380049173851338,-0.06056920092441522,0.0741675582722866,0.9953160343827797,-0.013286718926891969
1742955465.4695964,0.5396320789107072,0.07809438161711764,0.6378294298247735,-0.06076421854091442,0.07416048398187496,0.995304137236136,-0.01332691867300808
1742955465.4746046,0.5396198741095516,0.07809695739249785,0.637654043025065,-0.06095581585249218,0.0741553514569704,0.9952922595498733,-0.013367514509360452
1742955465.4796355,0.5396071612810032,0.0780979425093851,0.637480260342439,-0.061142816656359164,0.07415200156747884,0.995280496109454,-0.013407859597366815
1742955465.4845662,0.5395941183110813,0.07809854784575891,0.6373032090051939,-0.06133287206281738,0.07414903456769482,0.9952684709928697,-0.013448796404148542
1742955465.4897878,0.5395820372482028,0.07809895710928015,0.6371210018356283,-0.06152811976480805,0.07414662631273353,0.9952560256799343,-0.013491168682852479
1742955465.494581,0.539571552934246,0.07809887482555002,0.6369300096211392,-0.06173311956430698,0.07414469193502554,0.9952428668917872,-0.01353597088263363
1742955465.4996972,0.5395597912998479,0.07809755363293018,0.6367310343514374,-0.061948107684532856,0.07414395005150051,0.9952289156817278,-0.013583520016493726
1742955465.5047417,0.5395478475554741,0.07809556085792356,0.6365232107466825,-0.062173446767164166,0.07414376133300929,0.9952141899971868,-0.01363382560867587
1742955465.509596,0.5395357294608984,0.07809344218262865,0.6363141753589127,-0.06240022618694762,0.07414359314869742,0.9951993094597227,-0.013684802435897871
1742955465.5145855,0.5395222154013253,0.07809119436524196,0.6361064714020336,-0.06262621651730951,0.07414336257940761,0.9951844332196649,-0.013735452937564263
1742955465.5196679,0.5395071371335842,0.07808957837410507,0.6358984497453093,-0.06285429340371651,0.07414219581072357,0.9951694376373472,-0.013786333582567489
1742955465.5246215,0.5394914230590016,0.07808807309127695,0.6356830486362121,-0.06309245304538776,0.074140762800256,0.9951537395169638,-0.013839233559515147
1742955465.5296915,0.5394768649473318,0.0780867190658697,0.6354564737932762,-0.06334224997550784,0.074139083498876,0.9951372208410982,-0.01389486821248576
1742955465.534704,0.5394634973217174,0.07808533358000488,0.6352257359289348,-0.06359503153945266,0.07413753646029426,0.995120424978658,-0.01395125232334254
1742955465.539667,0.5394497843995137,0.07808395927655484,0.6350013890024817,-0.06383803885460648,0.0741361208209543,0.995104209770692,-0.014005430427701783
1742955465.5445979,0.5394368574441859,0.07808367617669738,0.6347887089021628,-0.06406376494024664,0.07413381027152913,0.9950891696849077,-0.014055481923678845
1742955465.5496309,0.5394246916373847,0.07808560905980812,0.6345803287222351,-0.06428069149025598,0.07412938603732648,0.9950748347353746,-0.01410319480226361
1742955465.5549018,0.5394134499216199,0.07809210864965256,0.6343714873008113,-0.06448941274743503,0.0741202950410739,0.9950613675586748,-0.01414822599392358
1742955465.559619,0.5394043982260155,0.07810500148580886,0.6341602363545805,-0.06469019317816267,0.07410518525969757,0.9950488605943562,-0.014190329596999682
1742955465.5646284,0.5393950098653265,0.07812402055845293,0.6339528283240387,-0.06487937029995688,0.07408334131225555,0.9950376255658203,-0.014228477003087273
1742955465.5696669,0.5393842260899328,0.0781470973181052,0.6337534672826736,-0.06505564185121583,0.0740571818773403,0.9950275769606904,-0.014262480971068449
1742955465.574596,0.5393737301735446,0.0781708583539055,0.63355806474578,-0.0652222112111813,0.07403036695291888,0.9950182143475287,-0.014294091443517294
1742955465.5796347,0.5393646150942853,0.07819371233453182,0.6333610583046794,-0.0653815530121366,0.07400440251692535,0.9950092595918532,-0.014323905204461439
1742955465.584787,0.5393572803913421,0.07821555943919717,0.6331598826102569,-0.06553972546922923,0.07397958807685684,0.9950002770336974,-0.01435317512824438
1742955465.5896285,0.5393496565172765,0.07823622948968999,0.6329569723917104,-0.06569928462362415,0.07395546073140914,0.994991126064058,-0.014382380947770482
1742955465.5946016,0.5393428564041579,0.07825460743626779,0.6327559353433061,-0.06585558138481475,0.07393338424888707,0.9949820224454191,-0.014410832883557701
1742955465.599596,0.5393401078199458,0.07827174819605724,0.6325578399116969,-0.06599972986539693,0.07391309859839279,0.9949736042988926,-0.01443662916853121
1742955465.6045864,0.5393366966050731,0.07828845370840808,0.6323588989555852,-0.0661465855413936,0.07389292250263478,0.9949649729099721,-0.014462638330996027
1742955465.6096654,0.5393329016632369,0.07830613546751482,0.6321541845231949,-0.06630971757308968,0.07387169340437237,0.9949552635452757,-0.014491991322736644
1742955465.6145813,0.5393283902420649,0.07832539061968113,0.631946245498209,-0.06648160851034789,0.07384832114504197,0.9949450802945093,-0.014522685415856097
1742955465.6196232,0.5393217294714837,0.07834700906224559,0.6317386003655372,-0.06665941638758194,0.07382202041084217,0.9949346858444675,-0.014553433027947373
1742955465.624617,0.5393151246179136,0.07836970051745036,0.6315327307801386,-0.06684053774293726,0.07379427594673187,0.9949241453778168,-0.01458397394242897
1742955465.6296332,0.5393077827174072,0.0783907213851821,0.6313289216398104,-0.0670236614799275,0.07376804945217301,0.9949133173714834,-0.014614875939123221
1742955465.6345892,0.5393019111755514,0.07841143330377455,0.6311282430595554,-0.0672015348412805,0.07374252268159834,0.9949027741109012,-0.014644593881814098
1742955465.639615,0.5392976773947293,0.0784324758242529,0.6309285869858704,-0.06737126542777168,0.07371705481836362,0.994892771195877,-0.014672499642374144
1742955465.6445956,0.5392951086133344,0.07845394298893237,0.6307278400582317,-0.06753663854723989,0.07369124433172593,0.994883078846951,-0.014699060738454024
1742955465.6497931,0.5392918205945109,0.07847588478319119,0.6305283662364626,-0.0677026692085389,0.07366510663270415,0.9948733441962835,-0.014725136825673831
1742955465.6545794,0.5392901228289103,0.07849795965114278,0.6303322170444849,-0.06786243108386525,0.0736396322308854,0.9948639879003204,-0.01474925731549796
1742955465.6596138,0.5392901275464599,0.07852025516120599,0.6301391525075619,-0.06801686846815864,0.07361424729539637,0.9948549848001179,-0.01477184542549634
1742955465.6646774,0.5392902876362861,0.07854151385402557,0.6299501426569174,-0.06817025948803689,0.0735900807429597,0.9948459374259537,-0.0147944761534108
1742955465.6696057,0.5392902421039787,0.07856024136480867,0.6297632397351332,-0.06832315735585462,0.07356913375652414,0.994836653790671,-0.01481759095880782
1742955465.674614,0.539291739689144,0.07857893891308193,0.629580887041026,-0.06846810980124869,0.07354847383046553,0.9948279089548918,-0.014838177175480374
1742955465.6796215,0.5392935791036558,0.07859892406355658,0.6294021177725739,-0.06861072799565994,0.07352728969429811,0.9948193681638448,-0.01485699835785006
1742955465.684732,0.5392940865702667,0.07861979697843786,0.6292275204543653,-0.06875555254090973,0.07350519997761289,0.9948107329877406,-0.014874982468557148
1742955465.6896791,0.539293790177025,0.07864198171161982,0.6290564824743077,-0.06890283296181034,0.07348233960197433,0.9948019776467377,-0.014891965840568367
1742955465.6946163,0.5392925071354376,0.07866584312251479,0.6288879783883566,-0.06905147011781546,0.0734571126558933,0.9947933019254561,-0.014907498753185658
1742955465.6996255,0.539291766712509,0.0786897497207236,0.6287242348987913,-0.06919203669627985,0.07343237295935516,0.9947851621737708,-0.014920783433970667
1742955465.7046237,0.5392919281712193,0.07871264177624408,0.6285663630156229,-0.0693228589047218,0.07340870016011422,0.9947776260521509,-0.0149324706638092
1742955465.7096207,0.5392924349815496,0.07873376881607001,0.6284156589946492,-0.06944561113643836,0.0733868769730125,0.9947705137751038,-0.014943169197012137
1742955465.7149134,0.5392928687007931,0.07875359900440146,0.6282701340423462,-0.06956573282194166,0.0733665358142799,0.9947634682686207,-0.014953342025885562
1742955465.7195876,0.5392963526621336,0.07877332033246391,0.6281297653906699,-0.0696743277625454,0.0733473021740428,0.9947571694892594,-0.014961118418882516
1742955465.724663,0.5393036649208767,0.07879285808735013,0.627993673970894,-0.06976785555312962,0.07332898103443393,0.994751895103919,-0.014965762898399362
1742955465.729632,0.5393131123765018,0.0788133872003711,0.6278591210243316,-0.06985351332165848,0.07330997720000254,0.9947472556569719,-0.014967674584884315
1742955465.7347977,0.5393234855668368,0.0788350735976078,0.6277295989339072,-0.0699326401261799,0.07329004829480139,0.9947431662665185,-0.014967559319723055
1742955465.7396426,0.5393347136173657,0.07885751199126109,0.6276060942301773,-0.07000442942746497,0.07326976703545998,0.9947396382167765,-0.01496573618173071
1742955465.7448614,0.5393456828454101,0.07887819260529394,0.6274885365824652,-0.0700725794982393,0.07325166029334562,0.994736200639068,-0.01496392344551499
1742955465.7496104,0.5393557654367783,0.07889878939697755,0.6273787877220512,-0.07013479498575552,0.0732342561696,0.9947331393953978,-0.014961137796559814
1742955465.7546391,0.539365071506494,0.0789212335211117,0.6272759018039813,-0.07019501096141119,0.07321509521529884,0.9947303584821937,-0.014957412297203161
1742955465.759587,0.5393722045839991,0.07894476331905384,0.6271820589566146,-0.07025589353729085,0.07319420502855081,0.9947276576065778,-0.014953426565383664
1742955465.7646132,0.539379868562913,0.07896924225786534,0.6270922708857969,-0.0703151495527148,0.0731728535557294,0.9947251115276187,-0.014948770593522731
1742955465.76961,0.5393883077681658,0.07899530654049783,0.6270044330972042,-0.07037210437005884,0.07314995410356964,0.994722862586245,-0.014942482705415122
1742955465.7745569,0.53939958311866,0.07902240826278965,0.6269209838826328,-0.07042185530333148,0.07312644394791085,0.9947211911075522,-0.014934438480987034
1742955465.7796078,0.5394118956283934,0.07904835892997858,0.6268468762388766,-0.07046693016172184,0.07310414776750526,0.9947197591219812,-0.01492635739480641
1742955465.7846084,0.5394241206165052,0.07907338996390939,0.6267775662341402,-0.07051473895065485,0.07308256144772876,0.9947180607477294,-0.014919464643090801
1742955465.7896452,0.5394384763999185,0.07909790648633763,0.6267131490287788,-0.07055929398453871,0.07306111658545844,0.9947165835843169,-0.014912331073114468
1742955465.7946043,0.539454222293871,0.07912114259876578,0.6266544406199727,-0.07060040507524033,0.07304127832351444,0.994715231090717,-0.01490515012404986
1742955465.7995968,0.5394709306264247,0.07914439866441944,0.6266005081734191,-0.0706382101536732,0.07302118255380942,0.9947141301482076,-0.014897967922619883
1742955465.8046916,0.5394878644656029,0.07916914246421491,0.626550162674276,-0.07067419961499079,0.07299918399603313,0.9947132957451362,-0.01489079959380593
1742955465.8098993,0.5395037546270246,0.07919503624313032,0.626506400974794,-0.07070685946111632,0.07297531420321489,0.9947128384691329,-0.014883296905213077
1742955465.814581,0.5395192316471844,0.07922059949622005,0.6264671817885565,-0.07073784157758277,0.07295128268201985,0.9947125030930364,-0.014876300426483786
1742955465.8195872,0.5395334365225977,0.07924516926034392,0.6264325127640602,-0.07076803787740113,0.07292810235272701,0.9947121542141034,-0.014869665798217267
1742955465.8246398,0.5395458089329851,0.0792676154034424,0.6264019792943848,-0.07079702664671379,0.07290615101380105,0.9947117886263774,-0.014863772403071922
1742955465.829658,0.5395567490389439,0.07928797513841132,0.6263746609861057,-0.07082350791305013,0.07288583128451627,0.9947114647450723,-0.014858944429803853
1742955465.8346508,0.5395662105956808,0.07930756714036233,0.6263506004159095,-0.07084691715701749,0.07286565812215903,0.9947113473363541,-0.014854146763326616
1742955465.8396935,0.5395751813531987,0.07932657663631033,0.6263278926294117,-0.0708689298409295,0.07284615239504118,0.9947112741400875,-0.014849712557609182
1742955465.8446257,0.5395833730972787,0.07934579994623096,0.6263064381753898,-0.07088969637342545,0.07282625234435773,0.9947113145020742,-0.014845494909743956
1742955465.849624,0.5395903412399555,0.07936623017833135,0.6262867890754249,-0.07090916597753945,0.07280452647346891,0.9947115900826922,-0.014840608495134782
1742955465.8546138,0.5395966611988725,0.07938750116691491,0.6262679462193674,-0.07092784269925598,0.07278187258097266,0.9947119938651156,-0.014835410830951475
1742955465.8596916,0.5396027069886,0.07940891543163853,0.6262497167571881,-0.07094606533398519,0.07275862330763497,0.9947124712320402,-0.014830310969469003
1742955465.8646815,0.539608398024569,0.07943018785001332,0.6262324014752684,-0.07096329129517626,0.07273589328797758,0.9947129796651215,-0.014825289268393447
1742955465.8696227,0.5396135870873603,0.07944981688849054,0.6262168225882068,-0.07097863552059908,0.072715101513501,0.9947134723747362,-0.014820768796193148
1742955465.87483,0.5396177546428583,0.07946902002801341,0.6262033111439282,-0.07099238732247697,0.0726947741184825,0.9947140480734395,-0.014815982028510075
1742955465.8796422,0.5396209827689112,0.07948867403321667,0.6261915019226579,-0.07100449984650987,0.07267371307523661,0.9947148009624213,-0.014810711518893288
1742955465.8846853,0.5396230879627515,0.07950834753354018,0.6261814809098565,-0.07101516710328959,0.07265241638896176,0.9947156773898297,-0.014805187909282052
1742955465.889765,0.539624199863749,0.07952844307060325,0.6261734118771144,-0.07102405409642266,0.07263080061194778,0.9947167116043204,-0.014799128260247435
1742955465.894658,0.5396241156675688,0.07954958792883458,0.6261672873633897,-0.07103140095360777,0.07260787602069474,0.9947179648117036,-0.014792122876504518
1742955465.899617,0.5396230683782394,0.07957080882720044,0.626163067439263,-0.07103701015330278,0.07258528663575421,0.9947193215337764,-0.014784813825967276
1742955465.9048226,0.5396211586967302,0.079591578350538,0.626160837248118,-0.07104088272014573,0.07256305386191732,0.9947207802626435,-0.014777195615290218
1742955465.9096053,0.5396185673498236,0.07961165559217709,0.6261603125528902,-0.07104305169081478,0.07254206760530822,0.9947222696548328,-0.01476954592197558
1742955465.9146094,0.5396157977480804,0.07963085623649176,0.6261605372494107,-0.0710444177573061,0.07252240516912713,0.9947237166066069,-0.014762082317519883
1742955465.9195867,0.5396129195536241,0.079650384256217,0.626161061432345,-0.07104562360377825,0.07250283547451614,0.9947251674054384,-0.014754644866215038
1742955465.9246066,0.5396101848028284,0.07966945667655739,0.6261615716504287,-0.07104652595282947,0.07248354737379882,0.9947266188978983,-0.014747208756229849
1742955465.9296272,0.5396075025452463,0.07968793209642301,0.6261620765569815,-0.07104762842407146,0.07246497240829379,0.9947280004681731,-0.014739991647576724
1742955465.9346197,0.5396047707526647,0.0797064700249323,0.626162582513195,-0.07104856818404137,0.07244614228974634,0.994729409204573,-0.014732952516475125
1742955465.9398057,0.5396022145522308,0.07972368223573566,0.6261631325159338,-0.07104949162583724,0.07242852155207086,0.9947307231427214,-0.014726419844960594
1742955465.9446318,0.5396002441648906,0.07973780028462465,0.6261641935709708,-0.07104944515542057,0.0724145646977755,0.9947318268901136,-0.014720724662716523
1742955465.9496808,0.5395984507961167,0.07974956787733453,0.6261656409892458,-0.07104900780096739,0.07240268139093695,0.9947327970126212,-0.014715731899838989
1742955465.9547129,0.5395967539937724,0.07975915120232678,0.6261673970315619,-0.07104786765991268,0.0723927552182316,0.9947336601401026,-0.01471172583919638
1742955465.9596531,0.5395951788440335,0.07976579263279446,0.626168656165035,-0.07104742684027868,0.07238636136575388,0.9947341986110693,-0.014708906866100997
1742955465.9646146,0.5395939001502774,0.07977019173737776,0.6261699869338074,-0.07104648802496025,0.07238271705319105,0.994734559128118,-0.014706994509606539
1742955465.9698148,0.5395925467422843,0.07977357373483752,0.6261715940653305,-0.07104553537736692,0.07237984721697345,0.9947348590341463,-0.01470543580136904
1742955465.974595,0.5395910188537547,0.079776266998479,0.6261738984451537,-0.07104367155501704,0.07237816024528282,0.9947351361493718,-0.01470399814274826
1742955465.9797575,0.5395892889198829,0.07977746882073135,0.6261770448905654,-0.07104099738693129,0.07237839711754465,0.994735327677359,-0.014702795366269004
1742955465.9846015,0.5395873510806141,0.07977704889924746,0.6261811508648883,-0.07103725578943833,0.07238030918165513,0.994735465258746,-0.0147021525342448
1742955465.9896975,0.5395849475929824,0.07977575914226244,0.6261864379401207,-0.07103237370378578,0.07238343604167756,0.9947355951419465,-0.014701558774619155
1742955465.9946005,0.5395820795997259,0.07977369842972633,0.6261928972310375,-0.0710264166056282,0.07238778868632212,0.9947357140530627,-0.014700863260759048
1742955465.9996386,0.5395790750112847,0.07977118829587042,0.6261998858778345,-0.07101982564886021,0.07239297571903262,0.9947358158195309,-0.014700277453214214
1742955466.0046396,0.5395760278603823,0.07976875065869159,0.6262069100812666,-0.0710133123122892,0.07239827201517611,0.9947359071040185,-0.014699483038505731
1742955466.009573,0.5395729362430062,0.07976794302433035,0.62621350275908,-0.07100729875673072,0.07240185523683346,0.9947360985110424,-0.014697931846583046
1742955466.0146677,0.5395698586190718,0.07976774742298155,0.6262200533989631,-0.07100110560847808,0.07240561475023712,0.9947363002423887,-0.014695677429036373
1742955466.0195796,0.5395673597616314,0.07976785966927653,0.6262266155537026,-0.07099264025343768,0.07240976298292788,0.9947366592683111,-0.01469183318453337
1742955466.0245783,0.5395660824514018,0.07976870814191797,0.6262331320829121,-0.07097903146801979,0.0724137592395718,0.9947374383959817,-0.014685135956325271
1742955466.0296164,0.5395668844340448,0.07977047164046433,0.6262389484077163,-0.07095831684377295,0.07241756048168357,0.9947387923342862,-0.01467478210762605
1742955466.0349267,0.5395702392787591,0.07977444956424988,0.6262436394685099,-0.07092905251564147,0.07242006507158849,0.9947409176230928,-0.014659825736606758
1742955466.0396376,0.5395762866861508,0.07978071534015518,0.6262468055916622,-0.07089189412075034,0.07242141285389217,0.9947437510988089,-0.01464062697050325
1742955466.0446293,0.5395845613456984,0.07979125044646458,0.6262486669584865,-0.07084731781683666,0.0724190734668121,0.9947474529044256,-0.01461643925607015
1742955466.0496159,0.5395945486011646,0.07980511697628105,0.6262497110068135,-0.07079602845663426,0.07241457892721598,0.9947518433202861,-0.014588396911740445
1742955466.0545962,0.5396065158914861,0.07982322580097506,0.626250502643657,-0.07073473476274221,0.0724057627129833,0.994757318168498,-0.01455612497244307
1742955466.0595477,0.5396209293655564,0.07984708105428596,0.6262505596296807,-0.07066143045267435,0.0723914135876318,0.9947641214474106,-0.01451854559271686
1742955466.0648444,0.5396388553765465,0.07987528184539655,0.626248831109561,-0.07057506703377932,0.07237244646416892,0.9947722590006881,-0.014475552792090573
1742955466.0696962,0.5396587779733277,0.07990569620627143,0.626245606813724,-0.0704828073401519,0.07235098135660321,0.994781028923993,-0.014429617427686501
1742955466.07462,0.5396815864024915,0.07993581912285311,0.6262409857342545,-0.07038317959455899,0.07232988873052579,0.9947903281082281,-0.014380484300392302
1742955466.0795906,0.5397037789904379,0.07996426354871493,0.6262358011589381,-0.07028787258908104,0.07231039641647306,0.9947992004411054,-0.014330817797012835
1742955466.084636,0.5397270035953411,0.07999117111680656,0.6262301348477665,-0.07019045686637772,0.072292565090532,0.9948081064337059,-0.01427992196424662
1742955466.089652,0.5397528709390718,0.08001812316154273,0.6262226323747387,-0.070082731836876,0.07227531780293428,0.9948177254047933,-0.014226115253252047
1742955466.094647,0.5397815229090311,0.08004631616666066,0.6262137852858084,-0.06996384219765509,0.07225736377483488,0.994828219369091,-0.01416856069530214
1742955466.0996263,0.5398158590922237,0.08007593621466541,0.6262015530948278,-0.06982658703653906,0.07223914781526239,0.9948400834487594,-0.014105375904909543
1742955466.104691,0.5398548328174426,0.08010539006000739,0.6261851316372096,-0.06967426936218654,0.07222235819062779,0.9948529390634451,-0.014037692226836988
1742955466.1097429,0.5398989406146077,0.08013270378788798,0.6261658185851449,-0.06950679089581818,0.07220851649975729,0.9948666460388794,-0.013967561119261495
1742955466.1146147,0.5399445334564025,0.08015821799774545,0.6261429538241721,-0.06933857066183997,0.07219688483767119,0.9948802083954662,-0.013897603437385603
1742955466.1195974,0.5399923188745019,0.0801817328281496,0.6261162476980169,-0.06916834593522518,0.07218767306635418,0.9948937017992164,-0.013827577448780088
1742955466.1245406,0.5400464127316572,0.08020293832945774,0.6260845157515448,-0.06897964445133578,0.07218155113248055,0.9949082479916618,-0.013755377335373636
1742955466.1295984,0.5401071728452097,0.08022272175935274,0.6260479314478471,-0.0687661469239181,0.07217771323128952,0.9949243572291124,-0.013679113354942613
1742955466.1346478,0.5401722108611183,0.08023977391215224,0.6260066820595762,-0.06853958961688712,0.07217675117548411,0.9949411224288982,-0.01360162287468447
1742955466.1396022,0.5402376223358913,0.08025376193298442,0.6259613269812866,-0.06831593719415706,0.07217865341742434,0.994957378438083,-0.013527372536772915
1742955466.144633,0.5403075262965189,0.08026632055763545,0.6259105517604153,-0.06807702237969765,0.07218219290912833,0.9949745021994038,-0.013453253279119191
1742955466.1495507,0.5403820783495102,0.08027761208294068,0.6258514343445891,-0.06782227456525329,0.07218751106574023,0.9949925084021679,-0.013379482145843117
1742955466.1545517,0.5404593978242161,0.08028683650147536,0.6257884539705023,-0.06756127672969253,0.07219478026202848,0.9950106852675551,-0.01330878630686555
1742955466.159539,0.5405417214754924,0.08029651553360001,0.625718411667346,-0.06728702716023008,0.07220151266074386,0.9950297217844004,-0.013238214044866591
1742955466.1646829,0.5406319820399607,0.08030553499059637,0.6256402015879634,-0.0669916300732905,0.07220998376161468,0.9950499986725613,-0.013165860663345458
1742955466.1695917,0.5407254791309988,0.08031195942012051,0.6255542121174669,-0.06669401608641498,0.07222160156635146,0.9950700711608471,-0.013095875892923117
1742955466.1746168,0.5408265080735762,0.08031790075301895,0.6254617347151258,-0.06638022688587314,0.07223516673345665,0.9950910103470682,-0.01302410426941972
1742955466.1795793,0.5409322456209771,0.08032184666636989,0.6253604792141075,-0.06606113987940274,0.07225170155661699,0.99511197401761,-0.01295286017770659
1742955466.1846046,0.5410475719280545,0.08032204171092297,0.6252495184393793,-0.0657260495110214,0.0722735442159323,0.9951335128441349,-0.012880715687982944
1742955466.1896517,0.5411703941043132,0.08031819893872671,0.6251351324927346,-0.06537501779563848,0.07230118688464993,0.9951555788960391,-0.012806998687450721
1742955466.1946254,0.5412969837628907,0.08031285550461394,0.6250107222464166,-0.06502304744598052,0.07233100507212271,0.9951774115572,-0.012733755628479181
1742955466.1995814,0.5414298867687518,0.0803049706089945,0.6248804300473952,-0.06466274171060922,0.07236469893772604,0.9951993813175091,-0.01265984231207071
1742955466.2045615,0.5415696489656604,0.08029595837321919,0.6247460529594594,-0.06428634292660435,0.0724010761445633,0.9952220885312248,-0.012583512457932485
1742955466.2095957,0.5417113928682488,0.08028658325100343,0.6246058798309934,-0.06391513472036063,0.07243844555998183,0.9952442151221783,-0.012509173608635776
1742955466.2146738,0.5418589346852118,0.08027982737699696,0.6244578707120129,-0.06353328924867821,0.07247434632516102,0.9952670091248325,-0.012432651756367359
1742955466.2195857,0.5420066456201991,0.08027229407910402,0.6243086636174227,-0.06315744876838018,0.07251124686226718,0.9952891715309441,-0.012358024793463734
1742955466.2246478,0.5421611123618626,0.0802617823538225,0.6241519234741694,-0.06277331998480846,0.07255264774016444,0.9953113816377429,-0.012283207494132574
1742955466.2297258,0.5423161279902646,0.08024750054081439,0.6239904837884988,-0.062396275593674055,0.07259816100027609,0.995332656632566,-0.012211242859544284
1742955466.2345815,0.5424740799865074,0.08022927229343893,0.623826404121348,-0.06201930810534367,0.07264885035000827,0.9953533773324353,-0.012141013049627261
1742955466.2396169,0.5426292955089873,0.08020717196196411,0.6236618468531443,-0.06165772782535034,0.07270347799088507,0.9953726450656251,-0.012075857837240266
1742955466.2445838,0.5427897531083526,0.08018273776196282,0.6234908206406689,-0.06129080790320463,0.07276196828151156,0.9953918093713991,-0.012011605833734538
1742955466.2495959,0.5429484004548345,0.08015686123483722,0.6233159863733505,-0.06093839263000163,0.0728217103019879,0.9954098040811221,-0.011951265688089538
1742955466.2545967,0.5431066192499724,0.08012937181968739,0.6231370697036137,-0.060597110169116036,0.07288322348961235,0.9954268205148686,-0.011894157077097438
1742955466.2596102,0.5432700467368135,0.08010233108930746,0.62294627573573,-0.06025883401873808,0.0729450201634306,0.995443503836734,-0.0118375514911328
1742955466.2645838,0.5434326178455441,0.08007380650371243,0.6227482656912924,-0.05994656393006739,0.07300784718444742,0.9954583454843557,-0.011787541220281071
1742955466.2696862,0.5436005617889685,0.08004672601486151,0.6225468790792617,-0.05962981288709921,0.07307001104348412,0.9954734158895213,-0.011736147511118058
1742955466.2746139,0.543767011174221,0.08001936138565324,0.6223473056128532,-0.059331326361133356,0.07313183105286533,0.9954872693984593,-0.011688689605052252
1742955466.279553,0.5439368349724735,0.07999302252867273,0.6221443114805472,-0.0590313120563222,0.07319295537278893,0.9955011759832825,-0.011640622689868731
1742955466.2846572,0.5441070043642791,0.07996647201411972,0.62194116587243,-0.05874125895881754,0.07325411639244146,0.9955143703967044,-0.011594708325305661
1742955466.2895944,0.5442776733884168,0.0799402349894131,0.6217300401408474,-0.05846641691617448,0.07331491842443791,0.9955265669482196,-0.011552286773368652
1742955466.2946036,0.5444438600130044,0.07991488762639953,0.621518716300236,-0.05820773981814062,0.07337359985226134,0.9955378614332536,-0.011512615814307233
1742955466.299658,0.5446103018329288,0.0798889811702394,0.621311824139145,-0.057941651019228824,0.07343278387559665,0.9955495005971028,-0.011470971637359266
1742955466.30463,0.5447747209486536,0.07986128390011286,0.6211069443724707,-0.05768448995915529,0.07349308205346353,0.9955604394490345,-0.011431444024279942
1742955466.3095758,0.5449396992938531,0.07982948790647473,0.620896710102956,-0.05743572546084089,0.07355789655396218,0.9955704535684727,-0.011394967170165884
1742955466.3145878,0.5451075701215958,0.07979623291895957,0.6206804678318114,-0.05720021378086444,0.07362470181943544,0.995579448008517,-0.011362285354589994
1742955466.3195627,0.5452786196491958,0.07976606267694475,0.620463768777323,-0.056960413656564755,0.07368889836827426,0.9955888323568969,-0.0113284782549983
1742955466.3246508,0.5454521256746984,0.07973670148746616,0.6202492674985498,-0.05671872300905331,0.07375303173283473,0.9955982631316803,-0.01129492008025487
1742955466.329589,0.5456286967018479,0.07970686588158336,0.6200283266876695,-0.05648177989224564,0.07381843579597962,0.9956072427559829,-0.011263447459285569
1742955466.3346114,0.5458102507677719,0.07967601389228851,0.6198003827441939,-0.05625105388657609,0.07388558923766322,0.9956156591104801,-0.011233787146692391
1742955466.3396032,0.54599184633316,0.07964373637204396,0.6195653221129107,-0.0560422185265757,0.07395412453488567,0.9956226204922478,-0.01120958389270598
1742955466.3446126,0.5461778133214572,0.0796097947813712,0.6193248895879624,-0.0558355356664053,0.07402509610921158,0.9956292172692202,-0.011186591203201895
1742955466.3495865,0.5463658883718934,0.07957460851405607,0.6190800440808348,-0.05563986553854885,0.0740974810213726,0.9956350115895128,-0.011166573614595856
1742955466.3545732,0.5465586611667033,0.079536778110962,0.6188321186869206,-0.05545010871184572,0.07417311082787348,0.9956401721832623,-0.011148211015427241
1742955466.3596117,0.546751548698676,0.0794962343452596,0.6185894560760842,-0.05526313091276177,0.07425116833292957,0.9956449472064858,-0.011130564455949331
1742955466.3645427,0.5469419787459219,0.07945592931458395,0.6183433363347677,-0.055094452724227645,0.07432799787594026,0.9956487206006421,-0.011116437247459103
1742955466.3696098,0.5471361013750637,0.07941821019404564,0.6180947253405473,-0.05492777602954656,0.0744026005163526,0.995652523819661,-0.01110154351392359
1742955466.3746252,0.5473281288028382,0.07938377934335422,0.6178482474970135,-0.054767121253885734,0.07447302480756739,0.9956562713688999,-0.011086942290513734
1742955466.3796098,0.5475189183200244,0.07935118248198962,0.6176006168837463,-0.05462160542432606,0.07454133114723534,0.9956592824901553,-0.011075349333378129
1742955466.3846223,0.5477094847391263,0.0793209210383684,0.6173551710922744,-0.05448240395452785,0.0746069312201635,0.9956621158646931,-0.011064560772476287
1742955466.389567,0.5478962161908786,0.07929131432675753,0.6171157334763466,-0.05435193295942746,0.07467132328007797,0.9956645178394619,-0.01105571249119789
1742955466.3945785,0.54808599839923,0.07926168890490928,0.616873723602089,-0.05422872262901818,0.07473631344268826,0.9956664365597597,-0.01104881004503255
1742955466.3996205,0.5482763862420157,0.079233749346134,0.6166330986854932,-0.05410387733715433,0.07479951074234652,0.9956685649963477,-0.011041391574687982
1742955466.4045844,0.5484622980359163,0.07920471932091797,0.6164031779835889,-0.05399157387947669,0.07486336765411108,0.9956699076671074,-0.011037259608990031
1742955466.4097462,0.548649572532642,0.07917620617919591,0.6161685237685058,-0.05388810853860344,0.0749269946776664,0.9956707486932066,-0.011035280848900467
1742955466.4146578,0.5488344413558107,0.07914906803919552,0.6159348157958281,-0.053792607607062545,0.07498851996112277,0.9956712892707715,-0.011034535003913937
1742955466.4196508,0.5490212446297088,0.07912286616188144,0.615689694012324,-0.053717741373971,0.07504902733231256,0.9956707339396185,-0.01103799503055756
1742955466.4246297,0.5492086805524848,0.0790975394945585,0.6154380654374353,-0.0536576268014147,0.0751084973908143,0.9956694258693688,-0.011043871363595342
1742955466.429625,0.5493946803519754,0.07907284765972958,0.6151916321856135,-0.05359178648209953,0.07516676827183548,0.9956685267156483,-0.011048179810075989
1742955466.4346707,0.5495783724205195,0.07904737648425694,0.6149503828737578,-0.05352787794717362,0.07522524886586508,0.995667497168603,-0.011052750678042657
1742955466.439687,0.5497557161312565,0.07902432322761774,0.6147099828706845,-0.05348268360565488,0.07527988280811661,0.9956657137248522,-0.011060212995884229
1742955466.4446614,0.5499337422035715,0.0790047631671015,0.6144662409126989,-0.05343919563434961,0.07533061523520188,0.9956641395115587,-0.011066709942299215
1742955466.4497178,0.5501140474275583,0.07898977554990966,0.6142113463386437,-0.05340920691109077,0.07537668087124653,0.9956621774772625,-0.011074336964304526
1742955466.454566,0.5502888920369545,0.0789780192280795,0.613960584674808,-0.05338863050854794,0.075418372105563,0.9956600305296883,-0.011082729221124559
1742955466.459549,0.5504620917984445,0.07896745037835885,0.6137138287069969,-0.053364631713154406,0.07545837817913166,0.9956582039335504,-0.011090093981166203
1742955466.4645648,0.5506369375225133,0.07895787167221312,0.6134656700319369,-0.05333503680116526,0.0754976770374715,0.9956567461287076,-0.01109587760198945
1742955466.4696653,0.5508140559746901,0.07895049836334644,0.6132168879240417,-0.05329635764195078,0.07553474337524663,0.9956559734702377,-0.011098797158709548
1742955466.4745767,0.5509883727061754,0.0789438124699258,0.6129689206164041,-0.05327029381894226,0.07557045170674424,0.9956545996068291,-0.011104094156983178
1742955466.4796767,0.5511567829975073,0.07893718057222214,0.6127336898078509,-0.05324029191372046,0.07560508943926819,0.9956535289458002,-0.011108198125569468
1742955466.4846334,0.5513280763629895,0.07892999595113293,0.612493937891262,-0.05320564998189656,0.07564084059059428,0.9956526280331387,-0.011111540642798087
1742955466.4896142,0.5515030094298027,0.07892596122342238,0.6122436079901911,-0.05317299919555878,0.07567370417821297,0.9956518457001395,-0.011114171422243626
1742955466.494617,0.5516781585788436,0.07892384854947164,0.6119889141774981,-0.05315133827804804,0.07570452376950104,0.9956506080944957,-0.011118764371395234
1742955466.499584,0.5518526677880348,0.07892421971137041,0.6117336406789288,-0.05313446415703527,0.07573214483498944,0.9956493576031269,-0.011123293663191723
1742955466.5045948,0.5520260410441057,0.07892601368657699,0.6114880076326207,-0.05309541790495546,0.0757582533875241,0.9956494664016164,-0.011122216296506055
1742955466.5096045,0.5522076609396176,0.07893128171167013,0.6112332804387037,-0.05304183254755716,0.07578165882532173,0.9956506024644662,-0.01111674402983534
1742955466.5145998,0.5523902565863325,0.07893599740505691,0.6109717980925911,-0.053002249228200404,0.0758055227459503,0.9956509255515379,-0.011113898790739556
1742955466.5195868,0.5525752026587896,0.07894035104782024,0.6107119533687174,-0.052956206293139935,0.07582987182126451,0.9956515704220634,-0.011109503620226571
1742955466.5246272,0.5527614050331381,0.07894518413811677,0.6104611690216195,-0.05288873656295286,0.07585401500282672,0.9956534203901463,-0.011100289101114755
1742955466.5296466,0.552945484273853,0.07895249473949102,0.6102145995409456,-0.052808935287407224,0.07587507374687076,0.9956561970808271,-0.01108723375160072
1742955466.5346289,0.5531322363045343,0.07896153172433845,0.6099533849339831,-0.05274673699708691,0.07589471063803518,0.9956581067422543,-0.011077414488902456
1742955466.5396354,0.5533219695401183,0.07897186740212522,0.6096899307366663,-0.05267695647849653,0.07591304954469191,0.9956605362887759,-0.011065425528867282
1742955466.5446126,0.5535140252249,0.07898383658881677,0.6094334399754398,-0.05258313306910246,0.07593001959049256,0.9956644032477597,-0.011047277805273398
1742955466.5496385,0.5537004901679956,0.07899491550427817,0.6091917907736312,-0.05248005287414289,0.07594690697765566,0.9956687779734004,-0.011027054901930232
1742955466.5546303,0.5538859086911995,0.07900682515425173,0.608955242152654,-0.052368936551863025,0.07596274197278524,0.9956736716539726,-0.011004357841334708
1742955466.559605,0.5540789405458457,0.07901967118211038,0.608702402837324,-0.05225501074064125,0.0759785832567073,0.9956787073426924,-0.010980914496719995
1742955466.5645745,0.5542735105020251,0.07903467278805505,0.608443893797051,-0.05214390016610191,0.0759923028761984,0.9956837482929044,-0.010957050900309219
1742955466.5696025,0.5544679962585636,0.07905230521778862,0.6081909619157123,-0.052023599236750505,0.07600312566244322,0.9956895082669394,-0.010930376898051706
1742955466.574617,0.5546651766036181,0.07907122190609425,0.6079385483333595,-0.05188651901580691,0.07601298999987742,0.9956962482928915,-0.010899340859041767
1742955466.5796044,0.5548627444035907,0.07909094169127563,0.6076833477667388,-0.051751469838339025,0.07602202822527904,0.9957029234621892,-0.010868523493834381
1742955466.5846896,0.5550662928430802,0.07911081834415093,0.6074216240345635,-0.05161084594290875,0.07603175620078237,0.9957098337850899,-0.010836029427372048
1742955466.5897233,0.555270005055399,0.07913133319173393,0.6071597277015648,-0.05147051301888211,0.07604061765606025,0.9957167796364319,-0.010803032283171225
1742955466.5947096,0.5554752395676598,0.07915111104409298,0.6068986873211065,-0.051325157520117584,0.07605016183896397,0.9957239220237799,-0.010769038925735911
1742955466.5996966,0.5556858187756025,0.07917013534849815,0.6066316020542127,-0.05117382549156109,0.07606133665543816,0.9957312378975647,-0.010733802948198659
1742955466.6045642,0.5558978195396305,0.07918991808962642,0.606357978251941,-0.0510252963909729,0.07607180685783461,0.995738437381268,-0.010698768672531033
1742955466.6099334,0.5561105922646926,0.07921112064142129,0.6060826687117538,-0.05087893534894667,0.07608101244105081,0.9957455944800531,-0.01066417166347518
1742955466.6146812,0.5563204870492887,0.07923460472986248,0.6058119604466219,-0.05073052009312759,0.0760874740690664,0.9957530535578839,-0.010628591205805976
1742955466.6197188,0.5565304172695654,0.07925991667341506,0.6055408600755097,-0.05058234691215208,0.07609222999420555,0.9957606115635343,-0.010592599963356472
1742955466.624586,0.5567420133838111,0.07928660462131512,0.6052771818595524,-0.05041373699981538,0.0760958032988947,0.9957693171507492,-0.01055229184301085
1742955466.6295996,0.5569481578325205,0.07931344532053476,0.6050224553654515,-0.05024497267113534,0.07609886511122961,0.9957780407789941,-0.010511848191808342
1742955466.6347446,0.5571511402125758,0.07933989835368867,0.6047697052031937,-0.05008185346261154,0.07610170011367955,0.9957864518483897,-0.010472894000793641
1742955466.6395633,0.5573533736890122,0.07936684575065568,0.6045132484338874,-0.04992412589379347,0.07610393931794253,0.9957946025277185,-0.010434637065795716
1742955466.6446447,0.5575547939438579,0.0793939717753994,0.604245673827742,-0.049791876502246965,0.07610589072071625,0.9958014148859051,-0.01040214128056717
1742955466.6496458,0.5577538728583774,0.079422360374423,0.603985124907798,-0.049653742669834,0.07610623100077966,0.995808639653974,-0.01036825116572746
1742955466.654687,0.557948786344638,0.07945133885173186,0.6037368090488634,-0.049508754633663846,0.07610545216028206,0.9958162868241924,-0.010332776092631786
1742955466.6595917,0.5581397342082332,0.07948049530765558,0.6034965077741036,-0.04937017863750422,0.07610373379924507,0.9958236544986204,-0.010298364148096855
1742955466.6646628,0.5583304932178358,0.07950947579878,0.6032555278884981,-0.049234629261145295,0.07610235886692239,0.9958308169092932,-0.010264811258739731
1742955466.6696048,0.5585231742061101,0.07953904384389308,0.603001326130794,-0.04911188650250486,0.07610061365538137,0.9958373335356699,-0.0102334911934493
1742955466.6749334,0.5587115313819635,0.07956780578044835,0.6027472321087407,-0.049006474947649134,0.07609888544179937,0.9958429396053899,-0.0102061102197231
1742955466.6795952,0.5588990007029571,0.07959525875411007,0.6024978613606536,-0.04889112111012567,0.07609845510699567,0.995848937630052,-0.010177270165449294
1742955466.6846366,0.5590819835839277,0.07962120297956457,0.6022515636323099,-0.04878317642378497,0.0760990027931637,0.9958544607522825,-0.010150688236407785
1742955466.6897717,0.5592630524128512,0.0796469809463383,0.6020060447704378,-0.04868408552441913,0.07609928033724903,0.995859539457711,-0.010126056482150318
1742955466.694578,0.5594443208924763,0.07967333898629902,0.6017635766520618,-0.04858011538502769,0.07609910341223444,0.99586489428335,-0.010100058566348189
1742955466.699701,0.5596194033298757,0.07969933556113815,0.6015325034940798,-0.048470830124530156,0.07609840414406582,0.9958705510259522,-0.010072592170426648
1742955466.704819,0.5597881860932911,0.07972400339077029,0.6013079280175082,-0.048368101893836515,0.07609817022720683,0.9958758255151838,-0.010046659231296039
1742955466.7096062,0.5599564005780686,0.07974884772531973,0.6010745700018304,-0.04827725535634192,0.07609753532097799,0.995880516571697,-0.010023394944881744
1742955466.7145956,0.5601231241840682,0.07977260090040862,0.600845140749575,-0.048181914524793305,0.07609772846490068,0.9958853562106732,-0.00999980601553452
1742955466.719729,0.5602857497408288,0.07979535097649329,0.6006167445936059,-0.04810094568087025,0.07609835949947483,0.9958894224433565,-0.009979828231603892
1742955466.7245965,0.5604445721102854,0.0798179205040906,0.6003946366812666,-0.04802131885177464,0.07609852917107857,0.9958934505806106,-0.00996001427606709
1742955466.72969,0.5605996548868123,0.0798395200807848,0.6001798535126402,-0.04793653282001271,0.07609914316056123,0.9958976969232648,-0.009939139518154623
1742955466.7346954,0.5607543216892162,0.07986041012063728,0.5999564166821356,-0.04787247150249732,0.07610032934276074,0.9959008492293877,-0.009922945648864668
1742955466.7396116,0.5609073069759395,0.07988098386896347,0.5997270768454495,-0.0478319083428869,0.0761013727898168,0.9959028283772845,-0.009911913735911507
1742955466.744589,0.561060034075411,0.07990089699755905,0.599499562735451,-0.04779308104220926,0.07610305987628536,0.9959046699981423,-0.009901209918519518
1742955466.749555,0.5612113118699358,0.07991935305977008,0.5992747887403066,-0.04775200566566727,0.07610589164727502,0.9959065325748503,-0.009890277357994073
1742955466.7546775,0.5613547638584768,0.0799357848203207,0.5990628021183999,-0.04771382455145604,0.07610946200605209,0.9959081919316112,-0.009879978913500469
1742955466.7596593,0.5614937677394573,0.0799510298608554,0.598849193076008,-0.04769296982223795,0.07611350293137806,0.9959089447801772,-0.009873652205959172
1742955466.764555,0.5616334375223214,0.07996758126073578,0.598622268743244,-0.047697901885520796,0.07611607088828716,0.9959085207197576,-0.009872804365158997
1742955466.7699258,0.5617710185966183,0.07998463649203402,0.5983968038371945,-0.0477093569326306,0.07611799661255989,0.9959078178501527,-0.0098735098983249
1742955466.774578,0.5619034818137464,0.0800017809491034,0.5981825006389204,-0.04771598285197743,0.07611923855394191,0.995907407342811,-0.009873322751644795
1742955466.7795835,0.5620266689167172,0.08001819031850133,0.5979791785040416,-0.047732034634216096,0.07611987593607397,0.9959065727781438,-0.009875001490961734
1742955466.7845767,0.5621433256245164,0.08003334650585392,0.5977864560841925,-0.04774847375122471,0.0761208528121357,0.9959056887690484,-0.009877150349623888
1742955466.7895777,0.562257392944369,0.08004789756496877,0.5975923631406929,-0.04777293839369339,0.07612203482895769,0.9959043871856548,-0.009880979460408534
1742955466.7945826,0.5623720673552907,0.08006197692916489,0.5973934687905821,-0.04780626679422928,0.07612362013993798,0.995902609749784,-0.00988671864466879
1742955466.7996104,0.5624885477398256,0.08007545400860963,0.5971971945059056,-0.04783090434359835,0.07612601634241055,0.9959012051078838,-0.00989059604742722
1742955466.8046134,0.5626032795438597,0.08008776033117919,0.5970064612978162,-0.047846554928853494,0.07612926356651487,0.9959001855939703,-0.009892560040544625
1742955466.8096132,0.5627152149117617,0.08009951115221228,0.5968203342087123,-0.04786256032572375,0.07613269116834823,0.9958991357698611,-0.009894444268128829
1742955466.8146122,0.5628228726355828,0.08011050901303882,0.596634580129486,-0.04789430253126636,0.07613598989968967,0.9958973037039377,-0.009899863749812977
1742955466.8196104,0.5629289957086132,0.08012154344594152,0.5964472206449006,-0.04793671878016118,0.07613918666512194,0.9958949415929628,-0.009907600926303512
1742955466.824584,0.5630354850239243,0.08013228482776402,0.5962566569026261,-0.047985610520287304,0.07614261457217451,0.9958922317976147,-0.009916958922712191
1742955466.8295772,0.5631445582800959,0.08014174163951945,0.5960617993497649,-0.048035543586326716,0.07614747680172158,0.9958893568126977,-0.009926596410082476
1742955466.8345869,0.5632542697885634,0.08014961207513925,0.5958694573250114,-0.04807658720531921,0.0761539230921646,0.9958868093137019,-0.009934022112745775
1742955466.839607,0.5633639165303314,0.0801563175607223,0.5956809522388462,-0.0481083300431453,0.07616126607882419,0.9958846609626255,-0.009939425993830912
1742955466.8445919,0.5634749365764148,0.08016144560041824,0.5954913314232642,-0.04813793160635379,0.07617031968511057,0.9958824884467158,-0.009944402692323847
1742955466.8496172,0.5635858877630756,0.0801668748604922,0.5953003116877159,-0.048171033386362354,0.07617907265884034,0.9958801620754835,-0.009950035971685556
1742955466.8546817,0.5636938658876601,0.08017218939674661,0.5951105400323146,-0.0482124147034504,0.07618738820833915,0.9958774479607609,-0.009957589548494957
1742955466.8596516,0.5637993302416185,0.08017765304174969,0.5949202926981443,-0.04826550739966164,0.07619527024061205,0.9958741700990072,-0.009967894362753209
1742955466.8648083,0.5639045416259538,0.08018345278732433,0.5947350239390997,-0.04830617300704277,0.07620279569749724,0.9958715492360911,-0.009975219266110516
1742955466.869579,0.5640093879406834,0.08018817312724116,0.594556585414459,-0.04833047217413506,0.0762115941075731,0.9958696568337144,-0.009979227470487228
1742955466.8745944,0.5641172342026773,0.08019180341278258,0.5943792722564761,-0.04834031683626277,0.0762218404581415,0.9958683842886813,-0.009980279534903153
1742955466.8795767,0.5642304852016748,0.08019466107515913,0.5941974111163842,-0.048339680317666035,0.07623346121597674,0.995867537333664,-0.009979117335798713
1742955466.884566,0.5643447377606999,0.08019711457435467,0.5940195688265255,-0.048324640160859515,0.07624581952960476,0.9958673647475915,-0.009974767579750882
1742955466.889671,0.5644559326674641,0.08019900325280953,0.5938470352494714,-0.048308681836647965,0.07625820729894656,0.9958672369320533,-0.009970129591642542
1742955466.8946025,0.5645666512811028,0.08020026203963301,0.5936712177568093,-0.04830303225908724,0.07627095135722399,0.995866556995097,-0.009967934207897093
1742955466.8997006,0.5646800932545686,0.08020094533941391,0.5934926315179346,-0.048292630823733564,0.0762847164219575,0.9958660386726453,-0.009964781332153021
1742955466.9045994,0.5647982795809109,0.0802008219611131,0.5933093563534518,-0.04827232309956875,0.07629995644905506,0.995865906291665,-0.009959726618923609
1742955466.90976,0.5649229604615706,0.08020045886746041,0.5931165657990682,-0.0482453331951739,0.07631639482967212,0.995866018886116,-0.009953297594584945
1742955466.9147394,0.5650508695450773,0.08019872795519044,0.5929198602200828,-0.04822121677344991,0.0763347605966967,0.99586583062875,-0.009948163832734927
1742955466.9195669,0.5651751411385167,0.08019431751049673,0.5927282403176617,-0.04820163491365043,0.07635539484732966,0.9958652283611393,-0.009944999274782646
1742955466.9246109,0.5652971769917962,0.08018873602554147,0.5925408476658883,-0.048180401115220484,0.07637708692314568,0.9958646212894084,-0.009942112733910996
1742955466.9297054,0.5654225411110615,0.08018314330005757,0.5923511558986524,-0.04815088454740584,0.07639932000719717,0.9958643870570287,-0.009937746790331135
1742955466.9346435,0.5655536472649277,0.08017797029622907,0.5921589471129507,-0.04810261710567896,0.07642216672549469,0.9958650504366525,-0.009929349393023314
1742955466.9395864,0.5656866440788033,0.08017282948474878,0.5919656271870634,-0.04804647497649917,0.07644529227643235,0.9958660832534767,-0.009919564329288309
1742955466.9446084,0.5658199176285847,0.08016665825392888,0.5917711663458345,-0.04799568050924105,0.07646956201450807,0.9958667521374232,-0.009911242355253274
1742955466.9496598,0.5659538509342302,0.0801592516612226,0.5915747880483405,-0.04794719608478204,0.07649510205007307,0.9958672011713572,-0.009903705421911874
1742955466.954578,0.5660867537584421,0.08014956137314334,0.5913855050196798,-0.047885996949605825,0.0765227731450346,0.99586811554978,-0.009894084983756466
1742955466.959622,0.5662232729768757,0.08013964616068366,0.5911986442104163,-0.047803791274254916,0.0765513870631987,0.9958700075270113,-0.009879817136887185
1742955466.964597,0.5663613976716969,0.08012920466057004,0.5910110669443839,-0.047716671138073694,0.0765808176884639,0.9958720692711341,-0.009865054652494336
1742955466.9695685,0.5665019724056577,0.08011835856525902,0.5908207463824209,-0.04762621205100136,0.07661124633633568,0.9958742065007555,-0.009850161773136823
1742955466.9745266,0.5666483027169571,0.08010700443785597,0.5906269167328724,-0.04752096769038986,0.0766432334433302,0.9958769452954492,-0.00983271204322413
1742955466.9795587,0.5668004604747896,0.08009621362129962,0.5904299991419325,-0.04739903230396556,0.07667551671692234,0.9958804794390368,-0.009811602576279428
1742955466.9846358,0.5669517324091783,0.08008336427125883,0.5902352198969443,-0.04727645276858007,0.07670963301804135,0.9958838851095093,-0.009790638132796159
1742955466.989577,0.5671030077885306,0.08006699534217082,0.5900451698592153,-0.04714266453696676,0.07674721530175686,0.9958875514557217,-0.009768263884024615
1742955466.994638,0.5672572562676986,0.08004795299513416,0.5898505173695336,-0.0470064386066336,0.07678786169314959,0.9958910771800533,-0.009745841126734898
1742955466.9995599,0.5674159473223623,0.08002719186849512,0.5896456750878323,-0.04687243319013022,0.07683081733694598,0.995894289134801,-0.009724473397721537
1742955467.0045533,0.5675750356019355,0.08000468937628297,0.5894420165189116,-0.04673985437464497,0.07687534464017981,0.9958972878284315,-0.009703581579238734
1742955467.0095563,0.5677360650714222,0.07998159074346589,0.5892409389546451,-0.04659633096080755,0.07692062932869416,0.9959007442460402,-0.009680203244337509
1742955467.0145905,0.567898006302669,0.07995709180740496,0.5890395702052433,-0.04645023381761548,0.07696751412213418,0.9959041723137962,-0.009656972409639012
1742955467.0195537,0.5680554641253407,0.07993269879843971,0.5888456542550888,-0.046303475145607544,0.07701370256495957,0.9959076613645643,-0.00963368268319209
1742955467.02461,0.5682118109010418,0.07990846727008041,0.5886524353910223,-0.046155086553546984,0.07705955714677351,0.9959112326459402,-0.00960985573366521
1742955467.0295835,0.5683685493496204,0.07988389072049566,0.5884467879179729,-0.046021590459148366,0.07710596389608747,0.9959140106154141,-0.009589942814564564
1742955467.0346086,0.568522330464479,0.07985791354670578,0.5882436900672451,-0.04589881990520808,0.07715336789461419,0.9959161684711445,-0.009572958350613708
1742955467.0395858,0.5686777663137208,0.07982952828558804,0.588052957598314,-0.04575390005896926,0.07720348873444807,0.9959191574372498,-0.009551638922320173
1742955467.044697,0.5688335638925132,0.07979857463751883,0.587864910730054,-0.045601184232385066,0.07725581531697241,0.9959223210423475,-0.009528979270488222
1742955467.0497396,0.5689844934001306,0.07976357648832931,0.5876820185365488,-0.045458157048137014,0.07731163031116628,0.9959247143902097,-0.009509523815411407
1742955467.05463,0.5691338662210966,0.07972642381588002,0.5875014907993853,-0.0453131602348203,0.07736917480651363,0.9959270399129663,-0.009489966780207224
1742955467.0596845,0.5692822185462685,0.07968738651331468,0.5873137130478416,-0.04517926039014848,0.07742821734254499,0.9959286957995936,-0.009473039252285237
1742955467.064642,0.5694287492435472,0.0796476264553538,0.5871145490527953,-0.045071976174437894,0.07748735740558768,0.9959290633329596,-0.009461882199826997
1742955467.0697124,0.5695763100509003,0.07960309814570656,0.58691816256691,-0.04496839141143431,0.07755142412892803,0.9959288432491208,-0.009453019301332886
1742955467.0746887,0.5697233483416333,0.07955781713691468,0.5867302066764816,-0.04485016335957919,0.07761602024666746,0.9959292583757267,-0.009440792279418063
1742955467.079651,0.5698702776378004,0.07951324797918878,0.5865462074020071,-0.04472867206633472,0.07768007367819094,0.995929849935996,-0.009427940124849024
1742955467.0845883,0.5700119997128307,0.07946631300576411,0.5863650485238544,-0.04462158151386487,0.0777450646520876,0.9959296804896238,-0.009417584896353103
1742955467.0897381,0.5701514979905644,0.07941754683983794,0.586184858572647,-0.04451848249854638,0.07781099745987287,0.9959292423681545,-0.00940731557459846
1742955467.0945466,0.5702930994594924,0.07936596326165588,0.5859958588195816,-0.04441539705025293,0.07787969751733122,0.9959285753566647,-0.00939670194917358
1742955467.099601,0.5704343012682528,0.07931230752609858,0.5858003590414853,-0.04432667150373027,0.07794959512562506,0.995927133378191,-0.00938891975950625
1742955467.1045284,0.5705726556277926,0.0792547386543442,0.5856103194741383,-0.0442441084836175,0.07802242205476953,0.9959251649756863,-0.009382232642037629
1742955467.1095502,0.570711432179998,0.07919468597071858,0.5854286389640422,-0.04414688584548201,0.07809773443703728,0.99592366367049,-0.009372965757789505
1742955467.1145616,0.5708539059872403,0.07913311732700129,0.5852441244487209,-0.04403458470662679,0.0781747358775261,0.9959227127307654,-0.009360357214731944
1742955467.1195598,0.5709940164977679,0.07907225433114896,0.5850554068677272,-0.043932904468571454,0.0782508571895153,0.9959213208625036,-0.009350182113075306
1742955467.1245883,0.5711324200523951,0.07900998611532933,0.5848618172383303,-0.04384586248997723,0.07832844069919402,0.9959191107599061,-0.009344546181637436
1742955467.1295578,0.5712705571246235,0.07894680510524243,0.584668689631049,-0.043755965901288475,0.0784070998289054,0.9959169259754187,-0.009339095252637073
1742955467.1345725,0.5714121575493734,0.07888087326185575,0.5844735903191672,-0.0436592509740232,0.07848911928484184,0.9959147625983927,-0.009333466497733952
1742955467.1395576,0.5715524394920367,0.07881167607507447,0.5842815271904652,-0.043567437553630614,0.07857406615615924,0.9959121191037367,-0.009329819666135768
1742955467.1445322,0.5716902107947373,0.07874071323415839,0.5840929527177289,-0.04348018217856711,0.07866059972234997,0.9959091166729086,-0.009328190436836024
1742955467.149587,0.5718279611167673,0.07866536063148374,0.5839015342869215,-0.04339699132285913,0.07875157364591813,0.9959055477819037,-0.009329024045503629
1742955467.154557,0.5719661157304687,0.0785856540141443,0.5837043485754925,-0.043317943681014416,0.07884689985690217,0.9959014138677155,-0.009332523479183974
1742955467.1596045,0.5720996213425519,0.0785048769859217,0.5835077356364491,-0.04325607909194323,0.07894299721302767,0.9958964160259867,-0.009340415366048007
1742955467.1645415,0.5722313263366243,0.07842144336560146,0.5833130433554657,-0.043201292618460084,0.07904150445618033,0.9958908775152462,-0.009351415470979122
1742955467.1695383,0.5723636432853118,0.07833556151180998,0.5831122320043172,-0.0431534295544888,0.0791426843997983,0.9958847896788043,-0.009364972508418463
1742955467.1745336,0.5724966794065437,0.07825094567984693,0.5829093672460475,-0.04310287286706595,0.07924235150683444,0.9958789340358407,-0.00937767678641284
1742955467.179584,0.5726289059141787,0.07816615622869975,0.5827076471425597,-0.043053543455785256,0.07934190497400596,0.9958730257375514,-0.009389947781053431
1742955467.1845968,0.5727590255724085,0.07808526879973601,0.582502143564152,-0.04301562359596091,0.07943705053794657,0.9958669551892454,-0.009403121321341594
1742955467.1896546,0.572892246748063,0.07800380237997805,0.5822922430553668,-0.0429761340607413,0.07953258333854657,0.9958609223886961,-0.009415059629439152
1742955467.1945407,0.5730262621228628,0.07792020421889397,0.5820874303593241,-0.04292378403723379,0.07962980149206923,0.9958553345495547,-0.00942316971370462
1742955467.1996017,0.5731602482216568,0.07783281438121467,0.5818874955836555,-0.04286532472476654,0.07972960421140679,0.9958498166187842,-0.009428514669167108
1742955467.204537,0.5732950769740203,0.07774174361544066,0.5816834737621102,-0.042813701381643664,0.07983217497095066,0.9958437616367075,-0.009434681905791277
1742955467.209585,0.5734288411889669,0.07764994545937402,0.5814755525560497,-0.042768831319851895,0.0799349334546141,0.9958373781334794,-0.00944191682753559
1742955467.2145603,0.5735643240670942,0.07755660839895753,0.5812612629657969,-0.04271857453123783,0.0800393424443677,0.9958310924923658,-0.009447871535628984
1742955467.2195852,0.5737008064720531,0.07746442767602153,0.5810370045147161,-0.04267479884095012,0.08014226547432113,0.9958246279055323,-0.009454590701676013
1742955467.224533,0.5738371391947151,0.07737250691765536,0.5808106815638128,-0.04263618095317469,0.08024442153641591,0.9958179949366825,-0.009460964343000517
1742955467.2295434,0.5739754159035838,0.07727969247410779,0.5805926942771539,-0.042582516533957594,0.08034764074303265,0.9958119326746506,-0.009464705776780335
1742955467.23463,0.5741164751506904,0.07719008133809438,0.5803806481176046,-0.04250816421244653,0.0804486551739559,0.9958069605192726,-0.009463996901813149
1742955467.239534,0.574259893030148,0.07710477853153744,0.580162948455926,-0.0424310265836621,0.0805458911345515,0.9958024009548783,-0.009462856698560076
1742955467.2446687,0.5744035241428594,0.07701806409878702,0.579942303003629,-0.04235930859582117,0.08064506942262943,0.9957974162412714,-0.009464013964037354
1742955467.2497811,0.5745480868057357,0.07692803491097297,0.5797189778916918,-0.04228801102083105,0.08074801013062236,0.9957920753572611,-0.009467081890728596
1742955467.2546582,0.5746959651210576,0.07683932280167596,0.5794917592612367,-0.042210325704064855,0.0808504308309057,0.9957870334684724,-0.00946996380527139
1742955467.259633,0.574846525378452,0.07674893857914347,0.579259170173294,-0.042128863019983795,0.08095489523253123,0.9957819639589275,-0.009473335876801199
1742955467.264596,0.5749954575278897,0.07665400624634885,0.5790314293254346,-0.04204756657563142,0.08106357660396887,0.9957765173400583,-0.009477668877147603
1742955467.2695994,0.5751517807012558,0.07655586963075256,0.5787983096264402,-0.041949448993267587,0.08117633345481362,0.9957714564220331,-0.009479092316103157
1742955467.274595,0.5753119752731827,0.07645398474352973,0.5785567838554608,-0.0418451918147766,0.08129271879050122,0.9957663474822959,-0.009479188541266436
1742955467.2796407,0.5754701393489109,0.07635195901057644,0.5783118341802811,-0.04175479552688775,0.08140809166816765,0.9957607003618404,-0.009480890061177073
1742955467.2846344,0.575632075863889,0.07625389449874452,0.5780678943651437,-0.04165575246936494,0.08151939466730196,0.9957557708357924,-0.009477944212996456
1742955467.2896137,0.575796880014814,0.07616151141246791,0.5778252540211042,-0.04154557412343114,0.0816246590442912,0.9957518334245293,-0.009469241698580518
1742955467.2946227,0.5759567579345287,0.07607141644931999,0.5775889911741253,-0.04143783407493513,0.08172643798883314,0.9957480744135426,-0.009458728379524606
1742955467.2996151,0.5761166930112797,0.07598785203692181,0.5773490396015365,-0.04133371142400314,0.08182124115028017,0.9957447315319184,-0.009446609072705886
1742955467.3046324,0.5762800997261719,0.07590461395395856,0.5770937982006618,-0.04123327747224899,0.08191603660428216,0.9957412130900885,-0.009434846571175541
1742955467.3095891,0.5764401788762343,0.0758201285100064,0.5768376927028114,-0.04114196512470524,0.0820106229174288,0.9957373088355362,-0.009423811720147307
1742955467.3146517,0.576601580736929,0.07573405425050647,0.5765826705912525,-0.04105383331118412,0.0821063279570917,0.9957331689068311,-0.00941222708078869
1742955467.3195949,0.5767644511310175,0.0756506816368468,0.5763277419028766,-0.040956449585134815,0.08219899067429448,0.9957296743488373,-0.009397382117692222
1742955467.3246694,0.5769221916235034,0.07556958249967204,0.5760780694096896,-0.040859848973518714,0.08228922349768872,0.9957263295856341,-0.009382590683276274
1742955467.329727,0.5770833654342711,0.07549003642436876,0.5758146934167349,-0.04077271945316173,0.08237898786990398,0.995722590301546,-0.009370745386773911
1742955467.3346064,0.57724805141298,0.07540917274766597,0.5755361882445766,-0.04069113308253235,0.0824701616436777,0.9957184771283034,-0.009360471794612985
1742955467.339627,0.5774140238860695,0.07532942281846827,0.5752606748944573,-0.040604755042876584,0.08256073966999054,0.9957146062995099,-0.00934884671305437
1742955467.344608,0.5775811733297603,0.07524923375879669,0.5749877161532269,-0.04051869728674991,0.0826514250454615,0.9957106995524152,-0.009337017991803722
1742955467.3496633,0.5777467539913398,0.07517037314423371,0.5747191447258144,-0.040423560033611784,0.08274043847279361,0.9957073119349048,-0.009322263400325378
1742955467.354718,0.5779156899582079,0.07509173772458232,0.5744418649390484,-0.04033074700114431,0.082828753398165,0.9957038842808487,-0.009306088591137518
1742955467.3596325,0.5780860790166257,0.07501437207184158,0.5741411017750272,-0.04025935374116813,0.08291510152196749,0.995699714798153,-0.009292380040774826
1742955467.364602,0.5782562463533275,0.07493956892710804,0.5738396004360942,-0.04018493429102671,0.08299848748575835,0.9956959232109353,-0.009276348000466868
1742955467.3696945,0.5784271160153063,0.07486470832911762,0.573548733477315,-0.040101705015193466,0.0830819318802585,0.9956924943395318,-0.009257568030537615
1742955467.3746953,0.5785945884984076,0.07479192850633153,0.5732702872080564,-0.04001296675361252,0.08316282464057725,0.9956894991404189,-0.009237336784842603
1742955467.3796272,0.5787604654359846,0.07472556014846646,0.5729898512305077,-0.03992373013044202,0.08323761478392926,0.9956870283282068,-0.00921612046897495
1742955467.3847234,0.578925668714615,0.07466005786753924,0.5726929396808265,-0.03986008610128584,0.08331129266433195,0.9956835674249797,-0.009199761435073749
1742955467.3896184,0.5790905505148469,0.07459591280942857,0.5723875556887064,-0.039800298571456325,0.08338338929412589,0.9956800724038463,-0.00918368342870971
1742955467.394721,0.5792542042501897,0.07453183087080893,0.5720913716246981,-0.039732136600818584,0.0834551313144255,0.995676953937977,-0.009165248235464619
1742955467.3997161,0.5794146799754488,0.07447095961187378,0.571795775497441,-0.03967651465028506,0.08352387618995738,0.9956735490937936,-0.009149859363917627
1742955467.404599,0.5795759592077984,0.07440770715732126,0.5714961935336134,-0.03962540941833938,0.08359498996412926,0.9956697397524656,-0.009136406437075976
1742955467.4097533,0.5797389146390107,0.07434099143552288,0.5711858785565759,-0.039584122017655876,0.08366945859615435,0.9956652209568791,-0.009126157965261823
1742955467.4145496,0.5798987975169003,0.07427182988059483,0.5708733803997745,-0.039562613389445014,0.08374584943297046,0.9956597054799725,-0.009120482886447128
1742955467.419607,0.5800619868608231,0.07420218494774487,0.5705671445243521,-0.03952646971377036,0.08382269789991782,0.9956547601573893,-0.009111096787822584
1742955467.4245813,0.5802282602932533,0.07413217051760458,0.5702560526764194,-0.0394895771733868,0.0838998908321238,0.995649820682601,-0.009100339978782474
1742955467.4296064,0.5803931016348046,0.07406300405218871,0.5699380755991599,-0.03946812884631634,0.08397560815622916,0.9956443685500935,-0.00909150233172234
1742955467.4346457,0.5805587723091009,0.07399466241821231,0.5696115032451646,-0.03945667423395009,0.08405025706386923,0.9956385919099725,-0.00908402143441276
1742955467.4396496,0.5807234392779452,0.0739287299227291,0.5692848085255823,-0.03944338591466938,0.08412259375636195,0.9956330790029287,-0.009076371655920375
1742955467.4446998,0.5808861383680435,0.07386297650202255,0.5689558333217052,-0.03944150863208992,0.08419474703141924,0.9956270977069153,-0.00907161952712299
1742955467.4496589,0.5810467394277079,0.07379894383234667,0.5686239510745323,-0.03945135443980998,0.08426525243167939,0.9956207587102905,-0.009069878204000095
1742955467.4546,0.5812089960320823,0.07373671531319766,0.5683019484706533,-0.039435645646924214,0.08433456832064305,0.9956155751216732,-0.009062947297709067
1742955467.4596887,0.5813726706084925,0.07367331629972484,0.5679822399531871,-0.03941524999606055,0.08440510080617085,0.9956104803845722,-0.009054743179654785
1742955467.464646,0.5815327103207754,0.07360817166534062,0.5676616150605069,-0.03940404574621306,0.08447658232208474,0.9956049192568609,-0.009048368336329719
1742955467.4696355,0.5816947404681024,0.07354170049885157,0.5673272977276215,-0.03940183906125117,0.08454938289937315,0.9955988651106475,-0.009044153930417584
1742955467.4746733,0.5818556412181747,0.07347576563988456,0.5669842549374126,-0.039406570950082424,0.08462157978263479,0.9955925675478219,-0.009041562065425899
1742955467.4796247,0.5820134948741675,0.0734086613301521,0.5666521715049134,-0.03940948198067316,0.0846942864054546,0.9955862966801444,-0.009038608465981849
1742955467.48463,0.5821748299909549,0.0733402506854399,0.5663305424589773,-0.03939636398614695,0.08476850112304792,0.9955805594362647,-0.009032020515765356
1742955467.489717,0.5823381061284727,0.07327199133976493,0.5660055746232923,-0.03937732922400126,0.0848426780181419,0.9955750702410325,-0.009023604848276637
1742955467.4946136,0.5824984326301591,0.07320887456200863,0.5656706415732602,-0.039386583266671146,0.08491162605479993,0.9955688585490728,-0.009020016995750498
1742955467.4996088,0.5826587738751878,0.0731519390327363,0.5653342937973141,-0.039397307828646186,0.08497464524841786,0.9955631005892629,-0.009015239644827843
1742955467.5046184,0.5828179980404881,0.07310013095195944,0.5649996383476729,-0.03940626635370073,0.085032462751626,0.9955578663413781,-0.009008952006606232
1742955467.5096366,0.5829769566927636,0.07304914418288225,0.5646623678641484,-0.039422596797147345,0.08508946695560983,0.9955523931369833,-0.009004109850794964
1742955467.5146756,0.5831362264491816,0.07300000481520784,0.5643245232709174,-0.03944189889620699,0.08514490547712002,0.9955469261796158,-0.008999969837301131
1742955467.5196059,0.5832984449054303,0.0729493097450212,0.5639958576288094,-0.039443655497588014,0.08520244561152764,0.9955420019445617,-0.008992422755663046
1742955467.5246286,0.5834570977866409,0.07289816884296756,0.5636727220818659,-0.039442794726754,0.08526010510712095,0.9955371645029593,-0.00898523870989782
1742955467.5296366,0.5836128800862951,0.07284585714164322,0.5633428622911566,-0.03946103210172403,0.08531803946582991,0.995531496461322,-0.00898324221284566
1742955467.534669,0.5837696098812879,0.07279030208159007,0.5630053319879083,-0.03948518417412829,0.08537884774285406,0.9955253204097307,-0.008983819451693789
1742955467.539802,0.5839265944914618,0.07273053843993299,0.5626631517738004,-0.03951607186180674,0.08544236272259677,0.9955186234210347,-0.008986275028114159
1742955467.5446193,0.5840780018094444,0.0726692205779139,0.5623312803450724,-0.039547664670988636,0.08550570340583669,0.995511909681253,-0.008988580918523281
1742955467.5497217,0.5842310930114505,0.0726119125565682,0.5619983436055134,-0.03957592212644577,0.08556365464856787,0.995505799854039,-0.008989429792386709
1742955467.554685,0.5843876444472194,0.07256205374088405,0.5616540901004469,-0.03960689154203707,0.08561045986069074,0.9955005400457215,-0.008989887290459672
1742955467.5596125,0.5845425666241647,0.07251481705467065,0.561311222825991,-0.03964156821095096,0.08564894084798186,0.9954958471589255,-0.008990177458142087
1742955467.5646229,0.5846964496320735,0.07246771578879103,0.5609804331916904,-0.03967282987119399,0.08568642544040164,0.995491391003948,-0.008988520583634965
1742955467.569647,0.5848515711646886,0.07242371272410039,0.5606544811025237,-0.03969458746544004,0.08572249422131865,0.9954874575732782,-0.008984181916867654
1742955467.5746074,0.585013272455517,0.07238131819950452,0.5603100604609537,-0.0397196009722149,0.08575889492499471,0.9954833618927663,-0.008980057601573903
1742955467.5796525,0.5851726186937455,0.07234057729787932,0.5599591619944275,-0.039758011523900266,0.08579239633856656,0.9954789555054281,-0.008978551997606504
1742955467.5846624,0.5853327996199124,0.07230103899291376,0.5596190937723977,-0.03978478470501241,0.0858224679873308,0.9954753356501597,-0.008973906994246836
1742955467.5896492,0.585497861186212,0.07226154391573378,0.5592922307100758,-0.03977869619018277,0.08585263088964497,0.9954730864784773,-0.008961874566724365
1742955467.594611,0.5856663054695171,0.07221943691529782,0.5589569251105587,-0.03977201658573333,0.08588607679119248,0.9954705708900633,-0.008950474955733574
1742955467.5996213,0.5858311461883764,0.07217632200136456,0.5586179733772871,-0.03978135912062948,0.08592018928943501,0.9954673155171612,-0.00894361649670071
1742955467.6046894,0.5859966596505315,0.07213386060488887,0.5582838287426204,-0.03977720959471444,0.08595425065396592,0.9954646233329788,-0.008934432489201997
1742955467.6096923,0.5861640603628989,0.0720947095666261,0.5579538938478347,-0.0397583096592963,0.08598611655565414,0.9954627360099937,-0.008922207586165957
1742955467.6145864,0.5863296573181985,0.07206094380900192,0.5576206035381333,-0.03974667099873021,0.08601456811337778,0.9954608333595245,-0.008912096495704439
1742955467.6198046,0.5864963989351475,0.07202872580256563,0.5572844518642914,-0.03973292437793908,0.08604241593999111,0.9954590609342177,-0.008902549272652998
1742955467.624674,0.5866689848164178,0.07199595033776432,0.5569549319156636,-0.03968996432691047,0.08607180408544095,0.9954583714699591,-0.008887178606450849
1742955467.6296232,0.5868424977588731,0.07196264438950468,0.5566268551206399,-0.03964316758257803,0.08610182466040579,0.9954577870258798,-0.008870699166718362
1742955467.6346667,0.587017601541411,0.07192811815829311,0.5562994567304823,-0.0395943520812988,0.08613097310372657,0.9954573626786842,-0.008853352148526445
1742955467.639683,0.5871971365992394,0.07189139184499979,0.5559692341407111,-0.039534932596662055,0.08616115616690764,0.9954572874948455,-0.008833631527494095
1742955467.644588,0.5873762081691223,0.07185628483980103,0.5556406763147519,-0.03947401208449291,0.08618861462821421,0.9954575119061431,-0.008812892150347126
1742955467.6496224,0.5875595051478132,0.07182246693212191,0.5553049305000346,-0.03941415760756145,0.08621387925459287,0.995457880346856,-0.00879202248094721
1742955467.6546369,0.5877432905595769,0.07178908245807815,0.5549757202210641,-0.0393418151448704,0.08624005929609262,0.9954586774026903,-0.008768998654336438
1742955467.6596034,0.5879269717068965,0.07175433762895275,0.5546551899750769,-0.03926507098087356,0.08626861401974786,0.9954594359802076,-0.008745956434020204
1742955467.664581,0.5881117887932388,0.07171894367214329,0.5543412474173863,-0.039179091857970576,0.08630075366518644,0.9954602554830677,-0.008721148524776843
1742955467.6696417,0.5882963705443479,0.07168798152273505,0.5540190402386209,-0.03909959308061737,0.08633064739328872,0.9954609947131914,-0.008697651764088791
1742955467.6747217,0.5884798801031449,0.07165697551034425,0.553688558391437,-0.039035119299332344,0.08636123624855015,0.9954610440245238,-0.008677912451397683
1742955467.6795936,0.5886627014487797,0.07162494461595117,0.553368117501132,-0.03895817919230708,0.0863910273155538,0.9954616594615354,-0.008656512893166362
1742955467.6845999,0.5888427323111112,0.07159124118831008,0.5530573066402895,-0.03888213209549404,0.08642043266170013,0.9954622600710287,-0.008635820548904515
1742955467.6896274,0.5890216103461211,0.07155568976760152,0.5527531346086932,-0.03880891082103833,0.08645216629400057,0.9954625302920349,-0.008616389530354835
1742955467.6946352,0.5892012928679022,0.07151962218504865,0.5524437426316229,-0.0387434329250056,0.08648417978368887,0.9954624556645342,-0.008598396051800832
1742955467.6996436,0.5893759806264182,0.07148578663287315,0.5521366800508198,-0.03868879191350357,0.08651504797107482,0.9954620354197325,-0.008582534173509914
1742955467.704623,0.5895503801733345,0.07145655955284272,0.5518346954708181,-0.03863067396356795,0.08654369553232995,0.9954619458112508,-0.008565876161050515
1742955467.709661,0.5897271796896142,0.07143036498858284,0.5515358167711352,-0.038562649657777365,0.08656983205482449,0.9954624704364012,-0.00854729091748672
1742955467.7146554,0.5899031867305814,0.07140404836085788,0.5512370087578198,-0.038502649647838776,0.08659543897705994,0.9954627079951555,-0.008530703922769117
1742955467.7196639,0.5900752735009528,0.0713769017272437,0.5509446887805046,-0.03844758419595425,0.08662071412951078,0.99546276715991,-0.008515535891732763
1742955467.7245662,0.590244436005665,0.07134885164231154,0.5506601222796723,-0.03838473437726086,0.08664512785004233,0.9954632118735168,-0.008498693611295757
1742955467.729626,0.5904134797241188,0.0713224471468028,0.5503691821505601,-0.03833251813822383,0.08666508111816344,0.9954636090819154,-0.008484383393763029
1742955467.7346275,0.5905814180651291,0.07129276722977403,0.5500728957460496,-0.03829726271742918,0.08668574917710906,0.9954632553543563,-0.008473948150853929
1742955467.739595,0.590750082233301,0.07126034834167949,0.5497758979912312,-0.03826270393779413,0.08670700333852627,0.9954628253836176,-0.008463116369674244
1742955467.7445734,0.5909179592844863,0.07122568964434976,0.5494892269949483,-0.03820926412130792,0.08672813815967256,0.9954631657028573,-0.00844795333265147
1742955467.7497401,0.5910837012960591,0.0711896466077414,0.5491937308533223,-0.03818067688461234,0.08674988616332409,0.9954624584708305,-0.008437235239890829
1742955467.7546287,0.5912455680751696,0.07115656028698401,0.548895275692187,-0.03817046995804955,0.08677161299017916,0.9954610237345118,-0.008429272074255896
1742955467.759632,0.5914077854649539,0.07112942460665854,0.548602617867846,-0.03814946469652368,0.08679046389160415,0.9954602853694798,-0.008417480202693747
1742955467.764657,0.591565384460593,0.07110844503302598,0.5483223395515221,-0.03811627027717137,0.08680580141250216,0.9954603497350014,-0.008402076336215656
1742955467.7696648,0.5917182321328572,0.07109017931471562,0.5480429543838843,-0.038098271452430374,0.08681888503360215,0.9954600053832032,-0.00838931441371221
1742955467.7746065,0.5918727497555019,0.07106963935522913,0.5477501846755568,-0.03809968750976874,0.08683389220158984,0.9954587099762386,-0.008381271336942548
1742955467.7796302,0.5920281344202635,0.0710470212751711,0.547457928531136,-0.03809451447005701,0.08685086887413544,0.9954574989485169,-0.008372713434841816
1742955467.7845898,0.5921814739693307,0.07102338344196092,0.5471734231383154,-0.03808546095897562,0.08687000723374279,0.9954562512147249,-0.00836369680693191
1742955467.7896552,0.5923275576083935,0.07099944625449066,0.5469009837247061,-0.038080034742138724,0.08689030271562488,0.9954547565976294,-0.008355466185627422
1742955467.7946253,0.5924715952110933,0.07097677584076033,0.5466257348559129,-0.038086474856131924,0.0869114436112099,0.9954527079596092,-0.008350306481189666
1742955467.7996297,0.5926160814654944,0.07095203362177205,0.5463458953022374,-0.03809523856722396,0.0869376593678772,0.9954501143330957,-0.008346619457477283
1742955467.8046622,0.5927595730725473,0.07092826167635145,0.5460714791836935,-0.03809529552786328,0.08696466834852033,0.9954477928896237,-0.008341855240496113
1742955467.80964,0.5928995633488672,0.07090573620507398,0.5458009606380094,-0.038104828415816555,0.08699122001732121,0.9954451318425769,-0.008339015662177847
1742955467.814667,0.5930368397512212,0.07088521634906812,0.5455279719399981,-0.03812518358631492,0.0870165556897437,0.9954421384141462,-0.008338973670392718
1742955467.8195834,0.5931735404963508,0.07086586917496088,0.5452511193657446,-0.0381500372446625,0.087041058431776,0.995439037133735,-0.008339793496811583
1742955467.8246164,0.5933118548705547,0.07084990136628092,0.5449773029857561,-0.03816319899046493,0.08706341646898914,0.995436594814137,-0.008337713139533739
1742955467.8296437,0.593449205888417,0.07083390421689152,0.5447102780504101,-0.0381703481555229,0.08708607854192772,0.9954343698161574,-0.008333956718447721
1742955467.8346238,0.5935831793227987,0.07081805487523775,0.5444433805981028,-0.03819061870912021,0.08710873890862388,0.9954316140983132,-0.00833342078565531
1742955467.8396294,0.5937165179025392,0.0707997268798449,0.5441772854575984,-0.03821294872209318,0.08713372492889439,0.9954285616353192,-0.008334459227691236
1742955467.8446093,0.5938501806438353,0.07077999165726584,0.5439077464910175,-0.03823650630130301,0.08715982186237406,0.9954253563318021,-0.008336366744244029
1742955467.8496082,0.5939842699273608,0.07075804166659923,0.5436442220972598,-0.0382494291246283,0.08718715242866287,0.9954224666359547,-0.008336338489586639
1742955467.854622,0.5941207298045204,0.07073517400177136,0.543381252787184,-0.03825308684151701,0.08721498723160415,0.9954199026595693,-0.008334550887732495
1742955467.8596182,0.594255967942726,0.07071219576571426,0.5431160055389975,-0.03826496279362022,0.08724173220289373,0.9954171012084452,-0.008334710937849443
1742955467.8646326,0.5943923991684648,0.07069086419362694,0.5428576945172421,-0.03825800464008952,0.08726557528481417,0.9954153131416902,-0.008330595068793278
1742955467.8695993,0.5945315933438908,0.07067294158291504,0.5426024282207487,-0.03823092117115627,0.08728616010360161,0.9954146188019533,-0.008322235044477431
1742955467.8746195,0.5946721203395923,0.07065602456597816,0.542351212513857,-0.038189041642296896,0.08730446754437475,0.9954147178962683,-0.008310622162555627
1742955467.8796372,0.594814789623619,0.07063880375419897,0.5420910184522754,-0.03815136513672284,0.08732093758627532,0.9954148055497493,-0.008300125879362259
1742955467.8847022,0.5949585172519928,0.07062045893981492,0.5418224954936479,-0.03811803986978342,0.08733482500772878,0.9954149467939059,-0.00829017953006763
1742955467.889878,0.595105913228995,0.07060247068903747,0.5415608520019928,-0.03806187766329181,0.08734308514499238,0.9954164993282362,-0.00827476955685056
1742955467.894607,0.5952560609795642,0.07058408719455621,0.5413063183978009,-0.03798729357412562,0.08734299400736774,0.9954195239970701,-0.008254584798072699
1742955467.899627,0.5954074943629735,0.07056412190956964,0.5410526192427619,-0.03790683982699493,0.08733381445994126,0.9954235805794667,-0.008232349152046278
1742955467.9046893,0.5955651784588178,0.07054388205164346,0.5407978371571416,-0.03780221902728182,0.08731836943984896,0.9954291409204878,-0.008204876676656503
1742955467.9096894,0.5957279386719275,0.07052348411793374,0.5405361640714439,-0.037688391983034766,0.08730160050043118,0.9954351719970419,-0.008175207093141864
1742955467.914684,0.5958912118793793,0.07050534995007239,0.5402742487670357,-0.037570348118482005,0.08728097774555142,0.995441694564599,-0.008144482082764914
1742955467.919721,0.5960562130997011,0.07048771261843831,0.5400129417470143,-0.037445091660467555,0.08726170794331917,0.9954483654357279,-0.00811240954906056
1742955467.9246502,0.5962216559779429,0.0704735080324615,0.5397511521219084,-0.037312902186382294,0.0872443124454993,0.9954551211359092,-0.00807954705624821
1742955467.9298246,0.5963863335009237,0.07045786706659392,0.5394888087740267,-0.03718542632389402,0.0872326346821597,0.9954611630939911,-0.008048868683089863
1742955467.9346151,0.5965563938779946,0.0704416134793076,0.5392282363683498,-0.037037723129323866,0.08722275738723054,0.9954678116704393,-0.008014585905133348
1742955467.9396577,0.5967275952686538,0.070422150422691,0.5389735208669378,-0.03687400985824347,0.08721736331331062,0.9954746602790295,-0.007977447962795871
1742955467.944629,0.5968970020492043,0.0704013560702658,0.5387231849294283,-0.03670680045477171,0.08721854908335547,0.9954810326423448,-0.007940349205089244
1742955467.9496312,0.5970698032970375,0.07037966205409744,0.5384625794416751,-0.03653758745860684,0.08722334411305022,0.9954871357445219,-0.007902879956638811
1742955467.9547162,0.5972430169492232,0.07035820757107328,0.5381944288047427,-0.03636967899558391,0.08722998736978967,0.9954929963764819,-0.007865743359547034
1742955467.9596438,0.5974195243418761,0.07033741077057486,0.5379241607444225,-0.036196383772936117,0.08724132388152017,0.9954986163231464,-0.007828033460781203
1742955467.9646075,0.5975982362862203,0.07031598363373939,0.5376591159369374,-0.036002847200906136,0.08725519677014705,0.9955047433544709,-0.007786628845667425
1742955467.9696317,0.597776810392588,0.07029525668891105,0.5373990599998506,-0.03580098450699933,0.08726980206040764,0.9955110772688085,-0.0077437840726121985
1742955467.9746234,0.5979637617149446,0.07027449761295358,0.5371212354271477,-0.035593503514929827,0.08728718997121526,0.9955173333819319,-0.007699864322777974
1742955467.9796312,0.5981492078924904,0.07025428376890139,0.5368353400281901,-0.035395692343083276,0.08730479097686893,0.9955231637248287,-0.007658258506132325
1742955467.9846547,0.5983404418429218,0.07023347183472801,0.5365550629060263,-0.03518008360174661,0.08732537386822292,0.9955293462118883,-0.007613253409652844
1742955467.9896815,0.5985329513153457,0.07021261663263982,0.5362783705966316,-0.03495440684424268,0.08734917410219278,0.9955355707400453,-0.007565620736218283
1742955467.9946177,0.5987258547723454,0.0701898623292641,0.5360027967442399,-0.03472349703974489,0.08737532267634121,0.9955417309962947,-0.00751622148671423
1742955467.9996276,0.598923332122403,0.07016631453754679,0.5357064853095899,-0.03450284631831669,0.08740363589008275,0.9955472752655269,-0.007468650514896876
1742955468.0046933,0.5991211538689951,0.07014007871498404,0.5354036846200827,-0.034284552569317235,0.0874354272722103,0.995552374417376,-0.007421947505388181
1742955468.0096264,0.5993197340116124,0.07011548159580941,0.5351100656913114,-0.034054687404694035,0.08746727805010895,0.9955578313781177,-0.007372782240977905
1742955468.014627,0.5995195524406448,0.07008946817261925,0.534828283884853,-0.03380511794161646,0.0875013191735981,0.9955637385626424,-0.007319535709889994
1742955468.0196638,0.5997191800020736,0.07006258150290316,0.534543425561861,-0.033557205158537114,0.08753792588355498,0.9955692947576725,-0.007266694548663397
1742955468.0245972,0.5999251734138961,0.07003452548103424,0.5342392657872269,-0.033308266305966165,0.0875771444422717,0.995574588029761,-0.007214072109438152
1742955468.0296535,0.600129214153474,0.0700056205110511,0.5339316411695173,-0.03306570417460611,0.08761755459044601,0.9955794891371066,-0.007162691151070706
1742955468.034628,0.6003333491117253,0.0699784508207909,0.5336306465105629,-0.032811291758309,0.0876568819754478,0.995584834530478,-0.007108264796292073
1742955468.0396733,0.6005380622297142,0.06994933143853246,0.5333282185947674,-0.03256340371773955,0.08769808544167078,0.9955897227548933,-0.007055104040033222
1742955468.044634,0.6007468245419809,0.06991926370055036,0.5330201139923415,-0.032304536537625994,0.08774057202501657,0.9955948045667915,-0.006999575660308263
1742955468.0496404,0.6009567094161994,0.06988553224029369,0.532710560878663,-0.03205129853800209,0.08778605985849365,0.9955993612232746,-0.006945062156411037
1742955468.0546234,0.6011701686290103,0.06984858500879855,0.5324014076108903,-0.03178604797463701,0.08783391198186946,0.9956040420319764,-0.006887855232649079
1742955468.0596278,0.6013843358588484,0.0698095865562841,0.5320862389445894,-0.03152997349477157,0.08788312114524088,0.9956082231787655,-0.0068325491590946145
1742955468.0646102,0.6016049239838571,0.06977034207794387,0.5317646357588427,-0.0312609129983024,0.08793293523586103,0.9956127048527897,-0.006774670104908647
1742955468.0696545,0.6018222956200612,0.06973256019750387,0.5314351408963838,-0.03101093551281007,0.08798083182896199,0.9956166563807572,-0.006720762345553823
1742955468.0746183,0.6020413598205363,0.069699039341535,0.5311076028991792,-0.03074983645972952,0.08802537866023209,0.9956211948626859,-0.006664578727907267
1742955468.0796006,0.6022629130555951,0.0696648977835137,0.530778111387503,-0.03049101440764819,0.08807112669249277,0.9956254753492998,-0.006609653469612437
1742955468.084603,0.6024814215191386,0.06962805445689303,0.530448984706557,-0.030241926824506073,0.08811851079629303,0.9956292247794362,-0.006557490532517054
1742955468.089638,0.6026996325283837,0.06959199991254296,0.530123583813461,-0.02998764214838925,0.08816508921087438,0.995633142621717,-0.006504127614252304
1742955468.0945814,0.602915674367269,0.06955486042329449,0.5298022322874276,-0.02973809211828752,0.08821240373416352,0.9956367750788704,-0.0064521171061945074
1742955468.099614,0.6031319347880351,0.06951595689477126,0.5294683095275164,-0.029496194415787692,0.08826064690248364,0.9956400198662212,-0.00640184068311848
1742955468.1046138,0.6033456337042981,0.06947569122867145,0.529122269903821,-0.029275452062418793,0.08830943902331173,0.9956424962726216,-0.006356925510949572
1742955468.1096318,0.6035565417262067,0.06943255286215659,0.5287807032799312,-0.029053154064205625,0.08836112480646938,0.995644703270599,-0.006312741960361617
1742955468.1148872,0.6037636002931681,0.06938749397982175,0.5284469715522913,-0.028839654136555433,0.088414661609052,0.9956464272503288,-0.006270076992857246
1742955468.1195884,0.6039727742518589,0.0693429324087549,0.5281127220100461,-0.0286178685885681,0.08846807567013885,0.9956483648097044,-0.006225016982445262
1742955468.1245956,0.604177158374346,0.0693011777277422,0.527767612476476,-0.028426649892412788,0.08851864267870521,0.995649596562116,-0.006185170968492984
1742955468.129598,0.6043774151748917,0.06926189887471108,0.5274158395331487,-0.028250315548837616,0.08856710462054689,0.995650541462762,-0.006147107891773705
1742955468.134698,0.6045694743666351,0.06922003534779186,0.5270619271193264,-0.028105838037815075,0.0886169098340738,0.995650397393457,-0.006114845043268985
1742955468.1396399,0.6047599393542823,0.06917381602514297,0.5267042079068243,-0.02797335146984547,0.08867086571441639,0.9956495089265918,-0.006084780623578454
1742955468.1448402,0.6049492184000979,0.06912635374853916,0.5263461777935565,-0.027852304788864683,0.08872582042080734,0.9956481748181333,-0.00605721800192455
1742955468.1496108,0.6051314101988917,0.06907852492610998,0.5259983698058168,-0.02774131808002016,0.08878054454034476,0.9956465508388302,-0.006031582300166944
1742955468.1545937,0.6053127966736279,0.06902778685244093,0.525645089795497,-0.027640259751888708,0.08883720644693228,0.995644449519746,-0.006008072242849575
1742955468.1595912,0.6054861445376878,0.068975380136121,0.5252757539133549,-0.02757612458347552,0.08889385822390819,0.9956412671748648,-0.005992196713553501
1742955468.1645756,0.6056587655301655,0.06891943195520646,0.5249018081196313,-0.027520727514228505,0.08895248333365717,0.9956376466916077,-0.005978440955657372
1742955468.1696115,0.605825307877445,0.06886372695829242,0.524535335275724,-0.027466827430995874,0.08900964522231898,0.9956341098385679,-0.005964543086885037
1742955468.174604,0.6059858612111673,0.06881042651625892,0.5241641831294968,-0.027436662166728912,0.08906344288323788,0.9956301838045213,-0.005955653474503162
1742955468.1796255,0.6061460096073852,0.06875903151447309,0.5237841229342056,-0.027417403965746087,0.08911531682352127,0.9956261068052582,-0.005949934035531836
1742955468.1846714,0.6063014367659244,0.06870605166505665,0.5234070080271266,-0.027410331972812743,0.08916633661364196,0.9956217477334611,-0.005947567251519055
1742955468.1897364,0.6064527872024018,0.06865172046366023,0.5230433500772783,-0.027401135084725893,0.08921669379734243,0.9956175042131225,-0.005945136531068848
1742955468.1946213,0.6066071822341476,0.06859917310469721,0.5226730865213114,-0.0273901748172262,0.0892646608422874,0.9956135175311029,-0.0059432615235542365
1742955468.199717,0.6067600124819378,0.068545363765015,0.5222898612540476,-0.027399131349587064,0.08931118696000882,0.9956090807069674,-0.005946250828028849
1742955468.2046385,0.6069121838587423,0.0684890760980463,0.5219091996796229,-0.027411897727047153,0.08935880710059217,0.9956044327538802,-0.005950204818788791
1742955468.2098916,0.6070631209160147,0.06843133971620334,0.521541260659508,-0.027415803058944498,0.0894071468876498,0.9955999743453026,-0.005952051047853905
1742955468.2145808,0.6072160190248191,0.06837070147338516,0.521169502364993,-0.027423447666566098,0.08945816961623322,0.9955951680078683,-0.005954145310362746
1742955468.2196565,0.6073699167580648,0.06830541426121352,0.5207849675291241,-0.027447746789734127,0.08951271838166197,0.9955895639555711,-0.005959411619266214
1742955468.2245963,0.6075215910012538,0.06824034107060067,0.5203996752820559,-0.027473895037975052,0.08956699223887965,0.9955839376787375,-0.005963390715222128
1742955468.2296133,0.6076719399901072,0.0681793971214641,0.5200158763156827,-0.027499419159324825,0.0896174840853582,0.9955786804536423,-0.005964856938338126
1742955468.2345862,0.6078222500697977,0.06812216144370253,0.5196297417395332,-0.027532877532703472,0.08966370043260756,0.995573579995256,-0.00596726863232925
1742955468.2396178,0.6079726862661777,0.06806922917930808,0.5192455067986415,-0.027561378543233893,0.08970392170419192,0.9955691598354436,-0.00596865380415196
1742955468.2446063,0.6081231377553524,0.06801859739407626,0.5188648681899155,-0.02758218170573122,0.08973980271996775,0.9955653508560893,-0.005968520329622422
1742955468.2496722,0.6082727852882046,0.06796607244905041,0.5184812960216582,-0.02760761824957405,0.08977292297279064,0.9955616547844692,-0.005969358283487551
1742955468.254613,0.6084276159687186,0.06791279597303139,0.5180923932828083,-0.027618736019026546,0.0898024010926863,0.9955586985346413,-0.005967574943882691
1742955468.2596521,0.6085851874717465,0.06785496132304994,0.5177020169697424,-0.027619630232714916,0.08983190703847434,0.9955560291020724,-0.005964681228092261
1742955468.2646205,0.6087428131825928,0.06779714498250347,0.517306882056741,-0.027627228847747105,0.08985629849749922,0.9955536301459694,-0.005962495258277631
1742955468.2696233,0.6089019611149351,0.0677419850168712,0.5169151914679593,-0.027625176866343196,0.08987287428805016,0.9955522176022592,-0.0059580279901624185
1742955468.2748053,0.6090633686576262,0.06768854090246111,0.5165309194799115,-0.02760747916168384,0.08988262258153926,0.9955518704731336,-0.005951004087274045
1742955468.2796113,0.6092264173608772,0.0676355074178868,0.5161479305802225,-0.027586626305545786,0.08988650891015458,0.9955521410964384,-0.005943729748243565
1742955468.2846265,0.6093934099661568,0.06758349739522095,0.5157479438245286,-0.027569787101352876,0.08988855023617023,0.9955524660845921,-0.005936551904325741
1742955468.289651,0.6095611468441866,0.0675341233737059,0.5153380067788038,-0.027550521710020915,0.08989000941174946,0.9955529155482014,-0.0059285162509040805
1742955468.294606,0.6097296825495043,0.0674834434807902,0.5149330875548739,-0.027529276409211916,0.089890858524051,0.9955534763708739,-0.005920150341178933
1742955468.299627,0.609901331847441,0.06743120733419193,0.514536375992806,-0.027490137183562937,0.08989628068676196,0.9955541399170061,-0.005908093637213396
1742955468.30483,0.6100767192658209,0.06737532358201724,0.5141395435566447,-0.027447767769910744,0.08990513912113048,0.9955545869749419,-0.005894943359540816
1742955468.3096242,0.6102550918836548,0.0673140507670571,0.5137389357356315,-0.027397421505063645,0.0899215147985962,0.9955545823621172,-0.005880136817290749
1742955468.3147058,0.6104373412498004,0.06725301151338682,0.5133355005351198,-0.027330797493318272,0.08993926183473297,0.9955549186027317,-0.005861803042648313
1742955468.319611,0.6106208390972605,0.06719300280049381,0.5129282769522151,-0.027269074860158244,0.08995901888954858,0.9955549272179843,-0.005844601671194844
1742955468.3245895,0.6108090850389714,0.06713562828098678,0.5125295597068927,-0.027182612679580748,0.08997557162898699,0.9955559279421916,-0.005822062960058983
1742955468.3296533,0.6109979508783507,0.0670821341588069,0.5121442529468662,-0.027076607882201446,0.08999083241403653,0.9955575957204802,-0.005794910722284353
1742955468.3346045,0.6111943683296392,0.06703499970736684,0.5117473900156587,-0.026955450371447594,0.09000941771814802,0.9955593744230014,-0.005765450181436181
1742955468.3398678,0.6113904914901979,0.06698593186926921,0.5113424298041248,-0.02684322069559686,0.09003085321577992,0.9955606222971827,-0.005738841622894553
1742955468.3445842,0.6115881644654869,0.06693430083529772,0.5109363142064866,-0.02671781848731066,0.09005534371211962,0.995561949122889,-0.00570952737145673
1742955468.349598,0.6117895147182422,0.06688158992088566,0.5105253609470588,-0.026588757133377453,0.09008175975513753,0.9955631867343437,-0.005679416596651266
1742955468.3546073,0.6119949380856258,0.06682907546247487,0.5101058879469226,-0.026456934510135484,0.09011388507138682,0.9955639649638263,-0.005648893623781187
1742955468.3596518,0.6122036338457747,0.06678145139015539,0.509696429071115,-0.026304976600940708,0.09014679609204129,0.995565205406768,-0.0056147256160802754
1742955468.3646524,0.6124171468786315,0.06673818767055088,0.5092970480881325,-0.026125575370859622,0.09017758144350593,0.9955673647590318,-0.0055749747351980855
1742955468.3699503,0.6126370672672712,0.06669583072254709,0.508883039623215,-0.02594909483407659,0.09020579710388088,0.9955696422641459,-0.00553588729890279
1742955468.3745816,0.6128640487720012,0.06665395889260148,0.5084610676188903,-0.025751855790746753,0.09023115222779182,0.9955727047962016,-0.005492773047628336
1742955468.37967,0.6130925457493658,0.06661235844515043,0.5080481769344231,-0.025542301395931003,0.09025413259150235,0.995576271921838,-0.005446941873152218
1742955468.3846052,0.6133265551122881,0.06657086638626324,0.5076352493527775,-0.025314609128801936,0.09027754707702826,0.9955802351764255,-0.0053972571241726166
1742955468.3895993,0.613563876290155,0.06652697821701274,0.5072174643805258,-0.02508658925321123,0.09030534247880029,0.9955837561299973,-0.005347213247430112
1742955468.3946078,0.6138051323624767,0.06647870592819297,0.5067947307726316,-0.02484618481976119,0.09033858451800168,0.9955870475214592,-0.005295097231406195
1742955468.3996024,0.6140445684279578,0.06643086658478171,0.5063674971554057,-0.024606967622049603,0.09037090523685169,0.9955903352901065,-0.005242223579039359
1742955468.404664,0.6142856327245483,0.0663833934706435,0.5059421645111603,-0.024365559258300994,0.09040011687434436,0.9955939042903613,-0.005188075848525115
1742955468.4096074,0.6145314404978175,0.06634065244115527,0.5055281659244529,-0.02409496921244787,0.09042353064550264,0.9955986754917625,-0.005127857574194882
1742955468.4146662,0.6147747225778865,0.06629985379289222,0.5051154739593927,-0.0238305547189616,0.09044168258364699,0.9956036915605628,-0.005069128544951551
1742955468.4196143,0.615020908491511,0.06625828171551386,0.5046931809223214,-0.023563872577028997,0.09045862713185213,0.9956087936818195,-0.005011050790627264
1742955468.4245934,0.6152683813746955,0.06621777025854758,0.5042654778907788,-0.023299581700209276,0.09047349863440705,0.9956139464801917,-0.004954302330621268
1742955468.4298491,0.615513682397221,0.06617769570639816,0.5038326088712722,-0.023049516570545634,0.09048445002863245,0.9956190367212184,-0.0049007965876126216
1742955468.4349396,0.6157602811667998,0.066137107164846,0.5034138273272413,-0.022781622380355294,0.09049835991388748,0.9956242169856843,-0.004843870999372485
1742955468.4396226,0.6160110892888422,0.06609396855691514,0.5030044417940589,-0.022503146613890176,0.09051832731301931,0.9956290217348516,-0.004784547233496747
1742955468.4446592,0.6162627955775647,0.06604726344257532,0.5025714318334853,-0.022245417077458886,0.09054254220177782,0.9956328763967941,-0.004729155160842528
1742955468.4496071,0.6165145002733251,0.06599778358502638,0.50212901645988,-0.021995100522887705,0.09057271559948397,0.9956359475514897,-0.00467532727950314
1742955468.4547029,0.6167653077486289,0.0659455032585038,0.5016891265706512,-0.021753191772644814,0.09060638706437171,0.99563844021912,-0.0046235948007731726
1742955468.459621,0.617017506552385,0.0658940409464642,0.5012527660044801,-0.021502531564653465,0.09064030064545799,0.9956410432686447,-0.004570557311425673
1742955468.464744,0.6172703472775799,0.06584071154893804,0.5008176353913634,-0.021258005457961648,0.09067643554531124,0.9956432375571742,-0.004519374670749207
1742955468.4696167,0.6175190381794108,0.06578476364791465,0.5003756025067724,-0.021035106484986698,0.09071414271532141,0.9956447466571995,-0.004472925274426516
1742955468.4747427,0.6177661240499037,0.06572990595083072,0.4999283069247352,-0.02082122341028921,0.09074804246519956,0.9956463589379669,-0.004426892589884285
1742955468.479614,0.6180088825204463,0.06567613817540509,0.4994957118025131,-0.020611345569039714,0.09078203493291517,0.995647828093427,-0.004381435850750313
1742955468.4845636,0.6182490520835991,0.06562408485834012,0.49906745556748316,-0.02040470797177095,0.09081754696078706,0.9956490402350613,-0.004337019208337218
1742955468.4896054,0.6184849165716362,0.06556926537669769,0.4986304023728769,-0.02022263454940955,0.09085747181610569,0.9956492819823305,-0.004297924514966807
1742955468.4945476,0.6187192786262834,0.06550987788301817,0.49819000086628706,-0.020047006881087254,0.09089955023418761,0.9956491536922296,-0.004260520423494404
1742955468.4997303,0.6189502511910294,0.06544841143029043,0.4977411580782487,-0.019891013277096865,0.09094036840620856,0.99564869725227,-0.004227131984126895
1742955468.5046244,0.6191762450071092,0.06538433853417543,0.49728303481896746,-0.019763463034843283,0.09098361527250672,0.9956473998125671,-0.004200300856963306
1742955468.5095742,0.619402422581707,0.06531619809242735,0.496836146115387,-0.01962661142720351,0.0910347798995617,0.9956455438214155,-0.004173253057483034
1742955468.5146027,0.6196268404119802,0.06524826713136012,0.49639567077703434,-0.019496932453588224,0.09109130365038848,0.9956430271417077,-0.004148075248799591
1742955468.5196118,0.6198479196817575,0.06517882500414898,0.4959435356028508,-0.019392756249011742,0.09115279881411022,0.9956395159246875,-0.004128268726078685
1742955468.5245984,0.62006663037933,0.065105084618232,0.49549816480020825,-0.01929534171610566,0.0912197746217272,0.9956353471386719,-0.00411072184372848
1742955468.5296226,0.6202836803601078,0.06502468727650652,0.49505235879336723,-0.019207111103443666,0.09129405718418859,0.9956303052781529,-0.0040960002004796
1742955468.5345979,0.6204978627262036,0.0649433230214377,0.4946031158346048,-0.019133667425285886,0.09137007812579319,0.9956247962713776,-0.004083704656673298
1742955468.5395784,0.620709528483177,0.0648624241331721,0.49415232967181094,-0.019071664374020688,0.09144428211767162,0.995619215227028,-0.0040734698606248055
1742955468.544833,0.6209202698427547,0.06477731014383727,0.49369343107123204,-0.019022423228086525,0.09151994034790667,0.9956132339041787,-0.004066498261481746
1742955468.5495923,0.621125135924771,0.06468877419341122,0.493237206527184,-0.018988110810165132,0.09159440835175542,0.9956070571475666,-0.004062482555645006
1742955468.5547197,0.621333975259503,0.06460267028266832,0.4927892880981763,-0.018930361598773263,0.09166286210239656,0.9956018942937832,-0.004053294902590247
1742955468.5595424,0.621539397663458,0.06452224604972728,0.49234534416235154,-0.01887510302829222,0.09172030859564106,0.9955976943208744,-0.004043085424594844
1742955468.5646257,0.6217424601857107,0.0644449851681424,0.49189971474846506,-0.01882899323356193,0.09177119330722731,0.9955939182784711,-0.004033234396733906
1742955468.5695913,0.621946306736539,0.06436850315191671,0.49144640962434405,-0.0187901511231589,0.09181836211375292,0.9955903361154781,-0.004025075525510995
1742955468.574606,0.6221443991314277,0.06429016736017383,0.49100139856496666,-0.018759927988853533,0.09186529836128363,0.9955866018682549,-0.004018736028447423
1742955468.5796344,0.6223446843251157,0.06420515271443344,0.49056810276931506,-0.018706532192491774,0.09191773916514426,0.9955828030709482,-0.004009627101544582
1742955468.5845346,0.6225452728139641,0.0641136411977858,0.4901265276749953,-0.018662862458383788,0.09197372646500712,0.9955784720470956,-0.004004647471395939
1742955468.5895722,0.622745351877555,0.06401950835594046,0.48968185724839414,-0.018625762658136338,0.09203013755585407,0.9955739620314188,-0.004002608139264075
1742955468.5948868,0.622949099333583,0.06392111871043332,0.4892329502133327,-0.018581080353428106,0.09209018489908116,0.9955692535512032,-0.004000335192519971
1742955468.599613,0.623150843519861,0.06382018001604009,0.4887849876481338,-0.018542712284131336,0.09215383406592684,0.9955640858285892,-0.0039987118404490206
1742955468.6046648,0.6233564330060215,0.06372403512606158,0.48833760856214065,-0.018486479814503836,0.09220998039775535,0.9955599642332439,-0.003990889000676592
1742955468.6097195,0.6235620688075946,0.06363245305618456,0.48789053583041253,-0.018425240366198446,0.09225619127465803,0.9955568577648087,-0.003981035845352938
1742955468.614687,0.6237684080301099,0.06354363718191662,0.48744044576757617,-0.018363985947928593,0.0922881155898138,0.9955550715532389,-0.0039707991149185344
1742955468.6196783,0.6239748222269451,0.06345702761701556,0.48700062023240503,-0.018286840736948275,0.09230841204694239,0.9955546651223899,-0.003956927378617146
1742955468.6248276,0.6241811062253315,0.06337044181375738,0.48656164968639576,-0.01820441691488529,0.09231848386946079,0.9955552962134083,-0.003943212176132102
1742955468.6295831,0.6243907412669406,0.06328433559157362,0.4861192015533985,-0.018111904362575055,0.09232497923992253,0.9955564400237507,-0.003928340100491366
1742955468.6345694,0.6245989487941898,0.0631973117630271,0.4856805713405922,-0.01801783530400318,0.09232628143346827,0.9955580920431368,-0.0039116154022235715
1742955468.6396039,0.6248115345697286,0.0631149926532175,0.4852322280352249,-0.017918167457278214,0.09232236760639241,0.995560330744731,-0.0038919868916622315
1742955468.64457,0.6250265995012231,0.063035625613175,0.4847793612661515,-0.01781385956684311,0.09231637802492808,0.9955628370178988,-0.003871731468490673
1742955468.64957,0.625243403243188,0.0629546500880539,0.4843462801977224,-0.01767704591427526,0.09231732058191429,0.9955652801991728,-0.0038480164063283495
1742955468.6545858,0.6254648360332501,0.06287241460836165,0.4839143512286193,-0.01751906803612287,0.09233090267277419,0.9955669162966034,-0.003821235722670398
1742955468.6595745,0.625691253072892,0.06278660533335394,0.4834783931735387,-0.01734658551955132,0.09234945522528688,0.9955683388307416,-0.0037890378994491452
1742955468.6645777,0.6259198202596455,0.06269777273649398,0.4830467661197503,-0.01715985798561869,0.09237162945027078,0.9955696558132849,-0.0037525685113981113
1742955468.6695807,0.626153489480029,0.0626119192592589,0.4826122405782847,-0.01695033679122862,0.09239581519426988,0.9955711617605488,-0.003709621005100989
1742955468.6745458,0.6263885471218067,0.06253860251780126,0.4821726073292167,-0.016736993742203516,0.09241770286191822,0.9955729138385182,-0.0036625768636475704
1742955468.6796367,0.6266249488258265,0.06247174456342385,0.48173629771797705,-0.01651286728339153,0.09243766145459452,0.995574983405801,-0.003613360683074024
1742955468.6846426,0.6268665500984731,0.06240858769003909,0.4812910966801485,-0.01627527325336312,0.09246181926121717,0.9955768433569139,-0.0035603975785439734
1742955468.6899905,0.6271094222121729,0.06234640013670515,0.4808439661691897,-0.01603434332941025,0.09248472552934935,0.9955788113892692,-0.0035079467620705677
1742955468.6945908,0.6273577721760112,0.06228413811630408,0.48040469472727565,-0.01576004221952613,0.09250681887883867,0.9955813415021817,-0.0034499250532192514
1742955468.699606,0.6276082915744896,0.06222146981132723,0.4799726201941572,-0.015472467842883086,0.09252353657538932,0.9955845093662338,-0.003388602725175652
1742955468.7045887,0.6278620024530258,0.062158922077131196,0.4795409111230512,-0.01516384740766106,0.09253482941264617,0.9955884357835105,-0.003321085893576647
1742955468.7095726,0.6281221546350467,0.062100772560478114,0.47909994812816303,-0.014839012578551409,0.09253883148633478,0.995593194566578,-0.0032495085095254977
1742955468.7146842,0.6283829601827978,0.062041223531841126,0.4786616589104478,-0.014507164408052943,0.09254331748907871,0.9955979035475336,-0.0031766366977062015
1742955468.719627,0.6286473858817279,0.06198368750808418,0.4782392928946338,-0.014144330541193928,0.09254524154728538,0.9956031968088155,-0.003096883039932426
1742955468.7246108,0.6289134673937569,0.06192939766344073,0.47781755273530496,-0.013775254484958588,0.09254967047526597,0.9956082115039793,-0.0030149700897293204
1742955468.7296484,0.6291798400904047,0.06187650712323926,0.47738571294701904,-0.013407140694360708,0.09255558477203224,0.9956129352149019,-0.002931814911686317
1742955468.7347555,0.6294438955781823,0.06182518420977042,0.47695174155336684,-0.013050475523748424,0.09256828787444911,0.9956167322371093,-0.002849501376989658
1742955468.739714,0.6297108026964487,0.061779744094886194,0.4765182924640504,-0.012677691968962065,0.09259174326132212,0.9956196136940743,-0.0027622515873982644
1742955468.7446654,0.6299759961535603,0.06174264712216159,0.47608698145848194,-0.012311113578817796,0.09261794411482693,0.9956220168624998,-0.00267440629680731
1742955468.7496166,0.6302434623009868,0.06171071079919325,0.4756568041452932,-0.011929675127767634,0.09264392761892686,0.9956244804117925,-0.002584478948127771
1742955468.755001,0.6305089756279938,0.061676654479320546,0.4752235138102427,-0.011564324431553865,0.09267165225982939,0.9956264268549835,-0.0024998831679374856
1742955468.759608,0.6307788354532259,0.06164144083634763,0.47478770702188594,-0.01118104459984319,0.09269999487355741,0.9956283811227515,-0.0024128603332536375
1742955468.764574,0.6310492458000102,0.061604829820011725,0.47436365540019904,-0.01078800436605505,0.09272903368647543,0.9956302211772408,-0.002325500361037904
1742955468.769614,0.6313214869742393,0.06157092329070327,0.47393152942220873,-0.010390372952403878,0.09275801561566346,0.9956319527922647,-0.002237245631564983
1742955468.7745612,0.6315938147675138,0.06153662509269221,0.4734909167861819,-0.009999586817483388,0.09279107288248627,0.9956330644501217,-0.002150820879684486
1742955468.7795777,0.6318653798052387,0.06150323419770776,0.4730490218487517,-0.009603817609402468,0.09282731715803756,0.9956337666327864,-0.0020636417268636935
1742955468.7847953,0.6321387755583183,0.06146683475627791,0.47259351419158424,-0.009219311578707484,0.0928682339009883,0.9956337566005918,-0.0019794300996899394
1742955468.7896194,0.6324078134234259,0.06142877146160863,0.47214060870010033,-0.008849047233586711,0.09291157420755186,0.9956332305728721,-0.0018983994201346777
1742955468.794624,0.6326770011888776,0.06139588536102589,0.47170463312814237,-0.008457979213678229,0.09295224125363952,0.995632995372205,-0.0018116179832142049
1742955468.7995954,0.6329461754666337,0.061368616735858236,0.4712616551032033,-0.008075575954414016,0.09298719263393317,0.9956330615671141,-0.0017244690659628135
1742955468.8045533,0.6332122777384891,0.06134901035262441,0.47081905815483993,-0.007694766711255437,0.09301483764404983,0.9956336453442702,-0.0016354821277449066
1742955468.8095675,0.6334776457294705,0.0613339525621453,0.47038240311669965,-0.0073130369143126666,0.09303719060536003,0.995634577545169,-0.0015455263843626873
1742955468.8145564,0.6337417876227003,0.06131889471616664,0.46993733586235054,-0.006938118514703748,0.09305760044922419,0.9956354892518351,-0.0014553530043837886
1742955468.819577,0.6340053225871256,0.06130262628772763,0.4694938082381289,-0.006567024937834959,0.09307717913647683,0.9956363046582548,-0.0013644610353267376
1742955468.8245609,0.6342695109708745,0.06127970852093854,0.46904838089251677,-0.006194806264262312,0.09309932586750681,0.9956367391642347,-0.0012741761157218107
1742955468.8296378,0.6345317623278636,0.06125218672510287,0.4685934386560081,-0.005840908247808728,0.09312181196466995,0.9956368816078133,-0.0011882379924676109
1742955468.8347201,0.6347927996405127,0.06122640496402661,0.46814100242057477,-0.00548710479900074,0.09313969071859754,0.9956373228202477,-0.001100500385579738
1742955468.8397794,0.6350541354846908,0.06120689956301406,0.46769318100951407,-0.005128654369154331,0.09315081890200974,0.9956382883734614,-0.001010231167138841
1742955468.8446374,0.6353112984245523,0.06119667721259718,0.4672451564089566,-0.004778303063448749,0.09315266194160127,0.9956399464649536,-0.0009199979847766273
1742955468.8495507,0.6355684469796528,0.06118898051807332,0.4667978684639494,-0.004429314855882246,0.09315260405256506,0.9956416448607451,-0.0008297873965146658
1742955468.8545632,0.6358260531000371,0.061182155810528334,0.4663423696583961,-0.004087394435984136,0.09315181755552156,0.9956432512031868,-0.0007405581513174017
1742955468.859572,0.636080147314604,0.0611740254051353,0.4658964544021482,-0.003744610010344322,0.09314929257216721,0.9956448980055909,-0.0006513559793364369
1742955468.8646348,0.6363379351881567,0.061165917638348465,0.46545819518280745,-0.003387417321818562,0.09314530869709406,0.9956466058173173,-0.0005596392287717431
1742955468.8696191,0.6365940988942518,0.06115681577583854,0.4650066164684548,-0.003046868296453573,0.09314083923855915,0.9956481699757158,-0.00047146954211435516
1742955468.8746066,0.6368502967637947,0.061150306569761545,0.46455394293428365,-0.002701572059092604,0.09313193734946648,0.9956500382847017,-0.00038081178659489284
1742955468.879577,0.6371085535901446,0.061140486586643394,0.46410453769940063,-0.002352389749795703,0.09312341697360439,0.995651751582859,-0.0002916223759193017
1742955468.8846416,0.6373642679884489,0.06113159016021074,0.46365519742951344,-0.002008626206518233,0.09311641269741591,0.9956531815769748,-0.0002027875112824408
1742955468.8896005,0.6376221504098263,0.061126489455162906,0.463209961761273,-0.0016635257397871453,0.09310702859553548,0.9956547100569682,-0.00011067790222474828
1742955468.8945503,0.6378791098299156,0.06112567314633009,0.46276496000947914,-0.0013189205721043714,0.09309060970347577,0.9956567674257009,-1.7690777635983654e-05
1742955468.8995507,0.6381339026930741,0.061130912620264176,0.4623212385800542,-0.000983504997117532,0.09306379916867563,0.9956596588895432,7.524740282580336e-05
1742955468.9046214,0.6383899203351115,0.06113530138883881,0.4618903937339382,-0.0006371320478887726,0.09303254260646222,0.9956628500807225,0.00017043492341312286
1742955468.909571,0.6386464107890228,0.061137073683975376,0.46145112859040993,-0.0002974842925245743,0.09299359472566641,0.9956666273496633,0.00026462282802517534
1742955468.9147294,0.6388981294048198,0.06114064618064698,0.46100245844149534,1.9673538364813588e-05,0.09293895161453639,0.9956717456703732,0.00035462579497227194
1742955468.9195862,0.6391457548228433,0.061145444937797645,0.46055363962210455,0.00032993741870050876,0.09287510086427933,0.9956776144186168,0.000441504702066282
1742955468.924544,0.6393932736355586,0.06114917326160369,0.46009153938359426,0.0006248963511037283,0.09280983686654241,0.9956835178432191,0.0005253386604108169
1742955468.9296017,0.639636209534016,0.06115229493468234,0.45963781133653425,0.0009119201877525419,0.09274745912354948,0.9956890625151251,0.0006066427681311472
1742955468.9345818,0.6398814783971671,0.06115509935879107,0.45920004072718756,0.0012121734702072269,0.0926990226174985,0.9956931994455376,0.0006887809141696983
1742955468.9395797,0.6401296675920517,0.06115809333004878,0.45875674987063364,0.0015127154341508804,0.09265332878223748,0.995696982191371,0.0007694235390202509
1742955468.9446013,0.6403753434256784,0.061164334319604066,0.4583201944562171,0.001810617366792647,0.09260950879633417,0.9957004976523182,0.0008482453528937611
1742955468.9495933,0.6406221447216113,0.06117223314651211,0.45788743991829167,0.0021093671637998925,0.09257077028100887,0.9957034431967209,0.0009253463911047666
1742955468.9545393,0.6408684037900941,0.06118341135301891,0.4574435646441632,0.0024028424267334065,0.0925327890688762,0.995706237388871,0.0009990597101949658
1742955468.9595962,0.641110024634217,0.06119858973599811,0.45700672347645693,0.0026899933901609707,0.09249252841871211,0.9957091705346095,0.0010695024799637126
1742955468.9645472,0.641353342005584,0.06121583265411061,0.4565739831763297,0.0029774795332131163,0.09245553454214075,0.9957117152174556,0.0011353091512729492
1742955468.9696224,0.6415917571273041,0.061235115597230196,0.4561337900639777,0.003255289845533976,0.09241867499037704,0.9957141945652883,0.0011976402814458632
1742955468.9745765,0.6418271818983652,0.06126055717828106,0.4556988816513997,0.003527214473669721,0.09237459745673156,0.9957172853988798,0.0012570046337439468
1742955468.9796243,0.6420642617042002,0.061287422332692486,0.45526670694263033,0.0038075726425312994,0.09232564501123845,0.9957207211675211,0.001312669593771812
1742955468.9845693,0.6422982906770941,0.061314654443882524,0.45484132611759315,0.004089199530141173,0.09227383241516204,0.9957243369965195,0.001364921779114213
1742955468.9895952,0.642533428704363,0.0613408676011865,0.4544099470055017,0.0043651140775083355,0.09221786509981225,0.9957282870019651,0.0014105316924788941
1742955468.9945354,0.6427669300766377,0.061367629416018726,0.4539764394334798,0.004640964260629863,0.09215817112779925,0.9957325090745298,0.0014502817837203892
1742955468.9995768,0.6429964336417444,0.06139675546813409,0.45355244805537936,0.004918876359706924,0.09209141669232691,0.9957372995811646,0.0014852103447722332
1742955469.0045927,0.6432286671200925,0.061429101728985705,0.453126349108259,0.0052017028565946675,0.09201429311052677,0.9957429461649366,0.0015156891283933506
1742955469.0095782,0.6434572339980521,0.06146582490131909,0.4526926314888986,0.00547876353353587,0.09192988200805102,0.9957492191045261,0.0015403236205275722
1742955469.0145772,0.6436827157826618,0.06150404893319351,0.4522592475059409,0.005746024000086035,0.091840642632263,0.9957559129811042,0.0015624763201267918
1742955469.0195866,0.6439085641318134,0.06154073465555129,0.4518257096319883,0.006021393011112491,0.09174477131348209,0.9957630949095985,0.0015806893751122493
1742955469.0245864,0.6441315026770241,0.0615755846065685,0.4513960468351286,0.006290618568086771,0.09163356254397965,0.9957716484538418,0.0015945121661665065
1742955469.0296526,0.6443538337790535,0.06161103580590404,0.4509709806645071,0.006561599033541672,0.09150695250134706,0.9957815225312294,0.0016069995102305963
1742955469.0345354,0.6445777719228772,0.06164815856220918,0.4505429058520054,0.006840634028558705,0.09136787305481192,0.9957923967331962,0.001618674730760622
1742955469.0396874,0.6447978789680533,0.06168789017912912,0.45012497860165873,0.007116891764265699,0.0912320403649107,0.9958028947139888,0.0016308101396622188
1742955469.0446045,0.6450222267225746,0.06172976930332789,0.4497150911935993,0.0074165878336203625,0.0910932069491258,0.99581339592943,0.0016438856792344656
1742955469.0495563,0.6452465034007049,0.061770860482447225,0.4492994722862576,0.0077085299432052175,0.09094920363595653,0.9958243298022557,0.0016507870814989722
1742955469.054554,0.6454679254950298,0.06181380288657763,0.4488837932786681,0.008001792575554136,0.09080588505653255,0.9958350840639407,0.0016576797162619812
1742955469.0596454,0.6456919672302768,0.06185977460149901,0.44846119374719684,0.008303313274248762,0.09065983259122849,0.9958459076289513,0.0016667338930751211
1742955469.064621,0.6459137058419386,0.06190729980191798,0.448034133596107,0.008592851661223495,0.09051445684669078,0.9958566615344123,0.0016750163019493359
1742955469.0695305,0.6461401495604748,0.06195755299617419,0.44762466891486535,0.008914823043839008,0.090366306244962,0.9958672567330615,0.0016922153247672447
1742955469.0746896,0.6463691259697141,0.06200913758131305,0.4472276185859562,0.00925038456817495,0.090217082930433,0.9958776894000678,0.0017135016913841002
1742955469.0795481,0.6466001107826689,0.06206335372999449,0.446823483791297,0.009587236979886182,0.09006484478493101,0.9958882423823996,0.0017370392778600495
1742955469.084535,0.646831848422248,0.06211948672618255,0.4464234253939626,0.00993155209128928,0.08990424380132722,0.995899338964732,0.0017600764697551306
1742955469.0895853,0.6470637880176183,0.062177104598403636,0.4460337121258731,0.010290593501301567,0.08973197244711274,0.9959111858725472,0.0017851218665354968
1742955469.09458,0.6472938728557563,0.06223669440114903,0.4456354056066626,0.010635228716341559,0.08954529294020752,0.9959243258506514,0.0018082038958827853
1742955469.099599,0.6475266969398777,0.062298441186445556,0.4452443464451409,0.010998536568555416,0.08935556528732516,0.9959373711266115,0.001835194525633441
1742955469.1045728,0.6477617740239813,0.062359080580897064,0.44486109267412477,0.011372805907248557,0.08916401747346761,0.9959502895091898,0.0018595968241182277
1742955469.1096342,0.6479946684592394,0.0624151593685277,0.4444729323855042,0.01174191437416294,0.08898088020760536,0.9959623554737088,0.0018753355890205501
1742955469.1146111,0.6482337722549654,0.06246977969454121,0.4440934222758488,0.012137258569783722,0.08880835355877571,0.995972984009964,0.0018916698648897546
1742955469.1195674,0.6484741876491549,0.06252339564438661,0.4437144674290694,0.012537574193029257,0.08863910174966398,0.9959830816703207,0.0019026037050476508
1742955469.1245735,0.6487121693298785,0.06257973565769247,0.44333801878410184,0.012938547997768996,0.08847113851671887,0.9959928667293543,0.0019133869205571292
1742955469.1296148,0.6489547836603465,0.06264158016583658,0.4429699824977139,0.013360694529000287,0.0883025416592054,0.9960022250831893,0.0019288876491617044
1742955469.134578,0.6491999801422921,0.06270547812134093,0.4426008236265609,0.013787171991775345,0.08813421925943446,0.9960112881733012,0.0019460512224504184
1742955469.1396296,0.6494463762347519,0.06276866833358373,0.44223874228419746,0.01422124379347074,0.08797416722631238,0.9960192999035076,0.0019637580121444364
1742955469.1446059,0.6496979254946899,0.06283146138059456,0.44188733899064647,0.014680044772589978,0.08781671644932268,0.9960264906256199,0.0019876039711094083
1742955469.1495774,0.6499525387847124,0.06289096844955397,0.4415374531031018,0.015144933889312448,0.08766133691249343,0.9960331729108497,0.0020098381397796
1742955469.154631,0.650204162868834,0.06295351873455583,0.44117204215540373,0.015594842336616389,0.08750232039236981,0.9960401611803268,0.0020352234068466125
1742955469.1595745,0.6504538659958038,0.06301710349448936,0.44080697266230046,0.016039805159497326,0.08733485557699766,0.996047740490564,0.0020606589801349536
1742955469.164612,0.6507034108030854,0.0630821704291849,0.440448040719012,0.016492589567197014,0.0871704592863136,0.9960546893920963,0.00208836232389021
1742955469.1695876,0.6509497074518625,0.06314560232393479,0.4400936924946992,0.016935200654859792,0.08701231372982605,0.9960610440268938,0.002110168290986472
1742955469.1746247,0.6511982366379565,0.06320945926636587,0.43973928914551763,0.0173896538098578,0.08685832228037034,0.9960666049397996,0.0021331466696084844
1742955469.179626,0.6514441037374782,0.06326933243319166,0.43938302241083027,0.017833498197953438,0.08670972981387987,0.9960716725548033,0.002147610650055015
1742955469.1846004,0.6516886794114098,0.06332620832728031,0.43902515366211403,0.018281182989398768,0.08656367148356665,0.9960762370112125,0.002158515549181703
1742955469.1895525,0.6519330639981277,0.06337786938424524,0.43867824824238283,0.0187279293253907,0.08642281328447309,0.9960801679831651,0.0021589251515361
1742955469.194541,0.6521764174713564,0.06342721888935836,0.4383467429797611,0.01918652638567779,0.08628026697343441,0.9960838092779225,0.0021535158759175116
1742955469.199559,0.6524185559968095,0.06347636395946693,0.43801163733992265,0.01964071235897851,0.08614024058340325,0.9960870898168822,0.00214729373858586
1742955469.204597,0.6526582495039008,0.06352434335824973,0.4376688147128386,0.020083549277422806,0.08600376167781923,0.9960900699143267,0.0021393091777509496
1742955469.2095861,0.6528933554420357,0.06357429159206565,0.43733276667224535,0.02052399569811714,0.08586776468818022,0.9960928323047019,0.002135888395041187
1742955469.2145598,0.6531278901692784,0.06362837930040628,0.43699547340497236,0.020964370596296925,0.08572881940608834,0.996095622872329,0.0021388743129138366
1742955469.2195888,0.6533601106311538,0.06368352012197957,0.4366498960161407,0.02139013802603606,0.08558433916016707,0.9960989970516193,0.002137980005249851
1742955469.224582,0.6535889887288535,0.06373877388659438,0.4363142982937202,0.021810098979156717,0.08544138198398517,0.9961021660376853,0.002136502332774341
1742955469.2296612,0.653818068245668,0.0637921205456899,0.435994697282694,0.0222416476170687,0.08529582653723344,0.9961051040253333,0.002133734118475955
1742955469.2346067,0.6540441500052425,0.06384512291815328,0.4356621915603777,0.02265396702009053,0.08514545605193477,0.9961086991826058,0.002123323973784533
1742955469.2396615,0.6542651715121377,0.06389540434581849,0.4353217813197501,0.023043186516749976,0.08499720017869637,0.9961124718403417,0.002104984812631056
1742955469.2447596,0.6544840137680767,0.06394145264735822,0.43499040860163035,0.02343467810339318,0.08485283226770506,0.9961157039211194,0.002077768050542345
1742955469.2496934,0.6546998193902185,0.06398416592756792,0.4346706248312225,0.023826374954888915,0.08470079387214163,0.9961194297584709,0.002039860680730338
1742955469.254695,0.6549127502756186,0.06402429800940952,0.4343399805517661,0.02419809988690755,0.08453353735300312,0.9961247759576408,0.0019909163195875987
1742955469.2596,0.6551229401295718,0.06406155706845447,0.4340029282247689,0.024570644612795855,0.08435702058020617,0.9961307179307898,0.0019414677004208998
1742955469.2647202,0.6553257996010612,0.06409481576366259,0.433670422430531,0.024923014801671823,0.08418399301103664,0.9961366995050704,0.0018906488458820384
1742955469.2696855,0.6555286702219799,0.06412469660424616,0.43333718949845174,0.0252778143023534,0.08401417062181928,0.9961421962134069,0.0018374335236645532
1742955469.2747104,0.6557282688075196,0.06415030998586824,0.4330058590519479,0.02562322242926897,0.08384430863204528,0.9961477981931345,0.0017738481684987687
1742955469.2796993,0.6559243368108022,0.06417248967992782,0.43268200084879693,0.025962088855159045,0.08367319346925421,0.9961535361256091,0.00170267477181898
1742955469.2846065,0.656116633480592,0.0641918800812861,0.4323539586953282,0.02629684931478561,0.08349770858311525,0.9961596113069632,0.0016239391135964311
1742955469.2896745,0.6563051858319221,0.06420810085312392,0.43202303082423704,0.026614927646588543,0.08332390713252823,0.9961658551456029,0.0015366094385488582
1742955469.2946062,0.6564952944464535,0.06422147217257099,0.43169009632642896,0.026940012752697317,0.08314752686787986,0.9961719923592283,0.0014443433405925785
1742955469.2996502,0.6566827543656668,0.06423258883450818,0.4313561430355847,0.02725432653571502,0.08296668764021627,0.9961786613524334,0.0013435375577979392
1742955469.3046634,0.6568687272686736,0.06423879609551036,0.43101579098612314,0.027556088102600157,0.08279032890642768,0.9961851697755245,0.001237322656674848
1742955469.3097248,0.6570505946358143,0.06424317138928988,0.4306810929634,0.027841760814208097,0.08261973865427266,0.9961915130726481,0.0011333232072921636
1742955469.3145535,0.6572339639783635,0.06424494047110263,0.4303540421383609,0.028131679743509753,0.08246482172895454,0.9961963150823516,0.0010313042055244495
1742955469.319627,0.6574098247752429,0.06424345165600356,0.43001480221141136,0.028391543633131625,0.08230757332533016,0.9962020619867517,0.0009139566552096039
1742955469.3245773,0.6575802291863446,0.06423940021418616,0.42965708358469235,0.028624586936454085,0.08214313987245432,0.9962090753840657,0.0007846763898397575
1742955469.3297644,0.657745068852032,0.06423447819085946,0.42930049675672555,0.028842769870918834,0.08196697081683406,0.9962173911138859,0.00064804593084916
1742955469.33461,0.6579087170353758,0.06422733300726052,0.42895146380546295,0.029063497134870435,0.08177851395688147,0.9962265469906137,0.0005048370569437607
1742955469.3396435,0.6580718885999602,0.06421663521780584,0.42860559766154316,0.0292845591225851,0.08159183546058583,0.996235444489858,0.0003551411881472202
1742955469.3446615,0.6582368149069705,0.06420503051352108,0.4282603526595945,0.029505517393658327,0.08140604375329578,0.9962441664389096,0.00020327373489091203
1742955469.3496754,0.6583947575766156,0.06419179282428349,0.4279100239558418,0.02970762869862678,0.08122288039951144,0.9962531295222824,4.913012960350976e-05
1742955469.3546488,0.658552096744759,0.06417782018325335,0.42755560500927553,0.02991109160434923,0.08104489864713821,0.996261532016815,-0.00010404720174469907
1742955469.3596961,0.658709923920229,0.0641610405364041,0.4272005580576242,0.030110914749438958,0.08086164114702167,0.9962703728632067,-0.0002682516905474373
1742955469.3647015,0.6588671527666493,0.06414286244771408,0.4268585148950222,0.030318017366333733,0.0806775893767406,0.9962789526828092,-0.00043913161773098235
1742955469.3695815,0.6590235047927533,0.06412397530179295,0.42652152104141006,0.03052419872009902,0.08049087814202179,0.9962876651389354,-0.0006165390747868609
1742955469.374658,0.6591771610406314,0.06410370285901099,0.4261685177705604,0.030717293818135847,0.08031252344730744,0.996295994903976,-0.0007981079580280178
1742955469.3796413,0.6593305591548665,0.06408005391958378,0.4258093909445607,0.03090428797259574,0.08014200912429299,0.9963037759080302,-0.0009846165904127868
1742955469.384691,0.6594802560743757,0.06405476271579537,0.42545256523119274,0.031088920629634347,0.07996886580443599,0.9963117365914914,-0.001176029796883429
1742955469.3896873,0.6596307613859466,0.06402814738683385,0.42508908096992093,0.03127193396087555,0.07979693695584598,0.9963195422177028,-0.0013728779692848724
1742955469.3947446,0.6597798339477442,0.06399727673699478,0.4247125865817388,0.031445864294626195,0.0796176757573439,0.9963280958618058,-0.0015838946147230843
1742955469.3996658,0.6599270142985079,0.0639641804342863,0.42434083160724506,0.031615706012309064,0.07942529236920945,0.9963376991879297,-0.0018053371739190332
1742955469.4046028,0.6600746090786627,0.06393358113958252,0.4239828735149376,0.031804073098883515,0.07922025517987527,0.9963476124812842,-0.0020216840507747986
1742955469.4095876,0.6602159010540286,0.06390802423709256,0.4236115741050857,0.03196212832812119,0.0790130598368473,0.9963585555480786,-0.002233274300633295
1742955469.4146166,0.6603578168211416,0.06388360128763212,0.4232346976514194,0.032116407834636866,0.07880746704245543,0.9963693809347377,-0.002444631235831428
1742955469.4195693,0.6604952555196204,0.06386141138665738,0.4228649210555341,0.03226403949336709,0.07860104647680849,0.9963803706484077,-0.0026578628375040956
1742955469.424818,0.660631471462211,0.06383922577365274,0.42250536471754657,0.032418857399201056,0.07838875151465914,0.9963914767004679,-0.0028716684286859448
1742955469.4297678,0.6607711052206129,0.06381628522379343,0.4221401584157902,0.03258315520312017,0.07817888288994838,0.9964019571939993,-0.003088683709401216
1742955469.4346426,0.6609089207336702,0.06379330658579581,0.4217753735610549,0.03274260130366486,0.07797298768633575,0.9964121866548742,-0.003299929815602966
1742955469.4396555,0.6610488709639425,0.06377194328746257,0.4214147835994149,0.032912389361438144,0.07778512995841033,0.9964205898415337,-0.0035009032726632267
1742955469.4446895,0.6611893798240773,0.06375357382245973,0.42105472065359595,0.03308782268010897,0.07759389289408751,0.9964289638108255,-0.0037018717853549914
1742955469.4496217,0.6613319659828749,0.06373826900239796,0.42069520339098354,0.033272062556177595,0.07739882654939544,0.9964372255057454,-0.0039047571559128235
1742955469.4546256,0.6614749490516203,0.0637291672952905,0.42034472021198166,0.0334708720284026,0.077204705263588,0.9964448296397398,-0.004103132346257657
1742955469.4596372,0.6616196226286745,0.0637228715002898,0.4199974162939792,0.03368121419147895,0.07700816521265369,0.9964521075618686,-0.004302979976560134
1742955469.4645743,0.6617640607648463,0.06371960814242784,0.4196473812884275,0.03388919107284563,0.07682052948643404,0.996458707825025,-0.004491389265422008
1742955469.4695654,0.6619082932827514,0.063718202243233,0.419293276167615,0.03409312021945592,0.07663824842534175,0.9964649726695082,-0.004668648064879988
1742955469.4746342,0.6620563893780571,0.06371871011743759,0.41893970819287624,0.034309985995155765,0.07645238843259937,0.9964709969211594,-0.004838332245105019
1742955469.4797008,0.6622009549760679,0.06372036700779718,0.4185811919882267,0.03450947107368674,0.0762555394209423,0.9964783432868748,-0.005010037333297832
1742955469.4845986,0.6623422831888757,0.06372774789433112,0.4182336767497125,0.03470966952432,0.0760516753932329,0.9964861182599791,-0.005176642401563758
1742955469.4899986,0.6624781813192955,0.06373962382852112,0.4178974927735205,0.03490325786810582,0.07584514587953665,0.9964942433426616,-0.005338484957440775
1742955469.4946268,0.6626118692419016,0.063758209849745,0.4175652233581707,0.03509380694054214,0.07564107157582776,0.9965022643686551,-0.005485445599365735
1742955469.499586,0.6627391043324093,0.06378029748026741,0.41722296026393674,0.03525452696762756,0.07543700018092499,0.9965112805973324,-0.0056253865873182735
1742955469.504637,0.6628612392297643,0.06380032311038789,0.41688460770611124,0.035400052587815735,0.07523401448513531,0.996520668164915,-0.00576517661323283
1742955469.509654,0.662984645661428,0.06381829712268683,0.41655543506061765,0.03555381317668193,0.075029101141616,0.9965298045331573,-0.005908386208276933
1742955469.5146143,0.6631043302380952,0.06383379772932755,0.4162386546001374,0.03570628190733427,0.07482212765465204,0.996539007728089,-0.0060594324734849925
1742955469.519628,0.6632253416025763,0.06384959171435796,0.4159267037585411,0.03586720079890514,0.07462303358812607,0.9965472417495354,-0.006208198317520311
1742955469.524668,0.6633491675045214,0.06386289599706245,0.41562189966527885,0.036049491940600836,0.07443075073135719,0.9965541173707122,-0.006355204785993097
1742955469.5298731,0.6634703727043285,0.06388201352683714,0.4153208818433187,0.03622758108705958,0.07423585965113327,0.9965612922156758,-0.006495411292610103
1742955469.5347261,0.6635948504869238,0.06391012180927641,0.4150217522226265,0.036420980284806684,0.07403638450104355,0.996568232326825,-0.0066245212728776905
1742955469.539712,0.6637172787742995,0.06394256172522428,0.41472205750499447,0.03661002031805118,0.07383674019329002,0.9965752618502011,-0.006752012895702271
1742955469.5446692,0.6638407193396818,0.06397755471567446,0.41442508015400265,0.03680466846824497,0.07363676978870605,0.9965820394583225,-0.006876128497814499
1742955469.549653,0.663966049879622,0.06401249280611937,0.4141424311501541,0.03702154475215165,0.07343985638192253,0.996587675325162,-0.00699986490988217
1742955469.5547698,0.6640876064099042,0.06405343022722397,0.4138618231968932,0.03723045396559407,0.07324055870715399,0.996593708098479,-0.007120030639215833
1742955469.5596826,0.6642083323055898,0.06410483208711906,0.41357591786660625,0.037432382022952196,0.07304153415281461,0.9966000110332086,-0.007222816161274135
1742955469.5645835,0.664326912349549,0.06416475519819163,0.41329343525575857,0.03763063688402579,0.07283864132206971,0.9966067496739842,-0.007311224405943973
1742955469.5696995,0.6644472747798478,0.06423216998981779,0.4130144988101072,0.03783930750750346,0.07262814921630437,0.9966136586985797,-0.007386070958078409
1742955469.574613,0.6645652666103583,0.0643076596730611,0.41274920346291966,0.03805743467867408,0.07240559439176712,0.9966210909767623,-0.007447320776052734
1742955469.5797393,0.6646811365477956,0.06438652995430585,0.41248024563328684,0.03826370514872386,0.07218067470398926,0.9966290995847431,-0.007501795016704519
1742955469.5847192,0.6647959475974258,0.06446035970810499,0.41220639494347394,0.038458923071452086,0.07196063679508805,0.9966370934879373,-0.007555254604986336
1742955469.5897686,0.6649046866720288,0.06453070832495537,0.4119444519762627,0.038641185864169904,0.07174199372527486,0.996645382965031,-0.0076108938909999245
1742955469.5947354,0.6650121328004571,0.06460289827580479,0.4116962908324221,0.038829126456324976,0.07152802662879088,0.9966530499255207,-0.0076640993852704585
1742955469.5997295,0.6651144528971401,0.06467871293553318,0.4114644932134301,0.03901893168334652,0.07131861989456745,0.9966602983066063,-0.007708904332724954
1742955469.604716,0.6652105797831709,0.064758566442427,0.41123341603553826,0.03918604692518407,0.07112732693717196,0.9966671598653374,-0.0077414168672283335
1742955469.609742,0.6653049988236149,0.06484297553047216,0.4109905147174647,0.039335872237734305,0.07095160881494364,0.9966736214209719,-0.0077621340798133915
1742955469.6147335,0.6653950299974368,0.06493195961559671,0.4107506572308823,0.03947204067395085,0.07077442024302287,0.9966807090318078,-0.007778411672759792
1742955469.6196463,0.6654809509144742,0.06502109155486262,0.4105189703261779,0.039596947376994485,0.07059876346999072,0.9966880997384246,-0.007792829700444104
1742955469.624615,0.6655696327399285,0.06511120030235476,0.41030051543656565,0.03973695696912179,0.07042631556373778,0.9966946823517893,-0.007798621584420818
1742955469.629591,0.6656574175903581,0.06520081426216934,0.41009338297431613,0.03988645160815046,0.07025988161573642,0.9967004785231778,-0.007795904381266193
1742955469.6346111,0.6657396835836812,0.0652863963565197,0.4098807847388494,0.040015134683549,0.0700987431663814,0.9967066835991301,-0.0077937200087564475
1742955469.6396244,0.6658192590816926,0.06536845084368748,0.4096625480194794,0.040129480575791916,0.06994104876234236,0.9967131817809524,-0.007791517877220045
1742955469.644613,0.6658989574864945,0.06545154949804023,0.4094469522909018,0.04024736295853897,0.06978530929827059,0.9967194091967991,-0.007783296950009552
1742955469.649974,0.6659768433194327,0.06553341329005553,0.40924064892555595,0.04036638733569258,0.06963598571607045,0.9967251319750872,-0.007771457782238463
1742955469.6545804,0.6660499194531383,0.06561893914342673,0.4090381469450412,0.04047259913442944,0.06948851884166353,0.9967312162248279,-0.00775867717276729
1742955469.6595922,0.6661236015817426,0.06571509430639025,0.40883946313713987,0.040588661196960106,0.0693322061399769,0.9967375555894303,-0.0077363461407545945
1742955469.6645892,0.6661967747836617,0.06582182777350412,0.4086381742550858,0.04070581989742812,0.06916461987066358,0.9967446603821905,-0.007705425635007823
1742955469.6695673,0.666264694025455,0.0659361451813829,0.40843582296498154,0.04080448434802939,0.06899348063957915,0.9967527792437905,-0.007667513032730635
1742955469.67464,0.6663312701296166,0.0660599490102344,0.4082367098187742,0.04089657384975589,0.068814652387554,0.9967617693272275,-0.007615055599707945
1742955469.679584,0.6663985155939459,0.06618957937037007,0.4080450427125466,0.04100138320648844,0.06862730278411641,0.9967708795510566,-0.007549408370535179
1742955469.68462,0.6664667784456616,0.06632315134115278,0.4078635396239964,0.041119207458258374,0.06843034289561101,0.9967801820071446,-0.007467777915663365
1742955469.6896718,0.6665329408422745,0.0664599788170885,0.4076826723214393,0.04123009010335465,0.06821849133808205,0.9967907902827932,-0.007378178435763682
1742955469.694595,0.6665982586840506,0.06660128174088188,0.4075007096674821,0.04133725010301671,0.0680057209796428,0.9968016069358804,-0.007280802016691607
1742955469.6995914,0.6666641295156158,0.06675061099474447,0.40732170890058417,0.04145210882238583,0.0677925080768802,0.9968121462162174,-0.007172424878770284
1742955469.704759,0.666728105919015,0.0669103101241516,0.40714679376820795,0.04156617175970861,0.06758496606664906,0.996822333955428,-0.007054094886352711
1742955469.7096958,0.6667854525887333,0.06707664047311139,0.4069700380111669,0.041654431614401646,0.06737367669275351,0.9968338035722961,-0.006932825641134567
1742955469.7149842,0.6668387327862688,0.0672490689317856,0.40679641668521405,0.04173243072143877,0.06716539416118875,0.9968454642530846,-0.0068069414060048265
1742955469.7196004,0.6668881604614113,0.06742209154579631,0.4066308749136594,0.04180456656473198,0.06696386654251121,0.9968568498099785,-0.006681300692061321
1742955469.7246342,0.6669332291167216,0.06759689107563806,0.4064716271215816,0.04186704384320007,0.06676875804377207,0.9968681383943532,-0.006557304575858835
1742955469.7295969,0.6669716246193396,0.06777358569119733,0.4063123352319229,0.04190556831080905,0.0665745349511371,0.9968802781475079,-0.006439385151953429
1742955469.7346787,0.66700247176179,0.06795864025524007,0.4061538349718099,0.041919430754212506,0.06637474040248592,0.9968937589714256,-0.006323644958920698
1742955469.7395844,0.6670303983873049,0.06815019972282692,0.40600526069183485,0.04193409298605558,0.06617304711848748,0.9969073016991115,-0.006204151794412331
1742955469.7448125,0.6670548844501826,0.06834406072454284,0.405867980648062,0.04194842900302892,0.0659690682006054,0.996920961787762,-0.006083361988675361
1742955469.7496119,0.667077573777964,0.06852928068937673,0.40573777790192367,0.0419601587183507,0.06577342244282151,0.9969341037258527,-0.005966138518326533
1742955469.7545714,0.6670975280797766,0.06870884270024281,0.4056096875691967,0.04196230955939931,0.06557713446445629,0.9969476149064599,-0.005852960293120088
1742955469.7596107,0.6671123314772367,0.06888862924381749,0.40548272433400895,0.04194828752136386,0.06536682805941114,0.9969626457920847,-0.005744724425303625
1742955469.7645566,0.6671215176557783,0.06907481071653714,0.4053606394500262,0.041920028546781014,0.06514507670495628,0.9969789502315248,-0.005639413355063742
1742955469.7696052,0.6671238343798258,0.06927822266078495,0.40524322805240176,0.041875934607056735,0.06490567906133461,0.9969970211906495,-0.005531605855838808
1742955469.774595,0.6671200377283486,0.06948996180236512,0.4051293659903007,0.04181904354217832,0.06467208954637108,0.9970151886356261,-0.0054223667148796196
1742955469.779646,0.6671133957673979,0.06969773098573342,0.4050141048554155,0.041749916482493536,0.06444502258370069,0.9970333590372741,-0.005316437222545908
1742955469.7846484,0.6671053140050426,0.06989435932048098,0.40489868297472853,0.04167012160290066,0.0642297684420934,0.9970511158398402,-0.005216341055197055
1742955469.7895675,0.667096000807407,0.0700833196341294,0.40478375246197457,0.04157952808045835,0.06402897558003978,0.9970683095217866,-0.005120476359081052
1742955469.7946038,0.6670839671208249,0.07027415317612991,0.4046727209184906,0.041483055241773426,0.06383383699235017,0.997085318662299,-0.005026399381646467
1742955469.7995963,0.6670700959863962,0.07047151162228091,0.404564469629458,0.04138557490850277,0.06364062418609634,0.9971021984741957,-0.004930612601149235
1742955469.804655,0.6670540759490182,0.07067935089883279,0.4044560325218688,0.041286440851740415,0.06344583931004173,0.9971192108857727,-0.004830585738189698
1742955469.809647,0.667034691851434,0.07088795071321596,0.4043472460417288,0.041183080080460635,0.06325690424774348,0.9971359661221076,-0.004731072374121775
1742955469.8145993,0.6670131999991966,0.07109009944416052,0.40423604244371225,0.04107557230997737,0.06307476462720409,0.9971523868466851,-0.004635604878498235
1742955469.8196852,0.6669889785464559,0.07129208406604903,0.4041266562537087,0.040966664466978386,0.06289360198778314,0.997168742559862,-0.00454159586885768
1742955469.824599,0.6669619894020129,0.07149685650276148,0.40401953343610997,0.040856170522148294,0.06271185825177691,0.9971851490876186,-0.004446864510893475
1742955469.8296595,0.6669310222560159,0.07170815390560664,0.40391868132439823,0.04074585395849759,0.06252449432184388,0.9972018627306475,-0.004348328588943672
1742955469.83471,0.6668977366557147,0.07191838102562774,0.40381905828982834,0.04063559604642818,0.062335513686787684,0.9972186218189526,-0.004248807463813746
1742955469.8396542,0.6668626824931123,0.07212198128587503,0.40372120502051606,0.04052855123806866,0.06214764173212602,0.9972351180857223,-0.004150472049545121
1742955469.8447711,0.6668269286509358,0.0723118258986922,0.4036252582414263,0.04042442489898927,0.06197181778825711,0.99725066367489,-0.004058752468011959
1742955469.849694,0.6667885290945945,0.07249329028311885,0.4035276367767315,0.04031812243206017,0.06179986997247313,0.9972659871690879,-0.003971890054300639
1742955469.8546815,0.6667491683208829,0.07267542556355432,0.40343147388769274,0.04021270983414108,0.06162307547694077,0.9972815181880884,-0.0038869032686810793
1742955469.8597126,0.6667073483562838,0.07286559853314142,0.4033365794334426,0.040106779101188345,0.061436449312075175,0.9972976361168897,-0.003799205406033455
1742955469.8645513,0.6666639454791217,0.07305978132384996,0.4032431736427342,0.04000077137087258,0.061239652839664954,0.9973143364507984,-0.0037091130363288353
1742955469.869761,0.6666202072539096,0.07324695879050193,0.4031493283410627,0.03989431098960103,0.061042580565168675,0.997330998790152,-0.0036230043952344055
1742955469.8747745,0.6665765771495038,0.0734201813216591,0.40305366144487187,0.03978642209295607,0.06084784502550261,0.9973474894805819,-0.003544798946928324
1742955469.8795981,0.6665341610553163,0.07357831076007722,0.40295633368808215,0.039678402233705556,0.06065054154115853,0.9973640489090685,-0.0034770893939823125
1742955469.8845842,0.6664905915934087,0.07373037070483074,0.40285730104117756,0.039568880121465214,0.060454006618353796,0.9973805427873572,-0.003416091175292134
1742955469.8895738,0.6664467478039091,0.07388019086330505,0.40275606499787725,0.03945801833604935,0.06026045338613646,0.9973968391300392,-0.0033597380993246675
1742955469.8946233,0.6664014708203643,0.07402770999919465,0.4026528394451366,0.039344528709601534,0.06006469045165937,0.997413307481598,-0.0033068232769702752
1742955469.8996284,0.6663547373835313,0.07417396055804928,0.40255091429159284,0.039230215772642144,0.05987648025545825,0.9974292993748599,-0.0032542328167717025
1742955469.9046047,0.6663057443083442,0.07431402070665523,0.40244753282120393,0.03911315658374093,0.05969737427031122,0.9974447942467408,-0.003204203077682576
1742955469.9096208,0.6662562691956598,0.07444359412543576,0.4023441246917614,0.03899627860065591,0.0595344872828529,0.9974592540646893,-0.0031577776966791793
1742955469.9145613,0.6662066674507391,0.07456085604054852,0.4022393009807909,0.03887826930829568,0.05938805364989061,0.9974727167942172,-0.0031174525550111297
1742955469.919615,0.6661564171742107,0.07466737277965427,0.40213415109929707,0.03875970022385732,0.059252015264814134,0.9974855296405195,-0.0030826098337748908
1742955469.9245777,0.6661051495559507,0.07476716233982535,0.4020284555759861,0.038640210236475125,0.05912928786623382,0.9974975399593005,-0.00305274375881215
1742955469.929718,0.6660549681874046,0.07485706385064214,0.40192303345530594,0.03852231587494507,0.059015036715759965,0.9975089339190369,-0.0030304080211811676
1742955469.9345593,0.6660053179949704,0.0749341737995996,0.40181726593731515,0.038404695208673525,0.058910853142400056,0.9975196710758933,-0.0030160544764919056
1742955469.9396198,0.6659574333886429,0.07499651153515097,0.40171129941663464,0.038288446360423334,0.0588193152200067,0.9975295588619618,-0.003010353636098063
1742955469.944643,0.6659106209097819,0.07504372694366508,0.4016022547338426,0.03817062122550363,0.058736284690614884,0.997538959189037,-0.003012878367110997
1742955469.9495974,0.6658647918426526,0.07507693429994275,0.4014930629064749,0.03805379336576104,0.05866212399633568,0.997547754406743,-0.003023523900831119
1742955469.9546585,0.6658221997559441,0.07509996801383624,0.4013861195709985,0.03794096967155634,0.0585915521825433,0.9975561468371751,-0.0030408453743397314
1742955469.9596434,0.6657796510454471,0.075115741589085,0.40127814694259817,0.03782752091126885,0.058526887824283495,0.9975641828770004,-0.0030631853117120793
1742955469.964657,0.66573864379029,0.07512467393219274,0.40116810988314655,0.037713620098928334,0.05846121521647226,0.997572266144525,-0.003089173631254875
1742955469.9696565,0.665700568849511,0.0751239864305861,0.40106184063582395,0.037604460202866,0.05839396873880553,0.9975802349560858,-0.0031183028626170445
1742955469.974627,0.6656645500002495,0.07511273578539847,0.40095691118640375,0.03749755742981379,0.05832917609613973,0.9975879471681606,-0.003150883615535173
1742955469.9796915,0.6656297905370364,0.07509138384835835,0.4008528786538474,0.037392525468176854,0.05826080157168472,0.9975957670413982,-0.0031880433530729812
1742955469.98458,0.665596437951503,0.07506588632037667,0.4007523292462451,0.037290973504341574,0.05818474381512631,0.9976038803244639,-0.0032275135691888766
1742955469.9896722,0.6655637476786538,0.07503610909756514,0.4006547905193617,0.03719253037673024,0.05810988449366494,0.9976117815530094,-0.0032696047069324615
1742955469.9946785,0.6655318588565479,0.07499765185380113,0.40055523158918566,0.037092975247110804,0.05803884456032826,0.9976194672488831,-0.0033169678132390166
1742955469.999656,0.6655012194296234,0.0749517701155325,0.40045781957818066,0.036995951942718194,0.057973519239240566,0.9976266956356263,-0.0033684955114695056
1742955470.0047233,0.6654710389985122,0.07490563621580935,0.4003601177089754,0.03689940245899741,0.05790637869704256,0.9976339914037159,-0.0034211986575330687
1742955470.0096006,0.6654422726222317,0.07485687168240103,0.4002629541904215,0.03680818950866623,0.05784414268964632,0.997640785936483,-0.0034748492960879505
1742955470.0146801,0.6654184335869182,0.074807218988343,0.4001674306554101,0.03672752061493372,0.057775048721197514,0.997647577009906,-0.0035277558031438436
1742955470.019627,0.6653984567029851,0.07475436630790441,0.4000717121131272,0.03665694875197788,0.05770134942000506,0.9976542458110061,-0.0035816474670176267
1742955470.0246944,0.6653846390485855,0.0746998865926989,0.39997317150547246,0.03659999774475045,0.05762488724746388,0.9976605651099241,-0.003634468234591961
1742955470.0297465,0.6653781364683309,0.07464082880528777,0.39987580049686905,0.03656230934442804,0.057556148483216246,0.9976657254462966,-0.0036861330544383547
1742955470.034623,0.6653786082795851,0.0745779918803494,0.39978003959261355,0.0365455272469777,0.05747487410309997,0.9976708346484281,-0.0037375094624737867
1742955470.0396626,0.6653851033477611,0.07451322729803017,0.39968285926320507,0.036551154921603254,0.057391061755343996,0.9976752633402042,-0.003787878501941701
1742955470.04473,0.6653969023708708,0.0744456509372623,0.39958368012924683,0.03657209575980483,0.05731671110637983,0.9976785727525446,-0.00383951951799825
1742955470.0495567,0.6654143211352564,0.07437565554945143,0.3994854856082713,0.036609247575229154,0.0572480776059238,0.9976809531116293,-0.0038905527464212553
1742955470.0546036,0.6654347695507484,0.07430309900428596,0.3993894255923724,0.03665721552137653,0.057188476523867895,0.9976824106834153,-0.003941334295316204
1742955470.0596585,0.6654540328366227,0.07423149057882135,0.39929284561621764,0.03670276912549526,0.05713240575213376,0.9976837467046109,-0.003992056230070104
1742955470.0645928,0.6654758621629767,0.0741614068630944,0.3991973735446353,0.03675584567039074,0.0570802668066517,0.9976845837549315,-0.0040400851581446325
1742955470.0696774,0.6654990536717966,0.07409100647124069,0.39910445326156896,0.036816233377150856,0.05704347833523245,0.9976842720910429,-0.004086534167598067
1742955470.0746663,0.6655263427276911,0.07401925304654886,0.399013310739571,0.03689098737926566,0.0570133458367816,0.9976830492763659,-0.004131178196468997
1742955470.0796483,0.6655561512645082,0.07394648105907661,0.3989218392549416,0.03697773136108028,0.05698029874894676,0.9976815449700066,-0.004174657366692395
1742955470.0846064,0.6655891833314502,0.07387429311303412,0.3988318993638053,0.03707834365260136,0.05694275782481727,0.9976797825636566,-0.0042154747085685965
1742955470.0895824,0.6656224349145236,0.07379747373635352,0.39874149344345433,0.03717781687500058,0.056909556840682156,0.9976777893123839,-0.0042592235631089695
1742955470.0946271,0.6656546408526541,0.07371284007568933,0.3986526102894533,0.03727256972018103,0.056885082584063676,0.9976754410528487,-0.004307812189795487
1742955470.0996606,0.6656895649334416,0.07362624766727098,0.3985665869887994,0.03737364640289904,0.05686548221726947,0.9976725677665198,-0.004356031784484407
1742955470.104557,0.6657276621486933,0.07353691394685595,0.39848268565705725,0.037490085475393155,0.056854391884589635,0.9976686219614179,-0.0044036766555491805
1742955470.1095948,0.6657720879005394,0.07344176834813704,0.39840451767903956,0.03762977431174724,0.05685210612385249,0.9976632753286897,-0.00445277160431995
1742955470.1145532,0.6658192162705213,0.07334340305385008,0.3983298858559429,0.03777849505178688,0.05685455379020185,0.9976572846901833,-0.004504145817971015
1742955470.119581,0.6658647016426282,0.07324887794685184,0.39825944766542587,0.03792508271566263,0.05686318165617763,0.9976510004490983,-0.0045549946059212035
1742955470.1246204,0.6659147272956865,0.07315682557639268,0.3981960048925475,0.0380884501399138,0.05687398666516699,0.997643947044073,-0.004601579410661779
1742955470.1297247,0.6659676208762191,0.0730652763401914,0.39813332880152313,0.038268080221104735,0.05689205054313719,0.9976358405968527,-0.004645231727178132
1742955470.1346464,0.6660215159793814,0.07297582645737317,0.39807115180990293,0.03845543867048353,0.05691913004967031,0.9976269022747313,-0.004685694054608176
1742955470.139593,0.6660722079251788,0.07288985487030937,0.39801040576153823,0.03863411573580871,0.05694523466179897,0.9976183286565925,-0.004723947401459434
1742955470.144603,0.6661217155335306,0.07279626092317175,0.39795715861738623,0.03880689207598337,0.05697726135975482,0.9976095912791825,-0.00476657142270204
1742955470.149543,0.6661750457714828,0.07269172399341832,0.39790873052042736,0.038994265647940896,0.05702081585125966,0.9975995807311278,-0.004811479119018358
1742955470.154633,0.666230876494491,0.07258151575288979,0.3978658062960209,0.039192418056234204,0.05707413356425861,0.9975885480291572,-0.004856592001868117
1742955470.1595688,0.6662843080742714,0.07246768916849816,0.397825823644895,0.039381967465693855,0.05713331690801975,0.9975774535409356,-0.004906009009488514
1742955470.164641,0.6663321079323961,0.07235623277730466,0.39778748126395197,0.039551702403034884,0.05719133725226381,0.9975671507922486,-0.004959177407068139
1742955470.1696,0.6663774045785887,0.07224760955376046,0.39775096024050266,0.03971653664354969,0.05724585198191286,0.9975572012822517,-0.0050139124272050315
1742955470.1746442,0.6664218458035416,0.0721419899948217,0.39771706238733595,0.03988492936306197,0.05729593749375065,0.9975473339463313,-0.005067987074025126
1742955470.179625,0.6664622379999808,0.07203975517222655,0.39768448358002984,0.04004598837987032,0.05734113456288554,0.9975380117663653,-0.0051213458121286875
1742955470.1846676,0.6664978706897905,0.07193624391136362,0.39765434739172867,0.04019061398177714,0.057385579791820136,0.997529347702415,-0.005177861732307898
1742955470.1896603,0.6665277348012796,0.07182850976827576,0.3976269445166603,0.04031264500708062,0.057430714081103805,0.9975214993599821,-0.005240424341669218
1742955470.1946867,0.6665526743631546,0.07171360182296341,0.39759818127475716,0.040417341966613715,0.05748024197594185,0.9975140475279693,-0.005308976842028166
1742955470.1995728,0.6665753439622388,0.07159442657008096,0.39756820620917055,0.04051330062708949,0.05753493536645755,0.9975066201731576,-0.0053801854429446185
1742955470.2045624,0.6665979153499081,0.07147346549259367,0.3975385513234603,0.040608222891592924,0.0575970872137085,0.9974987853388126,-0.005451699338416779
1742955470.2095659,0.6666166359844315,0.07134896999850433,0.3975063705869499,0.04069035532678835,0.05766677069331578,0.9974909982719529,-0.0055269256922220004
1742955470.2145872,0.6666324833224734,0.07122159851220954,0.39747339386159236,0.04076081606726756,0.057741504537190194,0.9974833573279439,-0.00560592374951385
1742955470.219644,0.6666405265106782,0.07109592404687626,0.3974370453391442,0.0408058013812169,0.05781858105945437,0.9974765856454543,-0.005688527664936286
1742955470.2245374,0.6666403197727692,0.07097305378101798,0.3973966897789117,0.040824589237078004,0.0578970386272045,0.997470774354168,-0.005774092233461354
1742955470.2297192,0.6666344724889269,0.07084637563299814,0.3973526596716124,0.04082588994120178,0.057981420256036836,0.9974652869303017,-0.005865405753450041
1742955470.2346594,0.6666237290634818,0.07071883176984978,0.3973058023605032,0.04081178934336958,0.05806899747000698,0.9974602128893381,-0.005959285710328637
1742955470.2395756,0.6666099446217085,0.07058680618093818,0.3972573833647568,0.040786576552170675,0.05816217849380485,0.9974552265589622,-0.006056993991913071
1742955470.2446783,0.6665915123213774,0.07045382661506172,0.397206148413082,0.04074656337854632,0.058257326187642955,0.9974507040281737,-0.0061558550994427
1742955470.2496033,0.6665700803779209,0.07031857811143839,0.39715315790393796,0.04069622944741591,0.05835358156393445,0.9974465035894023,-0.00625690855782254
1742955470.2546108,0.6665486985982475,0.07017633673597981,0.39710047418755734,0.040643208811305516,0.05845480284411004,0.997442070874852,-0.006362456354544153
1742955470.259638,0.6665245813037537,0.07003207051865491,0.3970438495377211,0.04058500495695239,0.05855676101300826,0.9974377687152309,-0.00646998088800183
1742955470.2645943,0.6664999572403909,0.06988714774253059,0.396986258781906,0.04052633852699888,0.05865787331276679,0.997433493261849,-0.006579992665911879
1742955470.2695584,0.6664771166446578,0.06974132363335554,0.3969312568502672,0.04047124380264217,0.05875845199038678,0.9974290618745941,-0.006692478817861852
1742955470.2745686,0.6664548603487883,0.06959563328063435,0.3968769511650859,0.040417694519848814,0.05885714016942134,0.9974246402923785,-0.0068069051996201
1742955470.2795923,0.6664323743953438,0.06945331689878358,0.39682284831350984,0.040364420939525504,0.058950927150537395,0.9974204699459082,-0.006921549190220587
1742955470.2845478,0.6664100433813733,0.06931599980671407,0.3967696914961535,0.04031226835506943,0.05903838478310356,0.9974166214802228,-0.007033728545303245
1742955470.2895925,0.6663884880383373,0.0691796451904139,0.3967173123325964,0.040261943787353684,0.05912112646758437,0.9974129594206858,-0.007145394834255527
1742955470.2945945,0.6663687583570883,0.06903616151533272,0.39666599771131855,0.040215464582088495,0.05920476891023699,0.9974090335037317,-0.007261654899819665
1742955470.2996373,0.666349508853816,0.068890399121915,0.39661422148928205,0.040170585169759125,0.0592895764714864,0.9974049460636442,-0.007378602627199261
1742955470.3045688,0.6663314138085552,0.06874023866704748,0.39656233763600957,0.04012931707332594,0.059376203045282835,0.9974005502607413,-0.007499784178519108
1742955470.309569,0.6663147825042005,0.06858720774741535,0.39651117182483386,0.04009192501697563,0.05946234308460454,0.9973959780523938,-0.007624320837358063
1742955470.3145847,0.6662978197166192,0.06843546539751731,0.39645875066159253,0.04005538592345818,0.05954489278509191,0.9973915528009294,-0.007749980844211291
1742955470.3196003,0.6662813119722792,0.06828849250882123,0.3964057570880728,0.04002164611540012,0.05962012748503628,0.9973874325776929,-0.00787512393297634
1742955470.3246272,0.6662642121405571,0.06814425705716437,0.3963513561203816,0.03998889294023399,0.05968792172335227,0.9973836960543436,-0.008000205418498081
1742955470.3299634,0.6662479201863066,0.06799904153760937,0.39629842550994776,0.0399586107179094,0.05975128968180525,0.9973800972792335,-0.008126152971878641
1742955470.334934,0.6662323809644132,0.06785405748365446,0.3962471642065708,0.03993131199333592,0.059810185299795864,0.9973766264656077,-0.008252092884767748
1742955470.3396966,0.6662155746691987,0.06771101424765529,0.3961942518650331,0.039903758259819185,0.05986679246835128,0.9973732709444509,-0.008379477421662423
1742955470.3446498,0.6661991399138587,0.06756793395107569,0.39614007551535446,0.03988130479113606,0.059921511863258094,0.9973697696309779,-0.008510967655212082
1742955470.3495665,0.6661870630029826,0.06742347700515423,0.39608917255815773,0.039871369950650035,0.059975516246027594,0.9973657736163869,-0.00864435815240798
1742955470.3546755,0.6661757036647122,0.0672770791218526,0.39603734126060597,0.039865639147505044,0.060026395558772074,0.9973617573688699,-0.008779953853088277
1742955470.3597333,0.6661663001105405,0.06712991346851384,0.3959863914534852,0.0398663764531788,0.06007903899285575,0.9973573729724621,-0.008913567167951138
1742955470.364607,0.6661581486094822,0.066983905327949,0.3959363460770392,0.03987080871565989,0.06013449135154075,0.9973526821381723,-0.009043726778531855
1742955470.3696008,0.6661517709309698,0.06683694037684239,0.39588697501524905,0.039881314881556496,0.06019397754829679,0.997347483699734,-0.009174014826784808
1742955470.3745925,0.6661462577190432,0.06669600932084041,0.3958362348547174,0.03989940367467537,0.060252017365696436,0.9973421043052886,-0.009298331552923114
1742955470.379693,0.6661444168075714,0.06655963010235431,0.39578477337240636,0.03993577016819892,0.060306244848070185,0.9973362297542966,-0.009419974144467148
1742955470.3846674,0.6661458931705568,0.06642231337994339,0.395733292209003,0.03998504869461377,0.06036254806661016,0.9973296941984283,-0.00954147482652346
1742955470.3896797,0.6661482704320579,0.06628321782091286,0.3956804539456251,0.04003987813983176,0.060417817990808725,0.9973229371628092,-0.009667183494912199
1742955470.3947015,0.6661510286138032,0.06614351160438756,0.3956262707737111,0.04009891105029116,0.06047124921140026,0.9973160841851608,-0.009794568748590783
1742955470.3995972,0.6661563431605373,0.06600155313452769,0.3955731993060246,0.0401659226674601,0.06052457565103821,0.9973088807734921,-0.009923241852235618
1742955470.4046147,0.6661662650591781,0.06585908886581181,0.39552135105943886,0.040249760418601795,0.06057362414838257,0.9973012519067809,-0.010050163627691355
1742955470.4097598,0.6661815740410895,0.06571806353882939,0.39547048618946895,0.0403539857888812,0.06061823669169697,0.9972930790164266,-0.010173483045427367
1742955470.4147074,0.6662020158962016,0.06558212521425533,0.3954205499815353,0.04047823318465232,0.06065877687555783,0.9972844033204343,-0.010288066874562142
1742955470.4196858,0.6662246663464169,0.06545155573873927,0.39536900977512446,0.04061627095021685,0.06069517092455507,0.9972754322334094,-0.010398414504339544
1742955470.4246018,0.6662487132127445,0.0653183376217959,0.39531669737174413,0.04076158419520961,0.060736423326307236,0.997265829191582,-0.010509332150564375
1742955470.4296784,0.6662734143965142,0.0651816427252515,0.3952660440229646,0.04090612836497463,0.06078176300337891,0.9972559528402668,-0.01062216894240072
1742955470.4346263,0.6662992753980411,0.06504318660399998,0.3952153905017719,0.04105545379468224,0.060828738741010566,0.9972457261317909,-0.010736664694768862
1742955470.4397752,0.6663296008278347,0.06490453185687942,0.3951661969813187,0.0412219710903392,0.060875682138282115,0.9972347596596091,-0.010850555297673608
1742955470.445261,0.6663631143416494,0.06476911832330783,0.3951169945185017,0.04140294783249981,0.060920022551063074,0.9972233278404473,-0.010962717454216727
1742955470.4497247,0.6663981456785844,0.06464123345570424,0.39507083225836154,0.04159014802617466,0.06095675955354021,0.9972120637868277,-0.011073973537477697
1742955470.4549124,0.6664318188150865,0.06452181908222057,0.3950254003178475,0.04177633852401498,0.0609847711166456,0.9972013518654352,-0.011182981227097185
1742955470.45962,0.6664699012701677,0.06440756204923832,0.3949831403244072,0.04197893612877898,0.061009378544036104,0.9971901677706585,-0.011286892960078834
1742955470.4647076,0.6665107335016908,0.0642973050657328,0.39494176569236666,0.04219599391891598,0.0610316928327698,0.9971785169304518,-0.011385777950844486
1742955470.469662,0.6665503423720593,0.06418826702039084,0.39490142379492804,0.04241100709641639,0.06105141975706252,0.9971670381688756,-0.011486018118864485
1742955470.474587,0.6665894752738118,0.06407864206307522,0.39485984967335275,0.04262508337008118,0.06107049619158006,0.9971555513748765,-0.011588922507020968
1742955470.4796362,0.6666308032527444,0.06396705228681437,0.39481931905224243,0.042849433376643244,0.06108688063526809,0.9971436520913541,-0.011698554076022442
1742955470.4849558,0.6666711822109171,0.06385389509770448,0.39477964550151,0.043076234135511364,0.061100129378408356,0.9971316862608395,-0.011815773240002289
1742955470.4896283,0.6667072152001431,0.06374085549049276,0.3947398073945796,0.04328674402531742,0.06111180467393243,0.9971203611630866,-0.011941125373164847
1742955470.4946449,0.6667393658193956,0.06363357310545296,0.3946981543406701,0.043486373297655416,0.06111561530836769,0.9971098473039589,-0.012073496277896407
1742955470.4996076,0.6667691593652837,0.06353460642112871,0.3946536432149044,0.04368410638757299,0.06111043425006324,0.9970999185777186,-0.01220516477541051
1742955470.5046122,0.6667984058348729,0.06344193535282185,0.3946097025466053,0.04388531710092374,0.0610951053063617,0.997090386526488,-0.01233807711983496
1742955470.5098538,0.6668237955059881,0.06335634929046201,0.39456781797875584,0.04407415452174174,0.061072034400555975,0.9970818088121947,-0.01247164997797518
1742955470.514697,0.6668492835581532,0.06327566166886511,0.39452586142680035,0.04426321436919747,0.06104567191284553,0.9970734361374816,-0.012599870769625066
1742955470.5196214,0.6668743588464962,0.06319883697007406,0.394483378774075,0.04445404075736583,0.061016927128839035,0.9970651304666378,-0.012723933025720969
1742955470.5247529,0.66689581796117,0.06312384196412296,0.39443836723009656,0.04463924310772372,0.06098724265915597,0.9970570935389131,-0.012847039788909501
1742955470.529738,0.6669079490537266,0.06304879595362907,0.39439079449309306,0.04479666995488773,0.06095554658368477,0.9970502856316645,-0.012977196286304987
1742955470.5348098,0.6669115781344083,0.0629743989790389,0.39434343329019816,0.0449265156630673,0.06092266841744969,0.997044691542356,-0.013111816444789898
1742955470.5396605,0.6669093084893433,0.06290134228308594,0.39429446678023977,0.04504368319298142,0.06088842096377747,0.997039698455953,-0.013247886616763604
1742955470.5450618,0.6668992836162515,0.06282944543942974,0.39424067250954375,0.045146735826544736,0.060850672156697164,0.9970354646867253,-0.013388431544140416
1742955470.549711,0.6668819325595094,0.06276036156930942,0.3941856366955696,0.04523282946285799,0.06080457525709145,0.9970323783357626,-0.013536296270456943
1742955470.5546565,0.6668578806990244,0.0626949831694553,0.3941305483322053,0.045301912018613076,0.060747995757892345,0.997030554636811,-0.013692731629229443
1742955470.5597637,0.6668229976368933,0.06263489667417814,0.39407087414562486,0.04534063626867018,0.06068213662891055,0.9970305519415387,-0.013855810768525876
1742955470.5647795,0.6667825670514014,0.0625756574976947,0.394010680470042,0.04536205970002451,0.060608971321684565,0.9970316361324169,-0.014026855891989886
1742955470.5696857,0.6667414658360269,0.06251657253331626,0.3939530605620429,0.04538036115920972,0.06053148211848295,0.9970330865308163,-0.01419812862433363
1742955470.5745814,0.6666995776567747,0.062458971027821865,0.393894688001356,0.04539657919701117,0.0604487098750292,0.997034938059722,-0.014367893370302795
1742955470.579657,0.6666614311617576,0.062403033678719876,0.3938379944584537,0.04542983613495132,0.060358430908884646,0.9970364152656931,-0.014538790909329146
1742955470.5846407,0.6666246984499077,0.06234750406695122,0.3937827169027101,0.0454750135742793,0.06026025653286767,0.9970376989287947,-0.014715690190623652
1742955470.589681,0.6665888182474548,0.06229190196134674,0.39372473874902,0.04552704679179569,0.06015337873607912,0.9970390739892431,-0.014897784255528143
1742955470.5947402,0.6665530613981301,0.062237121354747474,0.39366675118671435,0.04558332079862668,0.06004006064723219,0.9970405751803243,-0.015081227620265635
1742955470.5996215,0.6665149125295009,0.062180626865476686,0.3936075298580059,0.04563409150006123,0.05992157294118204,0.9970424299396418,-0.015275067570169741
1742955470.6045995,0.6664770986166453,0.06212327631990172,0.3935463619750872,0.04568376444265018,0.059799982153574176,0.9970443506012344,-0.015476392827250676
1742955470.6098297,0.6664390618630166,0.06207059218877353,0.39348458942785997,0.04572771983057032,0.05967873006738131,0.9970465553231886,-0.01567135395571667
1742955470.6146111,0.6663999642271197,0.06202281610784546,0.39341839283847574,0.04576657652775504,0.059558547004704525,0.9970490163067601,-0.01585745986403935
1742955470.6197662,0.6663628773337976,0.06197903805811432,0.39335060619137313,0.04581186179546988,0.059436756921709376,0.9970512567539147,-0.01604171595876847
1742955470.624765,0.6663293239886383,0.06193856912703915,0.3932820493619288,0.04586990711767655,0.05930839716565009,0.9970531635460935,-0.016231287976747357
1742955470.6296284,0.6662992103093396,0.06190037158031521,0.3932121813954292,0.04594066678897011,0.05917704193034296,0.9970545925288924,-0.016421703943370815
1742955470.634765,0.6662701334523895,0.06185949253277615,0.3931423121438476,0.04601315624099967,0.059045134767702914,0.997055849686226,-0.016616080147954796
1742955470.6396253,0.6662385355084405,0.06181435741908474,0.39307442777973367,0.046072899454036614,0.05891482061694503,0.9970573702151307,-0.01682059295207363
1742955470.6447115,0.6662038686469399,0.06176985518655214,0.3930050778682815,0.046117549222842565,0.05878794336166216,0.9970592945121395,-0.017026819900955302
1742955470.6496186,0.6661671249895272,0.06173046258184559,0.3929352210821165,0.046149928078903384,0.05866662776377571,0.9970615688242367,-0.017223208147455687
1742955470.6545649,0.6661268951613699,0.061692302712715516,0.39286385239123517,0.04616762982242813,0.05854993103012636,0.9970642495216453,-0.017416597221758333
1742955470.6596675,0.66608523229183,0.06165419542262145,0.3927902977299539,0.04617810194271261,0.05843514451186968,0.9970670622795332,-0.017612214628117667
1742955470.6645708,0.6660390494071702,0.061616889570169246,0.3927127896204894,0.04617371685830198,0.058318993032385726,0.9970705007989562,-0.01781289868877668
1742955470.6695704,0.665988029259256,0.06158195634866079,0.39263232498435313,0.04615350355779307,0.05820458506061605,0.9970745503598186,-0.01801170208580774
1742955470.6746235,0.6659334215615202,0.06154615478504089,0.39255025949982986,0.04612494258663039,0.058089986777636445,0.997078897796569,-0.0182130358900772
1742955470.6795754,0.6658762905774318,0.0615112391153736,0.39246829148583146,0.046092005535809576,0.057976297095907445,0.9970833989419646,-0.018411180165137334
1742955470.6846845,0.6658152020898941,0.06148030421280383,0.39238488296293017,0.04604828802246661,0.057866822609270174,0.9970883317001982,-0.018596902930943345
1742955470.689669,0.6657510310652062,0.06144955766268117,0.3922992989261468,0.04599453007041002,0.057761360656133694,0.9970935436989868,-0.018777474072697094
1742955470.694678,0.6656848466901757,0.06141852955255679,0.39221293961946146,0.045933653536827726,0.05765670758307587,0.9970989840228911,-0.018958365012748012
1742955470.6996322,0.6656160289047921,0.061387968310470185,0.3921221513020319,0.04586661741589528,0.05754886357980052,0.9971047729650436,-0.01914297358892763
1742955470.7046971,0.6655431562605715,0.06135916646182649,0.39202588845477526,0.04579106849714312,0.0574368077942663,0.9971110882727204,-0.019330514734110207
1742955470.7096264,0.6654661701972927,0.06133474599717285,0.3919268639085049,0.04570709789374356,0.05732478019730318,0.9971178737800148,-0.019510934521059793
1742955470.7146697,0.6653868488006843,0.06131531272821816,0.3918264030819841,0.045620135262020335,0.057213419811757794,0.99712489489908,-0.019681763757787966
1742955470.7196438,0.6653055274648484,0.06130075121795876,0.3917271803840487,0.045531147525429555,0.057104274962516154,0.9971320613247454,-0.019841085259813675
1742955470.7245905,0.6652213981781737,0.06129268234965448,0.3916279735364875,0.045437244162885665,0.05699690629117707,0.9971395667199084,-0.019987345940630587
1742955470.729708,0.6651377842532349,0.06128888783027151,0.39153082889058216,0.04534434347184579,0.05689251528221369,0.9971470437507763,-0.020122260286998313
1742955470.7345974,0.6650509989683532,0.06128851988292386,0.3914286135318959,0.045245293249991395,0.056787387434856645,0.9971548991542015,-0.020252485275143204
1742955470.7399113,0.6649605788478918,0.06129426409384051,0.39131767111905347,0.045138793694431335,0.05668053227688324,0.9971633009608227,-0.020375421014952953
1742955470.744662,0.6648682284957335,0.061304259385402425,0.3912006611889199,0.045031706514431585,0.05657188365770431,0.9971718839943946,-0.02049392980584716
1742955470.7499862,0.6647767327294087,0.061317721747263354,0.39108348349888317,0.04493512964172631,0.05646071935151274,0.9971801952537644,-0.020607753105451692
1742955470.754718,0.6646850693219288,0.061331324568271665,0.39096687438498434,0.04484934101453249,0.05635053532804169,0.9971880235049009,-0.02071713197318886
1742955470.7595985,0.6645930619833327,0.06134667002970555,0.39085211614506676,0.04476880815236757,0.05624355637662171,0.9971955894884449,-0.020817600426542758
1742955470.764603,0.6644976418123445,0.06136426621196531,0.3907328682834309,0.04468414868874719,0.05614286901875491,0.9972032236630547,-0.020905401941046037
1742955470.7696302,0.6643980753838405,0.06138591372509228,0.39060707558146296,0.04459664824570389,0.056046873470724505,0.9972109929307039,-0.02097909715800735
1742955470.7745836,0.6642919521812889,0.06141169837022191,0.3904751254123417,0.04450026386580888,0.05595296478673821,0.9972192272084793,-0.021042935469433727
1742955470.7796016,0.6641839386764313,0.06144327552187385,0.3903471353908667,0.044409464410848504,0.05585910016431092,0.9972274451189144,-0.02109462256542566
1742955470.7845454,0.6640763288094601,0.06147962647946083,0.39022712692468575,0.044333773010330924,0.05576431777605411,0.997235245774642,-0.021135799450913154
1742955470.789592,0.6639646258425305,0.06152196239996064,0.39010520951386596,0.04426051372664263,0.05566914012840168,0.997243212343473,-0.021164337856138343
1742955470.7945786,0.6638449540586819,0.06156938599839629,0.3899777349674255,0.04417744203268768,0.05557290495713594,0.9972518368092175,-0.02118442424791359
1742955470.7996619,0.6637217029736968,0.06162192150905928,0.38984776090259876,0.044094445285595744,0.055474201224496276,0.9972607284768746,-0.021197460490186507
1742955470.8046713,0.6635989432841846,0.06167682188913055,0.38972056836369606,0.04402449141318612,0.05537831453120426,0.9972690905490511,-0.021200176201196585
1742955470.809714,0.6634810530165747,0.061731635380001086,0.3895990789398812,0.043982826586833265,0.055285197533119036,0.9972762234392655,-0.02119415159596481
1742955470.8146703,0.6633630447948592,0.061785855036784236,0.3894795254160915,0.043958049684369074,0.05519631698086089,0.9972825430650332,-0.02117984318722263
1742955470.8196354,0.663245960067502,0.06183738594172188,0.389363854127666,0.04394952341548275,0.05511248095166214,0.9972879688233351,-0.021160365666290905
1742955470.824578,0.6631259192970007,0.06188933405417224,0.38924335570237284,0.04394045609725541,0.05503270429919324,0.9972933331015533,-0.021133989842831446
1742955470.8295515,0.6630018010114211,0.061940417620305145,0.3891208666203414,0.04392489153515095,0.05495712441558578,0.9972988191207297,-0.021104117133705833
1742955470.834671,0.6628783584334741,0.061992821540860284,0.38900235449353404,0.04392394508566001,0.05488369338124212,0.9973037038334188,-0.021066313609417495
1742955470.839704,0.6627554905074516,0.062045420355271344,0.38889043922560135,0.04394319513155419,0.05481247594632048,0.9973077189551517,-0.021021460337863805
1742955470.8446264,0.662632996029884,0.06210102902487078,0.38877873325109996,0.04397298284030578,0.054740889661519423,0.9973114285847053,-0.0209696493419879
1742955470.84965,0.6625035107422358,0.062161199483292545,0.38865739775079183,0.043993060515523305,0.05466687280144862,0.9973157757846014,-0.02091379964871241
1742955470.8545547,0.6623763874450949,0.06222693584264323,0.3885375011087589,0.04403707395284896,0.05458911713522272,0.9973194679752999,-0.020848098367312818
1742955470.859604,0.6622581534213707,0.06229413550215311,0.38843286976760866,0.044125193369589144,0.05451105125712601,0.9973214316254314,-0.020771967204370006
1742955470.8646066,0.6621335804548691,0.06236194348914601,0.3883272402361179,0.044211137150013076,0.05443280144530646,0.9973235347749998,-0.02069329511263194
1742955470.8696475,0.6620101227370926,0.062426971823470616,0.3882221956208674,0.04431505558088157,0.05435670912545498,0.9973247708157982,-0.020611296396147945
1742955470.8746789,0.6618942989967234,0.062483684024649634,0.3881247884156135,0.044452260986523884,0.05428731575036681,0.9973241911751228,-0.020526605630088336
1742955470.8796432,0.661775268266255,0.06252922572896367,0.38802748260283043,0.04458711731560413,0.054226558765075566,0.9973230836021733,-0.020448379110212602
1742955470.884637,0.6616601268586441,0.062570989375643,0.38793292223130105,0.044750198922610354,0.05416828801020552,0.9973205790600241,-0.02036857515410571
1742955470.8896937,0.6615527442856639,0.06261366951746233,0.387852830520917,0.04494353785942656,0.05411001409125494,0.9973167327735475,-0.0202859387167312
1742955470.8947644,0.6614491875816795,0.06265684075826118,0.3877741207626887,0.04515160556361933,0.05405136072145989,0.9973121784589484,-0.02020400001615742
1742955470.8997054,0.6613415649771275,0.06269311371252444,0.3876864556389592,0.04535552010551717,0.053996952222793194,0.9973074209226206,-0.020127446914064366
1742955470.904676,0.6612422143261335,0.06272961141479384,0.38761101777159224,0.04558854573082015,0.05394301657333254,0.9973013485434628,-0.0200463376831969
1742955470.9095714,0.6611539168142098,0.06276652715108057,0.38755420614293123,0.04586309154840424,0.05388976485885688,0.9972934041314525,-0.01995836047823443
1742955470.9146142,0.6610541917111921,0.06280092193537068,0.3874782350006994,0.04610892426423018,0.05383687489162903,0.9972865629410201,-0.01987635234104318
1742955470.919671,0.6609583171198531,0.06283258761115944,0.3873995165551295,0.046367302993173425,0.053785859998064164,0.9972789681081767,-0.019794298333059287
1742955470.9245946,0.660871440378368,0.06286280561350686,0.3873376722697144,0.04665142503931354,0.05373703116191167,0.997270027167301,-0.01970961535484247
1742955470.9296463,0.6607792724767256,0.06288889134629319,0.3872739179385393,0.04693033776006287,0.05369064597718691,0.9972610476558093,-0.019628060543943622
1742955470.9346864,0.6606849129547724,0.06290692518611454,0.3872086839959018,0.04720902027162297,0.05365006862252174,0.9972515804701658,-0.019551567495948812
1742955470.9396539,0.6605953765441624,0.0629170658894947,0.3871609837366999,0.04749947098483922,0.05361629200505244,0.9972410271671864,-0.01947889171190876
1742955470.9446096,0.6605022715767985,0.06292321130533285,0.3871201046410832,0.047791729477301,0.05358541824096863,0.9972300900047717,-0.019408790137049922
1742955470.9496245,0.6604085925704176,0.06292550856264763,0.38707909051757433,0.04808399722541456,0.05355718172024811,0.9972188802372065,-0.019340692734818296
1742955470.9545794,0.6603160209056033,0.06292439508726264,0.3870488156330224,0.048382491872851964,0.05353193225174543,0.9972070965649751,-0.019273641846328755
1742955470.9595995,0.6602225803521423,0.06292016033002908,0.38702737761066697,0.04868018631730025,0.05350939354175812,0.9971950668439853,-0.019208928260735295
1742955470.9647076,0.6601330927706509,0.06291418445634438,0.3870037042493083,0.0489894465545587,0.0534881219798509,0.9971823245197043,-0.019143317341197452
1742955470.969663,0.6600439882712574,0.06290701456543932,0.38698784396592845,0.04929940021474216,0.05346818938081275,0.9971693528730858,-0.019078877154474465
1742955470.974608,0.6599550858752238,0.06290029632254548,0.38697637453011824,0.0496142170645627,0.0534479835600593,0.9971560614968096,-0.01901398271286325
1742955470.979646,0.6598674994783839,0.06289429414610992,0.386966008805501,0.04992643440205217,0.05342756316260356,0.997142793545869,-0.01894982643572543
1742955470.984665,0.659776715130975,0.06288923280496198,0.3869579314242151,0.05023068608270012,0.053406508867602766,0.9971298297685646,-0.0188871800952252
1742955470.9896715,0.6596836559826478,0.06288356128774086,0.38695493797909164,0.050531434385957884,0.05338587626306468,0.9971169061676988,-0.01882545587971438
1742955470.9946475,0.6595908004919812,0.06287652049698021,0.38694952867096927,0.050827805423319584,0.053366380170605604,0.9971040304259594,-0.01876475876857961
1742955470.9995782,0.659494163436107,0.06286586175656324,0.3869450304872809,0.051109723630352155,0.05334979641852555,0.9970915826654542,-0.018707515875462905
1742955471.0045764,0.6593904068911448,0.06285090424327634,0.38693836541086624,0.05137003945395629,0.05333613597010138,0.9970799159293415,-0.01865521097750135
1742955471.0095756,0.6592915767197818,0.06283397896455724,0.3869367715140685,0.05163723265922343,0.05332453616118549,0.9970677187982879,-0.018602531464020265
1742955471.0145943,0.6591878922684342,0.06281450361020077,0.3869473564607059,0.05189260752744822,0.053315343889426534,0.9970558698981277,-0.018553266333518104
1742955471.0195467,0.6590745113559677,0.06279136820262513,0.38695054573663634,0.05211995390169237,0.05330818673375671,0.9970451921360755,-0.01851033416178524
1742955471.024563,0.658958604424325,0.06276498734692183,0.3869448811487572,0.052329882574604275,0.05330341158052771,0.9970351652756587,-0.018471840930048656
1742955471.029657,0.6588390317954825,0.0627350179038431,0.3869501659392264,0.052524122277175,0.053302039717504905,0.9970256489548215,-0.018438125370630568
1742955471.0346763,0.658718053794582,0.06269912530414408,0.38696372893276615,0.052715209441594295,0.05330530559363221,0.9970159480998768,-0.018407887537740916
1742955471.0395863,0.6585974542479076,0.06265729042994671,0.38699312006227,0.05290796964250442,0.05331391444100695,0.9970057864724495,-0.018380288782747084
1742955471.044768,0.6584837150162015,0.0626113212711709,0.3870434522971206,0.05311344244392124,0.05332686599812708,0.996994678809009,-0.018352602570071815
1742955471.049734,0.6583649618518088,0.06255799830786034,0.38707836474548724,0.053292114780766904,0.05334499461739147,0.9969845424074836,-0.01833260079761157
1742955471.0546758,0.6582371851018745,0.06249764292427355,0.38709910498610023,0.053444054369030554,0.053367491040077486,0.9969754353693513,-0.018320077040772955
1742955471.0597303,0.6581171072376744,0.06243496477323908,0.3871474773520964,0.05360815500995671,0.05339372588225187,0.9969654405359406,-0.018308089190770673
1742955471.0646672,0.658005662076911,0.062373543004159274,0.3872126678999914,0.053794323328760565,0.05342020270980634,0.9969542818490341,-0.01829241982135306
1742955471.069729,0.6578852690526121,0.06230925641560623,0.38727964781370383,0.05396624668688182,0.05344806715846327,0.9969437179171841,-0.018280362168655268
1742955471.0746393,0.6577638674377808,0.06224477865885589,0.3873370038219969,0.05411639733688498,0.05347649216766413,0.9969342136513331,-0.01827167141003701
1742955471.0796309,0.6576481827953393,0.0621837666298284,0.3874040792346889,0.054264462843903766,0.05350361937318496,0.9969248931614402,-0.018261658776876313
1742955471.0845878,0.6575340704699941,0.062123165846898025,0.38748019125781785,0.05441979634173353,0.053530992884286886,0.9969151990936088,-0.01824840768661894
1742955471.089589,0.6574185354330077,0.06206073693212317,0.38755452702991144,0.054569972292962746,0.053559531430042766,0.9969057160971112,-0.018234251557044518
1742955471.0946045,0.6573056950569228,0.06199625061626023,0.3876341530155719,0.054721550549899495,0.05359037721206721,0.9968960209215709,-0.01821940850911509
1742955471.0996947,0.6571995262028739,0.061930223890686135,0.3877124669710435,0.054874908316038154,0.053623065637631015,0.9968861249477505,-0.018203438015574
1742955471.104617,0.6570971680150285,0.061866172070782384,0.38779930650372313,0.05504090469628794,0.05365474161628303,0.9968756298136436,-0.018183679384422197
1742955471.1096044,0.6570018149740108,0.06180291750052649,0.38790733735628274,0.055237024750207205,0.053686654868960765,0.9968635448921892,-0.018157286435602115
1742955471.1146224,0.6569108236048363,0.061745601900260946,0.388025520799629,0.055443696657808524,0.05371489975576,0.9968511132870234,-0.018126333980365218
1742955471.119736,0.656819979799015,0.06169107898113948,0.38814054966577893,0.05563677479489345,0.05374161100399854,0.9968394713882325,-0.018095768001011953
1742955471.1246252,0.6567262560162009,0.06163793556082752,0.3882490748345406,0.05581427842621408,0.05376704518758829,0.9968287074905329,-0.018066518710326725
1742955471.1295965,0.6566374949277788,0.061583370351800976,0.3883688932581151,0.05600900461614656,0.053794280544717764,0.9968169182464456,-0.018033254843310188
1742955471.1346788,0.6565575722056223,0.06152939819454582,0.388502383121981,0.056227406802527205,0.05382195773729075,0.9968038193783616,-0.017995034378935407
1742955471.1395986,0.6564774730028804,0.06147451567809712,0.38863434808832703,0.05643249728341488,0.05385090834994488,0.9967913294743131,-0.017958240589614895
1742955471.1446905,0.6563907710114137,0.061423619187390366,0.3887631821392068,0.056613619343773916,0.05387687999455213,0.9967802618125763,-0.017924552092111728
1742955471.1497388,0.6563061897369196,0.061374837043639864,0.3888928039132574,0.05679729000651954,0.05390153880997231,0.9967690992943167,-0.01789007137574034
1742955471.1546755,0.6562276410408974,0.06132591451459432,0.3890337590328698,0.057004216304907436,0.05392678132719986,0.9967566022814024,-0.017852097568241642
1742955471.159631,0.6561558892093274,0.0612726649350357,0.3891820894231166,0.05722995156088255,0.05395604479986782,0.9967427865797275,-0.017812784037693454
1742955471.1646204,0.6560845159815182,0.061219471674640064,0.38931981009703076,0.05744309179518088,0.05398544308585873,0.9967295910241375,-0.017775981455030086
1742955471.1696491,0.6560078624938206,0.06116776170481092,0.38945040403380315,0.05763629222698493,0.05401368879833745,0.9967175302756398,-0.017741028210089972
1742955471.174705,0.6559331841756487,0.061115282614553,0.3895785304739394,0.05783259565340524,0.05404270943099617,0.9967052191421266,-0.01770543905674175
1742955471.1795638,0.6558662746582761,0.061064618975434,0.38971763261643444,0.0580561956174663,0.05407105526667998,0.9966914065958298,-0.017664629936699504
1742955471.1845717,0.6558032514667083,0.06101338971568621,0.38986857370488853,0.05829546325405944,0.05410081485253723,0.9966766054843766,-0.017620581046790644
1742955471.1896272,0.6557402804158402,0.06096152502116878,0.3900186538479191,0.05852725984722496,0.054132281887074286,0.9966620798788781,-0.017577099987839767
1742955471.1946058,0.6556749194978049,0.060907592332072935,0.3901697809904636,0.05874649538997715,0.054166239332034835,0.9966480649351273,-0.017535747976246487
1742955471.1995742,0.6556078201403142,0.06085087064375921,0.39030984189517226,0.058954574224965035,0.05420147919184124,0.9966345285096515,-0.017497840258563824
1742955471.2045777,0.6555408758503584,0.06078871970081705,0.3904437023788619,0.05916547163511182,0.05423950738495072,0.9966206033810551,-0.017461263448402452
1742955471.209571,0.6554755465411229,0.060722985513343535,0.3905763622439398,0.05938131796931106,0.05427868840037559,0.9966062510691653,-0.017425940193466417
1742955471.2146688,0.6554088050324115,0.06065782686874969,0.39071416832477035,0.05958968613230982,0.05431753389639567,0.9965923026825116,-0.01739129241994018
1742955471.2197561,0.6553418252335285,0.060590510009816315,0.3908632043405461,0.05979440318440049,0.05435980071215805,0.9965783489562859,-0.017356146056053044
1742955471.2245808,0.6552750004758331,0.060518496876749484,0.3910086874073414,0.059993205835078486,0.05440832614240571,0.9965643921879683,-0.017319397305822066
1742955471.2296283,0.6552063978062395,0.06044251151611282,0.3911398425851396,0.06018675362855106,0.0544623652480059,0.9965504750464865,-0.017278777267818676
1742955471.2346087,0.6551408639130966,0.06036131038496119,0.3912639296565317,0.06038720125021366,0.05452249747676375,0.9965358405553453,-0.017233736760032124
1742955471.2395732,0.6550797033162187,0.06027267523518455,0.391384427415083,0.06059210412375973,0.054590207933932135,0.9965205223711875,-0.017185883993593883
1742955471.244718,0.6550187186644284,0.06017830020127067,0.3915125579112188,0.0607973401477374,0.05466549873675265,0.9965047945836056,-0.017133623396945866
1742955471.2496953,0.6549639389112217,0.06008070404395934,0.39164381846634455,0.061012951959972736,0.054746922306731824,0.9964881729166117,-0.017073822898921866
1742955471.254627,0.6549079816593684,0.05998172375743585,0.39175745335587353,0.06121732650258826,0.054832980989121496,0.9964720230864507,-0.01700853720101187
1742955471.2596402,0.6548499656374508,0.05988330196961976,0.39186241055998206,0.061416488175692986,0.05492427844459067,0.9964559961143568,-0.01693476971355773
1742955471.2646143,0.6547906582481383,0.05978553978665244,0.3919648772350399,0.061605174831872646,0.055022008774529486,0.9964403395985902,-0.01685320755809285
1742955471.269652,0.6547299023875924,0.05968676974155683,0.39207181042170924,0.06178669483622307,0.05512653517796782,0.9964248145492413,-0.016764796777710485
1742955471.2746332,0.6546699048521617,0.05958519751252418,0.39218093006965365,0.061972321582904735,0.05523934066870427,0.996408683510535,-0.016666794080281714
1742955471.2796783,0.6546109663924664,0.05948727234925147,0.39227970601446693,0.06215566653316636,0.05535548035450061,0.996392606522183,-0.016559516311495395
1742955471.2848196,0.6545499519881299,0.059392773043581724,0.39236435705560174,0.06232801433341074,0.05547411268228763,0.9963771252743531,-0.016445840853637764
1742955471.2896974,0.654488363887202,0.0592952855386564,0.39244755823484345,0.06249317343001114,0.05559903839426492,0.9963617457549451,-0.01632855781867735
1742955471.2946563,0.6544267628053992,0.059194126905823555,0.3925356434742003,0.06265506134154829,0.055733006445301964,0.9963461197408617,-0.016204473400369176
1742955471.299627,0.6543680094515286,0.059087010000892455,0.39261940283715246,0.06282270268810863,0.05587659358388503,0.9963296827709945,-0.0160710157075473
1742955471.304674,0.6543100776132871,0.0589746017973405,0.3927019916572144,0.06299498453210439,0.05602972493591929,0.9963125016799106,-0.01592798931828461
1742955471.309581,0.6542543725122819,0.058862768905067434,0.39277765614529403,0.06316329808469388,0.05618522145811616,0.9962954576127226,-0.01577909392272495
1742955471.3146067,0.6541949208174627,0.05875842955503278,0.3928377715133763,0.06330657732008778,0.05634075098259419,0.996280038690008,-0.015623109631863068
1742955471.3195875,0.6541343626922141,0.058661934227267565,0.3928929426010448,0.06343911683404321,0.056498775021948874,0.9962652629043479,-0.015456157558281171
1742955471.3247342,0.6540788385027063,0.05856839949661785,0.3929502811665969,0.06358532907705927,0.05666400965091853,0.9962493386555582,-0.01527583597731122
1742955471.3296392,0.6540245380557927,0.05847836038190364,0.3930011273978689,0.063727275950932,0.056837787126333555,0.9962333638597585,-0.015079290007338365
1742955471.3347032,0.6539691004342341,0.058395083630645245,0.39304118059061494,0.06385676651350834,0.05701321061565142,0.9962181398549511,-0.014873634716362138
1742955471.3396115,0.6539162001779877,0.05831535072782131,0.39307580165493594,0.06398553078585573,0.05719255793440753,0.9962027904481293,-0.01465822193625507
1742955471.344629,0.6538687667166614,0.0582322725808969,0.3931019346162216,0.06412497246996934,0.057377588415390764,0.9961864276699497,-0.01443612065423875
1742955471.349608,0.6538291861076266,0.05814139705522023,0.3931163558964066,0.0642825154031309,0.05756943649489289,0.996168467870487,-0.014209215871165403
1742955471.3546467,0.6537939717526288,0.05804330805732823,0.39312498364979037,0.06443944892004776,0.05777079028224674,0.9961499803988378,-0.013975326988673473
1742955471.3596745,0.653762711646679,0.05794834815701938,0.3931355639830896,0.06460213068630007,0.057975654913956176,0.9961309658833556,-0.013729055188951548
1742955471.3645918,0.6537356363203365,0.057869980130684194,0.39314519611365106,0.06477939340948137,0.05817809519571474,0.9961113215469819,-0.013460108276801433
1742955471.3697236,0.6537122252264712,0.057814491089411515,0.3931503836443041,0.06496719366891691,0.05837785999955824,0.9960913880696991,-0.013161907993814845
1742955471.3746016,0.6536891911527903,0.057769026468380606,0.39314567410375184,0.06514955713947906,0.05858076032290824,0.9960716918893624,-0.012845790796325009
1742955471.379673,0.6536750917098265,0.057720987546571054,0.3931374522639362,0.0653564325703549,0.058785623806874306,0.9960501437892741,-0.0125259016713252
1742955471.3847766,0.6536688276763356,0.05767359048232072,0.39313006173558934,0.06559111591588136,0.05899334165876628,0.996026533607105,-0.012195716602807168
1742955471.3897223,0.6536664842551891,0.057630080333042906,0.39311818254418746,0.06582946216146512,0.05920757136876651,0.9960022733336176,-0.011849764487555517
1742955471.3947246,0.6536753407807276,0.0575920274125021,0.3931078117413667,0.06609590250065554,0.05942731207712504,0.9959758579797026,-0.011481139904526212
1742955471.399622,0.6536902840938674,0.05755866238646785,0.39309946990941197,0.06637155011275317,0.05965618506145655,0.9959482765287199,-0.011089968395631573
1742955471.404611,0.6537118057664327,0.05752903765466557,0.39308537876230637,0.06665526143609346,0.05988409416421688,0.9959200189009868,-0.010690525771705312
1742955471.4097044,0.6537397291153614,0.05750462309223757,0.3930636040430448,0.06694692035954163,0.06010697673247185,0.9958912774750192,-0.0102871109466952
1742955471.4146311,0.6537730399077685,0.057493845926206044,0.39304009056809314,0.06724273108516678,0.060328535446634135,0.9958622182637114,-0.00986535158786758
1742955471.4196124,0.6538139940211329,0.05749482099647729,0.3930181406926427,0.06754752403065427,0.06054931424445183,0.9958324237266363,-0.009428488563280392
1742955471.4246187,0.6538598531437659,0.057500988003647294,0.3929988012968777,0.06785638093596186,0.06077408707997151,0.99580190991785,-0.008976531057807349
1742955471.4296036,0.6539113348941183,0.0575122144175966,0.3929825767412817,0.06817002935906026,0.06099268694901469,0.9957710970702977,-0.008524170067526116
1742955471.4345589,0.6539606398624039,0.05752492169580167,0.3929580396632516,0.06846493253607155,0.061211337558778334,0.995741226684005,-0.008070604000284426
1742955471.4395647,0.6540119661875119,0.05753861108065536,0.3929308384753911,0.06874933489176728,0.061436687052276395,0.9957113945695112,-0.00760796690447005
1742955471.4446216,0.6540643411029312,0.05755246198670994,0.3929048437001834,0.06901917552761315,0.06166666978109523,0.9956819512148785,-0.007143337632391284
1742955471.4496703,0.6541159360319878,0.057563907901654235,0.39287529163347107,0.06927230476635948,0.061895330722408416,0.9956533425468523,-0.006688594949656635
1742955471.454607,0.6541682128283515,0.057573609580414895,0.3928406908697133,0.0695142630578243,0.06212228059948856,0.995625239290566,-0.006242785616152648
1742955471.459595,0.6542177931066009,0.057588066903160214,0.3928030496623828,0.06973125662942732,0.06235075028069144,0.9955984868905148,-0.00579557500454453
1742955471.4645758,0.6542675088110612,0.0576018372560394,0.39276872116627737,0.0699394082729432,0.06258041686828734,0.995571972300147,-0.005349632269345086
1742955471.4697676,0.6543124929018197,0.05761004132345247,0.39272925813182424,0.0701269274585597,0.06280847769397652,0.995546667701376,-0.004913410594824811
1742955471.4746654,0.6543524463213823,0.05762346621452507,0.39268321408551604,0.07029034484156092,0.06302903393916989,0.9955232441428588,-0.004480923345408857
1742955471.4796226,0.654393871750077,0.057643695438745125,0.3926337570965778,0.07045217645753404,0.06324588828749436,0.9954999377856211,-0.004040088606332428
1742955471.4846044,0.6544342589289016,0.05765868808344359,0.3925845461701621,0.07060160446029118,0.06346860033481201,0.9954768637809309,-0.0036005410780069465
1742955471.489832,0.6544731911801582,0.05765541295437967,0.39253014623195437,0.0707278375472823,0.06369822687749889,0.9954546614926258,-0.0031821064013815184
1742955471.4947703,0.6545128494018114,0.05764842412031773,0.3924729652825118,0.07083938299688768,0.0639309334504692,0.9954330431233611,-0.0027702387869377163
1742955471.4996629,0.654555047330048,0.05764537891428829,0.3924154694914033,0.07094625329065024,0.06416383587201131,0.9954115100864692,-0.002357307273870344
1742955471.504605,0.6545956480070046,0.05764067161201105,0.39235099825191866,0.07103209525799789,0.06440069298837646,0.9953909809756724,-0.0019460673586387388
1742955471.50962,0.6546341337180119,0.057634840101697775,0.3922832869961773,0.07108874662383587,0.06463763592414586,0.9953722917347596,-0.0015384967606134686
1742955471.5146117,0.6546727392837067,0.05764201236300154,0.3922147814474031,0.07113475044578031,0.0648572430038329,0.9953552586639715,-0.0011376989658583494
1742955471.5195873,0.6547097043220449,0.0576660318427731,0.39214238553610414,0.07117192602203162,0.06506553439324711,0.995339390172946,-0.0007290751563260616
1742955471.5246406,0.6547446230537932,0.057697549284760744,0.3920694021715714,0.07119758753893497,0.06526993874575206,0.9953243886410826,-0.0003162293735850701
1742955471.5296586,0.654779699589218,0.057722157752650875,0.39199553591855235,0.07121404318785897,0.06548173732643099,0.995309345287343,9.650508128047066e-05
1742955471.5345693,0.6548098537340588,0.05774095171796545,0.3919191834610247,0.07120562560826132,0.06569053844839252,0.9952960703913959,0.000494270717262035
1742955471.5398493,0.6548354949938354,0.057756622056830305,0.3918403898157888,0.07117564793319732,0.06589952882051597,0.9952841289517563,0.0008842506812427742
1742955471.544823,0.6548563099540176,0.05777087784021002,0.3917645588539454,0.07112745545218353,0.06611655419210985,0.9952727483783337,0.001281670042349059
1742955471.5496957,0.6548728907192842,0.057789699060077,0.39169306630367773,0.07106522157488497,0.0663293825161617,0.9952624409082336,0.001679587723852307
1742955471.5545819,0.6548854099765985,0.057829719541167314,0.39162477825716546,0.07099766955112978,0.06652063218471915,0.9952537487958695,0.002076516270626319
1742955471.5595634,0.6548942516864781,0.05788681958774816,0.39155113726972457,0.07092064590315263,0.06669074407687367,0.9952469640544371,0.002467221023439438
1742955471.564565,0.6549005597766457,0.057952164059412024,0.3914733611756965,0.07083372444199675,0.06685493705449722,0.995241091868203,0.0028583089584099048
1742955471.5697594,0.6549035146872231,0.058016712456902785,0.3913923593246478,0.07073055990893314,0.06702232839157267,0.995235969451467,0.00324969259157872
1742955471.57465,0.6549029593772877,0.058077642837567355,0.3913090883858339,0.07061112985204403,0.06718764711089949,0.9952319833261059,0.00363149852056308
1742955471.579629,0.6549003221159269,0.05813798346785674,0.39122408579312923,0.07048187591300153,0.06734750049306615,0.9952289086877626,0.004004829245535583
1742955471.584694,0.654896707062706,0.058205626120525766,0.39113484383789315,0.07034844829235942,0.06749949748918387,0.9952264636251648,0.004381753269358876
1742955471.589672,0.6548923821839541,0.058278283514506375,0.3910444018507805,0.07021193626859336,0.06764898743975717,0.9952241889778493,0.004765729448137024
1742955471.5947354,0.6548876776267065,0.05835557634461518,0.3909515226498578,0.07007216011963636,0.06779921755846946,0.995221870084792,0.005156333926043527
1742955471.5996277,0.6548819469765101,0.05843865798900922,0.3908594042076942,0.06993238445810103,0.06794293142886451,0.9952198180163931,0.005543780323433685
1742955471.6045792,0.654875405289284,0.05852539315541994,0.3907678237205348,0.06979528847543957,0.0680755483021469,0.9952182134367527,0.005919887984636684
1742955471.60974,0.6548670814585421,0.05862021369325525,0.3906780277191008,0.06965939154104792,0.06819901439267795,0.9952169857161187,0.006294040683147657
1742955471.614633,0.6548570535778436,0.058725090934455944,0.39058748463254,0.06952150908003278,0.06831400513060794,0.9952162835692525,0.006671236531218065
1742955471.6196504,0.6548452340032984,0.05883428020810491,0.39049786433827993,0.06938246590541837,0.06842767448759662,0.9952155352585004,0.007054443226756805
1742955471.6247745,0.6548322254110344,0.05894000492238956,0.3904073503241765,0.06924253495141153,0.06853919799422506,0.9952148603377668,0.007431786776432802
1742955471.629776,0.654818059527778,0.059044772401097935,0.39032027145734755,0.06910652658725996,0.06863896443205501,0.9952146641652344,0.007794406662419863
1742955471.634727,0.6548022149233212,0.059151400918053,0.3902334387291652,0.06897076871341404,0.06872955708271596,0.9952149898754561,0.00814892468306597
1742955471.6396005,0.654784978713449,0.05925907960343056,0.3901456981263404,0.0688343023920318,0.06881724224636292,0.9952154274064837,0.008501707824772612
1742955471.6446228,0.6547666324671715,0.05937271980351848,0.39005543594816583,0.06869793068897068,0.06889464330637324,0.9952164941745679,0.008846025413893134
1742955471.649633,0.6547468457169743,0.05949246616609647,0.38996363554284985,0.06855919192962444,0.06896567327305134,0.9952180758940977,0.009184471982733717
1742955471.6546078,0.6547258349697707,0.05962010247815178,0.38987461070642815,0.06842017394940766,0.0690262347715029,0.9952203295300653,0.00951600756990625
1742955471.6595469,0.6547038188360795,0.059746457993883076,0.3897808194454856,0.06827556264444358,0.06907465645500623,0.9952238626132864,0.009828665540035909
1742955471.6646419,0.6546809019055163,0.059867181220787,0.38968133958966245,0.06812486976710547,0.06911587311235202,0.9952283622428091,0.010124484709264019
1742955471.6696262,0.6546594261114708,0.05996891557119437,0.38957558672564613,0.0679709509012894,0.06916477318034392,0.9952325909768506,0.01040547173323
1742955471.6745849,0.6546398323109014,0.06005245127756724,0.38946634800634344,0.067816280091493,0.06922892252642907,0.9952357596267852,0.010681348251860377
1742955471.6795714,0.654621234479533,0.06013169865015958,0.3893538778268401,0.06766123239557974,0.0692932873684284,0.9952389084812767,0.010950479504782493
1742955471.6846018,0.6546020325142717,0.060220738912085965,0.38924133809518613,0.06750700866256625,0.06934407405500025,0.9952429096107912,0.011214011072471174
1742955471.6896906,0.6545792142033742,0.06032959676079398,0.3891267515952628,0.06734659833520153,0.06937686130520065,0.9952484468452137,0.011481108844791376
1742955471.694558,0.6545540431474128,0.06044689125006352,0.3890111836104046,0.0671814072802642,0.06940002061680892,0.9952548893014747,0.011747381654614102
1742955471.6996334,0.6545290479911333,0.06055576777354282,0.38888760916000836,0.0670103426538631,0.06942178843727248,0.9952619085843963,0.011998441087371865
1742955471.704598,0.6545030086378448,0.06065771942026688,0.38875350010260334,0.06683040968428665,0.06944011632187058,0.995269918369034,0.012229316265925471
1742955471.7097743,0.6544774259047824,0.06076249753387778,0.3886157714745445,0.06664734828860576,0.06945047588898874,0.9952787547897911,0.012448398650961333
1742955471.7146358,0.6544525164887434,0.06087724403316797,0.388477703871848,0.06646355880964448,0.06944805601785456,0.9952884942052982,0.012663971266867627
1742955471.719625,0.6544307890453641,0.06099201099627846,0.3883417791183875,0.06628593505445454,0.06943847274703406,0.9952983294809933,0.012872787144211625
1742955471.7246983,0.6544136683347825,0.061085424556555766,0.3882082884256776,0.06611495224066129,0.0694412464335838,0.9953069625260507,0.013068157143693332
1742955471.7297194,0.6543996244399377,0.06115136144419403,0.3880655163087402,0.06594002657278934,0.06946192598688068,0.9953147802387918,0.013245450991890199
1742955471.7346036,0.6543879582109369,0.061202920265820616,0.387920551435964,0.06576702949044821,0.06949051282079781,0.9953220197392213,0.01341057352025732
1742955471.7397125,0.6543785267850323,0.06125696781980895,0.38778008758907256,0.0656007388681224,0.06950962693451371,0.9953295679596091,0.013564879974367311
1742955471.7445884,0.6543690467110813,0.06132605584937527,0.3876481107510085,0.06544134726399013,0.06950897008661872,0.9953380608554637,0.013714144459525806
1742955471.7497313,0.6543594259639347,0.06140248819471349,0.38752175202923245,0.065288604902281,0.06949488222907346,0.9953470962910181,0.013857031389146379
1742955471.754626,0.6543505273142471,0.061469481577565724,0.3873925131665548,0.06513566564332733,0.06947940955725589,0.9953564014639485,0.0139853771316533
1742955471.7596412,0.6543436565603787,0.06151643339656953,0.38725957458904764,0.06498294487289022,0.06947274647921756,0.9953653197303024,0.014093780560025916
1742955471.7646132,0.6543415100364954,0.061541911249673134,0.3871297482769445,0.0648441331208657,0.06947506369993739,0.995372952706706,0.014182346196125668
1742955471.7697256,0.6543438005075471,0.061551623606600166,0.3870072345724231,0.06472058791831618,0.06948358292256418,0.9953793695049428,0.01425440169538128
1742955471.774685,0.6543484016710942,0.06155787017483849,0.3868890065649364,0.06460669979636886,0.06949026731925845,0.9953853844186877,0.014318295114335628
1742955471.7797358,0.6543538160420218,0.06156671156649119,0.38677716321817895,0.06450245568207273,0.06949049936141374,0.9953912869159655,0.014376704812366227
1742955471.7847,0.654360402819466,0.06156527674062554,0.38666408996362084,0.06440131513029315,0.06949453017430884,0.995396850515963,0.014425355047357575
1742955471.7896712,0.6543682334594519,0.06154720684661715,0.38655198763603477,0.06430349243965457,0.06951072559019301,0.9954014573535954,0.014465772925308932
1742955471.7946284,0.6543778585085616,0.06152015956230695,0.3864445730092155,0.06421275068991339,0.0695336927310955,0.9954051781126386,0.01450240016544738
1742955471.7995474,0.6543860554827549,0.061494469168524885,0.3863422426772075,0.06412469242771689,0.06955547616182073,0.9954088012624042,0.014538841986098472
1742955471.8045926,0.6543904133358465,0.061475301520147865,0.38624555273712174,0.06403539732907851,0.0695720370096433,0.9954128192738287,0.014578023890905857
1742955471.8096325,0.6543912584879812,0.06146146621934108,0.38614995366681937,0.06393978427074792,0.06958428254461402,0.9954175379611798,0.014617001384172835
1742955471.8146415,0.6543894256527175,0.06144491974561554,0.3860552750870739,0.06383318527921678,0.06959844418622657,0.995422872183892,0.014652186087302031
1742955471.8196027,0.6543840385382137,0.061422475465589675,0.3859580467988568,0.06370943794958848,0.06961665169144733,0.9954291256285962,0.014679413261699649
1742955471.8246028,0.6543762907465498,0.06138923128918322,0.3858617677538803,0.06357494704469296,0.06964271349253656,0.9954356264077612,0.014698035373786592
1742955471.829671,0.6543654383476005,0.061346927022069404,0.3857660643682821,0.06342766545339705,0.06967527913690999,0.995442625020737,0.014706019996931774
1742955471.8345802,0.6543499904295106,0.06130176977177924,0.3856695940974344,0.06326316867888473,0.0697093857330225,0.9954507153387033,0.01470531744287213
1742955471.8396893,0.6543279148931962,0.0612574885016284,0.3855715100874097,0.06307397822582768,0.0697423384070811,0.9954605315876146,0.014697263540664132
1742955471.844662,0.6542980620473278,0.06121323870019186,0.38547525185958154,0.06285835132428044,0.06977452772269241,0.9954721220746645,0.01468322587284259
1742955471.8496103,0.6542589610895646,0.061165212354699156,0.3853774403619007,0.0626101176834643,0.06980892913550005,0.9954856814663215,0.014660988102814757
1742955471.8546064,0.654213965555152,0.06111094858645188,0.3852774328001946,0.06234216695468128,0.06984733701842406,0.995500232034627,0.014631874447015737
1742955471.8600118,0.6541653649339502,0.061049103936060806,0.3851752866229957,0.06206591645911279,0.0698912275623427,0.9955149307371461,0.014596609309507964
1742955471.864658,0.654110176576736,0.06098419412434092,0.38507478969481085,0.06177208173871103,0.06993673855898767,0.9955306252010047,0.01455461453610959
1742955471.869953,0.6540471191951303,0.06091759844332478,0.38497579765466705,0.061454099917444396,0.06998271014467451,0.9955477838108243,0.014505999913813067
1742955471.8746436,0.6539759783495592,0.06084929787947884,0.3848764651074131,0.061112469219711085,0.07002938860151149,0.9955663272802293,0.014451256821594274
1742955471.879961,0.6539015359744997,0.06078321904195363,0.3847743653187778,0.06076557147315953,0.07007407413211794,0.9955852321631354,0.014394962894794132
1742955471.8847773,0.6538211660221254,0.060720932559379034,0.3846706637288534,0.06040788965282841,0.07011542128001585,0.9956049167398555,0.014337514772202041
1742955471.889645,0.6537345714636301,0.06066385729520219,0.384568287986272,0.06002888462375286,0.07015232630070296,0.9956261104183892,0.014276987727717863
1742955471.8948946,0.6536471328294126,0.060607177955074684,0.38446664642690087,0.05964557255329784,0.07018871613927899,0.9956474784811715,0.014214372852651966
1742955471.8995924,0.6535572280597562,0.06054711332559278,0.3843642492838457,0.05925769463942787,0.07022735976209274,0.9956688571656966,0.014148160206243062
1742955471.90495,0.6534648814295139,0.06048443473719124,0.38425855357601085,0.05886114673559141,0.07026789604958018,0.9956905066109588,0.014078467052516905
1742955471.909603,0.6533759492961064,0.06041965406104757,0.38415330444765594,0.05847176200107996,0.07030996932143753,0.99571146887079,0.014008284037721674
1742955471.91497,0.6532907180273342,0.0603563968574139,0.38405179435324144,0.05809494830194553,0.07035137435369304,0.9957315597711822,0.013939942036804655
1742955471.9196503,0.6532048101029162,0.06029672783397468,0.38394990909063453,0.05771951704299431,0.07038997492666867,0.9957516183248963,0.013871675655683821
1742955471.9246073,0.6531205262939355,0.060239951219377544,0.38385397391525,0.057346348602364004,0.07042647680174138,0.9957715458618387,0.013803482140172123
1742955471.9297585,0.6530414322226631,0.06018434867689032,0.38376023704249285,0.05699089534348376,0.07046255717274591,0.9957903003238056,0.013738401131531115
1742955471.9346251,0.6529643587742486,0.060130275629114036,0.38366741944080757,0.056644075699516974,0.07049756554834698,0.9958084935583196,0.013674285978220787
1742955471.9396646,0.6528907463593435,0.060077909345597806,0.3835812040870433,0.05630965931173097,0.07053153161278608,0.9958259076000886,0.0136120192848585
1742955471.9445791,0.6528239509230255,0.060030884142047124,0.38350358547864266,0.05600176760276556,0.07056194403517045,0.995841898934608,0.013554571393352456
1742955471.9495742,0.6527642962847654,0.05998735747115287,0.38343104549746193,0.055718025640584146,0.0705902658142349,0.9958565317570337,0.013501264675687071
1742955471.9546943,0.652708384137049,0.05994791159935173,0.3833640235832373,0.055445632051962165,0.07061578577413696,0.9958706227196532,0.013449739396352944
1742955471.9595876,0.6526580152652092,0.059910551654547194,0.38330271216094314,0.05518652208184353,0.07064018480787725,0.9958839579385809,0.013399790722476086
1742955471.9646673,0.652613997244197,0.0598758653138682,0.3832458458135308,0.054953848237587775,0.07066266811887349,0.9958958529014007,0.013353354334916785
1742955471.9695842,0.652577778995584,0.059844213121968325,0.38319358504845513,0.054753830630158686,0.07068353397095128,0.995905937020602,0.013312425166660275
1742955471.9746919,0.6525461209015369,0.05981545686273302,0.3831462412376324,0.054574874831045776,0.07070236125135826,0.9959149237553299,0.013274930963045646
1742955471.9796348,0.6525184439935043,0.05978739265915772,0.38310122317208356,0.054407194074768385,0.07072085195985575,0.9959232685632537,0.013238635324986196
1742955471.984631,0.6524952079774755,0.05975957726467735,0.3830603595278293,0.054251340085715444,0.07073994055747626,0.9959308734090684,0.01320410161575292
1742955471.9896824,0.6524766360291891,0.059731481565431635,0.3830205912369853,0.054109093355923545,0.07075971152923305,0.9959376483997576,0.013170791185818407
1742955471.9946754,0.652465449233795,0.05970337191430444,0.38298559280135325,0.05399185592916886,0.07078018222970822,0.9959429619943716,0.013140081838822884
1742955471.999573,0.6524590769451414,0.059676263686018347,0.3829552165469296,0.05389163931985903,0.0708002995703125,0.9959473424389549,0.013111059490197686
1742955472.004592,0.6524588059126324,0.059650942807472455,0.3829288605727774,0.053812418544450624,0.07081937120240032,0.9959506172347455,0.01308465905642637
1742955472.0096006,0.6524652947020176,0.059625099836304596,0.382904312213546,0.053756024414828844,0.07083921067375208,0.9959525740707221,0.013060102301851442
1742955472.0146086,0.6524742526767365,0.05959741673701168,0.3828837041715914,0.053711790716232985,0.07086029727967477,0.9959537875411497,0.01303514057961146
1742955472.0196297,0.6524852937576813,0.05956827685714219,0.3828651303083649,0.05367516265059873,0.07088224761201907,0.9959545349108155,0.013009545667753326
1742955472.0246189,0.6524988884201002,0.059536805080468214,0.38285226671578343,0.053645071669131975,0.07090622615758391,0.9959547989629829,0.012982750105723717
1742955472.0296767,0.6525122019146914,0.05950350868274398,0.3828414712880007,0.053612020850268005,0.07093041716312048,0.9959552405481238,0.012953222230202316
1742955472.0345912,0.6525278574101664,0.05946977539241705,0.3828356853901781,0.053582325006688906,0.07095533617270376,0.9959554565233315,0.012922977091156258
1742955472.0395892,0.6525436175748685,0.05943506312773929,0.3828327753298806,0.053549550714509724,0.07097890099992564,0.9959559527614782,0.01289113610560375
1742955472.0445735,0.6525578361363119,0.059401273318817414,0.3828273469019103,0.053505707568036395,0.07099837645494027,0.9959573508970537,0.012857876672659238
1742955472.0496838,0.6525676751399718,0.05936720154780402,0.38282088662637453,0.05343967193034295,0.07101398997133476,0.9959602605777305,0.012820844054423002
1742955472.0546122,0.6525731759600022,0.059330169999025524,0.3828131844981597,0.053351765181300234,0.07102636316334936,0.9959646426862109,0.012777926543681959
1742955472.0595667,0.6525761357361364,0.05928980420769876,0.38280288119921285,0.053246372905343446,0.07103583297709823,0.9959702280175686,0.012729458288058606
1742955472.0645864,0.6525764223955699,0.05924434886577315,0.3827896384248447,0.05312866753655702,0.0710472581949273,0.9959763880788977,0.012675416288483605
1742955472.0695546,0.6525713483727663,0.05919169866869948,0.38277047907380557,0.05299362702275708,0.07106476198901274,0.9959830986852097,0.012615158810960097
1742955472.074585,0.6525628865190132,0.05913207617884458,0.38274984123847955,0.05284461044130513,0.07108758300839797,0.9959902245278482,0.01254891765441677
1742955472.0795927,0.6525469721588866,0.05906496560330542,0.3827248799058665,0.0526676066464223,0.07111781904494249,0.9959983880292987,0.012473574766959828
1742955472.0845811,0.6525210930070674,0.05899330402607562,0.38269679068266116,0.05245550955161834,0.07115087773676068,0.9960082671485946,0.012389668543690818
1742955472.08959,0.6524866049296975,0.058914223140065274,0.38266549077476464,0.052210653798393805,0.0711918708453898,0.996019372033281,0.012295352370155672
1742955472.0949566,0.6524466570695705,0.05882653031759795,0.38262875431566556,0.05194853991374343,0.07124035036532775,0.9960308725431817,0.012192728223158679
1742955472.0997074,0.6524027267346593,0.05872887888181014,0.382591926017988,0.051676036471685574,0.0712963370124296,0.9960423972850784,0.012081489716972317
1742955472.1049373,0.652350127033326,0.0586237679469557,0.3825525120135413,0.05137312952228643,0.0713570061390921,0.9960551946420011,0.011959450850158145
1742955472.10955,0.6522914476023265,0.0585140337347992,0.3825098627711981,0.05104993185880384,0.071420353237067,0.9960688198299843,0.011829782889238616
1742955472.114697,0.6522282969928036,0.058400180001188746,0.3824652918622165,0.05071418749381391,0.07148495933614112,0.9960829398225608,0.011693962972289501
1742955472.1195931,0.6521573170627832,0.05828764328229709,0.3824185352344939,0.050355969084614934,0.07154476777569137,0.9960984465282612,0.011554540469291611
1742955472.1246135,0.6520817556892096,0.058180241870702566,0.3823688459564839,0.04998342064645718,0.07159741747124178,0.9961150188567778,0.01141650909382223
1742955472.1297438,0.6520059681945735,0.05807304222055795,0.382317091349627,0.04961474791981728,0.07164671061177648,0.9961314516129127,0.011280813575128976
1742955472.1345947,0.6519269848440218,0.05796158282315977,0.3822618375508998,0.04923477366245922,0.07169691399518194,0.9961482502107254,0.011142404950641312
1742955472.139596,0.6518475812535699,0.057849452759810516,0.3822027993127726,0.04885243041557091,0.07174597401480798,0.9961650700112014,0.011004932745665013
1742955472.1445894,0.6517693309016862,0.05773300494524907,0.3821427030910535,0.04847434804188313,0.07179737123444385,0.9961813556668643,0.010866539811112519
1742955472.149636,0.6516947860564192,0.057611088260054365,0.38208111984780013,0.048106210222576336,0.07185038835802558,0.9961969029439599,0.010725893700981991
1742955472.1545858,0.651626945965481,0.05748770956442943,0.38201664937586793,0.04776308280553835,0.07190516478804994,0.9962109518975983,0.010586525255991314
1742955472.1595352,0.6515620930563389,0.057366557689536045,0.3819549637215147,0.047435255855102276,0.0719604804501094,0.9962240808988092,0.010448272233880767
1742955472.1645722,0.6515006346419934,0.057249811088353524,0.3818923431017335,0.04711900341463767,0.07201303084194126,0.9962367101143582,0.010312144621233733
1742955472.1695526,0.6514432896083835,0.057140911455392844,0.3818318037187327,0.046823363950651134,0.0720600406996767,0.9962485710986354,0.010183698082376895
1742955472.1745715,0.6513913912957732,0.05703814405798305,0.3817725603967726,0.04655220833466512,0.0721042528833981,0.9962592951553019,0.010064066372703878
1742955472.1796076,0.6513430123820534,0.05693979184805131,0.3817161972133943,0.04629644924366936,0.07214345108329769,0.996269507525212,0.009951363157459212
1742955472.1846018,0.651297913522436,0.0568443862695164,0.38166026908132855,0.0460570552794221,0.07217754948711244,0.9962791882233717,0.00984520807313007
1742955472.1896129,0.6512602279871893,0.05675083791550108,0.3816081673786886,0.045845907780012976,0.07220721740300076,0.9962877444651835,0.009746831445111586
1742955472.1945908,0.651228541937626,0.05665463676635318,0.38155685661026817,0.045660462636887576,0.07223039550308467,0.9962955053372965,0.009651847592792992
1742955472.1996033,0.6511994425786073,0.05655770899468196,0.38150671080518617,0.045485500633078275,0.0722453539975842,0.9963033382074702,0.009557004476994577
1742955472.2045681,0.6511738087447175,0.05646426237714218,0.3814588287437747,0.04532321393473218,0.07225068544645442,0.9963112333163842,0.009464200902855043
1742955472.209591,0.6511502043150951,0.05637677417495654,0.38141187244220315,0.045174171853971545,0.07224722588377766,0.996319101953819,0.009374413653239834
1742955472.214602,0.651130590906674,0.056292343507679476,0.38136628720099236,0.04504043967502483,0.07223810245892102,0.9963266326606397,0.00928743226761842
1742955472.2196786,0.6511157999037162,0.05621258623065146,0.3813238722613495,0.044930251266396284,0.07222636255294769,0.996333199995655,0.009207587084949728
1742955472.2245736,0.651106347125347,0.05614332421804079,0.38128417019013944,0.044844705891330876,0.07221000089527016,0.9963388726463019,0.009138871818842268
1742955472.2296395,0.6511022240280282,0.05607950974471279,0.38124645042119015,0.04478310907548018,0.07220451384154891,0.9963425849997388,0.00907935231597115
1742955472.2345955,0.6511021833427094,0.056019959123419096,0.3812090149462686,0.044737622049907715,0.07220503945074122,0.9963450710681143,0.009026450548855793
1742955472.239558,0.6511056703238659,0.055964162915189054,0.3811735633307848,0.04470806358087883,0.0722033383944094,0.9963469512200483,0.008978851266459038
1742955472.244609,0.6511110640036321,0.05591256288377744,0.3811420356133038,0.04469025512255748,0.07220344537701244,0.9963481168761502,0.008937201470190816
1742955472.249616,0.6511165415908596,0.055862205909114664,0.3811126043368596,0.04467449016885476,0.0722104266788531,0.9963486638378973,0.008898554683073203
1742955472.254554,0.6511222739721528,0.05581051480829681,0.3810854058507283,0.04466100561578742,0.07222294261077154,0.9963486957932188,0.008861011746952726
1742955472.2595465,0.6511280384696775,0.05576090469672349,0.3810624270520592,0.044651312513039235,0.07223634178354481,0.9963484646503903,0.008826562490788873
1742955472.2645595,0.6511332432595284,0.05571526437630225,0.3810434096201666,0.04464426856829149,0.07224821933009869,0.9963482005698302,0.008794731882982333
1742955472.2695506,0.6511376232692024,0.055677768231291926,0.3810277242703044,0.04463921764350315,0.07225591966888795,0.9963481113693309,0.008767171251133823
1742955472.2745914,0.6511416631634185,0.05564712948413401,0.3810154604279955,0.044637589304483645,0.07226008330517093,0.9963480933783924,0.008743157499232438
1742955472.2796605,0.6511458403958154,0.05562270456866508,0.3810057867340098,0.04463972678032734,0.07226095869428592,0.9963480985873786,0.008724395845887665
1742955472.2845378,0.6511497903829355,0.05560787075029717,0.3809978092165394,0.04464472737136217,0.07225129258861705,0.9963486819667667,0.00871223164852144
1742955472.289563,0.6511541804364395,0.055601748731118956,0.3809921311797135,0.04465406947692763,0.0722349624342549,0.9963494946314636,0.00870682656877253
1742955472.2947001,0.6511591470457776,0.05559988898668161,0.38098912262669254,0.04466691373401191,0.07221557251542585,0.99635033315908,0.008705832386283658
1742955472.2995756,0.6511630664431367,0.05559959422617608,0.3809872071470285,0.04467653026637191,0.07219533206760954,0.9963513664763386,0.008706100834380354
1742955472.3045876,0.6511653991489514,0.05560124216317634,0.3809864786225223,0.04467983863708465,0.07217213083394697,0.9963528928486046,0.008706805526073518
1742955472.309683,0.6511669581169198,0.05560233134780925,0.3809870155127206,0.04468145385171087,0.07214806804489544,0.9963545624810214,0.008706881321057097
1742955472.314626,0.6511681792013738,0.05560437902978524,0.3809882005566968,0.04468323378077562,0.0721253766059478,0.9963561183651166,0.00870770146138951
1742955472.3195653,0.651168933327536,0.055608182383439876,0.38098931364829486,0.04468447694214775,0.07210575084329425,0.996357463679416,0.008709924572156132
1742955472.3245738,0.6511687843358905,0.055614875807960866,0.380989832276278,0.044684403265955734,0.0720872619934756,0.996358767588219,0.008714184593809592
1742955472.3295903,0.6511677623449055,0.05562574086890904,0.3809893264769659,0.04468280953771945,0.07206584834595745,0.9963603257440532,0.008721313960505527
1742955472.3345778,0.6511664038018281,0.05564078053726074,0.3809881899626028,0.04468031381057348,0.07204089043569016,0.9963621575134217,0.008731021602369082
1742955472.3396654,0.6511646953457106,0.05565939809570387,0.3809856646078811,0.044676250508652454,0.07201245328407686,0.9963642894034769,0.008743112374969919
1742955472.3445895,0.6511628911655855,0.055681203638569744,0.380981982545923,0.044671072102644274,0.07198076422730738,0.9963666823670073,0.008757806084660142
1742955472.3495724,0.6511606481940214,0.05570642885951443,0.3809766630286313,0.04466406233985871,0.07194565095391427,0.9963693827112116,0.008774852693802784
1742955472.3545516,0.6511582893982437,0.055735423045836285,0.3809702176824389,0.04465577429837793,0.07190809902434002,0.9963722911704829,0.008794572428519465
1742955472.3595424,0.6511557384516214,0.055767761466026806,0.38096267275380324,0.04464649293760202,0.07186686612850318,0.9963754867838724,0.008816663623030914
1742955472.3645608,0.6511531343120016,0.05580148727687021,0.3809533429403377,0.044635582504757756,0.0718229854850359,0.9963789378114362,0.008839446602110423
1742955472.3695621,0.6511503682036472,0.055838376383280854,0.3809410266740537,0.04462212414766207,0.07177425553066072,0.9963828331119751,0.008864093824196981
1742955472.3745656,0.6511476471129997,0.05587618624396904,0.38092487801541214,0.04460563467435165,0.07172109321771165,0.9963871786360219,0.008888891533977917
1742955472.3795626,0.6511450724914076,0.055913782122491734,0.3809044545632965,0.044586061161930604,0.07166420697943567,0.9963919332581775,0.008912907836659469
1742955472.3845408,0.6511426229913345,0.055950261706043586,0.38088034039913676,0.044563592462436456,0.07160397220672458,0.996397066866591,0.008935464773289926
1742955472.3896837,0.6511403609181997,0.05598472516804249,0.38085091239088525,0.044537354771195005,0.0715429521988476,0.9964024402133439,0.008955844882071073
1742955472.3945653,0.6511375806205092,0.056022831096083935,0.3808155973992989,0.04450558276127069,0.07148135609693497,0.9964080855405957,0.008977522093984253
1742955472.399656,0.6511341825285295,0.05606547459265123,0.38077656738822685,0.04446961576004158,0.07141861227369076,0.9964139801470012,0.009000847885957052
1742955472.404615,0.6511303208201731,0.056110559750226024,0.38073253329782114,0.044428627321334326,0.07135335990557949,0.9964202680985129,0.009024656614767132
1742955472.4095724,0.6511256729556754,0.05615740917056282,0.3806856396376025,0.044384359550397996,0.07129184162026485,0.9964264180678601,0.009049603424804072
1742955472.4145951,0.6511201686416401,0.05620550602918439,0.38063292434699936,0.04433420992793717,0.07123433698378556,0.9964325279252834,0.009075481087824851
1742955472.419561,0.6511146920722671,0.05625216204729812,0.38057895167417244,0.044282552107360644,0.07118366828356841,0.9964382089026452,0.009101471718477168
1742955472.4245677,0.6511096426841785,0.056295925152738194,0.38052101797119553,0.04422745191214006,0.07114075560702797,0.996443495963011,0.00912604744857394
1742955472.4297585,0.651103703656614,0.056339132340407466,0.3804580718177041,0.04416586236298233,0.07110176552626044,0.9964487964975391,0.009149398853951602
1742955472.434601,0.6510961482881373,0.05638353250521214,0.38039265939397227,0.04409847373834461,0.07106496610534026,0.9964541899672563,0.009172922276710412
1742955472.4396038,0.651087322435495,0.05642720199290824,0.38032344699952475,0.0440237654281951,0.07103075880819808,0.9964597293986128,0.009194947933416766
1742955472.444599,0.6510768961408362,0.056471512492440507,0.3802538733171462,0.043943322998239484,0.0709970650991212,0.9964654803078816,0.009216705808820367
1742955472.4496696,0.6510639618089042,0.056518010912950396,0.38018243087346265,0.04385439121855334,0.07096146353863032,0.9964717303796541,0.009238702153646255
1742955472.4546065,0.6510473315483323,0.05656762530323154,0.3801039916493136,0.043749591823690766,0.07092342976857331,0.9964788401185408,0.00926075165040159
1742955472.4595783,0.6510272204609974,0.056620435817263295,0.3800188278574533,0.04362870989560728,0.07088253437236836,0.9964868453002281,0.009282733293286828
1742955472.4646046,0.651005936614588,0.05667473125780435,0.379928464343131,0.04350001774974908,0.07084046288550094,0.9964952551706032,0.009305036078059112
1742955472.4695709,0.6509828470820929,0.056729080036014255,0.3798327188428444,0.04336099025802532,0.07079812191112869,0.9965041268420286,0.009326073370209149
1742955472.4745457,0.6509584075309128,0.05678315092023169,0.37973633727212924,0.043213438060229495,0.0707552178149583,0.9965134001076892,0.009345658285280455
1742955472.4795597,0.650931691474487,0.05683306088519269,0.3796328489242503,0.04305201503735657,0.07071477473985235,0.996523126735692,0.009359621554055814
1742955472.4845629,0.650902772674851,0.0568797611583097,0.3795261653504637,0.04288218725221763,0.07067552486947713,0.9965331405214066,0.009369527385743075
1742955472.4895592,0.6508726914269741,0.05692587245928585,0.3794155745949568,0.042707153716520466,0.07063627407917757,0.9965433585123291,0.00937818802393789
1742955472.494596,0.650841223427063,0.05697171962846397,0.37930168671792275,0.042527230093181,0.07059637047821873,0.9965538073868179,0.009385955398405766
1742955472.4997566,0.6508105028127429,0.057016544379700225,0.379186128845935,0.04234553653264215,0.07055708951902108,0.9965642642426791,0.009392544320651291
1742955472.5046766,0.6507825815249237,0.05705909007251315,0.3790684559352341,0.04217232277675479,0.07051927353211179,0.9965742296387563,0.009398514352593599
1742955472.5096607,0.6507541153258313,0.057100124353066675,0.3789434379869457,0.04199726787791898,0.07048282136519114,0.9965841572217599,0.009403135529574332
1742955472.5145993,0.650723971229411,0.05713868324542956,0.3788127526273298,0.041816229556911125,0.0704477985019744,0.9965942313952234,0.009404710608670399
1742955472.5196767,0.6506942622978078,0.05717732876706228,0.378682385797597,0.04164198261062809,0.07041158234129581,0.9966040635419865,0.009407172160184609
1742955472.5246146,0.6506641036751393,0.05721649949814005,0.378548365556015,0.04147255721408985,0.07037330140307245,0.9966138018826255,0.009410384945123812
1742955472.5296614,0.6506324014781337,0.05725557464552039,0.3784071092511567,0.04129856997678089,0.07033245239265967,0.9966238812602464,0.009413477575775214
1742955472.5346003,0.6506004221098745,0.05729416992300789,0.37826170450697993,0.041121994555727084,0.0702896364510824,0.996634171724669,0.009416810607446698
1742955472.539585,0.6505692551457944,0.05733171378348643,0.37811539733276,0.04094651516999114,0.07024573265592512,0.9966444671751445,0.009419447342507102
1742955472.5446103,0.6505439137752791,0.05736950996383692,0.3779716657086001,0.04078439176013615,0.07019812718091466,0.9966544266084602,0.009423919079097315
1742955472.5496078,0.6505239903794277,0.057406476352413555,0.37782809033075165,0.040635264934413634,0.07014649982535517,0.996664097803625,0.009429737814364047
1742955472.554682,0.6505081568105434,0.057442061818151306,0.3776801744898537,0.04049498321371074,0.07009206305867446,0.9966735809504577,0.00943568047846032
1742955472.5596366,0.6504976187130141,0.0574785762653644,0.3775317971770988,0.04036648861006248,0.07003622756811308,0.9966826377557589,0.009444205712705505
1742955472.5646179,0.650490739667242,0.05751597384530161,0.37738582619785443,0.040246322207591445,0.06998014317179024,0.9966913388830775,0.009454528326518906
1742955472.5696483,0.6504873031172232,0.05755535099565445,0.3772456702613243,0.040133281813761634,0.06992141821294959,0.9966998970834722,0.009467318508585907
1742955472.5745637,0.6504852159638715,0.057596744921022215,0.37711062920946775,0.040024984440692905,0.06985772959295397,0.9967085766734295,0.00948216337479999
1742955472.5796368,0.650482624782173,0.05763815990009202,0.37697836956354935,0.03991862519008468,0.06979134809995366,0.9967173500712697,0.009497113257762023
1742955472.584604,0.6504798219572481,0.05767994269144229,0.3768464921827878,0.03981240639700307,0.06972614092773367,0.9967260152055146,0.00951252756853017
1742955472.5896182,0.6504779064844314,0.05771952576311887,0.37671409994971994,0.03970655293634522,0.06966191454478236,0.9967345980172296,0.009526197105888022
1742955472.5946434,0.6504779189021249,0.057757685855235996,0.3765852321081317,0.03960488790349703,0.0695954749142244,0.9967431594416294,0.00953922596092871
1742955472.599638,0.6504786103722384,0.05779538863537323,0.3764571316604985,0.0395054837793732,0.06952584950735186,0.9967518395342825,0.009552140423105534
1742955472.6046274,0.650479638623617,0.05783067711924601,0.376336280199055,0.03941189761040252,0.06945283257966114,0.9967605250577503,0.009563579874026762
1742955472.6096165,0.650481658829165,0.057867100741755606,0.37621737971636887,0.03932194360253143,0.06937637785247841,0.9967692856226491,0.009575708156756213
1742955472.6146603,0.6504832293508552,0.057904436920531606,0.37609584629477527,0.03922916558195523,0.06929371365608945,0.9967785809361482,0.00958719992541978
1742955472.6196704,0.6504847392468038,0.05794064518429819,0.3759755774212348,0.039136443453880614,0.06920904844359604,0.9967880086539097,0.009597510671341422
1742955472.6248138,0.6504854309939292,0.05797445836624017,0.37585472827192073,0.039042760836319274,0.0691194270593913,0.9967978186662267,0.009606057022088837
1742955472.6296117,0.6504860006904634,0.058006721154212494,0.37573856136722306,0.03895351227481927,0.06901325313835427,0.9968085975836111,0.009613248988325397
1742955472.6347167,0.6504884669767143,0.058035322074285224,0.37562960221103553,0.0388734781269887,0.0688886196784113,0.9968202967222028,0.009618046567430361
1742955472.6396613,0.6504912965116807,0.05806135231001769,0.3755209605979337,0.038794594635240334,0.06875309251934757,0.9968327041512088,0.009620375808778338
1742955472.644723,0.6504934220066294,0.058086897592569936,0.37540895774768296,0.03871273104029593,0.06862154620297489,0.9968449409348255,0.00962141282551431
1742955472.6497784,0.6504958005677621,0.05811189280032016,0.375294179152471,0.03862875357826051,0.06848584092372163,0.9968575344290117,0.00962107281297693
1742955472.6546981,0.6505002917811803,0.05813606425247434,0.37518475123543177,0.03855055751617414,0.06835505740069714,0.9968695393794712,0.00962091993005134
1742955472.659623,0.6505081914516576,0.058159066735543996,0.37508429971986385,0.03848316930543707,0.06823163774452629,0.9968805943453558,0.009621325717332038
1742955472.6646633,0.6505178772419827,0.05818125519672751,0.3749880625424101,0.03842100964518257,0.06810949716572855,0.9968913390365162,0.009621879632291221
1742955472.6695993,0.6505268655748826,0.05820147955391542,0.374892989910574,0.03835873071056751,0.06799097591424,0.996901833420225,0.00962130427215519
1742955472.6747448,0.6505337755059157,0.058219177437216704,0.3747928461703023,0.0382895509254842,0.06787189899845938,0.9969126358974032,0.009618316087516133
1742955472.6796727,0.65053863622696,0.058234252469281086,0.3746943360538034,0.03821813650775007,0.06775054837173589,0.9969236771237547,0.009613491938711869
1742955472.6847322,0.6505441066178403,0.05824788750396641,0.37460352852283046,0.03815264214902582,0.06761867240706629,0.9969351927784428,0.009607936238519332
1742955472.689846,0.6505495157990534,0.05826261659902731,0.374518484742757,0.038091431120604514,0.06748716061910882,0.9969464916464561,0.009603063083076098
1742955472.694592,0.6505541459179323,0.05827862158295645,0.37443743296116744,0.038032858864287734,0.06735710707204001,0.9969575631431714,0.009598909579968482
1742955472.6995695,0.6505582604741239,0.058294545342312834,0.37435777176939505,0.03797487086702853,0.06723730532881265,0.9969678979497422,0.00959502018889035
1742955472.7046065,0.6505612822545485,0.05830878091470335,0.3742799658201752,0.037917467066405974,0.06713127264123359,0.9969772678386197,0.00959089870020485
1742955472.7095861,0.6505635199064426,0.05832145329505421,0.3741996542601787,0.037857496162897485,0.06703179576325405,0.9969862874217691,0.009585981117617654
1742955472.7146058,0.6505661415229556,0.05833260945967486,0.3741185753315354,0.0377970900240448,0.06694009764482411,0.9969947909717362,0.009580714390890113
1742955472.7195954,0.6505704328513964,0.05834353657863208,0.3740387576988819,0.037739025391587556,0.06685127408344091,0.9970030008666956,0.009575457102282832
1742955472.7246506,0.6505763675924103,0.05835527282341753,0.37396042280344893,0.03768321217717735,0.0667657651950031,0.9970108885217907,0.009570594909682026
1742955472.7296617,0.6505834428864995,0.0583694807004247,0.3738866212285972,0.03763171236583232,0.06668429433948746,0.9970183194373712,0.009567121779309995
1742955472.73457,0.6505901572737308,0.05838509547758911,0.37380996945502576,0.037577824425900436,0.06659977267242394,0.9970260344329792,0.009563684135596606
1742955472.7396874,0.6505957176813493,0.05840022483688648,0.3737311323205168,0.03752142117118377,0.06651411897373777,0.9970339168961644,0.009559471174414476
1742955472.744624,0.6506013581906133,0.05841170357735656,0.3736529736621546,0.0374657859081942,0.06642001073109542,0.997042341389419,0.009553352158673442
1742955472.749883,0.650607169247915,0.058418439005630846,0.3735797170422313,0.03741409047555441,0.06632650075306946,0.997050582543834,0.009545521501798479
1742955472.7550144,0.6506127714271585,0.05842136415574225,0.3735062682343323,0.037362136045990715,0.0662416018570405,0.9970582629547616,0.009536312029695813
1742955472.759613,0.6506188366784007,0.05842141927138734,0.37343439916852345,0.03731173885354703,0.06616289508028966,0.9970654725963123,0.009526217224675074
1742955472.7646427,0.6506254470591161,0.05842069480920874,0.3733645714387496,0.03726324512222666,0.06608980044160553,0.9970722294239532,0.009516204710770599
1742955472.7696195,0.6506314394654812,0.05841933864377716,0.37329467678568024,0.037214197302193025,0.06602286166893044,0.9970785925908443,0.009506074545259861
1742955472.7745986,0.6506372436862644,0.05841782551658532,0.37322842034677645,0.037167815167647174,0.06596111508246577,0.9970845015037592,0.009496403200235407
1742955472.7797127,0.6506419057147507,0.05841538289868882,0.3731613075926512,0.03711963896256437,0.06590797323195159,0.9970899081313458,0.009486125150436729
1742955472.7847147,0.6506449741273017,0.05841171026021253,0.3730930727037768,0.0370697163893045,0.06585961643783969,0.997095068355774,0.00947479340522338
1742955472.7897787,0.6506471938734427,0.05840621600427609,0.3730226073206335,0.037017619941449045,0.06581231525352042,0.997100249670295,0.009461875198777593
1742955472.794585,0.6506491595993763,0.05839847265886563,0.3729505154713457,0.03696418114421155,0.06577262322037866,0.9971049874458664,0.009447505365260615
1742955472.7996562,0.650651360651707,0.05838877926067787,0.37287773870680313,0.03691043951182141,0.06573859115612693,0.997109370642114,0.009431864372381546
1742955472.8046098,0.6506537316450816,0.05837751830655777,0.372802546596899,0.03685511520389494,0.065707599708948,0.9971136239443117,0.009414497779381937
1742955472.8096197,0.6506565163929144,0.0583649735923836,0.37272711435761946,0.036799757367207316,0.06568315876932766,0.9971174487711951,0.009396481672478108
1742955472.8146627,0.650659672044872,0.05835176801519949,0.37265257423895504,0.03674534255864114,0.06566673594906895,0.9971207075756384,0.009378385463488416
1742955472.8196328,0.6506629250017733,0.058338088961552924,0.37257818510140445,0.03669116097640892,0.06565823059499783,0.9971234328260529,0.009360297566074587
1742955472.8246567,0.6506663066257148,0.05832382613951231,0.37250622875483086,0.0366388987457763,0.06565443174014625,0.9971257745833988,0.009342181385107584
1742955472.829633,0.6506691041936952,0.058307649256001765,0.3724331993462519,0.03658543510699554,0.06565377601197712,0.9971279640736184,0.00932260134307017
1742955472.8346403,0.6506723034688454,0.058289050572874555,0.3723643725599859,0.03653580231972632,0.0656548497095892,0.9971299082829487,0.009301713073600129
1742955472.83962,0.6506757389402512,0.05826752185343876,0.3723001644072898,0.03648998485194677,0.06565744931425109,0.9971316246516647,0.009279195793976016
1742955472.8447037,0.6506789966144556,0.058243911757990166,0.3722403099950861,0.036447545354402214,0.0656590540941869,0.9971332917313654,0.009255461850557211
1742955472.8500195,0.6506820557604477,0.058221145912431674,0.37218212706275666,0.03640616397288488,0.06565647678153018,0.9971351880824925,0.009232278651999134
1742955472.85461,0.6506850664300566,0.05820065537774429,0.37212480525843955,0.036365419791159606,0.06564866875857434,0.9971373880153389,0.009210752172714163
1742955472.8596025,0.650688272165939,0.05818383104419579,0.3720708816525783,0.03632732740764287,0.06563654478701933,0.9971397455299305,0.009192233479688193
1742955472.8646138,0.6506926721197708,0.05816875013736959,0.37201994211799677,0.03629232088838023,0.0656223764743962,0.9971421068484763,0.009175505444899259
1742955472.8696654,0.6506980160331074,0.05815170950228559,0.37197223934154344,0.036260445233867976,0.06560908479462182,0.9971443019116668,0.009158016649283562
1742955472.8745725,0.6507040867190558,0.058133286037508065,0.3719250470277713,0.03622958897121313,0.06559720419746497,0.9971463776436768,0.009139214219347564
1742955472.879662,0.6507111775880269,0.05811520081944279,0.3718805529899398,0.036201712415466845,0.06558567811543169,0.9971483191370224,0.00912055297324707
1742955472.8847005,0.6507191118543512,0.058098027214186304,0.3718404842402947,0.03617806887084391,0.06557555602810017,0.9971500018038526,0.009103169061308798
1742955472.8897638,0.6507276985343802,0.058081388327084926,0.3718008927704592,0.03615554347226392,0.06556786596175218,0.9971514776364707,0.009086378643330166
1742955472.8946986,0.6507365367467275,0.058064586385377696,0.3717646179099315,0.03613524430119815,0.06556221632028458,0.9971527357042217,0.009069817421072383
1742955472.899566,0.6507454602993155,0.05804709062372703,0.3717300955439909,0.0361163020545841,0.06555965226865221,0.997153742054697,0.009053144571381639
1742955472.9046347,0.6507538923069459,0.05802796945894624,0.37169707702256494,0.036098099098696435,0.0655611781733159,0.9971544601804888,0.00903557967954901
1742955472.909686,0.6507619336515102,0.058007404887432445,0.3716660481279791,0.03608117952009142,0.0655646296061404,0.9971550139279597,0.009016985492897816
1742955472.9149485,0.6507694457344608,0.05798575064806639,0.3716372453209689,0.03606558496850111,0.06556886905447568,0.997155471231455,0.008997954488217004
1742955472.919736,0.6507762377182832,0.05796407167740065,0.37161096460334364,0.036051490421853016,0.06557346980209222,0.9971558477260404,0.008979167123907086
1742955472.9247365,0.6507824486748948,0.05794114751351409,0.37158507207043107,0.036037284599776974,0.06557814009444206,0.997156231457727,0.008959448948034843
1742955472.9296272,0.6507882553395634,0.05791768085545151,0.3715614546999741,0.03602468128158954,0.06558230161502286,0.9971565921382162,0.008939508305006562
1742955472.9346437,0.6507939014461905,0.05789524388249103,0.37154138137808845,0.03601490741820049,0.06558333439831354,0.9971570479303058,0.00892045154547923
1742955472.9396927,0.6507999735593851,0.05787344916111173,0.3715232373783571,0.0360077775184422,0.06558301833860548,0.9971574892722597,0.008902204896766592
1742955472.9448733,0.6508070906987479,0.05785074664050661,0.37150646211217386,0.03600459236086181,0.06558256107072964,0.9971577994879005,0.008883689142477082
1742955472.949687,0.6508162783349332,0.05782635398046835,0.3714908973990071,0.03600704502816589,0.06558287449290519,0.9971578579917403,0.008864847822263117
1742955472.954661,0.6508279982176752,0.057800239679421925,0.37147690408716977,0.03601609594244275,0.06558472976546684,0.9971575811426729,0.008845474795008046
1742955472.9596782,0.6508420981310488,0.0577730117128377,0.37146472194306296,0.03603015297668488,0.0655899292620077,0.997156905706024,0.008825795072912479
1742955472.9646134,0.6508579329431348,0.057744544605644266,0.371455016667185,0.03604711977183424,0.06559639597074338,0.9971560462652675,0.008805531694573604
1742955472.9696846,0.6508750879386168,0.057714943272590365,0.37144772740063325,0.03606606552418852,0.06560446879505479,0.9971550112107868,0.008784999085914558
1742955472.9746158,0.6508923385790103,0.057687106885274134,0.3714415728946048,0.03608499466184776,0.06561317383352677,0.9971539204749192,0.008766040226024556
1742955472.9797022,0.6509090543784966,0.05765945558162962,0.3714360125866806,0.036102486395458745,0.06562223365486243,0.9971528568549965,0.008747170521448178
1742955472.9846709,0.6509251634221991,0.057631987546766676,0.37143132647335597,0.03611781391128567,0.06563304613459117,0.997151756842413,0.008728149829928337
1742955472.9897158,0.6509403702960529,0.05760404883384769,0.37142720416907815,0.03613136903633493,0.0656460469928565,0.9971505793429496,0.008708777284551309
1742955472.994618,0.6509556890661042,0.05757675796072245,0.37142551160735254,0.03614692877040011,0.06565904044198838,0.997149322154896,0.00869018266415085
1742955472.999678,0.6509714036311899,0.05754775097253269,0.3714260226223743,0.03616584605005339,0.0656726116779059,0.9971479139274084,0.008670490476587358
1742955473.0045955,0.6509878913082427,0.057516514614963196,0.3714278745752921,0.03618949028680318,0.06568685065174498,0.9971462962065478,0.00864999455493427
1742955473.0095973,0.6510061649970939,0.05748656657566217,0.37143136970643376,0.03622138839687945,0.0656996014941936,0.9971444567992886,0.008631666151916193
1742955473.0145984,0.651026633359932,0.05745709992118609,0.3714367258503065,0.03626241285795911,0.06571188624478833,0.9971422997974148,0.008615066720209754
1742955473.0197856,0.6510490992025585,0.057426689005293234,0.37144368802222516,0.036310643945472745,0.06572469484645262,0.9971398409798088,0.008598787959208593
1742955473.0246694,0.6510743178779653,0.05739416192454692,0.3714527726245757,0.0363668912450638,0.06573821431053087,0.9971370433352719,0.008582144779986346
1742955473.0296319,0.6510997778855742,0.057361574626283766,0.3714621696850647,0.036422536980811195,0.06575349819987902,0.997134149834992,0.008565249979290654
1742955473.0347176,0.6511246840028692,0.05732734346695454,0.37147103480769017,0.03647316871886988,0.06577382309562044,0.9971311183027708,0.008546640934111213
1742955473.039612,0.6511488312015475,0.05729359062149056,0.37147953662985206,0.036518556207951476,0.06579523047661247,0.9971282085044525,0.008527514509951655
1742955473.0445886,0.6511713274928231,0.057261824139899,0.37148790079065086,0.03655788487548999,0.06581619568784146,0.9971255406746076,0.008509146430858388
1742955473.0497243,0.6511931128280313,0.057233754338742525,0.37149734574093574,0.03659336727005062,0.06583501096275664,0.9971231355202674,0.008492903720367253
1742955473.0547,0.6512128768749289,0.05720940535744343,0.3715063791905252,0.03662259385287045,0.06585077839485605,0.9971211437572959,0.008478518527524792
1742955473.0595646,0.6512307068898678,0.057189610473527705,0.37151446316825054,0.03664744049627229,0.06586204529710125,0.9971195855877261,0.008466884416137195
1742955473.06465,0.6512476145704524,0.057171339878695354,0.37152264885983155,0.03667079005023111,0.0658713241937801,0.997118205676625,0.008456105148221149
1742955473.0696127,0.6512634111719955,0.05715311868000636,0.371530859450644,0.03669327927013483,0.06588029329632865,0.9971168764876184,0.00844540319755122
1742955473.0747297,0.6512782832352952,0.05713429136473989,0.3715394613771137,0.03671598966908958,0.06588948220363697,0.9971155279109735,0.008434230040528658
1742955473.079617,0.6512915379044228,0.057116657064720286,0.3715480177292929,0.036738109771992274,0.06589856926626708,0.9971141990527875,0.008424007737305022
1742955473.0846252,0.6513035235714452,0.05710020113997739,0.37155634254264336,0.03676023127464972,0.06590822656376592,0.9971128223164397,0.008414905822277483
1742955473.089651,0.6513144301955799,0.05708601340157372,0.371564474203607,0.036783277145311884,0.0659176220049369,0.9971114124161854,0.00840766680271059
1742955473.0946918,0.6513247517154817,0.057074542265320806,0.3715716291110299,0.036807970110084624,0.06592577599451693,0.9971100036668232,0.008402736663952842
1742955473.099682,0.6513344502497226,0.05706488381167602,0.37157753747840316,0.03683322867087564,0.06593255610066644,0.9971086522028634,0.008399226982332019
1742955473.1047328,0.6513429851851973,0.05705626133510598,0.37158211010408443,0.036856226150272196,0.06593907184034221,0.9971073958968356,0.00839633530925289
1742955473.1096783,0.651350167550697,0.057047209296336936,0.37158557098956274,0.036875323444369966,0.06594598837978739,0.9971062618546676,0.008392836689546827
1742955473.1146345,0.6513550952779148,0.05703826990150585,0.3715866354788155,0.03688844200193623,0.06595282807095246,0.997105359305471,0.008388668572598785
1742955473.1196005,0.651357719813289,0.057030637181117345,0.3715851176437561,0.036895152951133374,0.06595812658176081,0.997104796990248,0.008384333341017874
1742955473.1245577,0.6513591237774192,0.057024832912849016,0.3715827270115015,0.03689787729970919,0.06596241335806834,0.9971044453333393,0.00838043980043352
1742955473.1296585,0.651359912243061,0.0570205165439367,0.3715796508676112,0.036897825856577034,0.06596525003929492,0.9971042866603926,0.008377216589100178
1742955473.1346047,0.6513602342294069,0.05701781599753871,0.3715759026201096,0.03689573290760976,0.06596667176979096,0.9971042900498113,0.008374835705186608
1742955473.1397595,0.6513603897061002,0.057017074838513766,0.371571767341066,0.03689298402717802,0.06596680290280657,0.9971043907718055,0.008373920702952984
1742955473.1446052,0.6513604964026136,0.05701720443774411,0.3715672689738293,0.036889722223803045,0.06596613498059173,0.997104559154113,0.00837350249626849
1742955473.1495762,0.6513608040207907,0.057017154549351814,0.37156236841703943,0.036886908061573,0.06596490183430792,0.9971047480600096,0.00837311983863651
1742955473.1545942,0.6513614550596684,0.05701715004652299,0.37155773359416533,0.036885318371242856,0.06596359866080714,0.9971048954701309,0.008372835234694991
1742955473.159542,0.651362103925242,0.057017180318312266,0.3715531094008666,0.03688424239928548,0.06596182119226478,0.9971050534626947,0.008372763390131892
1742955473.1645586,0.6513628766088938,0.0570173212620447,0.3715488206335604,0.03688350245975682,0.06595937214168754,0.9971052433797608,0.008372699538593598
1742955473.169575,0.6513636579762389,0.057017500807192714,0.37154415906398763,0.0368826667365019,0.06595629964899712,0.9971054776161845,0.008372690058554278
1742955473.1745753,0.6513642520545196,0.05701836722908529,0.3715387382782221,0.03688058670900346,0.06595249474607634,0.9971058039970723,0.0083729562354447
1742955473.1795955,0.6513645117251639,0.05701963349426106,0.3715319649842113,0.03687642061760337,0.06594759502849767,0.9971062797762583,0.008373239704014863
1742955473.1846447,0.6513646914958934,0.05702090215386721,0.3715240163433497,0.03687075596759166,0.06594161835366835,0.9971068843343998,0.008373263176541442
1742955473.1896653,0.6513648114643391,0.05702176498641047,0.3715142450504067,0.03686338536069449,0.0659354387145073,0.9971075699690465,0.008372732630244567
1742955473.1946285,0.6513649669426266,0.05702225944841059,0.3715030132262331,0.036854881404569544,0.06592971982382705,0.9971082714984278,0.008371658737931168
1742955473.1996412,0.651365226982055,0.05702245356811799,0.3714904340345496,0.036845396907940975,0.06592474891711682,0.9971089609959701,0.008370430601138566
1742955473.2046936,0.6513654876528588,0.057022590751675914,0.3714770481194474,0.03683529522136784,0.06591976383180304,0.997109675169503,0.008369076752075781
1742955473.2096798,0.6513655785050432,0.05702352077703009,0.3714626034773183,0.036824096483588045,0.06591441500751388,0.9971104513605299,0.00836801051534976
1742955473.2146676,0.6513656716493893,0.057025141812761276,0.37144751655926916,0.036812407945318766,0.06590840662264773,0.9971112848316919,0.008367449971401304
1742955473.2196584,0.6513658001814344,0.05702696398956846,0.37143189285883954,0.036800324514273564,0.06590222528921748,0.9971121422665792,0.008367111934617989
1742955473.2246706,0.6513659427640958,0.057027937270509046,0.37141553634300045,0.03678774745616769,0.06589709742911036,0.9971129547536187,0.008365981713321565
1742955473.2296395,0.6513661657059017,0.05702751857715561,0.37139873386043687,0.036774844784316606,0.06589289573031124,0.9971137259886382,0.008363882377146744
1742955473.2346106,0.6513664266267657,0.057026241380743976,0.37138118770497464,0.03676122101751076,0.06588865383393235,0.997114532018458,0.008361098185384918
1742955473.2395842,0.6513668095201514,0.05702399901133699,0.37136251573638945,0.03674682350879402,0.06588491160101664,0.9971153377319242,0.008357789485899308
1742955473.24456,0.6513672827542709,0.05702055839546962,0.37134279203387877,0.03673171805882821,0.06588262207087438,0.9971160762407892,0.008354130695985142
1742955473.2497451,0.6513677616436366,0.05701812635425892,0.37132123082591273,0.03671520359560015,0.06588030209053561,0.9971168654951693,0.008350818312115108
1742955473.2546756,0.6513681715394186,0.05701735005525362,0.3712973438672295,0.03669682905114676,0.06587740055319889,0.9971177569211863,0.00834803368502856
1742955473.2596798,0.651368587873772,0.0570172938171403,0.3712712972620443,0.036676747665680055,0.06587438468612661,0.997118719047439,0.008345163155180994
1742955473.2646132,0.6513688299765898,0.0570170818875365,0.37124404846205084,0.036655413951986196,0.06587180528267539,0.9971196992017081,0.008342143651671038
1742955473.2696292,0.6513691205282979,0.057016126233256026,0.3712150658018468,0.03663262919142463,0.06586991602527878,0.997120690256457,0.008338687176842646
1742955473.2746177,0.6513694618430753,0.05701382172784473,0.37118314653260354,0.036607736694881966,0.0658691118851676,0.997121694377949,0.008334285475408019
1742955473.2796025,0.6513699443054269,0.05701076451713217,0.3711507012525182,0.036582363648508365,0.06586837805070701,0.9971227146351729,0.008329429838899505
1742955473.2846086,0.6513704274719752,0.057008374330652686,0.37111786845052597,0.03655701028132507,0.0658663642979865,0.9971238173249931,0.008324660755244156
1742955473.2896426,0.6513708169497546,0.057007322779428916,0.3710848940272841,0.03653157174658159,0.0658623211107079,0.9971250529949147,0.008320313306772294
1742955473.2949252,0.6513711723838924,0.0570067633076126,0.3710516339614396,0.03650607376389246,0.0658569831147654,0.997126373476526,0.008316229369031477
1742955473.2997262,0.6513709640663369,0.057006664341272786,0.37101607832250116,0.036478102522318825,0.0658514151716971,0.9971277976249893,0.00831230171459308
1742955473.3047247,0.6513711725762024,0.05700672719023907,0.37097987233146434,0.03645031031947699,0.0658466304509199,0.9971291608771531,0.008308589789987178
1742955473.3097253,0.6513719161250199,0.05700620577168837,0.3709450805116682,0.036423952920185,0.06584241050451181,0.99713043610155,0.008304579011377072
1742955473.3147724,0.6513725594866321,0.05700489314403166,0.3709083019841326,0.03639613588762756,0.06583973473464115,0.9971316673218852,0.008299918457360129
1742955473.3196666,0.651373535777144,0.05700177391120848,0.3708697110627319,0.03636720823851928,0.06583868256821881,0.997132840868461,0.008294076453103635
1742955473.3245947,0.6513745168770394,0.05699790131192695,0.3708294086875426,0.03633706325844141,0.06583825941693644,0.997134021420135,0.008287626753793494
1742955473.3297515,0.6513754900071965,0.05699526515570837,0.3707893484639519,0.036307150575631254,0.06583732374012292,0.9971352222775727,0.008281673337702045
1742955473.3347187,0.651376258393119,0.05699386146641588,0.3707503036928802,0.03627774461267021,0.0658357781407556,0.9971364361890731,0.008276665184345118
1742955473.3396525,0.6513768966792406,0.056993588229931426,0.37070874913185003,0.036246214231728094,0.06583273399261518,0.997137820852183,0.008272201344554036
1742955473.3446054,0.6513776727546629,0.05699372465082858,0.3706673021469318,0.03621505794082329,0.06582939593319427,0.9971392073044913,0.008268099272756905
1742955473.3496487,0.6513783162066302,0.056993880140803865,0.37062466255014437,0.03618277010358867,0.06582630651608763,0.9971406184464644,0.008263870901907453
1742955473.3546,0.6513788752055164,0.0569938401339022,0.3705807898755684,0.03614934978341106,0.06582312093963705,0.9971420786930382,0.008259307460643524
1742955473.3596609,0.6513795896513277,0.056993875389210205,0.37053519358044024,0.03611484492448317,0.0658199598994682,0.9971435756390385,0.0082547208739025
1742955473.364649,0.6513802158702857,0.056994250615456835,0.3704918911595708,0.036082034207451825,0.06581712549300818,0.9971449850633035,0.008250549217733287
1742955473.3696444,0.6513807686219447,0.05699548434181951,0.37044890524331403,0.0360492331605605,0.06581349608545715,0.9971464404696176,0.00824698613533275
1742955473.3746355,0.6513812148323975,0.056997314569890926,0.3704053180986312,0.0360159588128665,0.06580935801793197,0.9971479421037525,0.008243825950925257
1742955473.379604,0.6513817232585679,0.05699962935643759,0.3703625971663953,0.03598344893861087,0.06580468270644137,0.9971494457811669,0.008241232595840349
1742955473.3847244,0.6513821143208551,0.0570024773718535,0.3703199580367653,0.03595081806721855,0.06579945026307821,0.9971509874048442,0.008238892092922558
1742955473.3897598,0.6513825149093361,0.05700534308238996,0.37027757857415655,0.03591837198221552,0.06579402752651813,0.997152532310108,0.008236735003993615
1742955473.3946593,0.6513829150591559,0.057007961201387916,0.3702362683050426,0.035886845634551114,0.06578830447094704,0.9971540650920595,0.008234304804931617
1742955473.3996212,0.6513833504925121,0.05700995344225452,0.37019690729062893,0.03585678771094588,0.06578298391107568,0.9971555187775627,0.008231717576371866
1742955473.40461,0.6513837903286153,0.05701191046418764,0.37015730867406393,0.03582656717585291,0.06577709228136801,0.9971570160701864,0.008229004642390375
1742955473.4096384,0.6513842183667833,0.057013675028858256,0.3701203720796714,0.0357984440832614,0.06577037720663637,0.9971584901602873,0.008226444223997873
1742955473.4146059,0.6513845633073614,0.05701607162252401,0.37008509403667866,0.03577150816123156,0.0657632979114393,0.9971599398364691,0.008224490076083996
1742955473.419642,0.6513848956146299,0.05701856945888682,0.3700508409458615,0.03574527450478223,0.06575575078296074,0.9971613929171184,0.00822271640877979
1742955473.4246547,0.6513852321508289,0.05702042363487108,0.3700160556419095,0.035718704347706395,0.06574850606948292,0.9971628409556054,0.008220506474571445
1742955473.4297662,0.6513857275763892,0.0570207530884594,0.36997994790966277,0.03569123485772417,0.06574253235609265,0.9971642478812419,0.008216930155241563
1742955473.4346085,0.6513862955848883,0.05702024798659119,0.36994570143431654,0.03566538333515722,0.06573753491663635,0.9971655349646632,0.008212966168045392
1742955473.439644,0.6513867859385326,0.05701972323027578,0.36991146705340816,0.035639413662774976,0.06573329322389403,0.9971667758657208,0.008208986860666062
1742955473.4446192,0.6513872914767032,0.057019623241723924,0.3698763242388347,0.035612780275918,0.06572969716052757,0.9971679941049062,0.008205383903413308
1742955473.4496663,0.6513877307108351,0.05702004898066469,0.3698409169100598,0.035585808070613734,0.0657263921952998,0.9971692022202815,0.008202059273038877
1742955473.4546468,0.6513881259386227,0.057021131028150075,0.36980621034054106,0.035559350126600525,0.06572208351161013,0.9971704536368163,0.00819919210732197
1742955473.459626,0.6513884406374972,0.05702273275060753,0.3697725924528475,0.0355337633658843,0.06571630425048766,0.9971717657479674,0.008196865973990258
1742955473.4646654,0.6513886388411096,0.057024952589080524,0.3697390168262158,0.03550802546822638,0.06570912871097875,0.9971731710079229,0.008194971226032025
1742955473.4696453,0.6513889835094155,0.05702637804633828,0.36970614193853246,0.035483044709255944,0.06570135781982926,0.997174592912419,0.008192458040363136
1742955473.4747045,0.6513894040350992,0.05702632472364086,0.36967541034129586,0.03545969118631024,0.06569408950822586,0.9971759286810541,0.008189271257819266
1742955473.4796314,0.6513898924144488,0.057025718723990884,0.36964656839200527,0.03543799376592529,0.06568648042410721,0.9971772305137969,0.008185709020821524
1742955473.4847388,0.6513903043688657,0.057025241448681395,0.36961897791468623,0.035417068184543495,0.0656781659267737,0.9971785498967947,0.008182262977475112
1742955473.4896185,0.6513907409857597,0.057024924712238474,0.3695922977365444,0.03539702539120186,0.06566922294969664,0.997179877084202,0.008179027385548689
1742955473.4946272,0.6513910628434538,0.05702490614744685,0.3695655344948686,0.03537677705415161,0.0656584066185903,0.9971813327478273,0.008175995647977864
1742955473.4996073,0.6513914513620641,0.05702541090852611,0.3695385256380072,0.03535637150159087,0.06564469987112953,0.9971829809588787,0.00817330159943925
1742955473.5046973,0.6513917480429517,0.05702583933304814,0.36951191031045183,0.035336232546888204,0.06563017161855493,0.9971846745380549,0.00817044118421735
1742955473.5096817,0.6513919584585594,0.057025605043146396,0.36948484903189327,0.03531577389555343,0.06561583202777728,0.9971863707029232,0.008167054903266352
1742955473.5145972,0.6513921059724456,0.057024920433908374,0.36945633365653585,0.03529406962177741,0.06560161952303956,0.9971881053455044,0.008163254432574318
1742955473.519616,0.6513923659690646,0.0570246350811188,0.3694274714322239,0.03527222406023942,0.06558705946531004,0.9971898658220036,0.00815961656161163
1742955473.5246348,0.6513926608589221,0.05702420820151438,0.36939994574936186,0.03525134217229649,0.06557266215481099,0.9971915806588771,0.008155998775926375
1742955473.5297112,0.6513928773885033,0.057024183243682545,0.3693736200989288,0.03523140103755019,0.06555694004618073,0.9971933450377766,0.00815282804201977
1742955473.5346603,0.6513928419981558,0.05702461649310076,0.36934798679292613,0.035211526893528515,0.06553906059256175,0.9971952463441416,0.008149882153605997
1742955473.5396128,0.6513918766576288,0.057025277390376175,0.3693234036014175,0.035190379236255516,0.06551809558851691,0.997197395445483,0.00814683229283451
1742955473.5446236,0.6513903983577574,0.05702596479653583,0.3693013774089403,0.035170096645530495,0.06549473016060156,0.997199669756099,0.008143909470349951
1742955473.5497153,0.6513884060580589,0.05702627089528527,0.3692799292290283,0.03514924511445268,0.06546855481895482,0.9972021526216676,0.00814037496152711
1742955473.554667,0.6513855352807855,0.05702602434184855,0.3692588390509743,0.035126909422036355,0.06544035871195333,0.9972048241120016,0.008136243227614916
1742955473.5596023,0.6513823155746712,0.057025650444512674,0.36923998616554976,0.035105493496174756,0.06541332466727777,0.997207386355039,0.008132028118201186
1742955473.5646422,0.6513787925677276,0.05702532089857188,0.36922314551584756,0.035084757916680254,0.06538936206634129,0.9972097201476926,0.008128046102582085
1742955473.5696378,0.6513751657313738,0.05702563113808235,0.3692074920756848,0.03506469161509181,0.06536837728910032,0.997211827996003,0.008124823530300836
1742955473.5746994,0.6513718182980528,0.0570269704007979,0.369193308381736,0.03504677319165389,0.06534954128065028,0.9972137099519618,0.008122673642720431
1742955473.5796332,0.6513684160027956,0.05702969724290625,0.36918032067522477,0.035029623146195475,0.06533145686583092,0.9972155053012103,0.00812171366618245
1742955473.5846536,0.6513655592747974,0.057033134267388985,0.3691683403589092,0.03501345611678835,0.06531351679576472,0.9972172498119999,0.008121520296006601
1742955473.5896525,0.6513629423383888,0.057036351656833774,0.36915651296487556,0.0349971271290262,0.0652965972811483,0.9972189339468845,0.008121160881145215
1742955473.5946643,0.6513606593544574,0.05703854081314544,0.3691452076770242,0.03498058175618933,0.06528059189242377,0.9972205706833195,0.008120137203779174
1742955473.5996227,0.6513585523636594,0.05703932000208874,0.36913443813994795,0.034964045898627734,0.06526627307722839,0.9972221059508245,0.00811791204742843
1742955473.604639,0.651355935254204,0.05703914185207621,0.36912409754865516,0.034945515550442695,0.0652539680449313,0.9972235880555453,0.008114556237338897
1742955473.6096518,0.6513527017652525,0.05703928552766545,0.3691141830081829,0.034924689489384694,0.06524418693759168,0.9972249837414402,0.008111346177244235
1742955473.614677,0.6513485505062513,0.057040237546981606,0.36910478738512903,0.03490131562397388,0.06523576305332034,0.9972263771033624,0.008108402793979261
1742955473.6197858,0.6513436048058302,0.05704198795071101,0.369096189662005,0.03487546989075328,0.06522745958194716,0.9972278467285057,0.00810566626580417
1742955473.6246238,0.6513382083127657,0.05704413590746246,0.3690876085561456,0.03484807323484079,0.06521987269640023,0.9972293209780202,0.008103170922628607
1742955473.6295903,0.6513327968379726,0.05704599814365923,0.36907838363259415,0.03482040482279585,0.0652124371216263,0.997230797339363,0.008100264843381706
1742955473.6346295,0.6513279789969291,0.05704721331570437,0.3690690155074664,0.03479422442921543,0.06520579954055365,0.9972321697358414,0.008097240060212228
1742955473.6396408,0.6513239707546744,0.05704736647436233,0.36905955043872785,0.03477122158711448,0.06519890684075562,0.9972334508475922,0.008093775800783737
1742955473.6446345,0.6513208682931765,0.05704734063362526,0.3690510240077672,0.03475238482953503,0.06519131530007706,0.9972346281925524,0.008090765833195904
1742955473.6497464,0.6513184442163492,0.057047313425165114,0.36904305989820985,0.034736395424147304,0.06518275931992835,0.9972357656655505,0.008088164057488781
1742955473.6546924,0.6513163101400021,0.05704773145308517,0.36903508104030586,0.034721979214618136,0.06517201042227494,0.9972369874747871,0.008086039150906246
1742955473.6596699,0.6513148413728272,0.057048391516506,0.369026900075818,0.03470996176308175,0.06516059527134017,0.9972381644198824,0.008084479126919208
1742955473.6646106,0.6513139331569171,0.05704880977881424,0.3690184465021763,0.0346996191154251,0.06514829970331354,0.9972393405232477,0.008082895011669885
1742955473.669669,0.6513134079918024,0.05704889750211788,0.36900935500246435,0.03469034964932298,0.06513436756503216,0.9972405869310866,0.008081186822054248
1742955473.674563,0.6513133317777429,0.05704858609639374,0.36900003392203906,0.03468236955292794,0.0651203799735399,0.9972417928843155,0.008079348932427274
1742955473.6796622,0.6513132306636492,0.057048332147678904,0.36898986520123916,0.03467389242347068,0.06510596363841673,0.9972430430880654,0.008077604556658803
1742955473.6846952,0.6513128558173793,0.05704824836139273,0.36897862578302737,0.0346634203658214,0.06509164291844101,0.9972443577976913,0.008075651762604592
1742955473.6896708,0.6513119900186887,0.05704837351557584,0.36896645618828483,0.03465024859792088,0.06507760903598635,0.9972457502148682,0.008073335905710317
1742955473.694657,0.651310487535792,0.057048614355933246,0.3689537734310638,0.034634441519017053,0.065063623500348,0.9972472320270127,0.00807084705172974
1742955473.6995943,0.6513083887110674,0.05704846758192026,0.3689403555152868,0.03461557536191568,0.06505039339824223,0.997248775391315,0.00806772840521228
1742955473.7045774,0.6513053012722785,0.05704826510182884,0.3689256288206128,0.03459286613166933,0.06503695176651138,0.9972504703504987,0.008063988059631225
1742955473.7095575,0.6513010678794636,0.05704782396944455,0.36891004221910983,0.03456553539340078,0.06502231659265255,0.9972524109968443,0.008059210189191352
1742955473.7146127,0.6512953889877435,0.05704711626273709,0.3688933040127703,0.034531913699127094,0.06500753508648656,0.9972545866371771,0.008053368821073326
1742955473.7197437,0.6512886731377403,0.05704612937564788,0.3688770097415224,0.034493151231932626,0.06499121180674612,0.997257047440085,0.00804650464896294
1742955473.7246914,0.6512809379995294,0.057045300778500015,0.3688611490673381,0.034450466526322596,0.0649715546923553,0.9972598640799449,0.008039025576942242
1742955473.7296603,0.6512720185363456,0.05704458070905879,0.3688462884952636,0.03440413060373022,0.0649483161350494,0.9972630424870864,0.008030947517130953
1742955473.7346976,0.6512618599375776,0.0570442214096771,0.3688324341751129,0.034353772972580646,0.06492145263837074,0.9972665970394983,0.008022325045217755
1742955473.7395763,0.6512503468357532,0.057043813932228876,0.3688189601352949,0.03429856266693649,0.06489643480440395,0.9972701994988442,0.008013147957923778
1742955473.7445788,0.6512388538845325,0.057044121700824776,0.3688056828279169,0.03424368417829984,0.06487130254843906,0.9972737892083188,0.008004596032751735
1742955473.7496495,0.651227752531101,0.05704431465036783,0.36879182876133143,0.03418971317654789,0.06484302952640321,0.9972775506820694,0.007995745138262811
1742955473.7546315,0.6512174746774737,0.05704461439032559,0.36877715026810626,0.03413844601534515,0.06481169678145435,0.9972814099532674,0.007987479301337292
1742955473.7596438,0.6512064710799224,0.05704450574208509,0.36876159099348627,0.034083460446307154,0.06478064514679034,0.9972853813452507,0.007978339014395729
1742955473.7646325,0.6511943111408672,0.05704434527412241,0.3687447974190031,0.0340229391295607,0.06475145947081722,0.9972894232887904,0.007968331424901618
1742955473.7697046,0.6511804587347889,0.05704484983180147,0.3687273627579519,0.03395546208547971,0.06472613497207279,0.9972934490105263,0.007958052954547327
1742955473.7746823,0.6511668884439744,0.057046947330885424,0.3687089334611074,0.0338886255578219,0.06470287457342862,0.997297303795609,0.00794902017519256
1742955473.7796144,0.6511532148681188,0.057050571915223926,0.3686897333361778,0.03382128407103289,0.0646802927234105,0.997301118343526,0.007941021833050291
1742955473.7846394,0.651139736936721,0.05705555392916487,0.3686695283836959,0.033754168254421055,0.06465600328768736,0.9973050211315636,0.007934241620118875
1742955473.7895658,0.651126848451442,0.057060922571560084,0.3686484457517026,0.033688591153777085,0.06462953565161077,0.997309003489392,0.00792802034096482
1742955473.794703,0.6511159602499417,0.05706605261779943,0.3686271335660983,0.0336307397053738,0.06460172484851662,0.9973127996976104,0.007922755378026248
1742955473.7996144,0.6511071543753205,0.0570702406217999,0.3686055075211967,0.0335803540508648,0.0645725954727595,0.9973164223696804,0.007917916864364936
1742955473.8046439,0.651100001746817,0.0570737234894779,0.3685836571159157,0.03353603461860534,0.06454336931381742,0.9973198418146795,0.007913342051400951
1742955473.809639,0.6510941355259362,0.0570778918806755,0.36856179334491035,0.03349683431869819,0.06451456652024168,0.997323049409624,0.007909988218692144
1742955473.8147678,0.6510893938740555,0.0570831797864411,0.3685406994507636,0.033462872353615766,0.06448527976315664,0.9973260984484037,0.00790811111441342
1742955473.8196378,0.6510852007062787,0.057090089485849774,0.36852053550351327,0.033432215715505385,0.06445448590757626,0.9973291222109236,0.007907476761300537
1742955473.8246963,0.6510813816175866,0.05709733030591784,0.3685001721242934,0.033402941751912274,0.06442069635004495,0.9973322884297994,0.00790720048267884
1742955473.8296196,0.6510775182247756,0.057103651544649824,0.36847922476770806,0.03337284528874342,0.06438326643825083,0.9973357191386035,0.007906423360749959
1742955473.8346243,0.6510729769154894,0.05710862935524568,0.36845761442222746,0.033339161146217794,0.06434475887582645,0.9973393478200296,0.00790427916993165
1742955473.839659,0.6510671815606215,0.057111331565588626,0.36843509626354143,0.03329936325806183,0.06430381865926789,0.9973433564427386,0.007899409596672522
1742955473.8446915,0.651060131038231,0.057112431893535924,0.36841170178906907,0.03325382530088627,0.06425850711245842,0.9973478532024086,0.007892216360635402
1742955473.8496659,0.6510525629052175,0.05711220517818726,0.3683875460619208,0.03320468822202239,0.06421223577492076,0.9973525393973011,0.00788350268721216
1742955473.854627,0.651043779048651,0.05711157207462782,0.36836347017086457,0.03315110930796865,0.0641675461955486,0.9973572740391408,0.0078738737675717
1742955473.8599422,0.6510330789698509,0.05711063260222289,0.36833961966990925,0.033089960177184824,0.06413091414406638,0.9973617458761735,0.00786309413333598
1742955473.8648021,0.6510216466029829,0.057109995355556796,0.3683147617506703,0.03302571253703487,0.06409747098846595,0.9973661099001918,0.007852346583198043
1742955473.8696826,0.6510086301803728,0.057109566483304564,0.36828924421997855,0.03295455436925158,0.06406766621518743,0.9973704695381187,0.007840789843885896
1742955473.8746104,0.6509930624265048,0.05710937464066114,0.3682636171706543,0.03287312376382058,0.06404274807658579,0.9973748573352169,0.007828033492734572
1742955473.879671,0.6509753807388615,0.057108991989723405,0.3682391420450079,0.03278362887302849,0.06402231786261386,0.9973792242042557,0.007814065467534376
1742955473.8846076,0.6509574624437793,0.05710887416573199,0.36821814999544167,0.0326943555174337,0.06400363338975126,0.997383462019855,0.007800238425761622
1742955473.889759,0.650938368673959,0.05710963458090461,0.36820032355039406,0.03260232824140862,0.06398472878453923,0.9973877949005987,0.007786479238383401
1742955473.8946307,0.6509164371531714,0.05711232011446784,0.3681844360419676,0.03249963532282747,0.063966161119149,0.9973924482906696,0.007772260180035403
1742955473.8996532,0.6508935088618512,0.05711614101514587,0.3681707526423733,0.03239257342248752,0.06394705122398092,0.997397268828719,0.007757832160997073
1742955473.9047282,0.6508722685946969,0.057120687288305744,0.3681582532144568,0.032293065009417476,0.06392753050541307,0.9974018448729485,0.007745233360963281
1742955473.9096308,0.6508513611048153,0.05712550126687644,0.3681458525078512,0.03219698734427844,0.06390637090062688,0.9974063979454898,0.007733505134617496
1742955473.9146788,0.6508332873798085,0.05713016673634121,0.36813401598085865,0.032110112858304715,0.06388201299445732,0.9974108444055636,0.007722469176607706
1742955473.9196022,0.6508174161244148,0.05713376943407111,0.368121556741262,0.03203069621641267,0.06386014076353191,0.9974148836716493,0.0077114688499684055
1742955473.9247644,0.6507994993301373,0.05713622103826651,0.36810757315389886,0.03194175173728769,0.06384217041121687,0.997418988380541,0.007698271953948284
1742955473.9296803,0.6507804244356609,0.057137728548995334,0.36809219465600695,0.03184481493382912,0.06382544638853188,0.9974232788193756,0.00768264435860601
1742955473.9346292,0.6507609698052611,0.05713836385786623,0.36807605752377265,0.03174178319039466,0.06380979869682478,0.9974276996432273,0.007665035850179948
1742955473.9397876,0.6507408614451285,0.05713808997438068,0.36805910738799213,0.03163071635248425,0.06379467419884725,0.9974323442670081,0.0076456482336234866
1742955473.9447126,0.6507188508361749,0.05713698959673099,0.36804119583297445,0.0315069940476001,0.06377937233002588,0.9974374062035749,0.007623758728946347
1742955473.9496572,0.650694570965556,0.05713485920595541,0.36802279295057433,0.031370773118104406,0.06376443358420936,0.9974428376035499,0.007599823487144277
1742955473.9546294,0.6506699554868964,0.057131931873289146,0.3680056898312223,0.031230338413936628,0.06374863454754705,0.9974484419565127,0.007575169595442146
1742955473.959642,0.6506481314326787,0.05712803474169449,0.36799176596098804,0.03109927832877599,0.06373177406524294,0.9974537937915828,0.007551497381631169
1742955473.964754,0.6506299308017861,0.0571245978603653,0.3679808634020352,0.030983826112042884,0.06371541259916855,0.9974585879541074,0.007530872019537477
1742955473.9697063,0.6506134844754051,0.057121552783531905,0.3679727685101213,0.030875653125745244,0.06370232621624469,0.9974629212004362,0.007511891172684847
1742955473.9746442,0.6505961087069827,0.05711879502757536,0.36796664153444614,0.030763172844752502,0.06369256707457951,0.997467164122673,0.0074927026530239626
1742955473.9797127,0.6505806716232696,0.05711689277636823,0.36796393420281026,0.030654964767701177,0.06368578765121964,0.9974710621662547,0.007474873059691868
1742955473.984675,0.6505636404191754,0.05711513501495105,0.3679633358935482,0.030540475022192773,0.06368157873517076,0.9974749833030918,0.007456111567827347
1742955473.9896712,0.650546241081809,0.05711474053486568,0.3679639858432627,0.03042360226302848,0.06367783340906476,0.997478934555512,0.007437276092031272
1742955473.9946103,0.6505289790841214,0.05711513797604602,0.3679657991472221,0.030306469018204506,0.06367457335973907,0.9974828480031702,0.00741852967833677
1742955473.9996066,0.6505109719608381,0.05711612981497125,0.36796598689537985,0.03018821923395934,0.0636716698371257,0.9974867585681536,0.007399754106220279
1742955474.0045722,0.6504940976214548,0.05711785706712802,0.3679627426252758,0.030075664701841663,0.06366881086789936,0.9974904714854074,0.00738215491775793
1742955474.0096135,0.6504776797638081,0.05712080305293601,0.3679562391157513,0.029964599632391422,0.06366519730680832,0.9974941687022965,0.007365380212196472
1742955474.0147464,0.6504581988134165,0.05712451098946936,0.3679468505119388,0.029841161900810827,0.06366101167530971,0.9974982722043475,0.007346944822652457
1742955474.019781,0.6504342284118523,0.057128845334923815,0.3679348149314146,0.029701062517421998,0.06365587812773796,0.9975029355413939,0.007325957372556915
1742955474.0246782,0.6504070144172818,0.05713233924836783,0.36792023569740157,0.02954709276034918,0.06365127918657144,0.9975079717103704,0.007302762599690846
1742955474.0296588,0.6503782256011267,0.05713428120916026,0.3679027203627184,0.029385586640804772,0.06364761017007599,0.9975131598476287,0.007277702124508227
1742955474.0346773,0.650349814773202,0.057134258094050656,0.3678832526948879,0.029226082461482866,0.06364542583117376,0.9975181683573521,0.007252563113594112
1742955474.0397103,0.6503223003359152,0.057133013558301984,0.367862542016958,0.02907191915383635,0.06364437942116741,0.9975229189827095,0.007227903501153384
1742955474.0446854,0.6502948109237813,0.057131825031540615,0.36784100384968754,0.02892144687489641,0.0636433174581103,0.9975275331279884,0.007204075595027352
1742955474.04979,0.6502670650300523,0.057131346901206,0.36782057129273676,0.028771640334085132,0.06364153916341668,0.9975321503207476,0.007180270319621889
1742955474.0546725,0.6502370563439287,0.05713208558602962,0.36780167012995046,0.028615677419970953,0.06363870935429433,0.9975369934649085,0.00715572124295003
1742955474.0596077,0.6502059133295242,0.05713414260354797,0.36778417459757795,0.028457846103671608,0.06363478202630007,0.9975419352099689,0.007131129584810593
1742955474.0646513,0.6501766578848573,0.05713744878595939,0.36776734258553495,0.02831150111744597,0.06363004937905202,0.9975465613535595,0.007108702566972153
1742955474.0695813,0.6501486623194199,0.0571413371989529,0.36775133822947886,0.02817529189369158,0.06362496494929763,0.9975508882543573,0.007088166536460805
1742955474.0747082,0.6501218055261356,0.057144786338861595,0.3677354268646185,0.028047451256850583,0.06362032542720317,0.9975549229030777,0.007068978877196925
1742955474.0796885,0.6500968359902664,0.05714735011622339,0.36772006857108996,0.02792885306245049,0.06361644108210857,0.9975586242914481,0.007051148304787995
1742955474.0847223,0.6500721698938233,0.05714919419498755,0.3677041525386899,0.027812552551025858,0.06361324134467304,0.9975622021462304,0.007033512307820071
1742955474.0897164,0.6500504539658793,0.05715086158621408,0.3676895889298395,0.027707463373903736,0.06361040734641321,0.99756541921934,0.00701761557436223
1742955474.0946462,0.6500298522702653,0.05715257412338915,0.36767771241690866,0.027607353513970454,0.06360759051847277,0.9975684810182769,0.0070024380951708605
1742955474.0996714,0.6500114064183535,0.05715469313195707,0.36766998426325054,0.02751464115726664,0.0636047206923984,0.9975713238484917,0.0069884091749543445
1742955474.104642,0.649997549240184,0.057157363388072334,0.3676666221894575,0.027439569298954664,0.06360167276643676,0.9975736638750138,0.006977277476210675
1742955474.1096127,0.649988008777017,0.05716070394892998,0.3676662965116164,0.02738356639910931,0.06359857421078395,0.9975754550879937,0.0069694372515508515
1742955474.1146076,0.6499803529747207,0.05716400559321869,0.3676681127360776,0.02733643547679011,0.06359558883353751,0.9975769830095313,0.006962998344113152
1742955474.119657,0.6499744457171486,0.05716687227033019,0.3676721770185836,0.027298384305561897,0.06359312276562215,0.9975782185075495,0.0069577949471269105
1742955474.1247344,0.6499703480604812,0.05716890877527894,0.36767632821878615,0.02727190357537121,0.06359141842099081,0.9975790769482148,0.00695413644746292
1742955474.129725,0.6499659863780661,0.05717031885561003,0.36767903784874484,0.02725043761982624,0.06359009419311928,0.9975797704107957,0.006950916283657003
1742955474.1346006,0.6499603345988638,0.05717163588345758,0.36767942806605575,0.02722820602656219,0.06358878976264846,0.9975804855450264,0.006947335665281164
1742955474.1397672,0.6499538157263278,0.057173654718858234,0.36767892488318477,0.027204142971035714,0.06358682305046524,0.9975812930996536,0.0069436443733417695
1742955474.144632,0.649945555355312,0.05717602239565727,0.36767736134143436,0.027173656040841647,0.06358448191920321,0.9975823058815622,0.006938952980535038
1742955474.1496422,0.6499354258861281,0.05717827905878028,0.3676748900037822,0.027135150849941968,0.0635821355590515,0.9975835463459073,0.006932797849669226
1742955474.1546707,0.6499249034145264,0.05718008725348335,0.36766917408165223,0.02709295743304135,0.06357986919429358,0.997584884687713,0.006926018579984593
1742955474.1595764,0.649915271311757,0.057180247603371204,0.3676593997210633,0.027051260007116672,0.06357893363017618,0.9975861250725125,0.006918930068050381
1742955474.1646113,0.6499078715520383,0.0571789127313207,0.3676480443226553,0.027013556964775774,0.06357950077772956,0.9975871569879966,0.006912237956838474
1742955474.1695833,0.6499028462518887,0.05717736026705833,0.3676354225726019,0.026983347726057042,0.06358025022423394,0.9975879642029113,0.0069068375114579835
1742955474.1745563,0.6499003867103985,0.057176054189131006,0.3676221307383558,0.02696235493544693,0.0635811425122883,0.9975885015552619,0.006902991952351707
1742955474.1795688,0.6498997195499324,0.05717495611440715,0.3676078979672244,0.02694776286228751,0.06358196460461789,0.997588862254021,0.006900272491941941
1742955474.18457,0.6499002225715722,0.057174124708417255,0.367594167527661,0.026937395539209506,0.0635827413553737,0.9975891051039979,0.006898485421049057
1742955474.189575,0.649901483102078,0.0571735913713485,0.3675813595273625,0.02692857964319657,0.06358323592212362,0.9975893213855962,0.006897069341200227
1742955474.1945944,0.6499033851107126,0.057172836052765456,0.3675688873994464,0.026920417117412457,0.06358410200056255,0.9975894957997979,0.00689572221828217
1742955474.199635,0.64990637909968,0.057171404220745674,0.3675580838692755,0.02691435817767748,0.06358550410413548,0.9975895802727032,0.0068942238895092515
1742955474.204617,0.6499112533392445,0.05717005750338605,0.3675510645658566,0.026912604410760613,0.06358695682117681,0.9975895430662619,0.00689305526588161
1742955474.2096198,0.6499175990438533,0.0571685912605103,0.3675475239932986,0.02691446183691271,0.06358870232839858,0.9975893875641644,0.006892205711901483
1742955474.214624,0.6499250395831521,0.05716751411458129,0.36754652663051446,0.026919096536389738,0.06359018198728107,0.9975891693391914,0.006892039874466394
1742955474.2196705,0.6499326445293041,0.05716721129480628,0.3675468338204061,0.026924667155959345,0.06359100225704892,0.9975889630656126,0.006892568473413279
1742955474.2247074,0.6499398088872315,0.05716747428489125,0.3675479654287139,0.02693049723545492,0.06359150750795395,0.9975887673681827,0.00689345431164953
1742955474.229636,0.6499461273911222,0.057167971213668255,0.36754956550262285,0.026935853250625745,0.06359167376226257,0.9975886050393271,0.006894485728776901
1742955474.2345967,0.6499511544998414,0.05716818984320448,0.3675508875769019,0.02693939083655514,0.06359200022807143,0.9975884843544293,0.006895115066544723
1742955474.239674,0.6499545032245052,0.05716818376456634,0.367550610805898,0.02693892138961795,0.0635923888522337,0.9975884731016468,0.006894993049692281
1742955474.2446105,0.6499556924433678,0.0571676984693963,0.36754805919695055,0.026933423275658615,0.06359293137215578,0.9975885950025584,0.006893831371024259
1742955474.2497814,0.6499546917202739,0.05716653816390449,0.3675429628053965,0.026923041456486583,0.06359386302114994,0.9975888320298425,0.0068914899778177545
1742955474.2546365,0.6499527883293494,0.05716463097155973,0.3675371313257848,0.026910901914107846,0.06359525008310953,0.9975890931397855,0.0068883070181562
1742955474.2596204,0.6499503958635272,0.05716307480038786,0.3675306839428483,0.026896900166127755,0.06359639634652661,0.9975894189011874,0.006885232717942131
1742955474.264628,0.6499480355806485,0.0571614857248959,0.3675237569807521,0.026882346499030967,0.06359751260409045,0.9975897622228782,0.006882016083968556
1742955474.2695725,0.6499460247681401,0.05715946191612818,0.36751688844957625,0.026868523772725642,0.06359895248790437,0.9975900669256664,0.0068785204775598735
1742955474.274584,0.6499440299402192,0.057156615002453406,0.3675102642122428,0.026854360164483705,0.06360095118812954,0.9975903492392948,0.006874405628356057
1742955474.2796593,0.649941497458888,0.05715320977915542,0.3675035773205786,0.026837884852160855,0.06360338493271295,0.9975906712192871,0.0068695020209371595
1742955474.284589,0.6499378333162737,0.05714971513292203,0.36749710510924655,0.026817065398089777,0.06360591470699456,0.997591108466126,0.006863885710539589
1742955474.2897632,0.6499329950370005,0.05714643446932689,0.36749034152503457,0.026791513902479008,0.06360825134292483,0.9975916882940573,0.0068577394614477575
1742955474.2946022,0.6499267608517565,0.05714379490141123,0.36748303820105377,0.026760102078412135,0.06360990925344491,0.9975924707913739,0.0068511752191357175
1742955474.2996268,0.6499191133800875,0.057142039932946774,0.3674748501260432,0.026722535734494783,0.06361067634422367,0.9975934756225009,0.006844365154483107
1742955474.3045874,0.6499114665517539,0.05714122534059561,0.36746619870696434,0.026683247149500433,0.06361071362444227,0.9975945684660531,0.006838011463661452
1742955474.3095863,0.6499041356987266,0.05714052104909947,0.3674566419287467,0.026643149609118247,0.06361078847125136,0.9975956793069645,0.0068316028169037235
1742955474.3145542,0.6498968795295798,0.05713975439652335,0.36744613361114103,0.026601635653240172,0.06361080153606297,0.997596831912882,0.006824944387546924
1742955474.3195755,0.6498907858599821,0.05713878755973456,0.367435447395707,0.026562928067927667,0.06361121087935981,0.9975978810111162,0.006818541269993858
1742955474.3245976,0.649886672636705,0.05713761291330724,0.3674253573996942,0.026529524232685956,0.06361178750985609,0.9975987719816718,0.006812853620086714
1742955474.32961,0.6498839530093279,0.05713584374943534,0.3674161235733946,0.026499116267489145,0.06361304366570332,0.9975995391363922,0.006807130635243074
1742955474.3346193,0.6498825113091882,0.05713362347940842,0.3674085857717749,0.026471031602152514,0.06361474151834025,0.9976002155273495,0.006801406270659089
1742955474.3396165,0.649882645693703,0.0571317632869619,0.36740356218619546,0.026447279915186882,0.06361623327151902,0.997600783915246,0.006796482996232201
1742955474.3446074,0.6498847391540754,0.05713078233660377,0.36740158041961235,0.026429804874749087,0.06361725033439218,0.9976012046688433,0.006793181688044638
1742955474.3496792,0.6498884073576543,0.05713024658724368,0.3674018952920499,0.02641754643578644,0.06361799680340312,0.9976014974793356,0.0067908725523702276
1742955474.3545916,0.6498932617842628,0.057130298115914545,0.36740412285638663,0.026409296790282845,0.06361839505471838,0.9976016996250848,0.006789533035970924
1742955474.3595603,0.6498988654796053,0.05713046925526356,0.3674074173178555,0.026403732561532917,0.06361882153870019,0.9976018256334209,0.0067886630282942804
1742955474.3645856,0.6499046771666365,0.057130795039515986,0.3674112136661325,0.02639871840491902,0.06361902885265268,0.9976019497781471,0.0067879771112267975
1742955474.3696182,0.649910037611852,0.05713111740141487,0.36741468502125524,0.026391988972864818,0.06361932240280915,0.9976021156569251,0.0067870149469790786
1742955474.374621,0.6499141211900027,0.057131586867568265,0.36741638970471335,0.026381387401863573,0.06361919505041427,0.9976024147704531,0.006785459752374068
1742955474.379598,0.6499162553597136,0.0571318439512699,0.36741565934674053,0.02636516008201939,0.06361925166424497,0.9976028566361292,0.006783036411944067
1742955474.3847702,0.6499160178990376,0.05713185398555833,0.3674118233164252,0.02634174842296438,0.06361936236254373,0.9976034940699742,0.006779206589551954
1742955474.3899794,0.6499133927353856,0.05713189780316355,0.3674044378822298,0.026309335754852184,0.06361923113309668,0.9976043931304779,0.006774000955358578
1742955474.3946526,0.6499077747532029,0.05713112141237381,0.3673933339466889,0.026265784164468654,0.0636194263429398,0.9976055773642933,0.006766770697739077
1742955474.3997324,0.6499001756970029,0.05712997294093101,0.3673785409622935,0.026215520149275473,0.06361989971947805,0.9976069243581414,0.006758648953471143
1742955474.404634,0.6498922912023961,0.05712863842657802,0.3673614081727474,0.02616519881144651,0.0636204322022773,0.9976082679120608,0.006750316366722841
1742955474.409709,0.6498860610835908,0.05712693264931838,0.36734312016838994,0.02612030116182771,0.06362132048629034,0.9976094392318402,0.006742714759620736
1742955474.414656,0.6498823810633134,0.05712523428010726,0.3673253464695794,0.026083674771088652,0.06362249779450026,0.9976103659977879,0.006736270376453705
1742955474.4197102,0.6498814414581805,0.0571236610882997,0.36731029128355036,0.02605481275283166,0.06362371238753917,0.9976110772679679,0.006731156415286094
1742955474.424616,0.6498827897041526,0.057123133152295565,0.3672989459736563,0.02603145160320399,0.06362429400146803,0.9976116754784942,0.006727383535713353
1742955474.4296322,0.6498854658760351,0.057122687800647866,0.36729032958253083,0.026009285086435834,0.0636251324570239,0.997612223553807,0.006723914421503296
1742955474.4346938,0.6498889606628643,0.05712141251049317,0.3672855686118153,0.025986854246297583,0.06362647708109602,0.9976127519122941,0.006719526963264088
1742955474.4396312,0.6498913885987376,0.05712001456470025,0.36728462273776985,0.02595858120753582,0.06362782422029924,0.9976134385615045,0.006714108144336878
1742955474.4446433,0.6498917139947833,0.057118656344305165,0.3672855625611193,0.02591914871950529,0.06362918615530529,0.9976144235384989,0.006707186207220053
1742955474.449721,0.6498901700255151,0.05711734804089352,0.36728701052767265,0.025869990545764675,0.06363003487677449,0.9976157034870217,0.006698537664108233
1742955474.45464,0.6498879165284461,0.05711672820318497,0.36728928323176463,0.025816473090055313,0.06363046104457953,0.9976171218152137,0.006689723878747198
1742955474.4596336,0.6498864006551287,0.05711658141485165,0.36729262815971037,0.02576504265743869,0.06363059064270893,0.9976184978717878,0.006681557854135047
1742955474.4645386,0.6498845085975811,0.05711694635724887,0.3672961658835353,0.025710721981445573,0.06363018735207471,0.9976199814868921,0.006673123018920291
1742955474.4695597,0.6498813726551692,0.05711814883468457,0.3672981143235818,0.025650723851171158,0.0636290508606811,0.9976216610350235,0.006663759164373134
1742955474.4745545,0.6498773386044643,0.057118413864985,0.3672961526493531,0.02558733910317003,0.06362867272332325,0.9976233816240359,0.006653459409272086
1742955474.4795496,0.6498737965664261,0.05711732628173119,0.36729078566420537,0.025526439107788762,0.06362918324327382,0.9976249778947835,0.006643148854485815
1742955474.4845695,0.6498707606626662,0.0571160460005077,0.3672815022625975,0.025469524495964836,0.06363006546864575,0.9976264389977831,0.006633724670793916
1742955474.4897208,0.6498684244159836,0.057114898711055656,0.36726834312078827,0.02541633950476138,0.06363085027777941,0.9976278027509184,0.006625085469652835
1742955474.4945493,0.6498671733622241,0.05711419194643267,0.36725301600926524,0.02536982312860187,0.06363139132065618,0.9976290002952348,0.006617845793851676
1742955474.499592,0.6498674430659173,0.05711373081944502,0.3672365613936364,0.025331260988161828,0.06363183676852893,0.9976299913319507,0.006611880309339514
1742955474.504587,0.6498695230149663,0.057113599332072607,0.36722009206426054,0.025301158955133646,0.06363214729242989,0.9976307647037795,0.006607458137119578
1742955474.5096316,0.6498724060316462,0.05711366330502615,0.3672046726788942,0.025274663079377643,0.06363249081772664,0.9976314398327876,0.0066036183804809336
1742955474.5146272,0.6498756127734456,0.057113650023496575,0.3671917553378802,0.02524897479445142,0.06363279548717324,0.9976320958346833,0.006599846272010455
1742955474.5196438,0.649878598024441,0.05711340849898038,0.3671823300132885,0.025222517932500844,0.06363336606165272,0.9976327559227426,0.006595727617328409
1742955474.5246172,0.6498814658646264,0.057112833303579275,0.3671757716911833,0.02519452600188303,0.06363402524071651,0.9976334515971036,0.006591126281140309
1742955474.5296721,0.6498835663943417,0.05711170440216237,0.3671706056567413,0.025162301129705085,0.06363515688984889,0.9976342303630149,0.006585424622408628
1742955474.5346262,0.6498857563305597,0.057109669462539696,0.36716982059382175,0.025127529918941738,0.06363697187080267,0.9976350357409355,0.006578640700774011
1742955474.539617,0.649889027010664,0.05710707731193877,0.3671725474573048,0.0250946080256098,0.06363925923264734,0.9976357649147433,0.006571597624330235
1742955474.5445871,0.6498923292762626,0.05710426322932432,0.3671760095812908,0.025059346199507206,0.06364177752567614,0.9976365408573107,0.006563967373865806
1742955474.5495954,0.6498932429708856,0.057100820688155945,0.3671771449965724,0.02501381620205425,0.06364446315333819,0.9976375755046629,0.006554330637926923
1742955474.5545902,0.649891046668675,0.057096612840923634,0.36717664222468543,0.024955544791512435,0.0636475087895574,0.9976389189713203,0.006542382041548497
1742955474.5595922,0.6498886181892107,0.05709173794055991,0.36717527807017514,0.024892990637326983,0.06365092454873103,0.9976403498073071,0.006529261640927163
1742955474.5645986,0.6498860979957546,0.057087073799840383,0.36717106449762715,0.024828388739955045,0.06365427128120874,0.9976418336964875,0.0065158667071911975
1742955474.5696104,0.6498850176049937,0.05708273244659947,0.3671644751533511,0.02476577384912182,0.06365762314167143,0.9976432590262567,0.0065031670035758556
1742955474.574625,0.6498854685354986,0.05707954802635154,0.36715601214706917,0.024705759394805276,0.06366017992442247,0.9976446580419808,0.0064917813437767955
1742955474.57961,0.6498882960123293,0.057077785354515034,0.36714624200644874,0.02465074668977325,0.06366177769566474,0.9976459814453196,0.006481855773582797
1742955474.5846388,0.6498949863752393,0.057077656892610525,0.3671373014396994,0.02460784776153105,0.06366266738539916,0.997647030870456,0.0064745969206382375
1742955474.589637,0.6499024086743405,0.057077878838138175,0.3671285556768401,0.024571568573882284,0.06366328910763758,0.9976479224461606,0.006468885273055097
1742955474.5945919,0.6499103976715416,0.05707814487925672,0.36711964912755535,0.024537452848716175,0.0636637778194257,0.9976487642574706,0.0064637432651517045
1742955474.599619,0.6499178337992331,0.05707811574354459,0.3671121271125871,0.024501984295609232,0.0636646210754084,0.9976496172164064,0.006458332359072954
1742955474.6046035,0.6499252487386842,0.057078343329827246,0.36710730632631966,0.024468778704392517,0.06366508118686859,0.9976504347041615,0.006453405363263335
1742955474.6096346,0.6499332389064065,0.057078618234479545,0.36710346033030666,0.024441374960088424,0.06366569304011675,0.9976510934934748,0.006449369818527807
1742955474.614583,0.6499405472627117,0.057079372779785593,0.3670993815598264,0.02441634951634906,0.06366585054502,0.9976517176477953,0.006446055001214698
1742955474.6195905,0.6499474853229714,0.05708049140645877,0.36709685082115673,0.02439300100608515,0.06366551546563937,0.9976523304261148,0.0064429215231872235
1742955474.6245654,0.6499503681970368,0.05708262227676724,0.3670935295694422,0.024360050548069636,0.06366404348713806,0.9976532600399894,0.006438185749465325
1742955474.6295898,0.6499481991808748,0.05708742018744798,0.367089204267951,0.024312028459496485,0.0636599850868217,0.9976547353472301,0.006431221515269613
1742955474.6345642,0.6499411013811148,0.057093553112761125,0.3670853865792845,0.024247755365412745,0.06365402194829178,0.9976567486226813,0.006420574519916787
1742955474.6395533,0.6499298789103463,0.057099879125114106,0.36708205584418724,0.02416854490592943,0.06364696257203438,0.9976592165401817,0.006405719703123357
1742955474.6445692,0.6499156161523939,0.057106040324107696,0.3670786148870835,0.024078504248057415,0.06363956240746325,0.9976619785345514,0.0063881387185252565
1742955474.6496432,0.649897383765139,0.05711205706059852,0.36707362737739624,0.02397301109238358,0.06363120352155553,0.9976651865845869,0.006367115100611039
1742955474.6547523,0.6498790391972527,0.05711694274245392,0.367066559164611,0.023862188047463224,0.06362295646107875,0.9976685153494101,0.006344199968712031
1742955474.659757,0.6498637220846959,0.05712092972897431,0.3670585275510592,0.023759358813683903,0.06361514058718529,0.9976716084439036,0.00632206151423665
1742955474.6647835,0.6498556232079328,0.05712306494019386,0.36705161675750453,0.023681981859187445,0.06360850989947245,0.9976739916625078,0.006302980547985837
1742955474.6696634,0.6498567660976475,0.057123572108455374,0.36704829010774187,0.023635083787510627,0.06360359646104956,0.9976755111285868,0.0062880701244989595
1742955474.6746752,0.6498657892932043,0.05712404413334576,0.36704741207342734,0.023613487581091868,0.06359944809306325,0.9976763522451694,0.006277704778667511
1742955474.679619,0.649879697999847,0.05712442526150057,0.36704670574715886,0.02360902044230655,0.06359568156469678,0.9976767447891732,0.006270274870800093
1742955474.684609,0.6498967873758849,0.057125535154315094,0.3670489548971559,0.023615408281978337,0.06359168371458146,0.9976768812814222,0.006265046735275095
1742955474.6896152,0.6499137120780842,0.05712730280792511,0.3670537578243609,0.02362443179260527,0.06358662448438884,0.9976770237423256,0.006259688954982338
1742955474.694609,0.6499288536729813,0.05713041919167756,0.36705963468366914,0.023629842058127744,0.06357952280114748,0.9976773927883057,0.006252580572458234
1742955474.6996193,0.6499388493241015,0.05713523722023204,0.3670619871899703,0.023622508349536074,0.06356911957627573,0.9976782977170192,0.006241666447673595
1742955474.704628,0.649943448374378,0.05714203022372849,0.36706078297512085,0.023603046857110826,0.063554671757336,0.9976797781110605,0.0062257710481201205
1742955474.7097182,0.6499422760795619,0.057150431821589937,0.3670560120478512,0.023569821069500885,0.06353660279691487,0.9976818463467181,0.006204603934376497
1742955474.714652,0.6499345581017164,0.05715862964268841,0.36704701302387654,0.02352067069395699,0.06351612780635886,0.9976844815211582,0.0061769645013234915
1742955474.719634,0.6499232050612602,0.057166369786513765,0.367036220389804,0.02346467842031062,0.06349353384979481,0.9976874378661686,0.006144619592479779
1742955474.72467,0.6499088620665266,0.05717360329370061,0.3670246530086993,0.023401511233564213,0.06346928160001453,0.9976906836440594,0.0061089553127121705
1742955474.7296274,0.6498929436541535,0.057178895950156496,0.3670133808796175,0.023333526433518784,0.06344433685865492,0.9976941046253657,0.006069288305210883
1742955474.7345724,0.6498793747391243,0.057182299841389186,0.3670033957322266,0.023273865415012633,0.06341901529073926,0.9976973545586085,0.006028631266804001
1742955474.7397485,0.6498703207623598,0.05718411892368275,0.36699527529138515,0.023228408039286483,0.06339532786934463,0.9977001507620472,0.005990211489334057
1742955474.7446504,0.6498665202012834,0.057184260415874065,0.3669896427350293,0.023199527152420314,0.06337274356704692,0.9977024776987077,0.005953428134218641
1742955474.7495818,0.6498666110946923,0.057183593282964566,0.3669872723973666,0.023181402631343714,0.06334959813172047,0.997704589608218,0.005916321770379433
1742955474.7546103,0.6498691098041565,0.05718384557164583,0.36698817581717863,0.023169064538460668,0.06332448901212899,0.9977066939516731,0.005878467809559089
1742955474.7597375,0.6498727034128609,0.05718589998598084,0.36699102724395305,0.02315966859049742,0.06329633872723497,0.997708929566873,0.005839102416465407
1742955474.764573,0.6498769946990012,0.057189808563539515,0.36699527472686777,0.023152890118006378,0.06326408216353983,0.9977113833381616,0.00579613186880403
1742955474.7696288,0.649882141540319,0.057195705604273325,0.3670006904980989,0.02314878983660837,0.06322783777057897,0.997714042904062,0.00575001321646413
1742955474.7746017,0.649887391522961,0.0572031066112749,0.3670064610968299,0.02314555860762279,0.0631868293277209,0.9977170137789967,0.0056980814465897875
1742955474.7796469,0.6498918806474808,0.05721207554461976,0.36701149728144533,0.023140693656198672,0.06314264729426389,0.9977202371415022,0.005642941439253879
1742955474.7846253,0.6498942818613297,0.05722207470986867,0.36701404742136623,0.02313155356001088,0.06309388845520099,0.9977238783738667,0.005581665711297112
1742955474.7895792,0.6498939862219251,0.057232053451063504,0.3670121277021423,0.02311618602574069,0.06304285933605795,0.9977278209333829,0.0055168075805639
1742955474.7946103,0.6498918060003223,0.05724099630644597,0.36700540485415595,0.023096867395712053,0.06299123504788795,0.9977319000913232,0.005449271860040081
1742955474.799646,0.6498879818731951,0.057249242789641566,0.3669946158714053,0.023074318961492417,0.06294001315521816,0.9977360205655499,0.005381804019564548
1742955474.8046613,0.6498840307204194,0.05725725335232254,0.3669816222323526,0.023052058654129428,0.06288914134691655,0.9977401010261683,0.005315006749352225
1742955474.8096745,0.6498806681702463,0.057264584818123576,0.36696790375730143,0.023032653229576573,0.06283963599207959,0.9977440156033947,0.005249415320015596
1742955474.8147366,0.6498785419636458,0.057271978267518786,0.3669550760569054,0.023017025909599902,0.0627910856720107,0.9977477645585734,0.005185980792172266
1742955474.8195732,0.649878383190985,0.057279371406249925,0.3669459364897365,0.023005838748076577,0.06274527669133803,0.9977512090483057,0.005127034139661038
1742955474.8246849,0.6498807592925778,0.057287513138931954,0.36694285638123025,0.023001370438151522,0.06270036525316189,0.9977544222825495,0.005070894467749006
1742955474.8296666,0.6498851228865153,0.05729844334885895,0.36694487339047016,0.02300192196585969,0.06265709294828944,0.997757382412526,0.005020570729563206
1742955474.8346968,0.6498897610463258,0.057312357507032854,0.3669501684578269,0.023004341584041018,0.0626133109876663,0.9977603142475121,0.004972812901414683
1742955474.839669,0.6498935659018076,0.05732965260809101,0.36695620687844005,0.02300631361254037,0.06256814658833729,0.9977633294340066,0.004926966940006255
1742955474.8446443,0.6498952835978274,0.05734886436833114,0.3669615198300318,0.02300597554359517,0.06251957697731585,0.9977666231234067,0.004877844275779647
1742955474.8496687,0.6498947148087849,0.057369532238479765,0.3669655519185181,0.023003053075989006,0.062470121637606506,0.9977700261998584,0.004828899346607576
1742955474.8546321,0.6498923948636961,0.05738763466841585,0.3669676883711274,0.0229991052181864,0.062420807063335346,0.9977734545255863,0.004776761329870803
1742955474.859752,0.6498884620507879,0.057404223009090066,0.36696709704497577,0.02299396274220025,0.062372040585445314,0.9977768790848105,0.004722901056919424
1742955474.8646147,0.649884353499832,0.05741391218290547,0.3669647003079589,0.02298920335738344,0.06232715061771239,0.9977800671846278,0.00466479945011391
1742955474.8696325,0.649881222536482,0.057416392411791944,0.3669611521381756,0.022983964895373767,0.06229150239111656,0.9977826749721158,0.0046086454663885655
1742955474.874676,0.6498787002605407,0.057412605870324394,0.3669561593282402,0.02297739473775097,0.06226387310870923,0.9977848010958039,0.0045541342508938504
1742955474.8796494,0.6498761933453561,0.05740683970499121,0.3669511052934564,0.022968187471493658,0.06224363822555038,0.9977864931076075,0.004506222003367595
1742955474.884622,0.6498732779486367,0.05740101799677766,0.3669471433816501,0.022955256655424326,0.06222967269948307,0.9977878435262,0.004465796562140052
1742955474.889732,0.6498701751135918,0.05739700625256282,0.36694514602733114,0.022939710422431828,0.062220079266667505,0.997788942462166,0.004433702968973724
1742955474.8946776,0.649866796637244,0.05739662475023217,0.36694569625992474,0.02292133141909159,0.06221336036006238,0.9977898863733371,0.004410556627946225
1742955474.8997922,0.6498633717324253,0.05739856030080792,0.36694711117193574,0.02290066881160873,0.062209447095165155,0.9977906758920363,0.0043944468375940945
1742955474.9046779,0.6498602345881944,0.05740220743102695,0.3669492248237467,0.02287979936985891,0.06220639497733352,0.9977913995002179,0.004382041546528871
1742955474.9096859,0.6498576884003984,0.05740708472852433,0.36695209137920803,0.02286008833851795,0.0622025574625935,0.9977921403816915,0.004370674866734987
1742955474.9147124,0.6498554834829997,0.05741273380198728,0.36695529974172925,0.0228411683308209,0.06219835170909471,0.9977928808501695,0.004360389738827567
1742955474.919633,0.6498530332661491,0.05741810781775377,0.36695855713447556,0.022822166664932683,0.06219409662044577,0.9977936257515196,0.00435011079412363
1742955474.9246721,0.6498494243305623,0.057422656088155624,0.36696022241748527,0.022800954594988855,0.06219015679843498,0.9977944046051611,0.004339009745941906
1742955474.929687,0.6498439556904629,0.05742615782797142,0.3669593909879805,0.02277578213737149,0.06218693841301621,0.9977952338773227,0.004326625769081795
1742955474.934644,0.649836897690463,0.05742926485723369,0.3669559187416813,0.02274789662740402,0.062183697372529975,0.9977961296607241,0.0043133066422674235
1742955474.9396465,0.6498302630773455,0.057432416033603564,0.3669508826038493,0.02272158363855914,0.062180300190308284,0.9977969993242006,0.004299772647519315
1742955474.9447117,0.6498251572845113,0.05743313513757767,0.36694390421750683,0.022699875574169626,0.062179062402640935,0.9977976314972902,0.004285606846603105
1742955474.949571,0.6498222005710143,0.05742941136209746,0.3669358224337048,0.02268539054592761,0.0621814031357875,0.9977978784725973,0.0042708167167027754
1742955474.954654,0.6498207434363306,0.05742019211688027,0.3669270918890392,0.022676645127175227,0.062188191212379985,0.9977977206917444,0.004255258143554847
1742955474.959653,0.6498203650612795,0.05740440403331175,0.3669191459308275,0.02267178027414852,0.06220033345152395,0.997797144401874,0.004238811293975531
1742955474.964712,0.6498207932457483,0.05738110328837643,0.3669131590934296,0.022668659553800218,0.06221882810157294,0.9977961364867629,0.004221293141923037
1742955474.9695854,0.6498225566859286,0.05735466644150277,0.36691074073590235,0.022668678748309242,0.062240498811598856,0.9977948565437701,0.004204231949679012
1742955474.974721,0.6498246549720431,0.057326244092803645,0.3669102606192782,0.022669601110303646,0.06226461885268187,0.9977934036845187,0.004186882885039248
1742955474.9796636,0.649825214494842,0.057295599156478944,0.3669088875392519,0.022665273454671325,0.06229232110419506,0.9977918451354427,0.004169639299206911
1742955474.9846702,0.649823069044121,0.05726573922864887,0.36690653116612915,0.022652451184159605,0.0623206155598129,0.9977904389679452,0.004152979141611995
1742955474.9896743,0.6498175466668867,0.057237231030301886,0.36690289963278455,0.022629924191200478,0.062345429687508606,0.9977894865315563,0.004132129629354469
1742955474.9947207,0.6498083990448908,0.057209954357407666,0.366897447344146,0.022596846284986257,0.062366437279426964,0.9977890228406354,0.004108033321908186
1742955474.999686,0.6497968553034911,0.05718813166510903,0.36689120760395616,0.022556848427789097,0.062385931994441306,0.9977887829367458,0.004090076258255407
1742955475.0046656,0.649784427715322,0.05717495678133426,0.3668850962701332,0.022514229072064566,0.06240305887465906,0.9977887052503603,0.004082573598365327
1742955475.0096545,0.6497737385041205,0.05716687524769298,0.3668799832793379,0.02247742776090229,0.062419630658519513,0.9977884941544508,0.004083611477709215
1742955475.0146747,0.649766509685775,0.05716318635113852,0.366876610749893,0.02245115757679481,0.06243580931621762,0.9977880328227443,0.004093506346523715
1742955475.0196047,0.6497639129376058,0.05716475165075542,0.3668764025806913,0.02243878026884641,0.06245102957101462,0.9977872826278115,0.004112015536765815
1742955475.024587,0.6497641903784316,0.05716868643046414,0.3668776613869442,0.02243628097078211,0.062465677367842136,0.9977863264324363,0.004135121720166186
1742955475.029656,0.6497653322598566,0.05717180560497303,0.3668805625023848,0.02243620676113756,0.06248122153078316,0.9977852575605047,0.0041585306431410046
1742955475.0347586,0.6497672453816828,0.05717289062207253,0.36688505033638585,0.022438322109170072,0.062498125318699804,0.9977840574543281,0.004180995401980835
1742955475.039707,0.6497690882318673,0.05717211238460022,0.36688973696689486,0.02244070977433479,0.06251460879337561,0.9977828891189577,0.004200525402981536
1742955475.0446568,0.6497699599805404,0.05717041360153881,0.3668922184736499,0.022442292616406474,0.06252837924583245,0.9977819301263877,0.004214878915141995
1742955475.049598,0.6497708201966751,0.05716897028750496,0.36689242938781863,0.022444406595670867,0.06253823950727076,0.9977812262824043,0.00422394250446891
1742955475.0545938,0.649772226718974,0.05716667958427442,0.36689466077556543,0.022449001544228183,0.06254484538260285,0.9977806892732969,0.004228564654620744
1742955475.0596642,0.6497736084894502,0.05716604748671449,0.36689772062431125,0.022454603156504986,0.06254730277279126,0.9977804002430031,0.004230674159676475
1742955475.0646617,0.649773686727192,0.0571680721004944,0.36690086139203826,0.02245694274181769,0.06254604073574341,0.9977804217710861,0.004231836632851444
1742955475.0696528,0.6497734792083716,0.05717082300510335,0.36690411665573,0.022459351373297687,0.06254402556717926,0.9977804880265996,0.004233215697738973
1742955475.0746353,0.649772992303864,0.057173460114921304,0.36690800716930816,0.02246132032874052,0.06254249691202117,0.9977805306617373,0.004235304178158579
1742955475.079594,0.649772319804899,0.057177962560413624,0.36691292494940236,0.022464033166326395,0.06253996653802765,0.9977806107721361,0.00423940638624496
1742955475.0845892,0.6497708191432274,0.05718453553207962,0.3669172379678427,0.02246559345765125,0.06253574101000002,0.9977808199769512,0.00424423056024572
1742955475.0898194,0.6497681814811065,0.057190447680131366,0.36691922844099933,0.022463378612834428,0.06253186280669253,0.9977810962175369,0.004248150909737501
1742955475.0945768,0.6497649204745847,0.05719597601095076,0.36691826167073804,0.022458063670875147,0.06252831515487373,0.9977814239115869,0.004251502912392549
1742955475.0995958,0.6497623933490846,0.057203945873738005,0.3669165834678343,0.022452746529825998,0.06252308716650971,0.9977818490281269,0.004256699948147662
1742955475.1045966,0.6497596337030106,0.057214941571079744,0.36691482833509825,0.022446660164901825,0.0625152370328351,0.997782448680573,0.004263530364573035
1742955475.1095736,0.649754992005513,0.057227367309982256,0.36691042443022603,0.02243711881447145,0.06250603686392239,0.997783206784023,0.004271219341456903
1742955475.1146088,0.6497506063410454,0.05724171391469811,0.36690705347816427,0.022428809230713834,0.06249526575958135,0.9977840287855376,0.004280440939095609
1742955475.119631,0.649745614860555,0.05725807128619791,0.36690398204049357,0.022418708398051497,0.06248254498159081,0.9977850100129423,0.00429032398070197
1742955475.1246555,0.6497410578185648,0.057276175450529036,0.3669028037089474,0.022407772708271417,0.062468611035786104,0.9977860828200318,0.004300847378233493
1742955475.129685,0.6497372421565502,0.05729496475611674,0.36690323647113204,0.022396584331247967,0.06245416824870061,0.9977871923539084,0.004311456037202339
1742955475.1347198,0.649732936380092,0.05731414964928407,0.3669031077159979,0.022384224062343413,0.062439300029476744,0.9977883533530589,0.00432229544883694
1742955475.1397927,0.6497290164498067,0.05733269151262641,0.3669034730533797,0.022373178032404854,0.06242477956472679,0.997789459751042,0.004333798651206567
1742955475.1446688,0.6497259447080606,0.05734965474007159,0.3669036256104471,0.022365336492546285,0.062411397457717246,0.9977904235900771,0.004345087212548395
1742955475.1495788,0.6497241513857476,0.05736430491517023,0.36690385815366655,0.02236190088734913,0.06239964423273842,0.9977911921370403,0.0043550754386186795
1742955475.1546836,0.6497233517094396,0.057375313063199894,0.36690427350630767,0.02236121792064257,0.06239059094684491,0.9977917400143337,0.004362757565744696
1742955475.1595945,0.6497226195833543,0.05738432112299034,0.3669045232849335,0.022360785129422946,0.06238289394545601,0.9977922055147194,0.004368574762753691
1742955475.1646168,0.6497220561843946,0.05739277490608788,0.36690505098524795,0.022360565053448366,0.06237544710081294,0.997792653457796,0.004373720969022979
1742955475.1696136,0.6497218487340644,0.057400806703925,0.36690622999189987,0.022360914601525044,0.06236784167131666,0.9977931023590045,0.0043779799266249735
1742955475.1746962,0.6497216868475174,0.05740902100677184,0.3669078950830922,0.02236039003352574,0.06236097204470242,0.9977935203359779,0.004383252071817252
1742955475.1795855,0.6497209200055398,0.057417389263654445,0.3669098872624803,0.022356234630012142,0.062354422676260506,0.9977939991602929,0.004388620009478062
1742955475.184638,0.6497180284332289,0.05742348624687899,0.366910850543527,0.022344290393068206,0.06234875985693626,0.9977946129338983,0.0043903566170274706
1742955475.189624,0.6497115692751716,0.057427611457031534,0.36690954568075596,0.022321044345008142,0.062343725536449186,0.9977954572020754,0.004388217461063046
1742955475.1945865,0.6497035736740354,0.05743024546616091,0.36690804923900855,0.022290345678702694,0.06233686142043252,0.9977966081290341,0.004380068945637679
1742955475.1996498,0.6496945173946858,0.05743261104319583,0.36690549029323527,0.02225699807317997,0.06232439863409686,0.9977982051488083,0.004363160951098947
1742955475.2045777,0.6496866675601151,0.05743599803183059,0.3669034155468724,0.022230456428530124,0.06230568369512753,0.9978000689339876,0.00433947250151535
1742955475.2095797,0.6496808804261672,0.05743907653777726,0.36689873170713777,0.022211239856881077,0.06228331457218644,0.9978020187681284,0.0043105559003389325
1742955475.2145808,0.6496771738708937,0.057438871707556176,0.3668928736222768,0.022200364816128606,0.06226130273457621,0.9978037760572506,0.004277671062207656
1742955475.2196307,0.6496764497619575,0.05743495905336408,0.3668884117356811,0.02219938335222805,0.0622414311531016,0.9978051831482024,0.0042435962787105595
1742955475.2245667,0.6496769225105884,0.05742808089810417,0.3668860215447299,0.02220265891535822,0.06222599360846259,0.9978062054884943,0.004212356250449351
1742955475.229552,0.6496776855192324,0.05741796153486486,0.3668856260876523,0.022206732689768565,0.062216624501260455,0.9978068120170328,0.004185516852224815
1742955475.2346673,0.6496783453585024,0.05740670849970245,0.3668852213521227,0.02220995716988571,0.06221133014982521,0.9978071686378711,0.004162020948587543
1742955475.2396889,0.6496780142236142,0.05739513931701846,0.3668838260676506,0.02221118876832681,0.06220866646813567,0.9978073941170447,0.004141153837618192
1742955475.2445724,0.649676311037926,0.057384553252005734,0.3668805012368961,0.02220974091296363,0.06220711228693256,0.997807599080218,0.004122839709606562
1742955475.2497919,0.6496725013292682,0.0573761642757227,0.3668748990557621,0.022204677860013854,0.0622049702965004,0.9978079135086558,0.00410629894765224
1742955475.2546303,0.6496667837836854,0.057369688327424055,0.3668675052369501,0.022196747307412962,0.06220140220679993,0.9978083751157583,0.004091029372789871
1742955475.2595706,0.6496604159523688,0.057366465232729424,0.3668596526134902,0.022188264015465708,0.06219586086828243,0.9978089626540344,0.004077974756312797
1742955475.2646155,0.6496548994970924,0.05736521484419412,0.36685387443937784,0.022181628590486124,0.06218928919846605,0.9978095665815704,0.004066509604316404
1742955475.2696416,0.6496515158639002,0.057364098539212614,0.36685149878080725,0.022178883051255167,0.06218399432482463,0.9978099965721423,0.004056936912288161
1742955475.274671,0.6496510551508433,0.057362511088340416,0.366853093200241,0.022181113985118066,0.06218049969374295,0.997810196272137,0.004049179617546726
1742955475.2796373,0.649652004863755,0.05735962394356274,0.36685602911670406,0.022184921801470258,0.06217948404602335,0.9978102006123671,0.004042840875017807
1742955475.2846355,0.6496529435336816,0.057355055806543216,0.3668588874121241,0.02218839921188613,0.0621808154279693,0.99781006308382,0.004037219561752668
1742955475.2897334,0.649653580619084,0.057349401457408106,0.36686418810787824,0.02219277394539142,0.06218410125660919,0.9978097806921281,0.004032355470893502
1742955475.2946463,0.6496539205871659,0.05734172408689142,0.36686795337639794,0.022195263061154873,0.06218948662599291,0.9978094111986862,0.004027030441010019
1742955475.2996492,0.649653796854163,0.057331986571831674,0.36686954108003034,0.022193644067631968,0.0621969320358375,0.9978090107127217,0.0040201926357549675
1742955475.304651,0.6496529592261212,0.057321435694671255,0.36686918876111896,0.022188322577955947,0.0622048417285962,0.9978086695384422,0.0040118575025757395
1742955475.309717,0.64965096093979,0.05731063718674528,0.3668679759077937,0.022179660460929174,0.06221295931688508,0.9978083936148675,0.004002497544190915
1742955475.3148088,0.649647640260818,0.05730066621424915,0.36686613562828824,0.022167080934384135,0.06222019846565272,0.9978082595061959,0.003993079883909507
1742955475.3198519,0.6496438395794623,0.05729353722116213,0.366864395548253,0.022153070234067603,0.06222546497424509,0.9978082749288352,0.0039849054550595495
1742955475.3246844,0.6496393911266489,0.057290272036862565,0.3668624375735624,0.022138229298232705,0.06222760943600578,0.9978084962849111,0.003978463153473245
1742955475.3297098,0.6496356311750072,0.05729066156830067,0.3668610316721789,0.022125955659824503,0.06222741081935743,0.9978087958230767,0.003974720991480694
1742955475.3346133,0.6496324771771507,0.05729245314403926,0.36685996606902904,0.022116071596044548,0.062225939116535636,0.9978091151186445,0.003972614299374299
1742955475.3396573,0.649630252556986,0.057293106733336756,0.36685948944227076,0.02210827483585112,0.06222562835960836,0.9978093103896152,0.003971833183174311
1742955475.3445733,0.64962879941919,0.05729281931097678,0.36685954665163995,0.022102544129421225,0.062225888738596656,0.9978094233145983,0.003971279175216436
1742955475.3497016,0.6496274206754137,0.05729278739248698,0.36685958946642966,0.022097327904551555,0.06222593184004756,0.9978095374285562,0.003970959925183651
1742955475.3546002,0.6496256584068945,0.057292627069376524,0.3668590040868067,0.0220917580381988,0.06222600836610206,0.9978096574675023,0.003970588645169874
1742955475.3595915,0.6496236178034196,0.05729390646725697,0.36685792895987873,0.022087030275694617,0.06222493789975685,0.9978098274498004,0.003970949706500909
1742955475.364701,0.6496212541445996,0.057296265925571646,0.3668565107887956,0.022083086092299375,0.06222304875332846,0.9978100283597567,0.003972004177059818
1742955475.3695645,0.6496184238503627,0.05730028611926186,0.366855472027755,0.022079330460582868,0.06221992037387365,0.997810299858604,0.0039736848345054915
1742955475.3746264,0.6496154309405923,0.05730601033740775,0.36685559639808196,0.022075765002091845,0.06221560842171729,0.9978106378014628,0.003976148705213104
1742955475.379676,0.6496127593406202,0.057312809095253325,0.36685799455905027,0.022072633841263158,0.062210633232609086,0.9978110060519567,0.0039789633938197445
1742955475.3846087,0.6496101622296575,0.057318579984370996,0.36686294073544473,0.022068781796396868,0.06220648048091476,0.997811340073828,0.003981491714459466
1742955475.3896215,0.6496065881956897,0.057322900127388006,0.3668697085813704,0.022061103254621364,0.06220324134147254,0.9978117051457646,0.003983160040135324
1742955475.3947124,0.6496013883553102,0.05732700483988969,0.36687640427847706,0.022046999971642896,0.06219966219757887,0.9978122358246412,0.003984200470382162
1742955475.3996842,0.6495945915697999,0.0573325878221545,0.3668815254294915,0.022025625504210857,0.062195000483295376,0.9978129945013843,0.003985190109851128
1742955475.40462,0.6495864357133279,0.057339145669349806,0.36688381234437106,0.021997234939137925,0.06218944594555835,0.9978139644004561,0.00398583936734027
1742955475.409691,0.6495778797898505,0.0573473665899335,0.3668834364465954,0.021965774976897053,0.06218249002957265,0.9978150866270257,0.003986923988201489
1742955475.4146392,0.6495693807124706,0.05735746520411522,0.3668828529417017,0.021934586733572552,0.062174060895178275,0.9978162898226466,0.003988962421271652
1742955475.4197824,0.6495606610267373,0.057369962761579955,0.3668817334280706,0.021902904887879177,0.06216364335294133,0.9978176261521249,0.003991133009462296
1742955475.4246938,0.6495528068032962,0.05738357189299447,0.3668811420095495,0.02187511879184483,0.06215253050186859,0.9978189176764014,0.00399370218618042
1742955475.4297037,0.6495459855988942,0.05739640588405436,0.3668809050969442,0.02185109707913533,0.062142104651475315,0.9978200847678866,0.003995850313867284
1742955475.4346654,0.6495397132531192,0.0574070484843709,0.3668814231625721,0.02182788596416321,0.062133347182495274,0.9978211349575448,0.003996647879434297
1742955475.439704,0.6495346331270351,0.057414988532087825,0.3668828450329006,0.021807088381862495,0.06212697026679683,0.9978219857949981,0.003996889528193383
1742955475.4446487,0.6495315126528435,0.057418114756677435,0.36688502922377575,0.021791492884334542,0.06212439287736074,0.9978224900246657,0.003996129185496562
1742955475.4496632,0.6495313206052082,0.05741657458950971,0.3668881732991221,0.021784015805554127,0.06212560629531872,0.9978225844699469,0.003994448590011127
1742955475.4547188,0.6495330156962504,0.057413125061255364,0.3668916704450442,0.021782893571908626,0.06212846615045345,0.9978224382094406,0.00399262409875919
1742955475.4596283,0.6495354911324316,0.0574087475716688,0.3668948304781403,0.021784697649992555,0.06213188022445165,0.9978221924471499,0.003991073544278607
1742955475.4647403,0.6495373235583775,0.057404829680563575,0.3668965125948226,0.021785996490045333,0.06213509413179693,0.9978219704889846,0.003989441520897401
1742955475.4696372,0.6495378481404969,0.05740309310182575,0.36689646895528316,0.021785511405429284,0.062136450114872704,0.9978219021832312,0.003988055085392305
1742955475.474743,0.6495376916815446,0.057403220794212645,0.36689578838780607,0.021783999943033993,0.06213628342459431,0.997821946484781,0.003987824216699559
1742955475.4797251,0.6495376360242179,0.05740521546282529,0.36689546569058257,0.021782394485713973,0.06213483384057706,0.9978220706847734,0.003988103361731195
1742955475.4846268,0.649537450948471,0.057408522615630085,0.3668957822503361,0.021779285217068,0.06213220258062249,0.9978223023583112,0.003988114124895868
1742955475.4897604,0.6495370918711001,0.05741171874791949,0.3668970796173935,0.021773338175118215,0.06212982850655565,0.9978225828108798,0.003987403551550927
1742955475.4947214,0.6495363771665915,0.05741436451999668,0.3668999220081384,0.021763234963572173,0.06212770663288234,0.9978229421535991,0.003985697479000602
1742955475.499679,0.6495347948076378,0.057415757423564265,0.36690250476181724,0.021746774095968865,0.06212650885763519,0.9978233882313299,0.003982538402804919
1742955475.5047598,0.6495328311538231,0.05741538463337616,0.36690224593244625,0.021726003919908497,0.062126539506988675,0.9978238551507946,0.003978433682337934
1742955475.509719,0.6495313088971337,0.05741456134244836,0.3668997807198049,0.021705886901004147,0.062126770508268946,0.9978242943078349,0.003974487278252087
1742955475.5147252,0.6495304592240446,0.05741357833108902,0.36689593305774737,0.021688134859842362,0.062126903879896396,0.9978246876088922,0.003970569079631866
1742955475.519754,0.6495302048875191,0.05741289393965307,0.3668910306938211,0.021672992925739733,0.062126763867583965,0.9978250393704989,0.003967038472801355
1742955475.5247676,0.6495301432839768,0.057412527635308644,0.36688427910977184,0.02166010404128759,0.06212671649341151,0.9978253327861251,0.003964371441558783
1742955475.5296555,0.6495309345052029,0.05741171085859208,0.366876680703232,0.02165223618277628,0.06212700375750331,0.9978254947475097,0.003962083326738498
1742955475.5347233,0.649531725970783,0.05740986941484447,0.3668695419641233,0.021647421311286174,0.062128349001329165,0.9978255249296727,0.0039596969283018585
1742955475.539805,0.6495321705268994,0.057406565955427986,0.3668637961286661,0.021643510741281534,0.06213079091693201,0.9978254701440159,0.003956563496554241
1742955475.5446212,0.6495325786112615,0.05740137978968762,0.36686063171386407,0.021641353110845498,0.06213479230894131,0.9978252841357921,0.003952437169950696
1742955475.5498383,0.6495325446085317,0.05739429381925393,0.3668598684194283,0.021638839061470704,0.06214018860469032,0.9978250246202295,0.003946877991999734
1742955475.5546288,0.6495313482302342,0.05738615244348768,0.36686012431887366,0.021631825283189052,0.06214641400946459,0.997824815609249,0.003940141501281485
1742955475.5596159,0.6495281923956585,0.057377319217179125,0.36686028496843837,0.021616992092016205,0.06215280486339531,0.9978247725970556,0.0039316271619880844
1742955475.5647633,0.6495221914485328,0.057369143951492466,0.36686013435695586,0.021591490592172295,0.06215857310940571,0.9978250031783314,0.003922034570698499
1742955475.5697212,0.6495134086500154,0.05736250351108782,0.36685966461640035,0.02155545133471693,0.06216297341557846,0.997825548449521,0.003911791827726366
1742955475.5746484,0.649502217506378,0.057357667856394026,0.3668586142834675,0.02150988694972188,0.062165713078303854,0.9978264023126705,0.003901247060720979
1742955475.579637,0.6494912527862639,0.05735437211147851,0.3668575638071584,0.021465147834655023,0.062167400495534576,0.9978272967428259,0.003891994214883367
1742955475.584623,0.6494819745963416,0.057352507702725,0.3668571045155368,0.02142622225542721,0.06216816943970642,0.9978281148515046,0.003884445941118534
1742955475.5897293,0.6494756930009554,0.05735123844327233,0.3668587385381044,0.02139633541876742,0.062168789532696576,0.9978287401687579,0.0038786250033100607
1742955475.594624,0.6494726175516276,0.05734972717707409,0.36686332948832007,0.02137440636065874,0.06216985973970158,0.9978291619969077,0.0038738561181655366
1742955475.5996904,0.6494710069043438,0.05734834952816425,0.36687015460596434,0.02135431019810988,0.062170960642676194,0.9978295395070329,0.003869777243244162
1742955475.604668,0.6494686391892155,0.05734675798189869,0.3668773371406289,0.021330140025737625,0.062172112131832165,0.997830003909239,0.003864828332203373
1742955475.609698,0.6494641263864174,0.057345041562390536,0.3668831562288115,0.021298846400782636,0.062173219174527984,0.9978306269405249,0.0038587431828221567
1742955475.614622,0.6494565356732795,0.057342893412643994,0.3668849154773896,0.02125934935046699,0.06217427838706541,0.9978314315363165,0.003851416678045434
1742955475.6196382,0.6494456201659429,0.057340354370779376,0.3668812483635422,0.021212613683455433,0.0621753774205999,0.9978323914211287,0.003842667577861716
1742955475.624661,0.6494343933389118,0.057337558979061495,0.3668754104726455,0.021166520480074825,0.0621766344125383,0.9978333258476658,0.0038338455475258877
1742955475.629653,0.6494257267284389,0.05733517840576486,0.3668679909490209,0.021128274009032486,0.06217780718188232,0.9978340918657058,0.0038264137248879416
1742955475.6346235,0.6494196759012232,0.05733428124530275,0.36685913483549915,0.021098457665874606,0.06217800436584725,0.9978347303371147,0.0038212288939205225
1742955475.6396427,0.6494155197831816,0.0573352652572494,0.3668508160223324,0.021076839845766162,0.062176949009783954,0.9978352653657556,0.0038179872187842166
1742955475.6445963,0.6494126823782925,0.05733784227915861,0.36684469297134753,0.021061785806620856,0.062174960850710434,0.9978357147506435,0.0038159913418515296
1742955475.64959,0.6494102065848653,0.05734026974290202,0.3668406533373248,0.021049736805478704,0.06217305020025889,0.9978360936701135,0.0038145220388321284
1742955475.6546428,0.6494076978546094,0.0573407008077679,0.36683887872755855,0.021037471864497632,0.0621730450139374,0.997836358407519,0.003813016032844768
1742955475.6596494,0.6494051250448861,0.05733954127408725,0.36683897678896615,0.021023342983359252,0.06217413144869947,0.9978365962879241,0.003810975850656668
1742955475.6646101,0.6494013163034922,0.057336561936540846,0.3668401351634526,0.02100476105113393,0.062176562410810474,0.9978368494373996,0.0038074932440730863
1742955475.6695857,0.6493966790517921,0.05733124370412673,0.3668420981627524,0.020981206248961416,0.06218056033343654,0.9978371154403931,0.0038023611814151674
1742955475.674651,0.6493921520755339,0.05732684071567108,0.3668450438247995,0.020956272432031485,0.062184027734515084,0.9978374434167594,0.003797085194355635
1742955475.6797328,0.6493872859750399,0.05732416094509901,0.3668479738503333,0.020930348294463913,0.06218580074806892,0.9978378986293842,0.0037914066635910547
1742955475.6846776,0.6493824628483352,0.057322981298096494,0.3668515364075937,0.02090350766819857,0.06218659947078359,0.9978384301816513,0.003786484655154526
1742955475.6897123,0.6493784071759041,0.057323819134610036,0.36685618656155145,0.020877521430326524,0.06218585443690535,0.997839035034048,0.0037826933788204066
1742955475.694761,0.6493749873949949,0.057327140150746095,0.36686179601399993,0.020852306303522014,0.06218334275988584,0.9978397310081636,0.003779474379664238
1742955475.6997359,0.6493708713752353,0.05733133895137416,0.3668674517454058,0.0208204804221241,0.06217980205538015,0.9978406316285455,0.0037754049439889534
1742955475.7046368,0.6493657641724621,0.05733522215238782,0.36687257934929507,0.020780774107779326,0.06217668108592418,0.9978416728447739,0.0037703701362061656
1742955475.709642,0.6493592997583822,0.05733895019275889,0.36687505938251136,0.020733484212546192,0.06217340039081758,0.9978428848813291,0.003764041439428142
1742955475.71464,0.6493524072595673,0.05734271724240964,0.3668753024575693,0.020680887483202445,0.06217007290940487,0.9978442085958698,0.0037574325048964643
1742955475.7195697,0.6493447163108318,0.057346214234909335,0.36687216496537933,0.02062084285305471,0.06216693393493176,0.9978456746009166,0.003750046053215916
1742955475.7245805,0.6493369882997434,0.05734980598351865,0.3668662397791318,0.02055698557049151,0.06216373082281423,0.9978472209928463,0.0037422548412910507
1742955475.729764,0.6493303438693837,0.05735395753963583,0.36685915204677216,0.020492506787999278,0.062160203016115405,0.997848795745845,0.003734589014361141
1742955475.7346978,0.649327324512364,0.0573591986319588,0.36685194789728687,0.020437390489342466,0.062156142762389004,0.9978502010713753,0.0037287006722792827
1742955475.73963,0.6493298595968097,0.057364700000576405,0.3668457086154773,0.020400407416578926,0.06215238137342099,0.997851204317366,0.0037254408105363212
1742955475.744704,0.6493366893854287,0.05736930224083454,0.366841983885948,0.020375802219755153,0.06214961896482731,0.9978518853161328,0.003723777311784821
1742955475.7498572,0.6493458630117381,0.05737220441723845,0.36684277122245773,0.02035531936456073,0.062148378061528856,0.9978523873578921,0.0037219782432854416
1742955475.7547812,0.6493549551592757,0.057373991393123956,0.366846868488734,0.020331783992137524,0.062148082068398745,0.9978528949069359,0.0037194866264706216
1742955475.7598,0.6493636637642421,0.05737605852838034,0.36685368925259054,0.02030658718414932,0.0621473739501338,0.9978534618664014,0.0037168628267703727
1742955475.7647448,0.6493710300652,0.057378756634489256,0.36686098274777146,0.020279374665600928,0.062146135156918324,0.9978541015919755,0.0037144022805538244
1742955475.7698557,0.6493756240079811,0.05738263427001441,0.3668659192699455,0.020245184366867994,0.06214371835657825,0.9978549561340805,0.0037117782021934918
1742955475.7747445,0.6493757243663691,0.057387882214188765,0.3668668675434865,0.020199613474786677,0.06213992453430015,0.9978561282924335,0.0037084529894757423
1742955475.7797093,0.649370897099468,0.05739418443031763,0.36686481566725615,0.020139600753092055,0.06213487445002599,0.9978576745637783,0.003703400161246578
1742955475.7847757,0.6493629138018508,0.057401440949865566,0.3668611639371226,0.020068309302072224,0.06212893948204356,0.9978595055611494,0.0036966203282627966
1742955475.7899437,0.6493529665136644,0.05740883733317218,0.36685661645838996,0.01998825897912879,0.06212265488301969,0.9978615361612752,0.0036878046489384605
1742955475.794603,0.6493438838536729,0.057416102745102185,0.36685233232730113,0.019908563150584164,0.06211663013901463,0.9978635386980703,0.003678520139503971
1742955475.799651,0.6493349045638466,0.057421769345031036,0.3668492221020047,0.019821637617088394,0.06211178882744085,0.9978656136611351,0.0036668029014894485
1742955475.804801,0.6493296029440345,0.05742565146501236,0.36684839720047746,0.019737360071062787,0.06210871217837029,0.997867521951989,0.003654192436948168
1742955475.8097363,0.6493294746469234,0.05742751843741015,0.36685029231581434,0.019662654681606433,0.06210760154384286,0.9978691096441233,0.0036422327475921163
1742955475.814628,0.6493350232109908,0.057427907303538236,0.366853347627978,0.019600349466370324,0.06210802806866827,0.9978703462775765,0.0036319650448832243
1742955475.8196194,0.649346399315557,0.057427430308836264,0.36685563702126184,0.01955461714579036,0.06210961205368223,0.9978711722863407,0.0036244390885804027
1742955475.8246381,0.649360054961331,0.057427272540831534,0.3668550659443422,0.019517067549756094,0.062111217153715835,0.9978718290871349,0.003618493089420841
1742955475.829656,0.6493745140854932,0.0574270126086941,0.3668512788876268,0.019484327827870844,0.06211280085993191,0.9978723894807294,0.0036132050108042724
1742955475.834637,0.6493896888372219,0.057427366573270765,0.3668484357415931,0.019457057859819146,0.062114085288729255,0.997872856064578,0.0036092156635956158
1742955475.8396103,0.6494033554825783,0.05742781764384249,0.36684318366637586,0.01943051669382402,0.06211509052561735,0.9978733251087545,0.0036052165542882213
1742955475.844625,0.6494171795292155,0.057428311556058625,0.36684184008743803,0.019409968946879706,0.06211615026495929,0.9978736698229309,0.00360222929011627
1742955475.849649,0.6494295258312682,0.05742888223005596,0.36684418228314236,0.01939259081268968,0.0621169508299112,0.9978739675433869,0.003599547247336974
1742955475.8547978,0.6494382841305006,0.05742883187984225,0.3668481395665064,0.01937062972168819,0.06211782289211457,0.9978743529372701,0.003595905081302383
1742955475.8597677,0.6494413991976826,0.05742809694454055,0.3668514952767548,0.019337193945896707,0.06211882663368442,0.9978749602602014,0.003589985188646385
1742955475.8646407,0.6494370534962134,0.057426464908670094,0.3668547679410626,0.019287061251395718,0.06211988946633503,0.9978758962431102,0.0035811029006309015
1742955475.8696225,0.6494259866972203,0.0574246819975723,0.366857517484229,0.019223408170832398,0.06212047197469302,0.997877127561729,0.003570130122527383
1742955475.8745887,0.649411254636615,0.057422583648494424,0.3668587086560227,0.01915556151810449,0.06212091031332479,0.9978784474326681,0.0035582459355743257
1742955475.8797123,0.6493927231198274,0.05741999021074242,0.36685852490997706,0.019081152519529455,0.06212157595350661,0.9978798778586748,0.003545248134529622
1742955475.884644,0.6493728689742224,0.05741679557504772,0.3668579559194384,0.019003017979773364,0.062122408608598745,0.9978813667913147,0.003531213251070959
1742955475.8896427,0.6493539915438582,0.05741283028665697,0.3668575565848557,0.01892875748918524,0.06212401614798984,0.9978827279872672,0.003517092869071192
1742955475.8945632,0.6493389446394155,0.05740810489247412,0.36685710255190257,0.01886927413436359,0.06212661127657562,0.9978837359207525,0.0035048894095737145
1742955475.8997152,0.6493287776032567,0.05740271209801786,0.36685699085174445,0.018828511862993266,0.06213062188155697,0.9978842898151656,0.003495297658081201
1742955475.9046295,0.6493214575381495,0.05739531620166747,0.3668569498525834,0.018798127585950942,0.0621369948868963,0.9978844957349934,0.0034867516983771826
1742955475.9096158,0.6493161638984504,0.05738594651181434,0.36685727140817526,0.018775357898991665,0.06214561909591234,0.9978844136952726,0.00347920493687797
1742955475.914641,0.6493130300662181,0.05737505293001512,0.36685917841528737,0.018761862691912167,0.06215470003336803,0.997884129535564,0.0034712811959676355
1742955475.919596,0.649311408493455,0.057364583071997745,0.36686271037278706,0.018755556807598283,0.06216378282478953,0.9978837058919234,0.0034644926252860608
1742955475.924673,0.6493106352914346,0.057356733289469816,0.36686743748521217,0.018754387638014843,0.06217076144735363,0.9978833110602843,0.0034593168029979833
1742955475.9296474,0.6493101950167028,0.05735273511649266,0.36687297398043706,0.018756253706991945,0.062174932790618316,0.9978830272365109,0.003456100788160656
1742955475.9346523,0.6493097936579814,0.057351209718127474,0.3668792441619485,0.018759398328973956,0.062176881067044526,0.9978828500489683,0.0034551430155506362
1742955475.9395976,0.6493089321502777,0.057352663722530645,0.36688542633864035,0.018762010917451038,0.06217716553642087,0.9978827803834236,0.0034559581070870934
1742955475.944596,0.6493072849563558,0.05735560443249612,0.36689069193574064,0.018761515771536653,0.062176351082227986,0.9978828376796515,0.0034567551924170226
1742955475.9496274,0.6493047853101074,0.05735762450865657,0.3668959112908394,0.018756875708743764,0.062176590680500854,0.9978829102269435,0.0034566836711112324
1742955475.954654,0.6493011131474494,0.05735838542720716,0.3669023087051696,0.01874808005277554,0.06217757571349653,0.997883017883014,0.003455603191282552
1742955475.9596682,0.649295973252956,0.05735847864276711,0.3669072147356451,0.018732216239733132,0.06218006143108058,0.9978831681392178,0.003453516991766657
1742955475.9645994,0.649289328567724,0.05735855830091913,0.36690949449281124,0.01870819474028117,0.06218376116849399,0.9978833974423168,0.003450855760322008
1742955475.9697812,0.6492818713477317,0.05735865110877444,0.3669094784425258,0.0186791058109043,0.062188525859002766,0.9978836553729079,0.00344798451170034
1742955475.9746935,0.649274359482524,0.05735903941679951,0.3669089206827585,0.018649249592497835,0.06219461605155142,0.9978838420736321,0.0034457150496435603
1742955475.9796617,0.6492673793510201,0.05735887457792131,0.3669079572286454,0.018620949154726972,0.06220223945029443,0.9978839012470295,0.0034440226413173995
1742955475.9846613,0.6492604273896108,0.05735833416917408,0.3669071206812389,0.01859250648521435,0.062210771298756865,0.9978839017815733,0.00344342884265691
1742955475.9897583,0.6492540491360703,0.05735844783965726,0.36690722773474893,0.018566709495062655,0.06222006542654381,0.9978837943468079,0.0034458289075681827
1742955475.994621,0.6492499170988513,0.057359782093700636,0.36690730966248164,0.018549339626499486,0.06223101478624616,0.9978834086118745,0.003453348410097281
1742955475.999637,0.6492486722212819,0.057362185185090425,0.3669081337067352,0.01854329803888486,0.06224363477194859,0.9978826904275403,0.003465858235890348
1742955476.0045736,0.6492487919627268,0.05736595806603057,0.36690899252252085,0.018541889841130442,0.06225636439114144,0.9978818669818064,0.0034818045352120078
1742955476.0095694,0.6492492291239821,0.05737056027383477,0.3669102498744469,0.018540821403773236,0.06226995809638681,0.9978809788663117,0.003498896563099779
1742955476.0145836,0.6492501574798399,0.05737554835068307,0.36691269233977597,0.018541102503424212,0.06228461681094478,0.9978799962824009,0.003516681121010096
1742955476.0196824,0.6492506668861459,0.057380710102827914,0.36691558682670095,0.018540852914863168,0.062300630538737314,0.9978789368844176,0.003534901708624167
1742955476.0245833,0.6492506830542236,0.05738530095860136,0.3669175992898279,0.018539563919664992,0.06231849658414979,0.9978777806835311,0.0035530791253107915
1742955476.029683,0.6492503157003199,0.05738962020472433,0.3669187995954188,0.018537074527356638,0.062337342702925375,0.9978765867135135,0.0035707508584455934
1742955476.0347037,0.649249556264776,0.05739343092937847,0.36691929151759156,0.018533119567900217,0.06235729059965127,0.997875353742239,0.0035875035824273747
1742955476.0396576,0.6492478619433807,0.05739717669186166,0.366919517827628,0.01852541066318267,0.06237680044617896,0.9978742218549013,0.0036029548059136668
1742955476.0445883,0.6492457593140551,0.05740088331411425,0.36692084813182607,0.0185136327720892,0.06239539568318098,0.9978732270944582,0.0036169942233028694
1742955476.0496938,0.6492426222469612,0.05740491785446467,0.3669238003711259,0.0184940642968461,0.062412810766218275,0.9978724532943007,0.003630095654127692
1742955476.0545964,0.6492375480834569,0.057408819293664794,0.3669282137390563,0.018463612078339752,0.06242878157032737,0.9978719741689288,0.003642173646285476
1742955476.0596273,0.6492312875969336,0.05741221826728959,0.36693418904068675,0.018424204435838053,0.06244343716760481,0.9978717451852535,0.0036532186546339527
1742955476.0646038,0.6492239851255222,0.05741502333110603,0.3669411624599508,0.018376710937570685,0.06245823111362961,0.9978716574653858,0.003663480388550629
1742955476.0696054,0.6492170362926847,0.05741622294836862,0.36695041518175436,0.018326955651369704,0.06247272527714699,0.9978716304287357,0.0036729386729888566
1742955476.0745625,0.6492105409316916,0.0574150107140326,0.36696074708405185,0.01827660252997349,0.06248762708966196,0.997871590107146,0.00368129293875405
1742955476.0796294,0.6492046003546769,0.057412865202908295,0.3669701350044267,0.018226531986571686,0.06250185018249413,0.9978715902388174,0.0036880414532987115
1742955476.084581,0.6491993274925164,0.057411902270979386,0.36697859673724664,0.018180634480503388,0.06251316066093872,0.9978717019733224,0.0036926514770488283
1742955476.0895932,0.6491956906372909,0.057410819534464794,0.3669856505817835,0.01814240962515228,0.06252292732279799,0.9978717716517321,0.0036964675860553377
1742955476.0945523,0.6491923936513522,0.05740943487712901,0.36699008147166745,0.018107967323932155,0.0625310371583387,0.9978718809168058,0.0036986736614734467
1742955476.0995483,0.6491894927273818,0.057407261254368486,0.366991808855682,0.018076220227460083,0.06253813381188872,0.9978720108146336,0.0036989342214298403
1742955476.104544,0.6491872996737293,0.05740457567356081,0.36699103750228385,0.018048558088189125,0.06254462607911014,0.9978721081344056,0.003697986879199795
1742955476.1095476,0.6491864884048992,0.0574003476125975,0.3669878444101946,0.018026646251685763,0.06255173413820443,0.9978720651663483,0.0036962334703346087
1742955476.1145883,0.6491875086496899,0.05739489243654283,0.36698414281993724,0.018010480159637163,0.06255950039191172,0.9978718788850712,0.003693893002176368
1742955476.1195827,0.6491898719316394,0.05738832276856851,0.366981627002239,0.017998477794881527,0.06256780112050869,0.9978715857491163,0.003690990999131969
1742955476.1245782,0.6491924128935257,0.05738064172941421,0.3669793725885878,0.017987765394148918,0.06257639081366953,0.997871256512349,0.0036866021382553193
1742955476.1296206,0.6491938719022479,0.05737393931665947,0.36697589749501613,0.017975012609725546,0.06258334700843268,0.9978710679560304,0.003681757079651256
1742955476.1345587,0.6491940962830918,0.057368891810533985,0.36697052302073646,0.017959886007378804,0.06258850073879373,0.9978710337526463,0.003677236366780155
1742955476.1396406,0.6491932793536161,0.05736488290887633,0.36696407900420586,0.017942449463696993,0.06259278336046431,0.9978710932457157,0.003673314992341755
1742955476.1446145,0.6491928329739334,0.0573609922429168,0.36695781189928883,0.017926373048836146,0.0625970646982605,0.9978711265783801,0.003669793137264571
1742955476.1496615,0.6491935062987781,0.057356907521451755,0.36695314519055083,0.017914559208198365,0.06260279813750426,0.9978709847627566,0.003668242404373128
1742955476.154722,0.6491960114772488,0.057351292781039453,0.3669517630805432,0.017908518365809645,0.06261156187926023,0.9978705409044426,0.0036689077470404064
1742955476.1597302,0.6492002642204285,0.05734434784527066,0.36695446193376857,0.017908620619362322,0.06262367211649045,0.9978697667048266,0.0036722873815823666
1742955476.1646552,0.6492051210901509,0.05733762506685356,0.36696045854618076,0.017912302391922257,0.06263788453732291,0.9978687847510299,0.0036787583791396145
1742955476.1695986,0.6492101598812475,0.057331950201033585,0.36696737307649957,0.0179164646613189,0.06265333737574041,0.9978677045908151,0.003688325416658473
1742955476.1745844,0.6492145656739984,0.05732726423473034,0.366974125624405,0.017918763063887466,0.06266888069290295,0.997866646630908,0.0036993059546043612
1742955476.1795843,0.6492177217568451,0.057323811110382226,0.36697973354355357,0.01791800549715073,0.06268308822782817,0.9978657281500474,0.003710001725373941
1742955476.184601,0.6492188775510094,0.05732108918313403,0.3669833065849877,0.01791336688390801,0.06269589010978886,0.9978649708566388,0.003719756376853459
1742955476.1895947,0.6492179620174227,0.05731916980411897,0.36698388535590737,0.01790535175854194,0.06270659863860785,0.9978644105840279,0.003728130278055047
1742955476.1945775,0.6492166009270257,0.05731801257537217,0.3669833958660812,0.017898276371563722,0.06271520522626291,0.9978639697010959,0.0037353324785402006
1742955476.1996305,0.6492155985972833,0.05731823384710461,0.366982939927062,0.017893134203545446,0.06272137061073742,0.9978636488324504,0.0037421592527150625
1742955476.2046397,0.6492151396227734,0.05732006010214869,0.3669824758349017,0.01789041033197208,0.06272550463780424,0.9978634107635799,0.003749365994625383
1742955476.2096374,0.6492151402612432,0.05732298322878429,0.36698263523532443,0.01788909842534154,0.06272860940613238,0.9978632089509496,0.00375738494365647
1742955476.214589,0.6492161025812301,0.057325783718750155,0.3669841300406228,0.01788952752498164,0.0627318014820438,0.9978629691331097,0.003765729757289014
1742955476.2195413,0.6492182775497078,0.05732859881580395,0.36698707782583057,0.017891589463475313,0.06273556468322672,0.9978626612061567,0.0037748272694429256
1742955476.224622,0.649220648537816,0.0573316174304079,0.3669903179815742,0.01789363306996725,0.06273945817693498,0.9978623428085115,0.0037845855692042896
1742955476.2296073,0.6492226993105884,0.05733405480859948,0.36699361471953096,0.017894338085643897,0.06274382699392914,0.9978620206598566,0.003793753189180816
1742955476.2346818,0.6492236655299753,0.05733608986260632,0.36699592289344196,0.0178916151442086,0.06274805590395222,0.9978617729500162,0.00380179863436457
1742955476.2396054,0.6492227229897459,0.05733802849533089,0.36699649684339924,0.017883584938501736,0.06275202114152822,0.9978616412199459,0.0038087024347514997
1742955476.2446368,0.6492201488502487,0.057340498323960536,0.36699629318419513,0.017871094062280584,0.06275527191643678,0.9978616367254102,0.0038149436951010374
1742955476.249787,0.6492161676185513,0.0573436121618742,0.3669965636116087,0.017853851763074212,0.06275771747647164,0.9978617703011309,0.0038205033514631735
1742955476.2546716,0.6492111868177538,0.05734751055605515,0.36699730381588475,0.017832604132855447,0.0627592820056101,0.9978620309119454,0.003825966056968256
1742955476.2596018,0.6492062245826129,0.057352627255564184,0.3669990526514688,0.017810312852297287,0.06275996037454189,0.9978623638663671,0.003831828403694855
1742955476.2645998,0.6492014650427128,0.057358198619254466,0.3670018814411209,0.017786952252876322,0.06276043685303556,0.9978627261249172,0.003838190474524196
1742955476.2695892,0.6491973403500967,0.05736331010735677,0.36700611177613146,0.01776313220172707,0.06276150065791743,0.9978630590188451,0.0038445565548034665
1742955476.2746222,0.6491932955325619,0.0573665715562165,0.36701104413153374,0.01773793680455602,0.06276355972049524,0.9978633615980782,0.00384873346862715
1742955476.2796068,0.6491895892926907,0.057367014715256175,0.3670166004158095,0.01771183705542264,0.06276695182060818,0.9978636062758189,0.003850176293225872
1742955476.2845974,0.6491846252315511,0.05736631715044538,0.3670215894154816,0.01768160909527904,0.0627699774963395,0.9978639572857959,0.0038488147321136795
1742955476.2896001,0.6491767483570361,0.057365758712961575,0.36702495240506816,0.017642634625557544,0.06277185917116672,0.9978645434619374,0.0038450021019063806
1742955476.294602,0.6491676786111052,0.05736506819550285,0.3670277558992862,0.017600048643775124,0.0627737115557208,0.9978651959487688,0.003840591019804512
1742955476.2996054,0.6491592933623627,0.05736479280354526,0.36703109958753466,0.01755981694709237,0.06277583904738511,0.9978657832922511,0.0038373682679294393
1742955476.3046114,0.649153763128077,0.05736449206833729,0.36703542604309347,0.017528963696535466,0.0627788395277615,0.997866142609773,0.0038359056773281056
1742955476.3096652,0.6491522622919312,0.057364167473423634,0.3670419142579431,0.017510657818514377,0.06278358409088088,0.9978661605263447,0.00383720052611226
1742955476.3146794,0.6491541157814706,0.0573640157541322,0.3670505395354588,0.01750202601343871,0.062789305670491,0.9978659377177919,0.0038409011227452704
1742955476.3195791,0.6491584492937725,0.057364051637720945,0.36706058811578446,0.01750049818558211,0.06279583315851327,0.99786553326023,0.003846223142444491
1742955476.3245692,0.6491644060278743,0.057364919639036394,0.36707204625251266,0.017504346103000674,0.06280207174521694,0.9978650473371812,0.0038529151015956587
1742955476.3296273,0.6491708626618992,0.057366483515701165,0.36708398564480016,0.0175102981089161,0.06280702225425358,0.9978646072720467,0.003859141030678442
1742955476.334575,0.6491777045996222,0.05736786810014802,0.36709622910408296,0.017517704097037227,0.06281098285332015,0.9978642092012202,0.0038639968157320403
1742955476.339606,0.6491833610501558,0.057368934852982806,0.36710739764856387,0.01752318834204644,0.06281350862960543,0.9978639438145831,0.0038666055881640027
1742955476.3445745,0.649186932499338,0.057368947918873855,0.3671164864246462,0.01752352118537435,0.06281520067481232,0.9978638316427215,0.0038665577397850905
1742955476.349599,0.649188400648709,0.05736831751939805,0.3671241600045479,0.017517825624411773,0.06281714758171274,0.9978638147802692,0.0038650882601474696
1742955476.3546066,0.6491883202751388,0.057367048023247304,0.36713081531459846,0.01750690336568796,0.0628188248782697,0.9978639117504841,0.003862279311488203
1742955476.359579,0.6491870615373515,0.05736453883769108,0.3671369020783134,0.017491078701294464,0.06282146796434929,0.9978640404024733,0.0038577454970960498
1742955476.3645647,0.6491862460493852,0.05736118880522916,0.36714374189606547,0.017475394339430277,0.06282466560977615,0.9978641331537061,0.0038527586355468738
1742955476.3695872,0.6491874421977314,0.057357534229048664,0.3671517370930495,0.017464309792127135,0.0628288294352358,0.9978640821197509,0.00384833608067856
1742955476.3745983,0.6491907010773733,0.05735366579806444,0.3671611463066443,0.017458144240851767,0.06283386289913034,0.9978638862004587,0.0038449303968990296
1742955476.3795824,0.6491966297527471,0.05734867646346866,0.3671728609638485,0.017457324003839616,0.06284163691397479,0.9978634164584942,0.003843514326635665
1742955476.3846006,0.6492051073168823,0.057340620418075465,0.367186638840484,0.017460970558808363,0.0628547764543591,0.9978625200883724,0.003844812986304638
1742955476.3896022,0.6492156366318942,0.05732939972283168,0.3672015105926173,0.01746915593950418,0.06287509530555903,0.9978610761641912,0.0038501503244151177
1742955476.3946252,0.649228037165389,0.05731585096623117,0.36721728986653457,0.017481984304651314,0.06290187389237004,0.9978591238374936,0.0038604999507757943
1742955476.399732,0.6492418947684275,0.05730264942977061,0.36723480820842164,0.01749926723108078,0.06293423761530959,0.9978567166244989,0.0038769149499774612
1742955476.404615,0.6492567037060218,0.05729218110612139,0.3672547986821496,0.017520952846348352,0.062970043378237,0.9978539923372788,0.003898695275749178
1742955476.4097006,0.6492698418087558,0.05728692385441153,0.3672745140831989,0.017541191659507547,0.06300717239894173,0.9978511905503911,0.0039248361267360254
1742955476.4146035,0.6492802151866482,0.057287221270914644,0.36729198216432934,0.01755738617252747,0.06304429054761791,0.9978484436998594,0.0039546208294741585
1742955476.4195855,0.6492880684382708,0.05729146324468835,0.3673086987918063,0.017571260291464275,0.06307981940474917,0.9978458280040915,0.0039863179078885305
1742955476.4246507,0.6492933481004383,0.05729907381023506,0.36732750914630485,0.01758521369538581,0.06311279326817797,0.9978433687050958,0.004018347476532618
1742955476.429635,0.6492950482184108,0.05730782984178428,0.3673464817465455,0.017597092683186263,0.06314226821991786,0.9978411699894282,0.004049168713757635
1742955476.43459,0.649293947194156,0.057314763795995385,0.3673652653120545,0.017607481413751312,0.06317115361830274,0.9978390442676474,0.004077215204689251
1742955476.4395642,0.6492925365270933,0.05732047405597126,0.3673850240975373,0.017618982420077523,0.06320118226740731,0.9978368331738653,0.004103215816262594
1742955476.444579,0.6492911593930162,0.05732547747780144,0.3674066357845999,0.01763291758389489,0.06322970917323921,0.9978346729731418,0.0041291049793376515
1742955476.449635,0.6492904385314087,0.05732943526482973,0.3674303466360943,0.01764911532956112,0.06325716417142704,0.9978325392889916,0.00415493022278633
1742955476.454558,0.6492904641371932,0.05733171600857135,0.3674572554066154,0.01766821523696937,0.0632853457007926,0.9978303055011073,0.004180982353262997
1742955476.4596848,0.6492902887161517,0.057332542106995864,0.36748609293998474,0.01768750831177743,0.06331233628945244,0.997828142754078,0.004206857644303448
1742955476.4645844,0.6492898100815684,0.05733257293987083,0.36751796012187843,0.017707691970734147,0.0633373540532938,0.9978260841795488,0.004233551405768072
1742955476.4696567,0.649289177157143,0.05733065113321207,0.3675491375100671,0.017727099182876283,0.06336329336743786,0.9978239762248949,0.004260924657014682
1742955476.474582,0.6492876859732273,0.05732657692116776,0.3675765949144702,0.017742971845501596,0.06338944637854815,0.9978219193083396,0.004287468452620969
1742955476.479575,0.6492858482925112,0.05732227667923559,0.36760393903531546,0.017758592753765203,0.0634136789079002,0.99781999194586,0.004312932173779464
1742955476.484611,0.6492840717524883,0.057320179054470136,0.3676314984613513,0.01777450188024106,0.06343471693323054,0.9978182604840055,0.004338526844872944
1742955476.4896061,0.6492825821761096,0.05732146864144279,0.3676603225134929,0.01779184628471231,0.06345260891284446,0.9978167010233927,0.0043643770149073315
1742955476.4945836,0.6492815160929125,0.05732480457734605,0.36768936245829836,0.017809786224188617,0.06346818814407974,0.9978152758447058,0.004390432701923887
1742955476.499635,0.6492803269745733,0.05733099918404899,0.3677183262979905,0.017827621807633656,0.0634801077586659,0.997814081643085,0.0044170458905261785
1742955476.504664,0.6492792448874779,0.05733877051987533,0.3677478892373489,0.01784601268480615,0.06349060695978508,0.9978129623727537,0.004444634972800892
1742955476.5096822,0.6492781731307947,0.05734519548869703,0.36777885964356904,0.017865433096913703,0.06350159021072613,0.9978117960771611,0.004471459519963892
1742955476.514568,0.6492774446919032,0.05735039558189383,0.36781085915014883,0.01788670872761939,0.06351263565536737,0.9978105985131848,0.004496694092548789
1742955476.5195487,0.6492770484098344,0.057354350045821116,0.3678423847863682,0.01790870780745194,0.06352298807577479,0.9978094409486412,0.004519704011591445
1742955476.5246158,0.6492768740291756,0.05735746955443481,0.36787514108000835,0.017931849279476667,0.06353280291683117,0.9978083031429801,0.00454113574737565
1742955476.529948,0.6492774364187783,0.05735973660551129,0.367911118133225,0.0179581843532648,0.06354225109905762,0.9978071364310344,0.004561187049181811
1742955476.5345967,0.6492791381176688,0.057362599445531855,0.36795017162315286,0.017988070484029114,0.0635494963473093,0.9978060483766534,0.004580464739781327
1742955476.5395913,0.6492812953300625,0.05736608904586553,0.36799088859602247,0.01802008317852324,0.06355443270742764,0.9978050735141292,0.004598473109590634
1742955476.5446146,0.6492831672129238,0.05736906896551442,0.3680301457770322,0.01805180955216372,0.06355739008092745,0.9978042418086897,0.004613606678008979
1742955476.5497134,0.6492873117411816,0.0573713679111363,0.36807420539614255,0.01808981342603913,0.0635584675017862,0.9978034263180078,0.0046262605935533385
1742955476.5546157,0.6492932321552031,0.05737331768856602,0.3681227427184477,0.018131563931965442,0.06355911106691293,0.9978025805271161,0.00463638686833747
1742955476.5596297,0.6493005809032558,0.05737512947503286,0.3681717789220448,0.01817461219827489,0.06355871682585927,0.9978017873739973,0.004643931540087389
1742955476.5646322,0.6493100460656435,0.05737715870183955,0.36822149342633126,0.018219589836429916,0.0635575998964117,0.9978010059632816,0.004650864464088401
1742955476.5697203,0.6493204207878008,0.05738153490223812,0.3682697994205805,0.01826424374486997,0.06355448332619176,0.9978003540623802,0.004658163002452927
1742955476.5746088,0.6493315027031087,0.05738941839999735,0.3683193172022665,0.018310383836706932,0.0635485834715557,0.997799846083292,0.004666319606492711
1742955476.5796022,0.6493429566060004,0.05740372969011422,0.36836886402626856,0.018356716634961714,0.06353775307711561,0.9977996330066764,0.004677313335371285
1742955476.5846243,0.6493554693802983,0.05742227043925487,0.368419727271845,0.01840478507199446,0.06352398939432921,0.9977995588741194,0.004691158545138758
1742955476.5896282,0.6493694878705943,0.05743999890019924,0.3684728804143219,0.018455184350886254,0.06351053051963954,0.9977994119222,0.004706617830315463
1742955476.594845,0.6493847593076358,0.057455371081417794,0.3685271855667115,0.018506955374440772,0.06349933580543374,0.9977990862837746,0.00472338504697224
1742955476.599593,0.6494010372866159,0.05747405419850854,0.3685842277619661,0.018561287258815166,0.06348508730061242,0.9977988922923401,0.0047426623228433865
1742955476.6046562,0.649418738490025,0.0574958903707812,0.3686439369964083,0.018618517484769632,0.06346324909234723,0.9977991141208485,0.004763893466678353
1742955476.609669,0.6494396510736301,0.057518319165911706,0.36870995813649426,0.018683540289705872,0.06343375572047043,0.9977996662844619,0.004786430826322758
1742955476.6146169,0.6494626092263501,0.05754223973201706,0.36878163418258164,0.018754243111629938,0.06339570846206534,0.9978006382069196,0.004811331184477859
1742955476.619597,0.6494892461741328,0.05756838879729399,0.3688592399573225,0.018831824674196244,0.0633516562551756,0.9978018381828282,0.004839602063771884
1742955476.6248226,0.649519296463008,0.05759508988136054,0.36894499455023105,0.01891784979441401,0.0633003266269811,0.9978033198709253,0.004870160432014168
1742955476.6296637,0.6495526939028772,0.0576213299043078,0.3690393367068828,0.019012416709916376,0.06324071334038765,0.9978051504906881,0.004901208147259456
1742955476.6346624,0.6495923612177307,0.05764760004625004,0.3691471500021496,0.019119983236634504,0.06317057194215629,0.9978073795143461,0.004933403312684742
1742955476.639619,0.6496359891837507,0.057675415338070135,0.369261782568792,0.019238343336386212,0.06309474182599704,0.9978097293498964,0.004968270752348428
1742955476.6447108,0.6496810969959439,0.05770642304441278,0.3693830932844627,0.01936051679694992,0.06301556623379222,0.9978121811515094,0.005005991136336856
1742955476.649777,0.6497303725979564,0.05774098882585778,0.36951522569066236,0.019488265457291168,0.06293100157118461,0.9978148276095777,0.005046419838118198
1742955476.6546426,0.6497843319606227,0.05777967326594623,0.36966525962642155,0.019622494732053502,0.06284983981049969,0.9978170917221237,0.0050898726396663
1742955476.6596515,0.6498381647617565,0.05782348171752291,0.369831091816409,0.01975112275841766,0.06277423458839594,0.9978190779010825,0.005135795776366521
1742955476.6646252,0.6498917795107414,0.05786621696907328,0.3700125786771886,0.019869309924580983,0.0626953061773895,0.9978214690506085,0.0051792864498695235
1742955476.6696646,0.6499456785552432,0.05790437985373358,0.37020854121835295,0.019977051872564634,0.06261918570551324,0.997823893552657,0.005218470606911979
1742955476.6746967,0.6499981555246493,0.057938386144222496,0.3704122203328464,0.020071855360322334,0.06255031682841405,0.9978261297997029,0.005252920711928985
1742955476.679653,0.6500500145938289,0.05797093206882718,0.3706298513846853,0.020157804822404396,0.06248557914240918,0.997828285694236,0.005284654433533636
1742955476.6846938,0.6501050504870264,0.058001410494171825,0.3708710868718097,0.020243266643456614,0.062422846663154605,0.9978303251160208,0.00531419315856789
1742955476.6896017,0.6501610037874364,0.05803123997569956,0.3711383974442663,0.020318560136238353,0.06236644995254491,0.9978321800004297,0.00534065444461782
1742955476.6946304,0.6502165971416324,0.05805978081097069,0.37142747616469446,0.020383373707850365,0.06231272407901753,0.9978340901427457,0.005363864571116809
1742955476.6996047,0.6502721195593647,0.05808838617051621,0.37173162759160294,0.020441263024672987,0.06225642812460361,0.9978363050443636,0.00538518881134933
1742955476.704639,0.6503222165457825,0.058115365278273746,0.37204338125338937,0.02048312829643519,0.06219411232579569,0.9978392390450659,0.005402487312525105
1742955476.709625,0.6503688643344955,0.05814148423298041,0.3723655130987641,0.020503140301220146,0.062127952758948383,0.9978428815741063,0.005415017604258073
1742955476.7147424,0.650420623189983,0.058166090847273234,0.3727152628712741,0.02052132273999467,0.062062328674404005,0.9978465334755992,0.0054257076258479395
1742955476.7197475,0.6504785937948983,0.05818825215231098,0.37309965805369255,0.020554591129764852,0.06200249278996077,0.9978495086773207,0.0054366997111066654
1742955476.7246718,0.6505308793713246,0.058207637922649415,0.37350111192455776,0.0205590023156504,0.06195206869529233,0.9978525242840479,0.005441359031759958
1742955476.729787,0.6505792317332302,0.058225692656328154,0.3739131872499594,0.020547668759352097,0.061909021405794615,0.9978554228050037,0.005442568858561637
1742955476.7345946,0.6506283900560669,0.05824310732288873,0.37434734765436084,0.020524179379822642,0.061873775270974166,0.9978581032759255,0.005440562569659939
1742955476.739721,0.6506791697776962,0.05826111752333041,0.37481331573176535,0.020496319468845482,0.06184487711027537,0.9978604867539542,0.005437006401269463
1742955476.744602,0.6507189955086171,0.05827897923489621,0.3752897527376994,0.020431107826175424,0.061821159329582764,0.9978633482974336,0.005426989660592429
1742955476.7496915,0.6507526550071705,0.058296066396820716,0.3757753450499296,0.020344726203158203,0.061801520290610805,0.9978664043243153,0.005413254691025406
1742955476.7545824,0.6507848005085581,0.05831030581774475,0.376282927922127,0.020241622663402355,0.06178940340574882,0.9978693489088712,0.005395261522814884
1742955476.7595901,0.6508184300738957,0.058321522223036736,0.3768185800724726,0.02013571663177521,0.06178363342267879,0.9978719586271022,0.005374917908944998
1742955476.7645593,0.6508489948066458,0.058329664721543904,0.3773750493394511,0.020030352283187215,0.06178022660127757,0.9978744088855191,0.005352819806602486
1742955476.7696002,0.6508762697882021,0.05833433169276341,0.3779549311056848,0.019916258294054027,0.06177943094261163,0.997876877844406,0.005327403820994863
1742955476.7746348,0.6509050640889306,0.058336229357696244,0.37855338206377376,0.019802640322509148,0.06178124922389484,0.9978791702184715,0.005300407973651529
1742955476.7795508,0.6509328738165578,0.05833517449348564,0.3791623996313028,0.01968700694739967,0.06178496580048819,0.9978813842795238,0.0052709265662768635
1742955476.7845407,0.6509560699039549,0.058331280289012535,0.3797802093667838,0.01955604369558431,0.06179075826045832,0.997883778282535,0.005237211963109129
1742955476.7895954,0.6509733837079396,0.05832479494045357,0.3804136375212629,0.01941229385657575,0.06179802757798058,0.9978863319679369,0.005199529428114769
1742955476.7945838,0.6509946529107985,0.058316733364420836,0.38107015892833423,0.019276876017207414,0.06180667353832923,0.9978886192888852,0.005161458211213737
1742955476.7996252,0.6510142373611648,0.058306508667252656,0.3817602183559219,0.01913969481556887,0.06181668820138758,0.9978908478210966,0.005121032813065313
1742955476.804555,0.6510280521177988,0.058295947644348,0.3824637169797854,0.018986547926629464,0.06182639111906894,0.9978933922674884,0.0050779944767867895
1742955476.8095508,0.6510366644597746,0.0582842437898232,0.38317755647626556,0.01881214233893115,0.0618364782321222,0.9978963101725383,0.005030646529140206
1742955476.8145602,0.6510335975501699,0.05827299659045999,0.3838975598491338,0.01860757628980023,0.06184542219371369,0.9978998504742457,0.004978984010704586
1742955476.8196206,0.6510285463457566,0.058262685713868126,0.38463105881787074,0.018399394170545497,0.06185295146832683,0.9979035044676346,0.004926505863920242
1742955476.824562,0.6510227229171711,0.05825164351602963,0.3853802280301901,0.018190060095709792,0.06186137909149736,0.9979070801368196,0.004873489860420538
1742955476.8295746,0.6510045501814612,0.05823953349886453,0.38615151655673896,0.017961012204806313,0.06186972722561127,0.997910987835288,0.004816560101055324
1742955476.8345711,0.6510009213835103,0.058227046724091416,0.3869602845250209,0.0177755299697895,0.06187958705245643,0.9979139426855563,0.004765525603636047
1742955476.8395872,0.6509852537932307,0.05821106057225693,0.38776826616805177,0.017558072508282188,0.06189141955790872,0.9979173329794536,0.004707739805391335
1742955476.8446043,0.6509578092299042,0.058191679154116334,0.3885828718702372,0.01731105689381346,0.06190465373020907,0.997921130530854,0.004643101957152582
1742955476.849604,0.6509392860047207,0.058170590934566245,0.3894329689604002,0.01710045576805856,0.06191962908549738,0.997924119081765,0.004581102631724242
1742955476.8546262,0.6509052917652433,0.05814669228835932,0.39028622745888175,0.016852565739373618,0.061936248710479105,0.9979276170132796,0.004512574195636524
1742955476.8596258,0.6508676006197969,0.0581219730004524,0.39115066227896605,0.016589453060322456,0.061953294646535546,0.9979312872882243,0.0044413039601341325
1742955476.8646593,0.6508214312342998,0.05809500912041445,0.39200577118132746,0.016305139309965567,0.06197121536739235,0.99793519773615,0.004364861656706696
1742955476.869565,0.6507656771976231,0.05806456778587134,0.39287000409135264,0.01599857933032569,0.06199132640877745,0.9979392650325801,0.004283014793994667
1742955476.8746295,0.6507087001325861,0.0580323352970112,0.39376267545929144,0.015702723996590593,0.06201285098201593,0.9979429750919233,0.004201099481097533
1742955476.87959,0.6506456848775026,0.057997082216766783,0.3946638693604642,0.015395844255534408,0.0620356345063785,0.9979467025265415,0.004114237165362925
1742955476.8845818,0.6505797713304747,0.05796001576937645,0.3955886772729323,0.01508881447016057,0.062060641914488936,0.9979501921666878,0.004027202194778927
1742955476.889661,0.6505081955760246,0.05792123092012652,0.39651293851999153,0.014776262564036996,0.062086752545036185,0.9979535999036832,0.0039382308629036696
1742955476.8945634,0.6504251242524258,0.05787909879187804,0.39743832782567134,0.014441386890667401,0.06211403445782556,0.9979571759189207,0.003842928567948944
1742955476.8995528,0.650344025146007,0.05783824972374347,0.3983736978650351,0.014110799409324255,0.06214083475925069,0.9979605923999737,0.00374940157183485
1742955476.9045572,0.6502555815475485,0.05779717269305878,0.3993084537570503,0.01376511486625858,0.06216723591944965,0.9979641315887351,0.0036535535025573177
1742955476.9095414,0.6501551651342365,0.05775322742187688,0.40025622711101316,0.013410937992410442,0.06219452608642335,0.9979676102202086,0.003554802162525833
1742955476.914586,0.6500634308930595,0.05770573923430758,0.4012321734098912,0.01308900788993027,0.062225751588801975,0.997970272307385,0.0034596679594989604
1742955476.9195776,0.6499605206099683,0.05765270189815955,0.40220445298807433,0.01274043468929281,0.06226088841978791,0.9979729421950959,0.0033570438737562693
1742955476.9246457,0.6498506751536294,0.05759825741079135,0.40317923818225004,0.012383218997309974,0.06229694418183525,0.9979755368259019,0.0032518502307022764
1742955476.9295785,0.6497323958088169,0.057540915583330514,0.40415611390628553,0.012012440720530673,0.06233502683443587,0.9979780404681676,0.003142680512311734
1742955476.9345436,0.6496083162826489,0.05748214623135973,0.40513412683342137,0.011628661594184625,0.06237366726761918,0.99798052491803,0.003028488971332417
1742955476.9396265,0.6494796173217459,0.05742259863604298,0.40612218483801943,0.011234803527709445,0.062413127018501595,0.9979829123826413,0.002913307008833241
1742955476.94459,0.6493353353310092,0.05736210088013147,0.407102711643623,0.010815107452585687,0.06245137606781138,0.9979855009816133,0.002792652592800137
1742955476.9496002,0.6491942537504717,0.05729838754908003,0.4081149606346869,0.010414107850069326,0.06249234862552809,0.9979875317985921,0.002671908588770995
1742955476.954583,0.6490483930704452,0.05723281934265574,0.40912895218832634,0.01001204883367275,0.06253511757477744,0.9979892855245047,0.0025502796610742985
1742955476.9595807,0.6488883892685726,0.05716405386000581,0.41014553183318214,0.009587533226926601,0.0625800396330545,0.9979909525135835,0.00242415906620915
1742955476.9645877,0.6487330709118767,0.05709146026797961,0.4111598073860585,0.009179450470383137,0.06262902598933921,0.9979920153508616,0.0022978443407266434
1742955476.9696126,0.6485663545574909,0.05701260338274016,0.41215758473488545,0.008747379267614925,0.06268266356046386,0.9979928286603222,0.0021635589853174803
1742955476.9745872,0.6483969975059632,0.056926873540122686,0.4131524344091681,0.008311276628344225,0.06274159053687522,0.9979931464516806,0.002023643541885338
1742955476.979593,0.6482257053632081,0.05683494492858322,0.41415992878721347,0.00789645841051655,0.06280579853105275,0.997992753295424,0.0018820162769910922
1742955476.9845629,0.6480526056366303,0.05673992655138997,0.4151851819607558,0.007492196905651879,0.06287286023570247,0.9979919058898414,0.0017396004342370246
1742955476.989612,0.6478823052389416,0.056641473056614565,0.41621442501507,0.007103931274753675,0.06294336973424389,0.9979905386679534,0.0015972151358920631
1742955476.9945476,0.6476987001034292,0.05653979130222094,0.4172360721091115,0.006693577475436178,0.06301650778153803,0.9979889838830307,0.001450453624123361
1742955476.9995422,0.647509857872105,0.0564372361597603,0.4182387409030247,0.006264739615934646,0.06309099963362584,0.997987267058423,0.0013013808183361846
1742955477.0045395,0.6473143516503648,0.056336877461428,0.41923548268348,0.005826684639529597,0.06316369525349808,0.9979855060714722,0.001151963238250779
1742955477.009632,0.647113671311751,0.056236973659714196,0.42025293222690563,0.005391030925495709,0.0632357365416807,0.9979835534956742,0.0010026772852304885
1742955477.0146875,0.6469149550731526,0.056137719499285955,0.42126682718127045,0.004966752441060011,0.0633088913425551,0.9979812536860831,0.0008561181691668034
1742955477.0195909,0.6467077190912739,0.056038052393682175,0.4222820982196994,0.0045326528176435656,0.06338249251155832,0.9979787631993268,0.0007091576686174362
1742955477.0246768,0.6465036716367395,0.055937689731289784,0.42329749696591545,0.004116157678836892,0.06345817404221575,0.9979758503779153,0.0005652040938875985
1742955477.0295854,0.6462906399216009,0.05583090599555739,0.42429311507475564,0.003678914512762466,0.06353754644917127,0.9979725813716136,0.00041546324175713534
1742955477.0346327,0.6460713565851587,0.05571745199956761,0.4252792575678217,0.003238491050611359,0.06362044897245589,0.9979688785413413,0.00026098121758164864
1742955477.0396202,0.645858685985616,0.05559832665175729,0.4262909560202937,0.002836644540105621,0.06370791385685277,0.99796455023239,0.00010788523801508881
1742955477.0446324,0.6456406808028871,0.05547247049791352,0.4272908271348653,0.0024293568645712125,0.06379986872134044,0.9979597548219362,-5.226954521116382e-05
1742955477.0496123,0.645418782152396,0.05534407353750252,0.4283007149200274,0.002042626757397282,0.06389452944611371,0.9979545438214854,-0.00021271774903965654
1742955477.0546436,0.6452062599098055,0.05522012241898592,0.4293110343898537,0.0016766459151183195,0.06398742068603046,0.9979492292642083,-0.0003669651168300183
1742955477.0595934,0.644984961081381,0.05510144351750156,0.4302900791012677,0.001291874907647036,0.06407593742989302,0.9979440537862964,-0.0005203981909676743
1742955477.0646832,0.6447496780927322,0.05498360125847717,0.43125246221433455,0.0008796693436582077,0.06416244645683691,0.9979388503975264,-0.000676397651431347
1742955477.0696115,0.6445236369999311,0.054866738282201684,0.43222694396752637,0.0005018766790170166,0.06424906017887756,0.9979334274182663,-0.0008251225133720186
1742955477.0746727,0.6442943280218165,0.054752054351598904,0.4332114097259759,0.0001328110213810235,0.06433442590647327,0.9979279146850494,-0.0009701014719989422
1742955477.0796204,0.644061167404574,0.05463365525121299,0.43418612138684776,-0.00023935960410333715,0.06442268406682287,0.9979220481028783,-0.0011164205134721627
1742955477.0847309,0.6438287414399474,0.05450837423478238,0.435153635159664,-0.0006040646216748019,0.06451713461223184,0.9979156138173496,-0.0012657594172985741
1742955477.0895834,0.6435945928620493,0.05437858918397573,0.4361009877659691,-0.0009800012195502195,0.06461553140170935,0.9979087422545864,-0.0014194474819721023
1742955477.0947003,0.6433526356661198,0.05424082965371551,0.43703761666017676,-0.0013584650878482988,0.06471992167057487,0.9979012958427418,-0.0015779945933220233
1742955477.0997295,0.6431095960684364,0.05409813680010429,0.4379832279590488,-0.0017281999634684905,0.06482798581159288,0.9978934397241527,-0.0017402689439065134
1742955477.104669,0.6428703863669843,0.05396019214840123,0.43893247829383886,-0.0020783211987259456,0.06493311208659361,0.9978856491332564,-0.0018981015895918698
1742955477.109644,0.6426280123121177,0.05382670927253741,0.4398802284271318,-0.002426060549188548,0.06503506884595822,0.9978779202929183,-0.002051887495282623
1742955477.1146598,0.6423799638610298,0.05369613538102284,0.4408114245824949,-0.0027795525480805833,0.06513438531036074,0.9978701973193803,-0.002203460835804109
1742955477.1195998,0.6421234446179584,0.05356903853786878,0.44173468473273586,-0.0031525004156246032,0.06523009270450497,0.9978624913219198,-0.002354816277880925
1742955477.1246703,0.6418665373400025,0.05344493595031604,0.44265427558646914,-0.003514277288751794,0.06532371817744338,0.997854797715784,-0.0025028731896476757
1742955477.1298304,0.6416076905773571,0.05331853556853768,0.4435826109091255,-0.0038657312188054307,0.06541947372859473,0.9978468435621518,-0.002650541881992869
1742955477.1346009,0.6413448294401111,0.05319445312728384,0.4445138621432302,-0.004207539714350868,0.06551380770833438,0.9978388779742353,-0.0027948545985019032
1742955477.139685,0.6410792901167486,0.053070558119246124,0.445447896702014,-0.0045470799329568965,0.06560736018260004,0.9978308264251876,-0.0029394199395489286
1742955477.1447093,0.6408110529693573,0.0529461453699168,0.44636185140273343,-0.00489905237287157,0.06570133342587524,0.9978225366977975,-0.0030853411290257134
1742955477.149661,0.6405364843391768,0.05282404091581385,0.4472443009703406,-0.005271099227625568,0.06579340096848588,0.9978141127669046,-0.003231139911515597
1742955477.1545966,0.6402565280982142,0.05270248347864927,0.44812963418761087,-0.005643600004165319,0.06588458321250669,0.9978055791102067,-0.0033760584195616995
1742955477.1596458,0.6399815719637325,0.05258255792849879,0.4490326588350807,-0.005991124525144445,0.06597445725472362,0.9977971288913349,-0.0035166735813575286
1742955477.1646402,0.6397071077919706,0.052467712082246924,0.44993917020557755,-0.006322810220406871,0.06606023586560215,0.9977889229394808,-0.003651378858540269
1742955477.1696522,0.6394306966899811,0.05235621891553261,0.45083926957385634,-0.00665334692419972,0.06614348073819915,0.9977807693340873,-0.0037827605817198897
1742955477.1746666,0.6391554617532033,0.05224789500075206,0.4517256798160174,-0.0069823109930750365,0.06622394786491376,0.9977726848800682,-0.0039122077656031365
1742955477.1796222,0.63887783432472,0.05214109264609291,0.4525899117695311,-0.007315867827436935,0.06630277626147883,0.9977645462044428,-0.004041073544774589
1742955477.1846225,0.638593305555905,0.052033635644842605,0.4534631884451775,-0.0076481677449108925,0.0663821379812874,0.9977562507905939,-0.0041690880869313515
1742955477.189666,0.63831305511689,0.05192815136355615,0.45434531861944627,-0.00795739438586085,0.06646051879388251,0.9977480933345381,-0.004292034893827886
1742955477.1946561,0.6380299615898156,0.05182312263796404,0.45522462672736125,-0.008263705553535325,0.06653847513075231,0.9977398748233741,-0.0044141460370681245
1742955477.199603,0.6377421544191682,0.051719213802568054,0.45609538271045147,-0.008581301893202874,0.0666155926007832,0.9977314976293075,-0.004536818118858068
1742955477.2046287,0.6374474154141417,0.051616056290517034,0.45695812987335827,-0.00891987525837784,0.06669190596531406,0.9977228552011517,-0.004661514062022381
1742955477.209658,0.6371483280464821,0.05151655670560543,0.45780492197023814,-0.009255346855815336,0.06676500369824259,0.9977143327756386,-0.004783618903558452
1742955477.2146437,0.6368392220531076,0.051419928573957795,0.45867167046640167,-0.009600020450251287,0.06683484808818176,0.9977058078899252,-0.004905465431131421
1742955477.2196584,0.6365339157651034,0.05132857678577224,0.4595429470235389,-0.0099280395398042,0.06690112287599204,0.9976975772329889,-0.005021769832610912
1742955477.224587,0.6362217721053044,0.05124137887634889,0.4604219488298384,-0.010252221998818785,0.06696409140633632,0.9976895053597341,-0.005133546655081778
1742955477.2296045,0.6359066224889457,0.051154646029033336,0.46129137261858705,-0.010589439816405245,0.06702671080092214,0.9976812004289618,-0.005244627175522953
1742955477.234751,0.6355852820179001,0.0510670128306808,0.46212580374543605,-0.010967531497983256,0.06708868644253406,0.9976723178303135,-0.00536354727264494
1742955477.2396057,0.6352537504622818,0.05098113038279835,0.4629546216594674,-0.011360491280766317,0.06714946519069322,0.997663184718106,-0.005482556027060886
1742955477.244659,0.634922764062762,0.05089499949073155,0.46379704596826105,-0.011742307516748528,0.06721091653766206,0.9976539799294375,-0.005598860893346765
1742955477.2496374,0.6345874311835681,0.05080784402869158,0.46465084357731706,-0.01213039066565671,0.0672723204046731,0.997644519682243,-0.005718468121477515
1742955477.2546806,0.6342529776726125,0.05072147141153811,0.46550153921229437,-0.012507657843485585,0.06733455466613288,0.9976349886424354,-0.005834867572774905
1742955477.2596614,0.6339157984652918,0.05063628913797261,0.46634377271873423,-0.012904165358334394,0.06739601033498703,0.9976250969718131,-0.0059519912056001986
1742955477.264812,0.6335735422572141,0.0505535743858319,0.46716791226909304,-0.013314386967095759,0.06745400753923492,0.9976150724638053,-0.006070515597863214
1742955477.2696898,0.6332236971910538,0.05047446079715634,0.4680010898332638,-0.01372891511720556,0.06750873635911761,0.9976050332146549,-0.006187496237341148
1742955477.2747939,0.6328788593565557,0.05039750349283764,0.46883947348757243,-0.014131225117797266,0.06756281120847915,0.9975950480098101,-0.006300413048545535
1742955477.2798078,0.632525452124362,0.05031924904127115,0.4696747643294215,-0.014547260682769783,0.06761761377695501,0.9975846173510788,-0.00641613109589874
1742955477.2845938,0.6321697769211359,0.050243217161140635,0.47050556854152586,-0.014962039773435134,0.06767057734666049,0.9975741495580268,-0.006530425787613516
1742955477.2896638,0.6318124697673682,0.050165858237279634,0.47133155742868976,-0.015382695812008938,0.06772541194243127,0.997563265590461,-0.0066462313590753405
1742955477.2946422,0.6314415305168554,0.05008973186949205,0.47214546244238287,-0.01583875799711873,0.0677785799114843,0.9975517094575523,-0.006766447266202818
1742955477.2997198,0.6310688793003604,0.05001931903835934,0.47297381824377804,-0.016273918056403235,0.06782798922797509,0.9975405750619123,-0.006879285830128359
1742955477.3046262,0.6306956398005887,0.04995200080856854,0.47380909007950456,-0.01670550188194164,0.06787587330013067,0.9975294124426036,-0.0069902319368721905
1742955477.3097289,0.6303111740402096,0.049886840799844866,0.47464768734060653,-0.0171544455300744,0.06792215928984816,0.9975178471130781,-0.007102814009247172
1742955477.3146327,0.6299319220181806,0.049823670177924,0.4754731287556697,-0.017602406126100492,0.06796830664921956,0.9975061111181434,-0.007212688248341419
1742955477.3196714,0.6295464573846701,0.04976127814694842,0.4762674528931947,-0.01808123513147451,0.06801372928685301,0.9974936281823874,-0.007325523882430104
1742955477.3247766,0.6291484312812503,0.04969904566915579,0.47706099938059104,-0.018583158768617932,0.06805740474964675,0.9974805535763723,-0.007443191915894806
1742955477.3300395,0.6287537127284002,0.04963565281774836,0.4778683644286368,-0.019071156201203594,0.06810247030363954,0.9974673946516345,-0.00755917631570222
1742955477.3346639,0.6283587336066089,0.049572366976454875,0.4786783250867959,-0.019556600998485423,0.06814815964211521,0.9974540015564437,-0.007673491631383133
1742955477.3396826,0.627958167141841,0.04951004134978233,0.47947913454848157,-0.020057895228165742,0.06819235035537602,0.9974401329629341,-0.007788796242677432
1742955477.3446639,0.6275567450746112,0.04944423348106382,0.4802612639230123,-0.02057600569583243,0.06823863220719037,0.9974254636931031,-0.007909579046649224
1742955477.3495934,0.6271509682995418,0.0493773851243795,0.4810304413200149,-0.021104129938645275,0.06828531392026062,0.9974102563914509,-0.008031939210713459
1742955477.3546145,0.626742553160823,0.04931216227666637,0.4818095339282137,-0.021624702117804134,0.06832950047625805,0.9973951129659205,-0.008151089171396802
1742955477.3595405,0.626337283928533,0.049245806250306196,0.4825903727108221,-0.02213613383941444,0.06837384819706609,0.9973798735803332,-0.008270201826247572
1742955477.3646536,0.6259261666522326,0.04917819737899222,0.4833711393534486,-0.022648362912008543,0.06841759555515091,0.9973643669467392,-0.008390698468426872
1742955477.3696332,0.6255177241703581,0.049113019976968306,0.484143235967964,-0.02315659153411806,0.06845919887616782,0.9973488428773138,-0.008508582081555227
1742955477.3747208,0.6251077410651102,0.049046914524685854,0.4849084876409352,-0.02367050445621966,0.06849983432046587,0.9973329652882666,-0.008627645459222835
1742955477.379699,0.6246917279397564,0.04898247210694547,0.4856628213958776,-0.024194868491005817,0.06853696747262786,0.9973167909958313,-0.008747046709390931
1742955477.3846612,0.6242794262165847,0.04892049707055852,0.48642841837697726,-0.024690084680840652,0.06857189589020189,0.9973012500901186,-0.008860664826239921
1742955477.3896346,0.6238688170671087,0.04885942890631875,0.487198600227053,-0.025178017690887202,0.06860580395803763,0.9972857192515687,-0.008972472641916222
1742955477.3949368,0.6234598642142642,0.04880163528240955,0.4879698632878086,-0.025653866824023586,0.0686368627118147,0.9972704806909738,-0.009080117645100472
1742955477.3995905,0.6230604253051579,0.04874595436883041,0.48872491606899077,-0.02611101846994653,0.06866649996524295,0.9972556278439454,-0.009183639287539902
1742955477.4047132,0.6226613983747398,0.04868997548324002,0.4894511053643554,-0.026589868937072485,0.06869625429956733,0.9972399402205396,-0.009290056192141077
1742955477.4096088,0.6222616828857515,0.04863376198014523,0.4901771873971765,-0.02706375073804446,0.06872600817075798,0.9972241474454755,-0.009396219907318305
1742955477.4146564,0.6218743717649454,0.04857745128211966,0.49091369078959773,-0.027486463895163793,0.06875712449808494,0.997209509145182,-0.009494577595646389
1742955477.4196808,0.6214889995647177,0.04852075472611782,0.4916560011520309,-0.02790494301681154,0.06878940402535257,0.9971947298403046,-0.009591810454097738
1742955477.4247785,0.6211073146574617,0.04846455729423372,0.4923852103167461,-0.02831910299608903,0.06882100847322124,0.9971799337505912,-0.009689010444434187
1742955477.4296055,0.6207337159259051,0.04840756307170883,0.49309820030370877,-0.02872046598816927,0.06885403611463847,0.9971652405761712,-0.009784657930320179
1742955477.4345953,0.6203562942325002,0.04834838801225875,0.4937944954864883,-0.029146282188077365,0.06888931561263069,0.997149468126095,-0.00988406014158174
1742955477.4395874,0.6199797960976914,0.04829021610628973,0.4944986351199522,-0.0295495826764625,0.0689238264302497,0.9971342542993212,-0.009980341517021292
1742955477.44461,0.6196123957711429,0.0482318092486918,0.4952084920439166,-0.029930103114829878,0.06896026845248575,0.9971194486844336,-0.010073497791135253
1742955477.449714,0.6192404346538205,0.04817140702149913,0.4959098582989817,-0.030332720064464264,0.06899838588671121,0.9971036676120962,-0.010169802015069628
1742955477.4545815,0.618869228219495,0.04811213301070493,0.496606331419911,-0.030722899181932713,0.06903651083940406,0.9970881114300563,-0.010264583860118458
1742955477.4596388,0.6184988902415716,0.04805260260481897,0.49729705521305567,-0.0311264388615692,0.06907529693385048,0.9970719069298901,-0.010361494510446198
1742955477.464635,0.6181290753939042,0.04799413106369584,0.49797115655151475,-0.03153314336682675,0.06911464533767715,0.9970553900366457,-0.010458291835987987
1742955477.4696453,0.6177536233992699,0.04793350263949661,0.4986446935853086,-0.031961767512391374,0.06915709584892382,0.9970377307807609,-0.010559588570477249
1742955477.4745743,0.6173807272284615,0.04787037949933932,0.4993240038830917,-0.03237473785091989,0.06920466165495431,0.9970200433746883,-0.010659468253265126
1742955477.4796417,0.617007749027783,0.04780540899100681,0.5000014335907916,-0.03278896133722503,0.06925670739033696,0.9970018032827885,-0.01076088968176252
1742955477.4847383,0.6166382195339276,0.04773920481852405,0.5006755512838963,-0.03319865882581021,0.06931404863158092,0.996983171154131,-0.010861314373450809
1742955477.4896953,0.6162733225834983,0.04767142395105187,0.501332848884782,-0.03361615820466986,0.06937502489653073,0.9969638272979973,-0.010962978039454332
1742955477.4945586,0.615906989764049,0.04760082883099248,0.5019617112482578,-0.03406006559586966,0.06943944824653275,0.9969430784838467,-0.01107127914799773
1742955477.4996424,0.6155452698532538,0.047530637893186976,0.5025819485549126,-0.03449174418636918,0.06950683155584082,0.9969223611580774,-0.01117701986460962
1742955477.5047274,0.615182461185,0.047459212440910795,0.5032082404913424,-0.03493017107464846,0.06957848767370693,0.9969008838115789,-0.01128472673255454
1742955477.509669,0.6148227806736982,0.047386948181505774,0.5038401983062615,-0.035352669833352474,0.06965935261878937,0.996879136873798,-0.011390776713490269
1742955477.514606,0.6144654440741705,0.04731627144151229,0.5044638570913687,-0.03577734113540291,0.0697484910326901,0.9968565437541032,-0.011496131286984082
1742955477.5195906,0.6141024553250467,0.04724447661654399,0.5050752259735627,-0.03623886689275226,0.06984317126004654,0.9968319451732136,-0.01160814528063892
1742955477.5246606,0.6137403567794845,0.04717550251284148,0.5056756418242072,-0.03669721119904449,0.06993791221738256,0.9968072540351606,-0.011717569191996432
1742955477.529603,0.6133731857145029,0.04710536778817016,0.5062620112026184,-0.03719423947084041,0.0700290812232831,0.996781067477265,-0.011832998440486424
1742955477.5346255,0.613004195712689,0.04703654259008747,0.5068539303739301,-0.03767734329474931,0.07012028934053503,0.9967551604741332,-0.01194625017461543
1742955477.5396092,0.6126337571461999,0.04696747195012832,0.507458034896263,-0.03816238751017183,0.07020649072173138,0.996729271586974,-0.012059850818442791
1742955477.5446358,0.6122624127935198,0.046899847396628024,0.5080525713477607,-0.03866123214507842,0.07028481653086284,0.9967031551970345,-0.012172679019988026
1742955477.5495467,0.6118905376993965,0.046834238515326684,0.5086408284609083,-0.039159023759408926,0.07035475620101399,0.9966774101654639,-0.012284917743714699
1742955477.5547655,0.6115159611795749,0.04676592511448528,0.5092266966543966,-0.03967200395385969,0.07042499768759493,0.9966507242400676,-0.012401035228398114
1742955477.5596232,0.6111426991612827,0.04669859707478511,0.5098016544319834,-0.040187853448929195,0.07049546557698105,0.9966236277137422,-0.012516806739433131
1742955477.5646465,0.610767227899974,0.04663000354398912,0.5103755408749008,-0.04071378470801993,0.07056693133937686,0.9965957343648734,-0.012634800427054052
1742955477.569638,0.6103972358060757,0.0465594873229096,0.5109357085601531,-0.04124096155049494,0.07063647970936977,0.9965676184591366,-0.012753535327242344
1742955477.574584,0.6100193182316016,0.046487174554809926,0.5115044106640099,-0.04178411606958774,0.07070044477714253,0.9965388777131142,-0.012876333285691514
1742955477.5796733,0.6096503166236446,0.04641397860045279,0.51206717979513,-0.04230773398291079,0.07076189011712415,0.996510884986711,-0.012994870345072346
1742955477.5848236,0.6092799675682115,0.0463381677462265,0.5126302067375509,-0.042843142292579475,0.07082103239129983,0.9964822102911629,-0.013116825178634557
1742955477.589599,0.6089088185249995,0.046261061965185334,0.5131908033446085,-0.04338192604936569,0.07087816510114296,0.9964531980705797,-0.013240780152864071
1742955477.594613,0.6085438499220168,0.046182774155917074,0.5137323064388777,-0.043924687448528975,0.0709370250090719,0.9964235732414446,-0.013364991738224807
1742955477.5996811,0.608172067612933,0.04610206490521815,0.5142673988938341,-0.044498194849024425,0.07099675446461866,0.9963921098012557,-0.013495741419845568
1742955477.6045864,0.6078021880572188,0.04602053346187844,0.5147857164093962,-0.04508897136657849,0.07105754715030455,0.9963594011779903,-0.013629135641073256
1742955477.60958,0.6074300618204618,0.04593746429322931,0.5153086085365093,-0.04567511254169678,0.07111972528302195,0.9963264244552156,-0.013763164689002055
1742955477.6145687,0.6070521049952705,0.045853184351672696,0.5158383353955396,-0.04628161747101153,0.07118290064174741,0.9962920129743089,-0.013900770629489507
1742955477.619614,0.6066760145306268,0.04577169585195193,0.5163717969413486,-0.04688291107571536,0.07124383888217174,0.9962576465069363,-0.014036019623031382
1742955477.624614,0.606298761618483,0.045694458661956865,0.5169027501334154,-0.0474926981066348,0.07130118258641965,0.996222788324565,-0.01416831010244291
1742955477.6296277,0.6059177773805913,0.045617796411033404,0.5174186077808094,-0.048130370728630016,0.07135655082535464,0.9961862742663952,-0.014304440956284482
1742955477.6345747,0.6055377577946008,0.045541602944220196,0.517934662462804,-0.04875836134723616,0.07141127774013728,0.9961498508860929,-0.014440435930688061
1742955477.639624,0.6051609559648001,0.04546359498096872,0.5184436955264304,-0.049394338602834716,0.07146825113165338,0.9961124409741254,-0.014577150981619106
1742955477.644611,0.6047851352797495,0.04538522403596423,0.5189414388735594,-0.05003709283911973,0.07152550393846048,0.9960742213496396,-0.014715202658059026
1742955477.6498046,0.6044093393980553,0.04530934764030711,0.519443077279873,-0.05067104729437783,0.0715801562052508,0.9960362258057147,-0.014851366483600387
1742955477.6545882,0.6040379364887656,0.04523152498307294,0.5199498202959967,-0.05129149714352901,0.0716371594981685,0.9959983487204811,-0.014986295268817578
1742955477.6596022,0.6036681323421431,0.04515437810499448,0.5204539652770978,-0.051913895164759354,0.07169404188156397,0.9959599697781067,-0.015121191986737975
1742955477.664611,0.6033023145811287,0.04507620884825001,0.520946926464177,-0.05253861643907621,0.07175260553582938,0.9959209278831391,-0.015256565336752658
1742955477.6696286,0.6029364733400769,0.04499536510021276,0.5214328157406077,-0.05317269428699816,0.0718140099767419,0.9958807218990482,-0.015394814164276599
1742955477.6746435,0.6025724040334266,0.044914359335817,0.5219151428922577,-0.05379828866529945,0.07187632779275273,0.9958404925530058,-0.015532257772158239
1742955477.679631,0.6022083694729933,0.04483434520392511,0.5223973195681642,-0.05443638624591746,0.07193847929847544,0.995799158094068,-0.01567073029100654
1742955477.6846569,0.6018486375100665,0.04475704824306887,0.5228810930317203,-0.055054024773659914,0.07199943382122088,0.9957586849476566,-0.015804342345018037
1742955477.6896758,0.6014906418635236,0.04467896153808979,0.5233528476815307,-0.055679234166161544,0.0720611208665987,0.995717293469744,-0.01594017651743595
1742955477.6945865,0.6011293720453071,0.04459995640588966,0.5238213307142391,-0.05632102816283979,0.07212335927066121,0.9956744460709709,-0.01607980955923214
1742955477.699615,0.6007708547932704,0.04452214001475946,0.5243034381383764,-0.056934094410332904,0.07218600000466636,0.9956328729611742,-0.01621334561650167
1742955477.7045994,0.6004151059720118,0.04444589960076303,0.5247805962368061,-0.05755300049365048,0.07224713631226672,0.9955906926901427,-0.016345521026162695
1742955477.7096148,0.6000556069827616,0.044371647371155364,0.5252560761918461,-0.05818202822144594,0.07230457342764456,0.9955477533515785,-0.016479412917631935
1742955477.7145877,0.5997034460584777,0.0442990060281162,0.525738187041621,-0.0587809750166646,0.07236134036163411,0.9955063194714251,-0.01660726616921147
1742955477.7196786,0.5993506008060882,0.044227146857694334,0.526209606226636,-0.059403814671349746,0.07241648673410502,0.9954631613675182,-0.016737192469693914
1742955477.724687,0.5990014627142818,0.044157803448237436,0.5266741003300768,-0.06001827357264423,0.0724688320203993,0.9954203415284715,-0.01686472336860968
1742955477.7296083,0.5986605247624582,0.044088605013396086,0.5271371418785705,-0.06061091119885073,0.0725214224064366,0.9953784844895698,-0.016989212784580536
1742955477.7345889,0.5983211221179231,0.044020768120561084,0.5275835361052627,-0.06122694116988604,0.072571704772618,0.9953349349265138,-0.01711656087559253
1742955477.739615,0.597989844373331,0.04395610446324478,0.5280308864121902,-0.06180755827799729,0.0726195206578774,0.9952934835627161,-0.017236952651949022
1742955477.7446282,0.5976606183399122,0.04389431858885949,0.5284907981018847,-0.06237510117608381,0.07266512726739091,0.9952527240088063,-0.01735342575799297
1742955477.7496345,0.5973386049030426,0.04383564548463135,0.5289466704263729,-0.06292399696728386,0.07270779640446112,0.9952130989417863,-0.01746524097614662
1742955477.7545934,0.5970228560556878,0.043776676798795155,0.5294032981165508,-0.06345222363940078,0.07275136226921332,0.9951744522528841,-0.017574532322687447
1742955477.7596333,0.5967135549997259,0.04371640278683676,0.5298569910460573,-0.06396801825880091,0.07279683593524286,0.9951361926977297,-0.01768251398772476
1742955477.7645977,0.5964100835059075,0.0436567865070606,0.5302991782287186,-0.06447203771226469,0.07284223051016868,0.9950984657275906,-0.01778789796819492
1742955477.769621,0.5961083394941952,0.043596894618658934,0.5307399860773027,-0.06496789704168084,0.07288790318860304,0.9950609941880534,-0.017892561813037812
1742955477.77459,0.5958135882146343,0.04353611678663911,0.5311907999697125,-0.06543023247832731,0.07293521610332153,0.9950254284599551,-0.017992655387035334
1742955477.7795806,0.5955258748971866,0.043473509393166854,0.5316355631568503,-0.06587980483590812,0.07298514239421884,0.9949902988494634,-0.01809213917517169
1742955477.7847164,0.5952449438544368,0.043412127871777395,0.5320666147927439,-0.06631926527491679,0.07303426965409163,0.9949557330833378,-0.018188999809950767
1742955477.7895904,0.5949657843796023,0.0433481999599816,0.5324947009306678,-0.06675774649118117,0.07308617984346011,0.9949207916021939,-0.01828748306827505
1742955477.7945979,0.5946951688098866,0.04328463593599657,0.5329278551175286,-0.06715331876768099,0.07313856358137534,0.9948886258493461,-0.018379457318951957
1742955477.7996166,0.5944241947889212,0.04322182002813882,0.533369983972724,-0.0675582691926281,0.07319056242346288,0.9948556639938213,-0.018472402530439403
1742955477.8045897,0.5941664887141407,0.04316381639866073,0.5337993273999322,-0.06792284024172689,0.07323861283928082,0.9948257374540318,-0.018556547683140464
1742955477.809619,0.5939060153348796,0.04310676013240859,0.5342206857581903,-0.0683191364129671,0.07328521931512658,0.9947935200250656,-0.018644697526632868
1742955477.8146052,0.5936559991500573,0.043050928715450784,0.534631628119924,-0.06868290248781517,0.07333100945529412,0.9947635507062567,-0.018726989731337705
1742955477.8195975,0.593403909976363,0.042997187126933324,0.5350505294645705,-0.06905475645128441,0.07337487212970324,0.994733016182412,-0.01880944624503049
1742955477.8249266,0.5931617665083212,0.04294581776179059,0.5354651738560485,-0.069395122068769,0.07341678845660293,0.9947047885501791,-0.01888586352599891
1742955477.829554,0.5929202307375849,0.04289558790636566,0.5358772874593444,-0.06974541059989653,0.073457634776053,0.9946758014667607,-0.018963216230830436
1742955477.8349488,0.5926845807358088,0.04284656414634454,0.536281192534371,-0.07008334301601914,0.07349752726443035,0.9946476688601585,-0.019038207603808973
1742955477.8395846,0.592452787183567,0.04279900023991672,0.5366848079355204,-0.07040478518128467,0.07353630472694263,0.9946207289452957,-0.01910977925073973
1742955477.8449354,0.5922242593582382,0.04275298054157937,0.5370763946340391,-0.0707363108551956,0.07357354434388191,0.9945930654475428,-0.019181815944690577
1742955477.8497088,0.5919990774277679,0.0427078422289098,0.5374656387969718,-0.07105367736045827,0.07361011444087856,0.9945663958218689,-0.019251241192565834
1742955477.8547072,0.5917759419245138,0.04266186742059775,0.537866230599508,-0.07135599477542727,0.07364814812489756,0.9945406197020651,-0.01931911100477453
1742955477.8595495,0.5915535879453065,0.04261636617057461,0.5382752661494254,-0.07164474650835455,0.07368634977936955,0.9945157578651236,-0.019384517324531805
1742955477.8647254,0.59133845027336,0.04257384507708364,0.5386650232539811,-0.07193579540071718,0.07372207092133017,0.9944908458456813,-0.019448782179818637
1742955477.8699136,0.5911222016128124,0.042531718783429616,0.5390447136737564,-0.07223955038910658,0.07375749003309424,0.9944649108259023,-0.019514639623316832
1742955477.8746865,0.5909046222558656,0.04248833766302439,0.5394291313855215,-0.07253579500798989,0.07379504408074487,0.9944392790267935,-0.019579842704961374
1742955477.8799136,0.5906898930216683,0.04244642501245282,0.5398269894849063,-0.07281303623704528,0.07383185584919362,0.9944150664111479,-0.019641652433514692
1742955477.884597,0.5904768195538405,0.04240325748938704,0.5402145991309507,-0.07309759466735369,0.07387110045820383,0.994390020257141,-0.019705070006073685
1742955477.8898787,0.5902642156876837,0.04235817126538173,0.5405872930580191,-0.07340405899751609,0.07391307992061494,0.9943629811847747,-0.019772768866936383
1742955477.8945632,0.5900543036548207,0.04230996090057768,0.5409609374872858,-0.07369927637906412,0.07396046312731606,0.9943362671705522,-0.019840724395228965
1742955477.8998456,0.5898427360076554,0.04226131577680842,0.5413336849915995,-0.0740017450426761,0.07400893447237512,0.9943088219045766,-0.019909445789259517
1742955477.9048896,0.5896308207249065,0.042210377946344566,0.5416976724826711,-0.07431607534377087,0.0740623469281305,0.9942799559755683,-0.01998146286482292
1742955477.9096866,0.5894214238632088,0.04215865531641536,0.5420555305547403,-0.07463333108410486,0.07411960976195667,0.994250452883417,-0.020054582547288882
1742955477.914964,0.5892082596648517,0.04210406500796393,0.5424266036691223,-0.07494749306316312,0.07418345488382225,0.9942205554332014,-0.020128970642917063
1742955477.9195864,0.5889986804497447,0.04204689196426613,0.5428025281032957,-0.07524347146625172,0.07425535579396944,0.9941913400885781,-0.020202510499829244
1742955477.9248953,0.5887863875610679,0.04198992824803709,0.5431736795951758,-0.07555221298140871,0.07432893391221719,0.994160891722898,-0.02027792064826467
1742955477.9295907,0.5885731880211278,0.04193216792209307,0.5435337249890339,-0.07587168643268852,0.07440345793171077,0.9941294059119107,-0.020355268283557982
1742955477.9348822,0.5883591340972624,0.04187472209408676,0.5438982189925049,-0.07619098715629447,0.07447520971689017,0.994098030607413,-0.020432380092338928
1742955477.9396489,0.5881418251072071,0.041818668661849766,0.5442729283562222,-0.07650155181922605,0.07454127633967533,0.9940676952199275,-0.02050677963610471
1742955477.9448066,0.587926466263472,0.041765702396526785,0.5446382730445863,-0.07681841326474644,0.07460589718277118,0.9940368856252426,-0.020580609940155214
1742955477.9495609,0.5877044611478619,0.04171072827346106,0.5449975828440334,-0.07716260774144039,0.07467555728893889,0.9940033511674982,-0.0206598881388613
1742955477.9546404,0.5874850814561058,0.041656213190415604,0.5453504378998393,-0.07749484752037498,0.07474880543279165,0.9939703841386369,-0.020737409420057494
1742955477.9598835,0.5872605103396942,0.04160130861084694,0.5457179196499987,-0.07783528203184903,0.07482305092009205,0.9939365432652534,-0.02081652910432234
1742955477.9645977,0.5870339893656856,0.04154741358808933,0.5460824443296571,-0.07818027699653092,0.07489908545100764,0.9939020780653319,-0.020895705414347418
1742955477.97,0.5868118510046497,0.041496190738140155,0.5464344281212328,-0.07852780033796236,0.07497208369808259,0.9938675274992049,-0.02097400826418103
1742955477.974592,0.5865830457065644,0.041443137130526435,0.5467815552304062,-0.07890197246830416,0.07504440972177596,0.9938306827646943,-0.021056811382135464
1742955477.9799106,0.586354722393453,0.04139153554751533,0.54712710359828,-0.07926975533644279,0.07511347465779127,0.9937944740009563,-0.021138005083177553
1742955477.9846354,0.5861242444856868,0.04134093627488093,0.5474818553989994,-0.07963591446275428,0.07518008861845348,0.9937584523335105,-0.02121824259236691
1742955477.9897125,0.5858913254266375,0.041289093321296044,0.5478376863847239,-0.08000184162719896,0.07524706604555938,0.9937222655317035,-0.02129890547259117
1742955477.994642,0.5856606479030222,0.04123597792935823,0.5481930652887765,-0.08035941436212499,0.0753096112078699,0.9936869613592266,-0.021378723249123897
1742955477.999627,0.5854283132573965,0.04118269675190467,0.5485423592401726,-0.08072865482936453,0.07536800319972807,0.9936508597895503,-0.021459665016366085
1742955478.0049148,0.5851963064444483,0.041130719298482915,0.5488875907100843,-0.08108775721164482,0.07542263157228879,0.9936157811138819,-0.021537915371418626
1742955478.009583,0.5849639435078909,0.041079288772498994,0.549231166470677,-0.08145590886001172,0.07547427799269851,0.9935800245169831,-0.021617195796436436
1742955478.01488,0.58473385782541,0.04102548135478555,0.5495719248624649,-0.08181029470862108,0.07552683154395218,0.9935452058905241,-0.021695558268370618
1742955478.0195842,0.5845018236549817,0.04097090485567087,0.5499198312976546,-0.08215900784897519,0.07557846396504997,0.9935108054589173,-0.021773209463215232
1742955478.02491,0.5842696812891204,0.04091490250539884,0.5502599983140231,-0.08251139781510851,0.07563170469891471,0.9934758204636069,-0.021851970828651236
1742955478.0296774,0.584039919385262,0.04085839601862102,0.5505978476696883,-0.0828510417338849,0.07568593442161803,0.9934417304173543,-0.02192880479436614
1742955478.0346878,0.583810892623455,0.04080196993085465,0.5509325407172229,-0.08319704227348877,0.07574028913370867,0.9934069590458996,-0.022006237253652618
1742955478.0395505,0.5835798731089814,0.04074603824048747,0.5512679199305502,-0.08353688501641586,0.07579494692904387,0.9933725739259952,-0.02208266816806239
1742955478.0446136,0.5833521346539859,0.04069128301659791,0.5515971008536588,-0.08387192608275833,0.07584928478581228,0.9933385153741865,-0.02215806595477505
1742955478.0498784,0.5831277114837036,0.04063687408453384,0.5519115656704332,-0.08421131995273086,0.07590376964896174,0.9933039395288185,-0.02223409682055065
1742955478.054624,0.5829010810956502,0.04058150959210673,0.5522324538813037,-0.08454418605025904,0.07595858022560345,0.9932697841151925,-0.022309429821683352
1742955478.0598795,0.5826774070094396,0.04052587304930703,0.5525638093508644,-0.0848471798327885,0.07601403813118318,0.9932381059413524,-0.022380504628994498
1742955478.0645921,0.5824520243235211,0.04047231148356816,0.5529002793430682,-0.0851461776699181,0.07606659382091113,0.9932069349123265,-0.0224496364057233
1742955478.0699587,0.5822337402108241,0.04042047740581617,0.5532215234843441,-0.08543458572085615,0.07611776453661019,0.9931767334597299,-0.022516518356878394
1742955478.0747478,0.582017529219446,0.04036737355838413,0.5535346906161172,-0.08572387603886064,0.07617151978919634,0.9931461481768585,-0.022584176127268863
1742955478.0798097,0.581798938847429,0.040316581317534135,0.5538552747241211,-0.0860062917519515,0.07622408974330144,0.9931162029607563,-0.02264979776274302
1742955478.0845668,0.5815835316745293,0.04026652981386328,0.5541854110254611,-0.08625798605637275,0.0762780117882615,0.9930888447991234,-0.022710594326680027
1742955478.0895798,0.5813717021314191,0.04021714594568459,0.5545141616689364,-0.08650173214810752,0.07633266999608943,0.9930620849090481,-0.022769921886994168
1742955478.0948725,0.5811648766087469,0.04016927174816302,0.5548292295442616,-0.08674312239439996,0.07638607029536544,0.9930355823592537,-0.022828297144542646
1742955478.0996132,0.5809573681213062,0.04012149979878708,0.5551462696736867,-0.08698285368329764,0.07643877600978218,0.9930092221375809,-0.02288627180107918
1742955478.1049604,0.5807592136473368,0.04007809072818589,0.5554616973429183,-0.08718515465669945,0.07648838804685655,0.9929865192930163,-0.022935732031506874
1742955478.1096747,0.5805608575160878,0.04003532513452102,0.5557752897176518,-0.08738971581830424,0.0765369708172082,0.9929636385355955,-0.022985695844874327
1742955478.1148822,0.5803694863338166,0.039993950910390916,0.5560760081450091,-0.08758488687187986,0.07658407601787494,0.9929417007420444,-0.02303358026067518
1742955478.1195652,0.5801806251496839,0.0399518969516247,0.5563833020272758,-0.08776314718780898,0.07663173048451398,0.9929212232220298,-0.023079262421227768
1742955478.124876,0.579994075658676,0.03991129231603652,0.5567016297241519,-0.08791303531839782,0.07667813411174541,0.9929034490809858,-0.023119316022099275
1742955478.129553,0.5798124098444944,0.03986996603285312,0.5570195616099561,-0.08804500619126376,0.0767256861893779,0.9928872076192605,-0.023156832891762288
1742955478.1345692,0.5796302647634222,0.03982998702853537,0.557333253119308,-0.08817414239684686,0.07677202906374607,0.99287130825175,-0.02319356411754278
1742955478.139921,0.5794554940463881,0.03979009680520496,0.5576455339814512,-0.08827969021646608,0.07681872827717906,0.9928575431333146,-0.023226672694126607
1742955478.1446016,0.5792806735545996,0.03975062644603948,0.5579691990582709,-0.0883626696685721,0.07686438986530285,0.9928459538866862,-0.023255451629968407
1742955478.1500292,0.5791100009691303,0.03971041764507089,0.5582881059715216,-0.08843698107668625,0.07691123525537166,0.9928350552513397,-0.023283370323127064
1742955478.1545815,0.5789423928802697,0.03966925747829615,0.5585987932322354,-0.08850030030484662,0.07695831528702747,0.9928251288009982,-0.02331047351333665
1742955478.1598632,0.5787761508169563,0.03962736627543335,0.5589095365461754,-0.08855174643465026,0.07700616972595484,0.9928162572261181,-0.023334896936422843
1742955478.1645875,0.578611208635592,0.03958647203409542,0.559232925517116,-0.08858540976286484,0.07705318926642898,0.992809111450733,-0.023355929042174376
1742955478.169626,0.5784501063088403,0.03954786382053184,0.559566498026628,-0.0885847153525548,0.0770980258465638,0.9928053578461526,-0.02337015294007038
1742955478.1746252,0.5782950315780263,0.039511655735318,0.5598916685989161,-0.08857421679190908,0.07714125577557296,0.9928026811236081,-0.023380999355093853
1742955478.1795883,0.578141098740208,0.03947399076750022,0.5602085284151033,-0.08856798169753213,0.07718630565709791,0.992799463634513,-0.02339255958757309
1742955478.1847496,0.5779894114005152,0.03943898180027954,0.560525283512366,-0.0885499764909844,0.07722842702703013,0.992797635880629,-0.02339927161710183
1742955478.1897035,0.5778422741984931,0.039404235771825155,0.5608521727998301,-0.08849471149960891,0.07727001672386676,0.9927993271657939,-0.02339928484465471
1742955478.1947799,0.5776978234153737,0.03936991178703083,0.5611872044775393,-0.0884202097429068,0.07731186829668851,0.9928027886918612,-0.023395817898922738
1742955478.1996107,0.5775514652316003,0.039335781304440695,0.5615292493062252,-0.088343207489097,0.07735369591287382,0.9928065136501123,-0.023390379925657144
1742955478.2045977,0.577406695039744,0.03930284395814264,0.5618676269646848,-0.08826291037184976,0.07739468171404949,0.9928106453596355,-0.023382565206920995
1742955478.2096887,0.5772632892995442,0.039270798784903006,0.5622018567429189,-0.08817347902340997,0.07743568269991312,0.9928156431742485,-0.023372019814511
1742955478.2146018,0.5771211295031309,0.0392400611831196,0.5625360959928984,-0.08807525435194953,0.07747626179369281,0.9928215107443648,-0.02335864363767522
1742955478.2196193,0.5769750995941403,0.03921207424884611,0.5628826568580578,-0.08797215783400655,0.07751545086336972,0.9928279782584469,-0.023342234484344065
1742955478.2246683,0.5768278815017095,0.039185451354576184,0.5632327259279402,-0.0878677427879886,0.07755599773713431,0.9928344798712674,-0.02332429143814477
1742955478.2296188,0.576682503041252,0.039161761262888964,0.5635840588282379,-0.08775088514323569,0.07759592254052777,0.9928422214776845,-0.02330189290421675
1742955478.234623,0.5765395735390887,0.0391403863204303,0.563934016611822,-0.08762401265130974,0.07763598444316838,0.9928508815160042,-0.02327688551582088
1742955478.2396,0.576394743042028,0.039121365755209,0.5642862702630391,-0.08749127982889562,0.07767499247413716,0.9928601883450705,-0.023249040785285793
1742955478.2446036,0.5762508931205447,0.03910480365547249,0.5646303316851903,-0.0873654742582783,0.07771383939908365,0.9928689113493981,-0.02321977496317669
1742955478.2496006,0.5761047131772067,0.039088877385999365,0.5649705822645401,-0.08725452661372829,0.07775344143565045,0.9928762062255881,-0.023192435003908482
1742955478.2545886,0.5759555380285342,0.03907324705790218,0.565321715836423,-0.08713408683927845,0.07779275881240501,0.9928843910535893,-0.02316297884951987
1742955478.259604,0.5758083570399669,0.039058187158932285,0.5656871385957211,-0.08698397986874838,0.07782973119474276,0.9928954599570562,-0.02312846265995961
1742955478.2647054,0.5756631763956431,0.039043752814683565,0.5660428381463177,-0.08684607139406522,0.07786321869110828,0.9929056931030188,-0.023094667395123235
1742955478.2696006,0.5755207615317779,0.039030551476232495,0.5663872694399087,-0.08671427862163712,0.0778941538043993,0.9929155826285689,-0.023060365556410067
1742955478.2746441,0.5753741115856438,0.039017203100716165,0.5667332487150616,-0.08659022633451897,0.07792405652000149,0.9929248192352752,-0.023027754241359135
1742955478.2796748,0.5752239250231929,0.03900578846075776,0.5670897875671133,-0.0864592313626446,0.07795320035052665,0.992934772530839,-0.022992115309870383
1742955478.2846124,0.575077817747588,0.038997730509539454,0.5674443671384409,-0.08632375328626378,0.07798075104329377,0.9929452953750292,-0.022953267259636333
1742955478.289885,0.5749332703819603,0.03899204054971826,0.5677949641995994,-0.08618038912983494,0.07800831916231538,0.9929565595828503,-0.022910989771068164
1742955478.294563,0.5747873544036842,0.038987957746570885,0.568144880064713,-0.08603662340204858,0.07803826849080776,0.9929676745058889,-0.022867563728958776
1742955478.299641,0.5746398695485303,0.03898552544820473,0.5684905575624951,-0.08590430216349934,0.07807115499324387,0.9929775326367765,-0.022824664431327857
1742955478.304631,0.5744894695219098,0.03898319722511619,0.5688274139709649,-0.08579731887784234,0.07810521243526912,0.9929850412656036,-0.02278384705362683
1742955478.3096228,0.5743320172298171,0.03898065701166493,0.5691788899576793,-0.08568812625605543,0.07813962717553764,0.9929927452757843,-0.02274096553041699
1742955478.3145869,0.5741745243611286,0.03897834971520909,0.5695455483393642,-0.08555895245057953,0.0781782347227367,0.9930018915533794,-0.022695211887239542
1742955478.3198767,0.5740180116121532,0.03897632164296175,0.5699147225908161,-0.0854228218089193,0.07822226904792845,0.9930112082357417,-0.02264858621167416
1742955478.324658,0.5738599768249434,0.03897482318299456,0.5702799662470431,-0.08529590013966001,0.07826838152787248,0.9930195546903383,-0.02260163434300413
1742955478.3298872,0.5736954727111973,0.03897264900246479,0.5706530927383914,-0.08517813794161871,0.07831750285385991,0.9930268218074244,-0.022556257104850316
1742955478.3346505,0.5735297631086211,0.038971297184814464,0.5710205416283806,-0.08507269303080252,0.07836707313251969,0.9930329519501924,-0.02251210985705299
1742955478.3398788,0.5733633415802926,0.03897062308145874,0.5713883328760698,-0.08496475267673384,0.07841890691502724,0.9930391589676207,-0.022465408914910476
1742955478.344667,0.573194906096198,0.038969477582339956,0.5717614915143407,-0.08484906112223034,0.07847060891208547,0.9930460771960076,-0.022416264837471445
1742955478.3499768,0.5730230502536092,0.038968171928703006,0.5721459505721103,-0.08472851977573428,0.078519625606743,0.9930536310960972,-0.022365869042950428
1742955478.3545508,0.5728489228744758,0.038966882122376874,0.572527362324299,-0.0846307422614363,0.07856967253674074,0.9930591078250882,-0.022317087341037226
1742955478.3595574,0.5726737503010038,0.03896549923127446,0.5729002301973185,-0.08454598942436267,0.07861711432167705,0.9930636838001138,-0.022267575650161252
1742955478.3648603,0.5724960308827223,0.0389642494532694,0.5732742643433174,-0.08445652397486442,0.07866161364514118,0.9930689168601216,-0.022216490791546376
1742955478.3696113,0.5723172545236758,0.03896352429046498,0.5736594869745385,-0.08435465781836335,0.07870424632752657,0.9930754495275705,-0.022160434561994662
1742955478.374941,0.5721354563420679,0.03896246224641418,0.5740562113843021,-0.08425272271428434,0.0787506815166745,0.9930816609290354,-0.022104832103362004
1742955478.3795693,0.5719524987675424,0.03896096501818267,0.574445524765591,-0.08416457160195853,0.07880295164173877,0.9930861601857452,-0.022052168762757385
1742955478.3849409,0.5717711449519403,0.038959429891265406,0.5748281320634068,-0.08407250559848618,0.07885915826772072,0.9930906955900272,-0.021998120197303923
1742955478.3897383,0.5715892250694917,0.03895850547224241,0.5752131623262351,-0.08397284667341803,0.07891650881655658,0.9930958073680524,-0.021942266194839806
1742955478.3949406,0.5714033215635216,0.03895777650400817,0.5756092309099917,-0.08387339848035279,0.07897609539673979,0.9931007512689985,-0.021884405685136242
1742955478.3995862,0.5712140331740709,0.03895656699866908,0.5760060708555476,-0.08378860409299412,0.07903236466282129,0.9931046379485511,-0.021829641431498827
1742955478.4045959,0.5710279379829356,0.03895676854077592,0.576401263034431,-0.08369794452331658,0.07907676871335008,0.9931100590322677,-0.02176991918572794
1742955478.4100683,0.5708416530477803,0.03895782154017961,0.5767957329901909,-0.0835986811465856,0.0791140274477851,0.9931168497423983,-0.021706080467862002
1742955478.4146376,0.5706578165561819,0.03896005835851875,0.5771787342466947,-0.08350959072215995,0.07914798396648268,0.9931230911509665,-0.021639563632565695
1742955478.4199145,0.5704720169952343,0.038962773750470754,0.5775669627478146,-0.08342029120153477,0.07918022388763694,0.9931295498941488,-0.021569522201486405
1742955478.4246955,0.5702865659907494,0.03896516957335451,0.5779717497078231,-0.08330395509026443,0.07921048368166508,0.9931385053077437,-0.021495572016964608
1742955478.4296515,0.5701070393264278,0.03896769925153436,0.5783760621557397,-0.08316804692998155,0.07923629355571676,0.9931494805853723,-0.021419499676927033
1742955478.4346395,0.5699306502731591,0.03897070087278127,0.5787679400196455,-0.0830420927602577,0.07925968903973862,0.9931597783381315,-0.021344020583625164
1742955478.4395666,0.5697511920363477,0.03897205945724223,0.5791632055546447,-0.08292050218142706,0.07927828276935046,0.9931699648643695,-0.02127357728333282
1742955478.4446313,0.5695716286888524,0.03897270341065978,0.5795631867233775,-0.0827889767030724,0.0792928842304007,0.993181257974541,-0.021204071660665593
1742955478.4496143,0.5693974667042255,0.038973094341129964,0.5799594120913663,-0.08264653450237053,0.07930536270466328,0.9931935711250048,-0.021136226176648946
1742955478.4546628,0.5692273425215618,0.03897305100755964,0.5803562362847101,-0.08249055496690309,0.0793180367264549,0.9932069715219114,-0.021068201427419303
1742955478.4596002,0.5690566048240808,0.03897230305756231,0.5807473662757106,-0.082343603640734,0.07933099778748814,0.9932195129133737,-0.02100292592997077
1742955478.4645889,0.5688877949574929,0.03897091512051746,0.5811258803037949,-0.08220864185783143,0.07934376260180173,0.9932309531467309,-0.020942307688415696
1742955478.469557,0.5687219159360284,0.03896977937128873,0.5815073380738416,-0.08205860176403723,0.07935556075413208,0.9932437224301955,-0.020880342596258736
1742955478.4749424,0.5685572618981944,0.03896868471417981,0.581901811143178,-0.08188168500821248,0.07936571085729745,0.993258870607435,-0.020815608566035915
1742955478.4796517,0.5683953696256591,0.03896799265377463,0.5822952539997266,-0.08169504385039385,0.07937565735963792,0.9932748364769806,-0.020749073488594786
1742955478.4848423,0.5682369606560248,0.03896806877688386,0.5826829513614383,-0.08150775534077272,0.07938488920182758,0.993290903627243,-0.020681053094494577
1742955478.4895556,0.5680757939806523,0.03896741615171623,0.5830780574737338,-0.0813171056362656,0.0793949798311511,0.993307120613278,-0.020613821758965308
1742955478.4945579,0.5679163220824609,0.038967929554385626,0.5834605364661237,-0.08113764047883235,0.07940583624986938,0.9933223404966371,-0.020545664683081832
1742955478.499877,0.5677588521280853,0.03896850850365718,0.5838374080857052,-0.0809574385177648,0.07941887731282246,0.9933374362187369,-0.02047615396992606
1742955478.504584,0.5676052446464246,0.03896923387150207,0.5842166781320417,-0.08075571261032737,0.07943366779933092,0.9933541681124763,-0.020403528967160436
1742955478.5099008,0.5674509910182439,0.038970937569809155,0.5845999170612408,-0.08054853843795548,0.07945061960512162,0.9933712033192157,-0.020326938185696173
1742955478.5146465,0.5673001987460542,0.038973138155325285,0.584973028946622,-0.0803465993945675,0.07946991663157853,0.9933875739699727,-0.020250535754665597
1742955478.5198638,0.5671519964758882,0.038975988132149114,0.5853353352049467,-0.08014993544199166,0.07949194368004453,0.9934032666565478,-0.020173461148573123
1742955478.5245779,0.5670005569715626,0.038979410290160235,0.5856992711759206,-0.07995713645187114,0.07951517701507309,0.9934185238202017,-0.020095509089596175
1742955478.5299344,0.5668476530807722,0.038983761460782765,0.5860689779575625,-0.07976264379775481,0.07953767343575988,0.9934339941364709,-0.020014456097461778
1742955478.5346756,0.5666994452219218,0.038989659349277,0.5864404946339481,-0.07955394832757788,0.07956170727134314,0.9934505299086535,-0.019928589156729806
1742955478.5395782,0.5665553683441329,0.03899711730210528,0.5868014366404847,-0.0793452776410463,0.07958758387140241,0.9934669358693234,-0.019839121553016054
1742955478.5449324,0.5664142736221323,0.039005740573558954,0.5871508107699525,-0.07913395164977174,0.0796149091291822,0.9934834451659407,-0.019746597728644264
1742955478.5495987,0.5662773508482662,0.0390158102303095,0.5874965249880717,-0.07891220443631101,0.07964106496925773,0.9935008994358641,-0.019650129304753156
1742955478.554906,0.5661390658977009,0.03902700037997881,0.5878478169874217,-0.07868227970675641,0.079666454221931,0.9935190483095919,-0.019551357442788776
1742955478.5596027,0.5660019932279526,0.03903975437435647,0.5881937391166968,-0.07846008728435075,0.07969468377874447,0.9935363435429179,-0.019450093575795975
1742955478.5649197,0.5658648190230621,0.039053026414811606,0.5885321953434433,-0.07824854468738765,0.07972540945198471,0.9935525530042995,-0.019348094496824442
1742955478.5695665,0.5657295329506469,0.03906748140684374,0.5888629250465537,-0.07803938051677353,0.07975849320019826,0.9935684014381102,-0.019242388487672263
1742955478.5748518,0.5655929791548365,0.03908435239167084,0.5891889473528489,-0.0778389347091955,0.07979230810931305,0.9935835595033561,-0.019131076670356312
1742955478.579597,0.5654611118701766,0.03910407222637683,0.5894975865214965,-0.0776531179942009,0.07982397346691038,0.9935977675973617,-0.01901585526006578
1742955478.5845556,0.5653304497759026,0.0391236082321469,0.5897999800480179,-0.07747195990511828,0.07985553716698572,0.993611574197861,-0.018900482329311744
1742955478.5899012,0.5652000788366239,0.03914317241368485,0.5901068596176599,-0.07728259331406878,0.07988912266343436,0.9936258307827486,-0.018783962628041526
1742955478.5945594,0.5650707295710905,0.03916383664278769,0.5904156994142973,-0.07708385133103217,0.07992158133592839,0.9936408458822181,-0.018667889414980925
1742955478.599891,0.5649487166073154,0.0391850024978725,0.5907060140253085,-0.07689142503213983,0.07995634353269038,0.9936550252983923,-0.018557547916159888
1742955478.6045706,0.5648315017155341,0.03920588876325546,0.5909787651812848,-0.07670389326219498,0.07999888935277173,0.9936680623617119,-0.01845189158503478
1742955478.6098752,0.5647163428308253,0.03922705711849192,0.5912476739489124,-0.07650763163604775,0.08005419520855238,0.9936806812269036,-0.01834698578488518
1742955478.6145756,0.5646029407927924,0.039249479106184954,0.5915170832275329,-0.0763004583604028,0.08010745000379328,0.9936942897318981,-0.018239930430259062
1742955478.6199222,0.5644928103916903,0.039272416666620916,0.5917779120100767,-0.07609517254938024,0.08015681831929224,0.9937080420951798,-0.018131085653442635
1742955478.6246836,0.5643887985618743,0.0392950967963328,0.5920218649354068,-0.07590137637804048,0.08020822820362833,0.9937207001420183,-0.01802196719591689
1742955478.629603,0.5642861110554621,0.03931909218775248,0.5922641671022139,-0.07570766052669013,0.08025566891240005,0.993733715539522,-0.017907549944513906
1742955478.6348488,0.5641863833235028,0.03934453031912259,0.5925003642214208,-0.07551609315983204,0.08030352059321791,0.9937465432741713,-0.017789659492122346
1742955478.639635,0.5640891837286393,0.039369874353524674,0.5927298441705096,-0.07532990585770678,0.08035430601753774,0.9937586425894296,-0.017673456558449742
1742955478.6449096,0.56399727951353,0.03939629570131093,0.5929454071039338,-0.07515646620972669,0.08040311244538131,0.9937698970105707,-0.01755667655227663
1742955478.649572,0.5639118144212087,0.03942378880137001,0.593146741769518,-0.07499521602062571,0.08044885264223799,0.993780424927306,-0.017440375967002857
1742955478.6549098,0.5638264867441084,0.039451854445827404,0.5933484303364185,-0.07483309809070314,0.08049074924844309,0.9937913027053281,-0.01732320359570859
1742955478.6595688,0.5637414528186026,0.03947960202425076,0.5935492857510057,-0.07467198869157289,0.08053192503728969,0.9938021331290359,-0.01720532890740519
1742955478.6648903,0.5636587215459065,0.039505971033707094,0.5937428339405398,-0.07451822615807023,0.08057234802434683,0.9938123977287695,-0.017089436055420987
1742955478.6696546,0.5635803719532014,0.039532502762208675,0.5939251428790104,-0.07437542394340341,0.08061222846173155,0.9938218558726233,-0.0169730293574068
1742955478.6745822,0.5635064488524013,0.039559042812652705,0.5940967994664614,-0.07424255271747748,0.08064965334834939,0.9938307303707479,-0.01685693185397817
1742955478.6798837,0.563436279791655,0.039585933571455165,0.5942579004993445,-0.07412157299235966,0.08068538169589122,0.9938388337718506,-0.01674019368868633
1742955478.6846163,0.5633665665819403,0.03961212156546083,0.594417185864628,-0.0740045351196747,0.0807169546368623,0.9938469417814265,-0.01662402862056556
1742955478.6900823,0.5632958275245227,0.03963646636329604,0.5945779537324875,-0.07388785469248633,0.08074475394139563,0.993855186991741,-0.01651474884753073
1742955478.6945822,0.563225861524285,0.0396603056822361,0.594731986436046,-0.07378233161482545,0.08077069765666499,0.9938625989485059,-0.016413298049352744
1742955478.6999624,0.5631595736247793,0.039683330645211956,0.5948715282364738,-0.07369572212675052,0.08080096504021816,0.9938680569600881,-0.016322681861922445
1742955478.704576,0.563095467813733,0.03970613016280073,0.5950006371281277,-0.07362689499502656,0.08084128413639659,0.9938712649383541,-0.016238098484913185
1742955478.7099292,0.5630316426906041,0.039728242060925345,0.5951286829887689,-0.07356470262199942,0.08088698780479385,0.9938734886211988,-0.016156062265653217
1742955478.714753,0.5629683996285585,0.03975025367008967,0.5952545603691414,-0.07350449913904415,0.08093776392410525,0.9938751275877683,-0.0160747547316107
1742955478.7195647,0.5629073593711819,0.039772384771384,0.595372880151329,-0.07345491202580878,0.08099358357144887,0.993875561459866,-0.015993237707593963
1742955478.7248883,0.5628470677456882,0.03979494970055395,0.5954853326230205,-0.0734180649667182,0.08104686564026732,0.9938752740652336,-0.01591015110513214
1742955478.7295618,0.5627861472771889,0.03981719672350452,0.5955914095213621,-0.07340143033467697,0.08109934417294994,0.9938735017856594,-0.015829998352871567
1742955478.7348087,0.5627250996060802,0.03984018287246367,0.5956899592412683,-0.0734055143180952,0.08115344117488436,0.9938700453779131,-0.015750630262805584
1742955478.7396905,0.5626633813145886,0.03986242573204577,0.5957836313198617,-0.0734253116277735,0.0812079254833515,0.9938653535531337,-0.015673399687351135
1742955478.7449267,0.5626017126671131,0.039882784918320216,0.5958724385477665,-0.07345853742991144,0.0812643318609951,0.9938594108528632,-0.015602022466462213
1742955478.749588,0.5625423414671169,0.039902654038790425,0.5959510358012704,-0.07350958873782103,0.08131924609491768,0.9938522221371735,-0.015533226681955233
1742955478.7548988,0.5624869310528742,0.03992260819013511,0.5960201503553508,-0.07356918874286358,0.08137499028119327,0.9938443139180764,-0.0154649641823336
1742955478.7595923,0.5624332054116272,0.03994199586225364,0.5960853212559315,-0.07363171157091154,0.08142754215365508,0.9938364091747494,-0.015398643725766846
1742955478.76458,0.5623823370479849,0.03996122161302879,0.5961463571291992,-0.07369285302384357,0.08147310627870713,0.9938291459790054,-0.015333785219101117
1742955478.7698817,0.5623347741038377,0.03998106620172254,0.5962021503811084,-0.07375347951794993,0.0815167797392031,0.9938220650752334,-0.015268983251816897
1742955478.7745407,0.562290115888708,0.04000044341868091,0.5962497462738287,-0.07382346361149902,0.08155603373557441,0.9938145655450072,-0.015209171322331882
1742955478.7799034,0.5622457666579481,0.040018577011366074,0.5962922546205928,-0.07390546631998861,0.08159405002035701,0.9938061820553994,-0.015154720643114388
1742955478.7846048,0.5622015558995382,0.04003545848120649,0.5963298933826949,-0.07400028924628231,0.0816356635470043,0.9937964643511038,-0.015105067757285552
1742955478.7899144,0.5621539281218538,0.04005047180280298,0.5963640373022635,-0.07411927046223743,0.08168149916367476,0.9937844486541325,-0.01506439689208215
1742955478.7945588,0.5621047463057114,0.04006384100014847,0.5963947946813121,-0.07425415577436072,0.08172399846592349,0.993771417409126,-0.015029250335113261
1742955478.799882,0.5620581538676794,0.04007566117478103,0.596421234282059,-0.07438919288015042,0.08176790267013409,0.9937581514475456,-0.014999816903025416
1742955478.8048484,0.5620168665544606,0.040086223775619295,0.5964404402635689,-0.07452000437387617,0.08182112468861516,0.9937443339540761,-0.014975688197111313
1742955478.8095896,0.5619803325854726,0.04009550060483068,0.59645264339076,-0.07464864688571285,0.08188617966269451,0.9937295846443772,-0.014958131597723558
1742955478.8149261,0.5619476784065027,0.04010425543642023,0.5964583419830988,-0.07477758123081715,0.0819555090313698,0.9937143851235133,-0.014944185600947076
1742955478.8195732,0.5619162804677532,0.04011121322667308,0.5964610312885611,-0.07490874550797197,0.08203100926524194,0.993698397703132,-0.014936122909772219
1742955478.8248904,0.5618844860817824,0.04011698456821682,0.5964619129941993,-0.07504651284054953,0.08210459021448097,0.9936819865286575,-0.01493207368875693
1742955478.8296106,0.5618525245670618,0.04012204935181737,0.596459032955693,-0.07519485744715831,0.08217783606955548,0.9936647334286204,-0.014930981637372647
1742955478.8349612,0.561823746589743,0.04012674625968829,0.5964520667246623,-0.07534042680065277,0.08225015215157098,0.9936477201147583,-0.01493120461589676
1742955478.8396094,0.5617985103599767,0.04013114713611194,0.5964431481476729,-0.07547431831013825,0.08231647442229541,0.9936320701736584,-0.014930989140497399
1742955478.8449545,0.5617805179088775,0.04013594241026878,0.5964298894310341,-0.07558858784001804,0.08237685413725591,0.993618425071358,-0.014927982097907092
1742955478.8497074,0.5617665241912602,0.04014109632892786,0.5964109228705432,-0.07569886112993972,0.08243309533348002,0.9936054208130289,-0.014924307298342923
1742955478.8546,0.5617556940903499,0.04014630145969174,0.5963897570803992,-0.07580466568007699,0.08248244628688688,0.9935933268368112,-0.014919771480165149
1742955478.859909,0.561747491531936,0.04015145628979529,0.5963656963616508,-0.07590650734562548,0.08252917474509015,0.9935817387921746,-0.014915287365716205
1742955478.864635,0.5617402303143703,0.040156454713382146,0.5963390759397426,-0.07601140342276966,0.08257705729300452,0.9935697969521409,-0.014911564069886123
1742955478.8698723,0.5617342976799006,0.040161337920671655,0.5963084607614824,-0.07612108174035526,0.08262806818424037,0.993557195943584,-0.01490911303670932
1742955478.8745813,0.5617296672801355,0.04016613174561762,0.5962717862875985,-0.07623873182961587,0.08266938875310789,0.9935447705423726,-0.01490693999798869
1742955478.8798847,0.5617251098525593,0.04017134728266083,0.5962335357861923,-0.07635931724660294,0.0827034663482629,0.9935327054104965,-0.014904851670308352
1742955478.884649,0.5617200940757083,0.040176643527849595,0.5961928028287611,-0.07648869647374759,0.08273339535776036,0.9935202714253956,-0.014904189717386232
1742955478.8899574,0.5617175202403909,0.04018226755449054,0.5961483934269218,-0.07661600096663698,0.08276525459181677,0.9935078288927197,-0.014902850636926757
1742955478.8949597,0.5617189115743827,0.040188173449211786,0.5960994409681032,-0.07673502933367235,0.08280252175695894,0.9934955740051838,-0.014900405899139562
1742955478.8996453,0.5617237279884607,0.040194679045901384,0.5960482672916474,-0.07684389591206311,0.08284276414860021,0.9934838761371655,-0.01489563509048025
1742955478.9048991,0.5617325988107358,0.040201223026219327,0.5959949680561557,-0.07694061717875403,0.08289436080688115,0.9934721674782381,-0.014890225675346933
1742955478.9096234,0.5617449582491503,0.040207678294936565,0.5959399172499222,-0.0770269708568801,0.08295605327276603,0.9934604131069775,-0.014884440712803773
1742955478.9148917,0.5617609095175746,0.0402140643898845,0.595881008591191,-0.07710597274550214,0.08302383958949722,0.9934487122872959,-0.01487840991171389
1742955478.9196374,0.5617804752184666,0.04022059540160963,0.5958152747387867,-0.07718475012577738,0.0830905975414525,0.9934371049461884,-0.014872305280670907
1742955478.9248834,0.5618037790328959,0.04022762629237334,0.5957455731385873,-0.0772612497451729,0.08315449532666168,0.9934259048304405,-0.014866095876286492
1742955478.9295905,0.5618301211055611,0.04023460277829393,0.5956724267427816,-0.0773356580493144,0.08321752536261198,0.99341491534723,-0.014860869162279959
1742955478.934942,0.5618590253696519,0.040241675916286586,0.5955967813233187,-0.07740885477764578,0.08327780489620992,0.9934042402024713,-0.014855704676413816
1742955478.9396906,0.5618894646720359,0.04024847393862687,0.5955202694462369,-0.07747989777042719,0.08333503334113126,0.9933939727190507,-0.014851014274404587
1742955478.9445674,0.5619213129898311,0.04025448718840588,0.5954381142916801,-0.07755502346367245,0.08339107705562489,0.9933834455281579,-0.014848459639216771
1742955478.949943,0.5619533451434882,0.040259806526390184,0.5953538485660219,-0.07763210362375901,0.08344396891896244,0.9933729967534665,-0.014847553974938012
1742955478.9545832,0.5619855311058713,0.04026420923421466,0.5952684824627736,-0.07771004252435994,0.08349208432054206,0.9933628419850025,-0.014848747763793047
1742955478.9598794,0.5620171051610309,0.04026827790912711,0.5951833169862804,-0.07778777047567965,0.08354094242717737,0.9933526105888801,-0.01485142212243396
1742955478.9646003,0.5620495918859088,0.040272052096057914,0.5950951220726838,-0.07786811827707375,0.08358846231709466,0.9933422429706943,-0.014856428016232862
1742955478.9698007,0.562082874612433,0.0402759565240378,0.5950045372835207,-0.07795053995886705,0.08362735031079559,0.9933324137184557,-0.014862552149052325
1742955478.974571,0.5621168652128373,0.04027959261667775,0.5949119668763234,-0.07803463076177118,0.08366287719529453,0.9933227109585073,-0.014869810870378725
1742955478.9799402,0.562151295266963,0.040282898184200513,0.5948195344082362,-0.07811811836422165,0.08369574833951332,0.9933132508025309,-0.014878409633790128
1742955478.98482,0.5621864410334594,0.04028565664650812,0.5947242306368157,-0.07820424424609776,0.08372983699265789,0.993303452910546,-0.014888284490376786
1742955478.989579,0.5622220845311068,0.04028776968919117,0.5946250262865229,-0.0782942457284195,0.08376670047523029,0.9932930762951254,-0.01490018662558408
1742955478.9949157,0.562258451602692,0.04028989004429311,0.594524091241963,-0.07838557559657444,0.08380282961452092,0.9932826355058483,-0.01491285651877595
1742955478.9996011,0.5622967219159676,0.04029248035213568,0.594419367898212,-0.0784799478021698,0.0838416283863581,0.9932716993483567,-0.014926835435556514
1742955479.0048602,0.5623363012267039,0.040295770195087975,0.5943129005870772,-0.07857520848259271,0.08388853719990114,0.9932599782331023,-0.014942074111548981
1742955479.0095918,0.5623777690243787,0.040299173904643736,0.5942028766526808,-0.07867312997228698,0.08394919009892401,0.9932468450368338,-0.014959175327348483
1742955479.0148878,0.5624194137730243,0.04030273473398239,0.594091151498129,-0.07877266752804746,0.08402314855436166,0.993232428717482,-0.014977312893159319
1742955479.019657,0.5624599485588785,0.0403060655490535,0.5939816491416194,-0.07887026719506599,0.084104967766758,0.9932174775747,-0.014995919100933217
1742955479.0249066,0.5624998170443694,0.04030939100379545,0.5938714002485107,-0.07896900307204878,0.08418812627729585,0.9932022964199169,-0.015015136826831844
1742955479.0297024,0.5625392186488913,0.04031256704207151,0.5937578211227826,-0.07907181900485448,0.08426899372243016,0.993186958111984,-0.01503497165068369
1742955479.0345745,0.5625779531536825,0.040315804101396985,0.5936451609837661,-0.07917400648781635,0.08434973040998038,0.9931716611320112,-0.015054939412448332
1742955479.0398762,0.5626165611808919,0.04031894019634332,0.5935349144507255,-0.07927343263063816,0.08442659245517958,0.9931569088001158,-0.015074079340423553
1742955479.0446231,0.562655798430289,0.040322258856160476,0.5934237198783934,-0.0793738926969949,0.08449907414454472,0.9931424354661571,-0.015092862657252779
1742955479.049901,0.5626950665203497,0.040325792144900445,0.5933124779727962,-0.07947443671001636,0.08457116500561196,0.9931279720883168,-0.015111684716352445
1742955479.0546072,0.5627355180577841,0.04032999576258792,0.5931993808101613,-0.07957620850398661,0.08463014699830718,0.9931145277858149,-0.015129440172486385
1742955479.0598946,0.5627770986163024,0.04033445671163208,0.5930832562694723,-0.0796810088640885,0.08468187294782131,0.9931014466322413,-0.015147076199708386
1742955479.0646043,0.5628201113648137,0.040338664310303855,0.5929658304276398,-0.07978616572830884,0.08473294673905937,0.993088382964842,-0.015164402908322296
1742955479.0698922,0.562864147672552,0.040342115408107004,0.5928482115620702,-0.07989098644381279,0.08477793771256667,0.9930758553028788,-0.015181474786548237
1742955479.0749047,0.5629071319128536,0.040345644605768796,0.5927335491254252,-0.07999329581150857,0.08482403904895666,0.9930634276393647,-0.015198148235553115
1742955479.079632,0.5629490221169751,0.04034914891160884,0.592620683995073,-0.08009408576480603,0.08487029339352266,0.9930511014663574,-0.015214486558919937
1742955479.0849013,0.5629906034649313,0.040352739307526565,0.5925052350112668,-0.08019770662494007,0.08491870943136641,0.9930383398301015,-0.015231423705193547
1742955479.089646,0.5630323011696066,0.04035655938814666,0.5923869509896948,-0.08030424198743441,0.08497086528765367,0.993024993631399,-0.015249353902741456
1742955479.0949557,0.5630749342412078,0.040361240742623594,0.5922691634323016,-0.08040948606853633,0.08503183560185058,0.9930109772842818,-0.015267628410766539
1742955479.0995736,0.5631185776015053,0.04036647995261925,0.5921532363214735,-0.08051206042766787,0.08509744515137993,0.992996762177389,-0.015286047874503488
1742955479.1048765,0.5631631187144216,0.04037101358529804,0.5920383582277975,-0.08061294400135606,0.08516163315299803,0.9929827903927317,-0.015304492216757731
1742955479.1096096,0.5632077644435438,0.04037467380145268,0.5919251362867965,-0.0807120528967683,0.08522262202035072,0.9929692310777848,-0.015322380557815285
1742955479.1148438,0.5632546309883725,0.04037798823421635,0.5918064449274951,-0.08081596193026867,0.0852767141915506,0.9929558510008585,-0.01534080431851427
1742955479.119896,0.5633031888167485,0.04038139829141014,0.5916826158302002,-0.08092441003602914,0.08532649573930697,0.9929424421852698,-0.01536019180618542
1742955479.124629,0.5633516536788958,0.04038481542574148,0.591561480571921,-0.08103002813273201,0.08537057496732525,0.9929297543190285,-0.015378636432098216
1742955479.129868,0.5633989102856397,0.04038801444482166,0.5914450726244729,-0.08113120461530386,0.08541161027538723,0.9929176860214056,-0.015396533822015586
1742955479.1345687,0.5634446355272427,0.04039114852984483,0.591331936403018,-0.08122935399975455,0.08545150099565496,0.9929059598439077,-0.015413887660821461
1742955479.1398966,0.563491834939228,0.04039434977407161,0.5912112194182014,-0.08133502755691126,0.08548712419162204,0.9928939597968411,-0.015432092816968192
1742955479.144631,0.5635406406495453,0.04039689542471282,0.5910820245458167,-0.08144930594438456,0.08551550928049532,0.9928818434986729,-0.015451636947339253
1742955479.14991,0.5635916427403035,0.040399132550176346,0.5909514837920692,-0.08156362464127251,0.0855381309921567,0.9928702082745224,-0.01547103107917654
1742955479.1546135,0.5636427770076656,0.04040135693021918,0.590827320785333,-0.08167108392122562,0.08555545432863418,0.9928596024994679,-0.015488964147150714
1742955479.1598675,0.5636927201857345,0.04040390757055337,0.5907059072678279,-0.0817758139026784,0.08556847983197334,0.9928495902053894,-0.015506216456309962
1742955479.164832,0.5637443014428996,0.0404072536807746,0.5905793451108965,-0.08188554252475821,0.08557696616385597,0.9928395428107369,-0.015523627764895128
1742955479.169606,0.5637970536294175,0.04041111747609613,0.5904492225730311,-0.08199851641635712,0.08558314919029013,0.9928294170754259,-0.015540800167910075
1742955479.1748586,0.5638499894180867,0.04041496331410124,0.5903193213949316,-0.08211125376678681,0.08558891226133183,0.9928193342806931,-0.015557942704924976
1742955479.179657,0.5639014067792871,0.04041865188179562,0.5901927794507317,-0.08222105050682421,0.08559481543397571,0.992809477863331,-0.015574565455191213
1742955479.1848829,0.5639512754465897,0.040421999753484816,0.5900689420541667,-0.08232863964681082,0.08560196653814287,0.9927996874492293,-0.015590991611209602
1742955479.1896489,0.5640022432676123,0.04042561041147055,0.5899386536359401,-0.08244273201922815,0.08560919346949482,0.9927893240568839,-0.015608330127978461
1742955479.1949494,0.5640546045062708,0.04042930452169295,0.5898042010967796,-0.08256073316653456,0.08561610347080344,0.9927786442029026,-0.01562599693227401
1742955479.1996126,0.5641076245639202,0.04043309612543958,0.5896744568502608,-0.08267247749438966,0.08562291325742996,0.9927684946995624,-0.01564270188347904
1742955479.204883,0.5641598428885001,0.04043704296762247,0.58954657771247,-0.08278216321886442,0.08562858570833393,0.992758607598032,-0.015659048579412062
1742955479.2099426,0.56421056217419,0.040441462365817055,0.5894219143403187,-0.08288974161507665,0.08563329381290094,0.9927489742041461,-0.015674946327016052
1742955479.2146497,0.5642635027860419,0.040446613980206714,0.5892915795093835,-0.0830013867104302,0.08563814837553435,0.9927389719015921,-0.015691112603172668
1742955479.2199535,0.5643174208883119,0.04045230840406727,0.5891576000335043,-0.08311616209101914,0.08564422532815115,0.9927285851427965,-0.01570753028269758
1742955479.2246149,0.5643713891638813,0.04045745728791578,0.589024274579441,-0.08322945888988964,0.08565221966142186,0.9927181468459072,-0.015723719750603427
1742955479.229893,0.5644257782078074,0.04046115228833521,0.5888911218637489,-0.08333980268736223,0.08566221858214844,0.9927077679499111,-0.015740045982184907
1742955479.2345757,0.5644798994891594,0.04046475782044765,0.5887570290227419,-0.0834506058603178,0.08567201702476777,0.992697352589025,-0.015756523829667614
1742955479.239944,0.56453623100314,0.04046823478599367,0.5886190290851226,-0.08356399189615017,0.08568279908901417,0.9926866086845993,-0.015773843441626176
1742955479.24463,0.564594381985093,0.04047188353986251,0.588478883570181,-0.08367847064878017,0.0856941585556288,0.9926757042152021,-0.0157914850529163
1742955479.24981,0.5646522828357574,0.04047590595745448,0.5883388385924421,-0.08379389328689793,0.08570604298217706,0.9926646591923024,-0.01580923890613828
1742955479.2547052,0.564708995832153,0.04047969409287996,0.5882002781344274,-0.08390980334236335,0.08571983588034006,0.9926533861082182,-0.015827497830747324
1742955479.2595968,0.5647665093777822,0.04048359858938742,0.5880578959699521,-0.08403089840300469,0.08573455602836229,0.9926415666434606,-0.015846582843622982
1742955479.2648797,0.5648249380930243,0.0404870728279576,0.5879102924960835,-0.08415778072028185,0.08574954389143366,0.9926291980220925,-0.015866912133920025
1742955479.2696657,0.5648851817911698,0.04049006224039256,0.5877585293641646,-0.08428733985159864,0.08576497937726606,0.9926165329193414,-0.015888084476879914
1742955479.2749207,0.5649469797769462,0.040492692782424074,0.5876038043772115,-0.08441825020403779,0.08577969601314915,0.9926037928135688,-0.015909534138310373
1742955479.279654,0.5650104399830944,0.040495432670307495,0.5874485884064902,-0.08454568891017666,0.085794135785646,0.9925913608911073,-0.01593056922515514
1742955479.2849364,0.5650791667056109,0.04049917303274316,0.5872867468621035,-0.08466917296738799,0.08580761087008447,0.9925793457391042,-0.015950782987635984
1742955479.289549,0.565151569002746,0.0405038072785223,0.5871212211047071,-0.08478575879927341,0.08581919718043934,0.9925680910558216,-0.01596950587647407
1742955479.2947586,0.565227343207232,0.04050820905027146,0.58695442190013,-0.08489055550059568,0.08583064947933615,0.9925578719823868,-0.015986368022523872
1742955479.299934,0.5653081751549609,0.04051237470204075,0.5867831096085244,-0.08498380556417318,0.08584150338773698,0.992548708666512,-0.016001562811280377
1742955479.3045967,0.5653929233061958,0.04051605564399618,0.5866049389515838,-0.08507457122801582,0.08585155330232462,0.9925398233173097,-0.01601646824961925
1742955479.3099484,0.5654817853139391,0.04051851491223485,0.5864237445526417,-0.08515722060517047,0.08586157501765211,0.992531640457366,-0.01603060838834349
1742955479.314705,0.5655740309417092,0.04051969631646241,0.5862406567646234,-0.08523116722115175,0.08587291089698401,0.9925240984647471,-0.016043854740671357
1742955479.3199036,0.5656705752464012,0.04052047151271175,0.5860522938120852,-0.08529940399789875,0.08588433613305885,0.9925170424733982,-0.01605655269495074
1742955479.3245952,0.5657749122038979,0.04052147164208111,0.5858598515356402,-0.08534450952829513,0.08589664874355452,0.992511954178521,-0.01606552958151615
1742955479.3298812,0.5658852938916661,0.04052305482111546,0.5856646469112406,-0.08536906972187622,0.0859094037864894,0.9925086458514355,-0.01607122229394002
1742955479.3346558,0.5660037005782386,0.04052583279097706,0.5854619768689235,-0.0853755136546491,0.08592153405113027,0.9925070037543151,-0.01607355446493751
1742955479.3398492,0.5661300502332749,0.04052962870524147,0.5852503260522096,-0.08536942333889865,0.08593346398615308,0.9925064950697864,-0.016073536338112482
1742955479.344759,0.5662579958462737,0.04053270269947373,0.5850405287717324,-0.08535381262516599,0.08594682020347177,0.9925067024958254,-0.01607222038560308
1742955479.3497555,0.5663853479149196,0.040534261452030866,0.584830539488009,-0.08534121655951664,0.08596203496476686,0.9925064663074111,-0.016072325246636043
1742955479.3550212,0.5665131245309417,0.04053428588377712,0.5846186329914583,-0.08533131987605737,0.08597940825092484,0.9925057892739511,-0.016073750735979286
1742955479.359757,0.5666459943001211,0.040533179576473385,0.584401684923172,-0.08530971981912053,0.08599921840441072,0.9925059267460545,-0.016073938912694395
1742955479.364878,0.5667840792526664,0.0405319737841771,0.5841697497395179,-0.0852897822365609,0.0860199984407846,0.9925058300831382,-0.016074519130237587
1742955479.3697042,0.56692444510876,0.04053121251385212,0.5839296267578646,-0.08527944365431339,0.08604103427481245,0.9925048632893085,-0.016076481518119117
1742955479.374961,0.5670623375371133,0.04052978920184089,0.5836954653374163,-0.08527679647105528,0.08606427824281299,0.9925030176282464,-0.016080049533588527
1742955479.3796144,0.5671985154669186,0.040528280142657414,0.583463800955581,-0.08527976394518992,0.08608896271632557,0.9925005452745718,-0.01608477508570138
1742955479.3848138,0.5673386063503798,0.04052719017360062,0.5832279954999002,-0.08527511615086525,0.08611695911312625,0.9924984557697494,-0.016088480761943882
1742955479.3898916,0.5674826527435748,0.04052565317107901,0.5829849221264195,-0.08526727228570169,0.08615128816863876,0.9924960859666508,-0.016092456764544568
1742955479.3945947,0.5676249691083255,0.040523261072460105,0.5827338456007832,-0.0852819377517649,0.08619343032852722,0.9924910292621497,-0.016100947042464737
1742955479.399896,0.5677657923524155,0.0405202040213217,0.5824762750541728,-0.08531869279367946,0.08624056061533406,0.9924835682121562,-0.01611375789804773
1742955479.4045649,0.5679025520667073,0.04051644603852632,0.5822223060845251,-0.08536571829814249,0.0862914010193947,0.9924748634172545,-0.01612866189286114
1742955479.4100769,0.5680407617726867,0.04051206679078293,0.5819637801222471,-0.08541472220822237,0.08634411013725452,0.9924658096938243,-0.016144239328002553
1742955479.4147131,0.5681799213595453,0.04050733916962867,0.5817004648775786,-0.08546785599017606,0.0863932329537429,0.9924566983744575,-0.01616034479564415
1742955479.4199433,0.5683199220919387,0.04050292417130148,0.5814320941556423,-0.08553258015800724,0.08644123044375436,0.9924466513939291,-0.01617824303998998
1742955479.4245784,0.5684559324793045,0.04049794489593545,0.5811660214231006,-0.085613673614632,0.08648788123401577,0.9924352608600927,-0.01619871264693102
1742955479.4297917,0.5685856025305016,0.04049194836755991,0.5809027433877826,-0.0857116165561053,0.08653093705221818,0.9924226761668337,-0.0162218232657246
1742955479.434922,0.568715700722741,0.04048540628937869,0.5806251937861621,-0.08583077629698051,0.08657113115113049,0.9924084402834578,-0.016248222845165628
1742955479.4395711,0.5688457965466919,0.04047828944243662,0.5803373919023872,-0.08596483114408762,0.08661024577486888,0.9923929470928867,-0.01627733680552116
1742955479.4449582,0.5689756708720938,0.04047088552494785,0.5800455311432633,-0.08610891630287099,0.08664978758701483,0.9923764972529385,-0.016308174154665178
1742955479.4495683,0.5691044006796206,0.040463771298838824,0.579758464157829,-0.08624793638950567,0.08669039528082605,0.9923603853799662,-0.016338126059339937
1742955479.4549365,0.5692352773899974,0.040457771636389105,0.579460188795752,-0.08639579700409424,0.0867316587996596,0.9923434083065251,-0.016369044336064655
1742955479.4596121,0.5693660565628954,0.04045244594224414,0.579145304709796,-0.08656961515156085,0.08677106395263365,0.9923242392583437,-0.016403913355907643
1742955479.464945,0.569493645987202,0.040446754668909374,0.5788317855012394,-0.08675920885863925,0.0868075509895375,0.9923038744583099,-0.016441091948184355
1742955479.4695497,0.5696174362751691,0.040439344929474576,0.5785286725808071,-0.0869529341493559,0.0868412706147359,0.9922833322075318,-0.016479368433078314
1742955479.4746122,0.5697380795701946,0.04043028347732389,0.5782250516173771,-0.08716234364168123,0.08687176439105541,0.9922616079663131,-0.016520404310466502
1742955479.4795866,0.5698609137698787,0.04041971555997625,0.5779019257239499,-0.08739751206612296,0.08690101027831025,0.9922375982132576,-0.016566170023481614
1742955479.4846115,0.5699829497387979,0.040407692159685676,0.5775744637140584,-0.08764115678666351,0.08692941539783859,0.992212826187943,-0.01661360658678084
1742955479.4895833,0.5701038090060981,0.04039621586105877,0.5772562171823927,-0.08787701617607108,0.08695609103689489,0.9921888588857349,-0.016659428639575525
1742955479.4945874,0.5702230214140471,0.04038415528081658,0.576942684212267,-0.08811300103031779,0.08698296094224962,0.992164798264998,-0.01670558705721399
1742955479.4995708,0.5703437788573137,0.04037118499108854,0.576616861091429,-0.08836367279525152,0.08701106621616261,0.9921392138711842,-0.016754581019200774
1742955479.5046453,0.5704617242548369,0.04035767365448514,0.576289393095623,-0.0886216683453634,0.08703959975484439,0.9921128466227668,-0.01680498557783898
1742955479.5095584,0.5705786095183416,0.0403437876066068,0.5759627550290751,-0.08888191920863937,0.08706964791031585,0.9920860602153067,-0.016856155464206206
1742955479.5146267,0.570695516850703,0.04033028506404622,0.575634251101651,-0.08914602246595014,0.0871009727599397,0.9920587330036627,-0.016907912169753996
1742955479.5196226,0.5708140100207975,0.040316766900392695,0.5752995248266543,-0.08941717866718216,0.08713435364785849,0.9920304915938051,-0.016961023604860806
1742955479.5245736,0.5709320280717447,0.040303077547355834,0.5749671594868349,-0.08968740817826065,0.08716874159112714,0.9920021685043775,-0.017014023224917917
1742955479.529592,0.5710494605092954,0.04029089643245168,0.5746377143499588,-0.08995790113690007,0.0872002240773264,0.9919740120489154,-0.017066234601866508
1742955479.5345678,0.5711691777153337,0.040280082146762666,0.574307684331152,-0.0902268790224257,0.08722946223848789,0.9919461264702004,-0.017117634188814075
1742955479.5396264,0.5712898871233266,0.04026899531545015,0.5739705076768185,-0.09050506650145197,0.08725710043789411,0.9919174374322288,-0.017170575954798244
1742955479.544619,0.5714100507104065,0.04025828175736375,0.5736318939633431,-0.09078755377323396,0.08728247281254048,0.9918884668691488,-0.017223800729509228
1742955479.549651,0.5715319795206896,0.04024787994802419,0.5732910135345396,-0.09107172327267225,0.08730651731801874,0.9918593704282017,-0.017277226273785366
1742955479.5545974,0.5716511516921321,0.04023653679330921,0.5729607640579899,-0.09134902807542128,0.08733053698093694,0.9918308384603792,-0.017329750698674585
1742955479.5596302,0.5717697757161487,0.04022478106836863,0.5726395907286072,-0.09161889028698662,0.0873549158628348,0.9918028999373233,-0.017381176401326952
1742955479.564621,0.5718883549456254,0.04021324134938156,0.5723124897051926,-0.09189636767024907,0.08737842173372222,0.9917742362915511,-0.017433681557514357
1742955479.5695958,0.5720064927912651,0.040203170445372007,0.5719739819438764,-0.09218836357553696,0.08739930369269429,0.9917443430038945,-0.01748786593814532
1742955479.5746,0.5721227023250076,0.040194520060372586,0.5716418186419426,-0.09247519226797017,0.08741777785089132,0.991715081882496,-0.017540447468880522
1742955479.579577,0.572237901581678,0.040187470042536505,0.5713182438099638,-0.09275359569176464,0.08743402848249449,0.991686756751394,-0.01759083947606543
1742955479.5845997,0.5723527159190291,0.04018165089582586,0.5710005354683669,-0.09302622501862752,0.08744810292412025,0.9916591112988647,-0.01763966359379218
1742955479.589618,0.5724700223769525,0.04017606975040153,0.5706798109369811,-0.09329898653540064,0.08746136826322762,0.991631448368537,-0.017688379787555376
1742955479.5945747,0.5725843540978343,0.04016957369850386,0.5703588521278051,-0.0935743363200384,0.08747509434915678,0.9916034080222427,-0.01773788740364207
1742955479.5995831,0.5726991662323296,0.040162954227067435,0.5700381728472703,-0.09384863568236455,0.08748840616482859,0.9915754282274373,-0.01778714431468035
1742955479.6046398,0.5728170915186306,0.04015611568268752,0.5697173510542306,-0.09411991643211112,0.08750198744034451,0.9915476393386641,-0.0178359874053779
1742955479.609664,0.5729329368288608,0.04014979545575985,0.5694041416517496,-0.094383964403774,0.08751478911971809,0.9915205536897018,-0.01788352760574924
1742955479.6146088,0.5730466874854439,0.040143350681628144,0.569098242360691,-0.09463864395866302,0.08752739576183256,0.9914943301233922,-0.017929734911113274
1742955479.619566,0.5731628857155784,0.04013742779582532,0.5687827978343836,-0.09490029899408149,0.08753946362612122,0.9914674017302743,-0.017976842467576727
1742955479.6245842,0.5732799048930838,0.040131804812105897,0.5684598848216497,-0.09516845310685157,0.08755128789190551,0.9914397899717958,-0.018024438476666255
1742955479.6295962,0.5733964508035837,0.040125833767704525,0.5681403433094869,-0.09542963957704856,0.0875635250850771,0.9914127554485708,-0.01807100713137428
1742955479.6346319,0.5735127678928662,0.040119596201828124,0.5678231410819925,-0.09568493117558236,0.0875759557536383,0.9913862112319481,-0.01811701131323646
1742955479.6396134,0.5736309310534504,0.040113904912315444,0.5674998524771149,-0.0959434618906364,0.08758778687834505,0.9913593262601046,-0.018163643558088617
1742955479.6446893,0.573748978972237,0.04010768336417909,0.5671855467344944,-0.09619041712882836,0.08760014856687028,0.9913334774628554,-0.018208626665585235
1742955479.6496415,0.573864022318869,0.04010188659958858,0.5668841119691334,-0.09642214830974893,0.08761221148256823,0.9913091240935465,-0.01825075898016397
1742955479.654611,0.5739798248590734,0.040097559378249166,0.5665832077200373,-0.09664631729599725,0.08762277074503999,0.991285619051525,-0.018291004940090932
1742955479.6596065,0.5741002673630078,0.04009408317522063,0.5662716481841278,-0.09687020111594617,0.08763269515196333,0.9912621514996441,-0.018330899608469647
1742955479.664662,0.5742199896322456,0.04009103038629655,0.565963813038592,-0.09708651889259481,0.08764194919376556,0.9912394582453982,-0.018369349694664104
1742955479.6697176,0.5743364109490496,0.0400886042239653,0.5656708204630452,-0.09728698581499866,0.08765060417616377,0.991218381697367,-0.018404721237735656
1742955479.6746545,0.574449913775142,0.040085943756764046,0.5653822978816805,-0.09748731052544601,0.08765929254294164,0.9911972720555269,-0.018440189453150218
1742955479.6796572,0.5745628155779007,0.04008153949774837,0.5650853806125195,-0.09770526477513339,0.08766942057292056,0.9911741910866272,-0.018479092385712163
1742955479.684603,0.5746709930252207,0.04007664952856239,0.5647915634856016,-0.0979283590338254,0.08767972106582587,0.9911505169064947,-0.018519067113372166
1742955479.6896377,0.5747788608040438,0.040072649373449794,0.5645046309755763,-0.09814383037411707,0.0876893928439896,0.9911276248708224,-0.018557752020962385
1742955479.69459,0.5748859787131859,0.040069783125343664,0.5642206186258816,-0.09835580792118791,0.08769757713782514,0.9911051857085683,-0.01859518415907616
1742955479.6996338,0.5749920841227321,0.040067693121942125,0.5639366605884533,-0.09857061021460718,0.08770497442499939,0.991082487525416,-0.01863263758741353
1742955479.7046113,0.5750959801689624,0.04006537205917453,0.5636592517565803,-0.0987824199796846,0.08771243064842728,0.9910600411042353,-0.018669706456546652
1742955479.709653,0.5751972839188056,0.040063454276601,0.5633861428019935,-0.09899445896316454,0.08771935413030636,0.9910375748118299,-0.018706611575567505
1742955479.7145734,0.5752973514847778,0.040061048811138956,0.563114184253674,-0.0992080283508413,0.08772651638750271,0.9910148790414345,-0.01874393106429269
1742955479.719612,0.5753949528596621,0.04005675247981331,0.562844239448805,-0.09942332138890637,0.0877357568939666,0.9909917601249449,-0.018782212082303972
1742955479.724603,0.5754899644101299,0.040050985238977994,0.5625780977914302,-0.09964014786590424,0.08774635112117031,0.9909682994781006,-0.01882148314194791
1742955479.729582,0.5755830276880333,0.040045018996682474,0.5623204028637808,-0.09985003000037024,0.087757087692117,0.9909454943051557,-0.018859808722093727
1742955479.734606,0.5756745976341324,0.04003907726201134,0.5620637634938463,-0.10006244690562827,0.08776780343819099,0.9909223817696164,-0.018898484249378757
1742955479.7396166,0.5757623349199796,0.040032759921691696,0.5618162176564856,-0.10027046406890675,0.08777867394613621,0.9908996652052074,-0.018936523753630252
1742955479.7446098,0.5758468477958038,0.04002619221883703,0.5615776155948229,-0.10047056541993818,0.0877897744828406,0.9908777064055035,-0.018973453270782595
1742955479.749642,0.575928575520289,0.040019394527581645,0.56134534603297,-0.10066707215659593,0.08780084130973961,0.9908560808907723,-0.01900999238558829
1742955479.7547035,0.5760087104339368,0.040012073755444515,0.5611133331799663,-0.10086281108128775,0.08781227507726018,0.9908344552023584,-0.019046786353130587
1742955479.7595823,0.5760881808582674,0.04000345259157116,0.5608725643554799,-0.10106881025534774,0.08782489936562321,0.9908115997546452,-0.01908550331082444
1742955479.7646115,0.5761657713665301,0.03999438579884764,0.560637990084015,-0.10126983676508444,0.08783819685459242,0.9907891634503821,-0.01912341298511001
1742955479.7696478,0.5762418318655902,0.039984567070566274,0.5604214303032621,-0.10145157774312207,0.0878525414324719,0.9907686208550808,-0.019158503757033818
1742955479.774644,0.5763160698708432,0.039974355857728155,0.5602123883081227,-0.10162541057419487,0.08786724140549068,0.9907488375250306,-0.01919283085467501
1742955479.7795653,0.5763897859641856,0.03996376150181496,0.5600062212019703,-0.10179450043081321,0.08788212944077009,0.990729496158714,-0.019226971891009966
1742955479.7846198,0.5764629395294756,0.03995257251858407,0.5597998059234437,-0.10196229510720475,0.08789777768510759,0.9907101937416206,-0.019260920822517597
1742955479.789616,0.576536304639386,0.039940235022653474,0.5595930923290994,-0.10212925726188511,0.08791454922369954,0.9906908483808076,-0.019294812267683918
1742955479.7946024,0.5766098866757986,0.03992627114351956,0.5593894199366799,-0.10229033765615991,0.08793324818387954,0.990671919945588,-0.019328158664074103
1742955479.7995837,0.5766811813152709,0.039910017584554,0.5591943715969111,-0.1024420893980487,0.08795414252008814,0.9906537466113786,-0.01936082276548966
1742955479.8045828,0.5767499904125013,0.03989172013868908,0.559006038666908,-0.10258836306607112,0.0879773832097651,0.9906359002462255,-0.01939383794756744
1742955479.809618,0.5768165853712124,0.0398736731663835,0.5588236785800259,-0.10273073012064618,0.08800047283619203,0.990618451062702,-0.019426741456528597
1742955479.814589,0.5768809989799785,0.03985715805150145,0.55864624199443,-0.1028704919725786,0.08802199213862219,0.9906014045934219,-0.01945887969045443
1742955479.819655,0.5769426629969275,0.039840513358994266,0.5584746208296467,-0.10300850121246588,0.08804321070169012,0.9905845529799143,-0.019490641982309008
1742955479.8247247,0.5770017080737962,0.039824929656032196,0.558309047161691,-0.10314324420549881,0.08806333346429238,0.9905681440022379,-0.019521079936400256
1742955479.82963,0.577055668572782,0.039811139809100414,0.5581555429918121,-0.10327115859010931,0.08808115666665293,0.990552673149991,-0.019549408152888633
1742955479.8346589,0.5771051077212461,0.039798612425878434,0.5580131528579931,-0.10339114066785995,0.08809722133852593,0.9905382078758594,-0.019575759548748076
1742955479.8396814,0.5771524850442216,0.03978631685087438,0.5578727109249699,-0.10351047283192165,0.08811287105033834,0.9905238378525393,-0.019601801326789934
1742955479.8446424,0.5771977228202996,0.039774343212809565,0.5577338200126194,-0.10362954041988649,0.08812810882778095,0.9905095217796427,-0.019627583923283873
1742955479.849727,0.5772412679967179,0.03976319602038929,0.5576027782394393,-0.1037416965697489,0.08814232772708355,0.9904960316450179,-0.019652016465322074
1742955479.8546119,0.577282430188406,0.039752975181283484,0.5574841561363935,-0.10384185563937018,0.08815547830279952,0.9904839280764045,-0.019674066303458387
1742955479.859615,0.577319977495631,0.03974473949956318,0.5573762755434716,-0.10393283134676592,0.08816624793200813,0.9904730418957427,-0.019693465201196966
1742955479.86462,0.5773559384876452,0.03973740557789308,0.5572721408588294,-0.10402092748270153,0.088176096927974,0.990462549315483,-0.01971195017397915
1742955479.869583,0.5773911557547915,0.039730822686802905,0.5571694048624327,-0.10410813412771273,0.08818492871313321,0.990452242501765,-0.019729928523205265
1742955479.8745875,0.5774245966389587,0.039724393194090546,0.557071770971972,-0.10419098266441433,0.08819351794801952,0.9904424249648314,-0.01974703403451622
1742955479.8795936,0.5774546987993076,0.03971789016889826,0.5569836435462071,-0.10426564676573731,0.08820204495726142,0.9904334927180931,-0.01976286092950075
1742955479.884593,0.5774818579256903,0.039711279851611714,0.5569049627875582,-0.1043320377829308,0.08821057079625366,0.9904254517826447,-0.01977740005674019
1742955479.889695,0.5775050670738601,0.03970566283694155,0.5568367686276472,-0.10438999003710746,0.08821789848199024,0.990418441963428,-0.019789951647483376
1742955479.8948317,0.5775258479414379,0.039702518506701166,0.5567732458266759,-0.1044445199037282,0.08822225959610272,0.9904120917301957,-0.01980059919437054
1742955479.8996856,0.5775439150258476,0.03970138449785416,0.5567153226054185,-0.10449488439687611,0.08822432323661998,0.9904064178028925,-0.019809480032711976
1742955479.90485,0.5775602960972902,0.03970147406686013,0.5566635468591559,-0.10453974558897693,0.08822482536019732,0.9904014909690296,-0.019816873332540494
1742955479.9095733,0.5775745886247302,0.03970215440136246,0.5566198826050401,-0.10457750462386763,0.08822492850435028,0.9903973768270484,-0.019822802303124512
1742955479.914901,0.5775869077229635,0.039703455934725226,0.5565835451596932,-0.10460858683295049,0.08822420293155706,0.990394073353951,-0.01982707853601107
1742955479.919614,0.5775965278777287,0.03970478602202548,0.5565550856175397,-0.10463305650493208,0.08822337361794971,0.990391498881393,-0.01983024904965358
1742955479.924749,0.5776035869203947,0.03970677013887281,0.5565338788312684,-0.10465150863621768,0.08822170052185521,0.990389671242286,-0.01983160088828878
1742955479.92978,0.5776082650395226,0.03971002986755054,0.5565193154024344,-0.10466453589072695,0.08821895362807503,0.9903885476707173,-0.019831182270193
1742955479.9345863,0.5776105041029445,0.039715111651470056,0.5565112873023812,-0.10467211199761044,0.0882142993370088,0.9903882100684605,-0.019828759916632875
1742955479.9398847,0.577610449623378,0.03972323489053642,0.5565096127945349,-0.10467463166292511,0.0882064532066078,0.9903887431847301,-0.01982373506461937
1742955479.94457,0.5776089516284058,0.03973329664399612,0.5565118015588555,-0.10467427708780076,0.08819655421249735,0.9903898008026694,-0.01981681122777769
1742955479.9498851,0.5776068415936492,0.0397442318600194,0.5565158974303064,-0.10467210624806875,0.08818577528600832,0.9903911477085072,-0.01980893110252496
1742955479.9546194,0.5776032847338596,0.039754987036993684,0.5565252803039592,-0.10466552589264048,0.08817489106181955,0.990392995225347,-0.019799779908350287
1742955479.9598913,0.5775978904881057,0.03976504643029457,0.5565400027323429,-0.10465486184410297,0.0881649180683703,0.9903952059814998,-0.019789974311551373
1742955479.9646666,0.577590600078912,0.03977530477865691,0.5565593279293208,-0.10464043384087907,0.08815477723450824,0.9903978449116793,-0.01977937437403748
1742955479.9697385,0.5775819566945973,0.03978715270198953,0.5565815251119597,-0.10462434238662317,0.08814328132872239,0.9904008029266875,-0.019767612373403402
1742955479.9748034,0.5775727276363436,0.03979967201332933,0.5566045954046429,-0.10460853360926793,0.08813147278018148,0.9904037681383051,-0.019755360264021325
1742955479.979602,0.5775613336538096,0.039812643920364404,0.5566339072626584,-0.10458787012009091,0.08811929907299702,0.9904073016521572,-0.01974191958042061
1742955479.9848833,0.5775473839975416,0.0398260176170432,0.5566705967551536,-0.1045608477195782,0.08810671622257188,0.9904115591336086,-0.019727625685140637
1742955479.9896576,0.577531012732676,0.03983904199327637,0.556713790334282,-0.10452895275379787,0.08809488003013399,0.9904162656383412,-0.01971321657349172
1742955479.9948707,0.577513279590761,0.039850184060510364,0.5567620435895767,-0.10449153348794184,0.08808542587190998,0.9904213184795576,-0.019699976637478977
1742955479.9996057,0.5774944663563409,0.03985961170672619,0.5568148966555352,-0.10444823720006711,0.0880778667502017,0.9904268095663966,-0.019687306231705573
1742955480.004896,0.5774743739277753,0.03986717603062333,0.5568725742517975,-0.10440013091825619,0.08807286361682425,0.9904325611543904,-0.019675496530917658
1742955480.0097497,0.5774527978138001,0.03987190832316857,0.5569364527151505,-0.10434626720596672,0.08807085893532203,0.9904386376827667,-0.019664315693171616
1742955480.014733,0.5774307289328899,0.0398741206751159,0.5570028698935019,-0.1042897156005979,0.08807199332986762,0.9904446943053212,-0.019654178519821968
1742955480.0197577,0.5774078907465524,0.03987486871028514,0.5570720309171534,-0.10423074379411827,0.088074591742238,0.9904508663820217,-0.01964432795148644
1742955480.0246289,0.5773842781154406,0.039873998179626106,0.5571432836701626,-0.10416991343967133,0.08807881712129896,0.9904570747765955,-0.019635023134027457
1742955480.0298939,0.5773596836573512,0.03987143697612343,0.5572157902434346,-0.10410834788345597,0.08808390255273088,0.9904632699447428,-0.019626229959572444
1742955480.0345669,0.5773342073793358,0.039867590405126725,0.5572915286921536,-0.10404386554832629,0.08808969667699929,0.9904697122230881,-0.019617047428940958
1742955480.039902,0.5773075254806039,0.039861871385786306,0.557370709268072,-0.10397664624548293,0.08809686370193313,0.9904763153989964,-0.019607862582463446
1742955480.0445745,0.5772784759115848,0.039854278808256656,0.5574574301084848,-0.10390274577126561,0.08810511366113218,0.9904835304804221,-0.01959806661355647
1742955480.0500548,0.5772472937965799,0.039844650172026486,0.5575503683705519,-0.10382360460480791,0.08811489871718249,0.9904911598121007,-0.019587906600879956
1742955480.0545614,0.577215228689865,0.03983418830856745,0.5576459956125736,-0.10374219376610726,0.08812512680282578,0.9904989792559025,-0.019577828061268693
1742955480.0598881,0.577182573011399,0.03982559647649677,0.5577430733566169,-0.1036595563263402,0.08813317420794392,0.9905071239075681,-0.0195672551630562
1742955480.0646424,0.5771474684123482,0.03981953151511692,0.5578477209063818,-0.10357032666340817,0.08813844109409859,0.9905162351338807,-0.019554809447804713
1742955480.0696619,0.577110598123557,0.03981081246095701,0.5579575480331807,-0.1034767986705103,0.08814613831463554,0.9905255716586654,-0.019542321443318265
1742955480.0748758,0.5770732163229182,0.039796483248493775,0.5580694883398722,-0.103381306031677,0.0881595013981175,0.9905345852067293,-0.019530575663631745
1742955480.0795887,0.577036032505697,0.03977986029311213,0.5581813335698169,-0.10328571382506285,0.08817503236330078,0.9905433932117919,-0.019519506957082888
1742955480.0849,0.576999043484689,0.03976164357466659,0.558293211458219,-0.10318998997099059,0.08819239864842912,0.9905520282458924,-0.019509129359669964
1742955480.0895667,0.5769626908125906,0.0397418155217801,0.5584076671894536,-0.10309109651996207,0.08821172400607959,0.9905607964218341,-0.019499388665517235
1742955480.094854,0.5769269490058893,0.03972092979595347,0.5585264426122218,-0.10298706382344298,0.08823251552877007,0.9905699594865641,-0.01948956775503703
1742955480.099554,0.5768889560286302,0.039699868411349974,0.5586516826593099,-0.10287756838354065,0.08825368499863033,0.9905796517580159,-0.019479387326619853
1742955480.1049354,0.5768486590413743,0.03967730211813695,0.5587819505474445,-0.10276396857859278,0.08827633186979435,0.990589624613311,-0.01946924759849837
1742955480.1097996,0.5768067269595384,0.03965191376157667,0.5589127529379039,-0.10265095384851602,0.08830197039041904,0.9905992377249168,-0.019460059557291298
1742955480.114576,0.5767626488811759,0.0396232835216833,0.5590460269076911,-0.1025366223327727,0.08833064686223005,0.9906086872475545,-0.019451649163073997
1742955480.1199148,0.5767167962315379,0.03959134926621462,0.5591864125857746,-0.10241559940560564,0.08836287744495068,0.990618496606292,-0.019443278260858825
1742955480.1245615,0.5766693960515443,0.03955622457169864,0.559332894858285,-0.10228926000364079,0.0883983331437336,0.9906285487714637,-0.019435028794962315
1742955480.1299407,0.5766204694201968,0.03951719838466909,0.5594873384729754,-0.10215514122974695,0.08843797508086376,0.9906390067962959,-0.019427040370975535
1742955480.134567,0.5765719680377251,0.039475487853975345,0.5596435004723769,-0.102018844203489,0.08848068792571481,0.9906493776772977,-0.019419933036942845
1742955480.1395948,0.5765231491210183,0.039432702184779456,0.5598011109534243,-0.10188118556792576,0.08852492987392761,0.9906597151030243,-0.01941364700629099
1742955480.144601,0.5764722996328163,0.03939114207980395,0.5599691856009873,-0.10173348692498722,0.0885679403666878,0.9906712077303671,-0.019405559804914308
1742955480.1497047,0.5764206847989574,0.03934682570258478,0.560139894531159,-0.10158332296737713,0.08861412856847023,0.9906826257552639,-0.0193984468350407
1742955480.1546202,0.5763680458838218,0.03929943428798016,0.5603059322953842,-0.10143881617686018,0.08866329844625306,0.9906931319616723,-0.01939341035610824
1742955480.1595938,0.5763156748388552,0.03924909724335711,0.5604666522875358,-0.10129995789717279,0.08871561745305381,0.9907027208815529,-0.01939011572534972
1742955480.1648636,0.576262199804487,0.03919349380768028,0.5606333560437489,-0.10115560005947777,0.08877341700715198,0.9907123393825309,-0.019387769461038373
1742955480.169658,0.5762080381569512,0.039132920758958176,0.5608100443270083,-0.10100047972761682,0.08883666969681063,0.9907225363727771,-0.019385694082559076
1742955480.1748815,0.5761546897149179,0.039070583567937994,0.5609885464377748,-0.10084285219553597,0.08890225498854545,0.9907327383596191,-0.01938425550470658
1742955480.1799726,0.5760999461219682,0.039007994327952294,0.5611696501371995,-0.10068349111651938,0.088968170145966,0.9907430517624021,-0.01938310351802696
1742955480.1848543,0.5760425192229127,0.038945522771565086,0.5613556770924956,-0.10052033429391694,0.08903426575448423,0.9907537011710758,-0.019382093045225823
1742955480.189589,0.5759828075569445,0.038883827535913525,0.5615437729707182,-0.10035609341368637,0.08909968571767056,0.990764490751426,-0.019381031598530173
1742955480.1946042,0.5759233901207794,0.03882246941012976,0.5617257375208822,-0.10019862174348367,0.08916477524221396,0.9907745693012149,-0.01938122500524737
1742955480.1995442,0.5758625412831736,0.03876238217260539,0.561908898205079,-0.10004215943733341,0.08922852274543067,0.9907846440377287,-0.019381078473980143
1742955480.204584,0.5758001296346911,0.03870413093518463,0.5620957203437066,-0.09988338831496678,0.08929034733530292,0.9907951178485629,-0.019379810600598853
1742955480.2096117,0.5757364127451063,0.03864907436598467,0.562284841190412,-0.09972419754522242,0.08934840551184216,0.9908059728513535,-0.0193770745608293
1742955480.2148542,0.5756719513980119,0.03859803843315336,0.5624754283398258,-0.09956415392334603,0.08940232571367245,0.9908172932386291,-0.019372527707845016
1742955480.219573,0.5756036818465106,0.038549268011627336,0.5626748024502705,-0.09939758384673988,0.08945355709905839,0.990829516592988,-0.019366220484687228
1742955480.2246492,0.5755351719000669,0.03850199900881988,0.5628742717102474,-0.09923108236068938,0.08950326646078959,0.9908418566890578,-0.019359044897813916
1742955480.2296228,0.5754661643477055,0.038455486531654814,0.5630740350222655,-0.0990653503379395,0.08955207925981483,0.9908541692271475,-0.019351919487336847
1742955480.2345808,0.5753955762767838,0.03840958502550613,0.5632775450091162,-0.09889696984996281,0.0896001105600583,0.9908667991706885,-0.019344142352537123
1742955480.2396066,0.5753240403483474,0.038364396376856555,0.5634824729366446,-0.09872861578465222,0.08964737995914333,0.9908794722279619,-0.01933595637519219
1742955480.2448907,0.5752525338062384,0.03831982521227224,0.5636873720798943,-0.0985602280204906,0.08969442200859168,0.9908921384189463,-0.019327755498797214
1742955480.249555,0.5751804676826927,0.03827789938210822,0.5638941358582636,-0.0983883927136979,0.08973904697733186,0.9909053544143539,-0.019318546005824506
1742955480.2545767,0.5751087163698424,0.03823686929705764,0.5641001626996429,-0.09821572843403192,0.08978327097001389,0.9909186520975442,-0.019309579676518966
1742955480.2596018,0.5750373336313097,0.03819747646300739,0.5643062328533225,-0.09804148567899959,0.08982591187490525,0.9909322357564222,-0.019299657522215862
1742955480.2645557,0.5749645241731198,0.03815912193780296,0.5645171435524845,-0.09786092294478298,0.08986745811513594,0.9909465357318817,-0.019288417594560986
1742955480.2695758,0.57489140597888,0.0381229057859457,0.564728774563465,-0.09767861912016393,0.08990669609092021,0.9909612108341,-0.019275683827224013
1742955480.2749126,0.5748190612930877,0.038087352807249134,0.5649379181049784,-0.09749874209635925,0.08994485930538003,0.9909757116698314,-0.019262825717796313
1742955480.2799203,0.5747471082149045,0.038049609673858946,0.565147502597878,-0.0973173908033811,0.08998554932059602,0.9909900818431426,-0.019250559711707645
1742955480.2846217,0.5746747542863414,0.03801108375618753,0.5653577989831692,-0.09713536470256987,0.09002717709684196,0.991004392856818,-0.0192385458536299
1742955480.2895808,0.5746020793605655,0.03797110299610209,0.5655689448064856,-0.09695252812340982,0.0900702617187716,0.9910186041807999,-0.019227100975719183
1742955480.294596,0.5745278977800967,0.03793068424530519,0.5657851327383543,-0.09676481541512116,0.09011362862365303,0.9910332392341703,-0.01921518063885344
1742955480.2995887,0.5744549001123641,0.037891154469067025,0.5659960142754644,-0.09658179559238782,0.09015542835148276,0.9910475166505217,-0.01920352154540534
1742955480.3045828,0.5743856717202918,0.037854341937960806,0.5661956125903931,-0.09640877776207371,0.09019415721185017,0.9910610604016035,-0.019192085111223788
1742955480.3098776,0.5743172417705409,0.03781914935391593,0.5663945645195354,-0.09623544892274313,0.0902312451244525,0.991074766918916,-0.0191798631524149
1742955480.3145816,0.5742473745367636,0.037783147504088135,0.5666011454991685,-0.0960544728871897,0.09026878315338945,0.9910891663092216,-0.019166362483855573
1742955480.3196108,0.5741763352381437,0.037746769336907085,0.5668128886210545,-0.09586983438717635,0.09030643129674124,0.9911039000360834,-0.01915157054362833
1742955480.3246064,0.5741046224336417,0.0377096163438188,0.5670250292331398,-0.09568499347788909,0.09034465232110428,0.9911185696480775,-0.019136528391118044
1742955480.3299074,0.5740323148262105,0.037674511755487645,0.5672319967746201,-0.09550612873690759,0.09038035207256646,0.9911328584768494,-0.019121406340481664
1742955480.3347383,0.5739642488549401,0.037641471654643044,0.5674262630056173,-0.09533832431349276,0.09041414262753036,0.9911462005931286,-0.01910747968282212
1742955480.3395894,0.5738975390453529,0.037611915014035366,0.5676177287400025,-0.09517265474814382,0.09044421743000498,0.9911596628510075,-0.019092722664453055
1742955480.344872,0.5738296413818339,0.03758467289190977,0.5678141231438585,-0.09500249140926649,0.09047159843151274,0.9911738080505118,-0.019076130056343156
1742955480.3496482,0.5737618736425915,0.03755746245830487,0.5680105796606825,-0.09483221832004932,0.09049872340470831,0.9911879695621664,-0.019058867380997806
1742955480.3549201,0.5736932621892441,0.03752772193368358,0.5682052341057271,-0.09466431167987438,0.09052803742217427,0.9912016641764508,-0.01904214978671008
1742955480.3595984,0.5736254197680803,0.037496261241607376,0.5683978513496533,-0.09449795673569866,0.09055918681321991,0.9912149997740823,-0.01902614199916646
1742955480.3648808,0.5735620387163074,0.03746546188437093,0.5685779475482151,-0.09434247597845069,0.0905895624852217,0.9912273209691093,-0.01901122193322183
1742955480.3696232,0.573500963295129,0.03743565362059362,0.5687521318227469,-0.09419177759425447,0.09061901410209619,0.9912392377580904,-0.018996758817189995
1742955480.3749018,0.5734409088830791,0.037406517526505964,0.5689263437724186,-0.09403963787798085,0.09064805318538978,0.9912513099443863,-0.018982030845389502
1742955480.3796122,0.5733810893544373,0.03737817283954543,0.5691002439521579,-0.09388560017097836,0.09067616959305903,0.9912636266774434,-0.01896704443892773
1742955480.3845658,0.573324556946568,0.03735100389251921,0.569263472487068,-0.09373861507144521,0.0907032355875478,0.9912753321084601,-0.0189528639445182
1742955480.3898573,0.5732706116350152,0.03732402501661697,0.5694214731175453,-0.09359335710106126,0.09073030222309084,0.9912868489345086,-0.01893881977718394
1742955480.3946075,0.57322064107821,0.03729691932549614,0.5695716636628859,-0.09344978294462777,0.09075760717503853,0.9912981619801531,-0.018924821326332313
1742955480.3998923,0.5731751175204619,0.03726853310220402,0.569712587735445,-0.09330943576437176,0.0907865767256995,0.9913089740140847,-0.018912025880537434
1742955480.4046612,0.5731333372898668,0.03723972879786349,0.5698483720186746,-0.09316846771979603,0.09081628318102189,0.9913197500518406,-0.01889953674263504
1742955480.4098847,0.5730938793901997,0.037210945051384565,0.5699843526021094,-0.0930223191025065,0.09084625035615848,0.9913309761051086,-0.01888657617225552
1742955480.4149258,0.5730554314604213,0.037182728479296163,0.5701208220658562,-0.09286981230275368,0.09087593617926057,0.9913428137312592,-0.018872939616931386
1742955480.4198837,0.5730197919178974,0.03715718773761277,0.5702516858452941,-0.09271212997509938,0.09090347879001492,0.9913553254640928,-0.018858344925692105
1742955480.4248707,0.5729878952212681,0.03713502088677231,0.570374541487461,-0.09255222453720502,0.09092784605402628,0.9913683274370724,-0.018842820909084533
1742955480.429622,0.5729585100580041,0.03711520689232087,0.5704940218648576,-0.0923898563006293,0.09094994637603501,0.9913817650869748,-0.018825980983197363
1742955480.4347687,0.5729318489382846,0.03709785704446933,0.5706089004844045,-0.09222628950687035,0.09096938885430772,0.9913955514335452,-0.018808041180454965
1742955480.4396892,0.5729057103068166,0.037081286579679046,0.5707224595700998,-0.09206391629413106,0.09098789931782207,0.9914092909085576,-0.018789768346321303
1742955480.4445932,0.572879681530688,0.03706560506040186,0.5708361961396683,-0.09189986450747507,0.09100543397932724,0.9914232648301512,-0.01877061115856282
1742955480.449607,0.5728553693291735,0.037051106987598864,0.5709447259170766,-0.09174108979199579,0.09102174874138749,0.9914368309271918,-0.0187516394185574
1742955480.454719,0.572831778772789,0.03703892270952722,0.5710463282740208,-0.09159609059263908,0.09103532637658648,0.9914493264026466,-0.01873389215811537
1742955480.459651,0.5728069952541514,0.037029104893200236,0.5711479793029564,-0.09145779693263154,0.09104592124396568,0.991461457126508,-0.01871605293989169
1742955480.4646628,0.5727803458946189,0.03702281553987803,0.5712494469200555,-0.09132575056125401,0.09105260161883813,0.9914733682275498,-0.01869735591954978
1742955480.4696183,0.5727535689884132,0.037019935172027806,0.5713457345529828,-0.09120524714690714,0.09105536209672482,0.9914845553337085,-0.01867887740267575
1742955480.4745977,0.572725175411565,0.03701868493687503,0.5714397717138235,-0.0910971250300777,0.0910560485244109,0.9914947632952423,-0.018661302111214487
1742955480.4797025,0.572696417547211,0.037017665249985274,0.5715277776676148,-0.091005036780407,0.09105622688701472,0.9915034873935303,-0.01864621441914472
1742955480.4847105,0.5726662443525578,0.037016924131436646,0.5716128736853142,-0.09092719491316924,0.0910560749620075,0.9915108899469526,-0.018633076888642127
1742955480.489689,0.572635803367621,0.037016074407666306,0.5716958332483443,-0.09085637254962424,0.09105594754902556,0.9915176099203005,-0.018621578907492983
1742955480.4945827,0.572605714835624,0.03701638957963968,0.5717784640142072,-0.09078596502091313,0.09105507265711332,0.9915243513113232,-0.018610294336445794
1742955480.49962,0.5725751219137287,0.0370196611402168,0.5718619399454339,-0.09071521365338486,0.09105106212964797,0.9915314214246891,-0.018598237132034186
1742955480.5046036,0.5725446674524103,0.037025647489275865,0.5719437625927504,-0.09064629316446594,0.09104426686833686,0.9915385855446299,-0.018585596092227562
1742955480.5095434,0.5725152068251841,0.037033103865287464,0.5720202853487726,-0.09058327187810904,0.09103591554129589,0.9915453434190696,-0.01857323023531447
1742955480.5145469,0.5724873662472783,0.03704240220116118,0.5720924399583035,-0.09052415783947924,0.09102540002375437,0.9915519448753197,-0.018560549882463914
1742955480.519533,0.5724608317253387,0.0370525904761434,0.5721620475575551,-0.09046558342324967,0.09101376568450098,0.991558610409475,-0.018547096663599424
1742955480.5245237,0.5724334212856371,0.03706224413333211,0.5722346613059814,-0.09040394772738049,0.09100218680474755,0.9915655699478265,-0.018532369683903822
1742955480.5295658,0.5724057243033065,0.03707271933807971,0.5723076489899817,-0.09034236851477709,0.09098949211741518,0.9915726407041321,-0.018516667691279822
1742955480.5346127,0.5723779482432295,0.03708633867091151,0.572380198588827,-0.09028116887999015,0.09097338520014446,0.9915800144789536,-0.018499422066837284
1742955480.5399778,0.5723514477435468,0.03710335680377111,0.5724484808962679,-0.09022405780488932,0.09095394308346832,0.9915873355225939,-0.018481224580421687
1742955480.5445828,0.5723255236251095,0.03712266141047705,0.5725150900318073,-0.09016827068231956,0.0909319556100505,0.9915947770789304,-0.01846240723411108
1742955480.549643,0.5722996091307674,0.03714404586891635,0.5725810755507286,-0.09011336268566614,0.09090780473653558,0.9916023488092359,-0.018442742189597943
1742955480.5546348,0.5722740653606563,0.03716799119105054,0.5726456459133509,-0.0900597469369281,0.09088129022041244,0.9916100344869441,-0.018422067591104378
1742955480.5595877,0.5722496261978084,0.0371935287585001,0.5727069008815606,-0.09000901603807805,0.0908529030833328,0.9916176320619559,-0.018401054780289878
1742955480.5646577,0.5722282270416456,0.0372204124977679,0.5727599932306957,-0.08996545996532714,0.09082305404420338,0.9916246972042375,-0.018380662716979104
1742955480.5696108,0.5722087281170912,0.03724834522075957,0.5728080159429769,-0.08992592479296692,0.09079168955420165,0.991631530446101,-0.018360418926231446
1742955480.574602,0.5721902469855917,0.0372784256723493,0.5728550845006708,-0.08988720706672472,0.09075789659739528,0.9916385243922335,-0.018339333470820195
1742955480.5796108,0.5721738174344184,0.03730800827109893,0.5728964010815832,-0.089853350446954,0.09072454763000166,0.9916450157875576,-0.01831923946246271
1742955480.5846639,0.5721587482396271,0.03733769933331424,0.5729335985366842,-0.08982312080395115,0.0906907605723998,0.9916512055415097,-0.01829971212639895
1742955480.5896304,0.5721455676351896,0.03736796600642336,0.5729634050540761,-0.08979973747691301,0.09065609706241796,0.9916568378615691,-0.018281004810478212
1742955480.594625,0.5721344747605798,0.03739838018461542,0.5729878262827809,-0.08978090282618316,0.09062122643428344,0.9916620631069436,-0.018262951616371925
1742955480.5995955,0.5721249044588984,0.03742733901257099,0.573008867037474,-0.08976478126175601,0.09058802967302922,0.9916668653913547,-0.018246123146358796
1742955480.6046023,0.5721162040132545,0.037455105970268326,0.5730276894408464,-0.089750544823813,0.09055625786785829,0.9916713484106345,-0.018230211360061747
1742955480.6095908,0.5721086806951492,0.03748079374945642,0.5730447168526743,-0.08973749114669954,0.09052691636381784,0.9916754793112647,-0.018215483225209834
1742955480.6146271,0.5721025663290418,0.037504618548501664,0.5730577277655216,-0.08972783710225693,0.09049968751362175,0.9916790812372313,-0.018202242866429547
1742955480.619602,0.5720979268665985,0.03752886551606769,0.5730661078509687,-0.08972226739260432,0.09047204438081388,0.9916823338342385,-0.018189906007560278
1742955480.6246026,0.5720949563832037,0.03755450171118451,0.5730697077929603,-0.08972070618818787,0.09044320776648541,0.9916853242664699,-0.018177972508161454
1742955480.629551,0.572093391049447,0.03757880001446734,0.5730698582744532,-0.08972219863791951,0.0904160377618969,0.9916878640101218,-0.018167211180014325
1742955480.6345854,0.5720922016476991,0.03760223693674406,0.5730689649563636,-0.08972452436185899,0.09038961832805346,0.9916902536662776,-0.018156745574604758
1742955480.6395824,0.5720915023234348,0.03762336722019176,0.5730670565318373,-0.08972773195960651,0.09036574890862042,0.9916923158740459,-0.018147070781279136
1742955480.6447654,0.5720918559130703,0.03764157137091802,0.5730628039163724,-0.08973259957687621,0.09034510815743406,0.9916939032858731,-0.018139023976689
1742955480.6495826,0.5720932487970055,0.03765787208370234,0.5730561827391168,-0.08973944459830335,0.0903267572011886,0.9916950821936691,-0.01813209777156237
1742955480.6545966,0.5720950309774511,0.037673652048340556,0.5730484557690436,-0.08974727857290139,0.09030895658127419,0.9916961093719102,-0.01812581050811303
1742955480.6596217,0.5720962729306607,0.037689703032579534,0.5730422815584842,-0.08975368069257264,0.09029094642222332,0.9916972905229667,-0.01811920985367658
1742955480.664652,0.5720979770626788,0.03770665784326598,0.5730346678338297,-0.08976139547458538,0.09027203979241416,0.9916984326152849,-0.018112687888858045
1742955480.6695843,0.5721005104293513,0.0377241041786031,0.5730247196189265,-0.08977116423717252,0.09025265246320763,0.991699428748044,-0.018106347385971448
1742955480.6745596,0.5721033965983591,0.03774099208629552,0.573013977506108,-0.08978147325957794,0.09023391530339599,0.99170030879103,-0.01810041800995638
1742955480.679558,0.5721060223006187,0.03775690579461233,0.5730040307289633,-0.08979121861240935,0.090216089229805,0.9917011571085332,-0.01809445477970191
1742955480.6845438,0.5721082770950876,0.03777226001890378,0.5729952147424925,-0.08979991800350122,0.09019892758186203,0.9917020402879843,-0.018088434932183164
1742955480.6895795,0.5721104487975035,0.0377866249059555,0.5729867777867217,-0.08980824172877479,0.09018293420488549,0.9917028418896066,-0.018082905846719368
1742955480.6946034,0.5721123327189704,0.03780100326468806,0.5729789289626788,-0.08981615692402184,0.09016688209685794,0.9917036870872105,-0.018077288125238147
1742955480.6996636,0.5721140358849607,0.037815716934511454,0.5729716305102517,-0.0898236028889496,0.09015041566575605,0.9917046139316346,-0.018071569551300216
1742955480.7047455,0.5721152242667945,0.037830862504096306,0.5729652051711042,-0.08983092793147558,0.09013344334172692,0.9917056043774959,-0.018065464970475453
1742955480.7097547,0.5721154078421145,0.03784601393625335,0.5729603106151077,-0.08983910191968311,0.09011646867051665,0.9917065112564656,-0.018059716834723037
1742955480.7146769,0.5721151519011555,0.03786092127781584,0.5729560752666997,-0.08984735409056749,0.09009975129623518,0.9917073857714549,-0.01805405177868853
1742955480.71961,0.5721146293783371,0.03787545177867378,0.5729522953924899,-0.0898561629200169,0.09008359470447988,0.9917081564978903,-0.018048498163734824
1742955480.724599,0.5721136783516922,0.03788940416928793,0.5729489042325997,-0.08986562232096486,0.09006778948317208,0.9917088305566575,-0.018043243013036798
1742955480.7296972,0.5721125405357148,0.037901745698203655,0.5729456145862223,-0.08987615691216182,0.09005393713415052,0.9917092132660148,-0.018038878807760735
1742955480.7346008,0.5721114249480563,0.03791283172066727,0.5729418556711529,-0.0898880293656325,0.09004156407907239,0.9917093230880287,-0.018035448850567442
1742955480.7395275,0.572110838701926,0.037923343115058496,0.572936773122068,-0.0899008724320692,0.09003004007522397,0.9917092607222688,-0.018032393565400522
1742955480.7445571,0.5721109655467342,0.03793349777229583,0.5729304762819512,-0.08991394259288543,0.09001861915407082,0.9917091626239346,-0.018029639506437066
1742955480.7495823,0.5721118853736299,0.03794336374218706,0.5729228036284473,-0.08992688062670157,0.09000786927524143,0.9917090138647088,-0.01802696393652599
1742955480.754756,0.5721136122568236,0.03795271746236488,0.5729136276164661,-0.08993998679941896,0.08999739630262678,0.9917088190831913,-0.01802458282153804
1742955480.7596138,0.5721158740179523,0.037960730757005234,0.5729037765913559,-0.08995284131366642,0.08998857910098414,0.9917084843087075,-0.018022877714458287
1742955480.7647066,0.5721187956224121,0.03796684964740216,0.5728933294038019,-0.0899648385642025,0.0899818081872799,0.9917080284107448,-0.018021886780745552
1742955480.7695704,0.5721222108287376,0.03797110361763876,0.5728822192784577,-0.08997660894137675,0.08997723643259052,0.9917073800380057,-0.018021629935135747
1742955480.774635,0.5721261013788127,0.037974338145192035,0.5728705529835628,-0.0899878760484469,0.08997375282300316,0.9917066686137233,-0.018021914279720816
1742955480.7795908,0.572130439607819,0.03797726136592731,0.5728579588454141,-0.08999941337670947,0.08997070601844427,0.9917058890722028,-0.018022409103741765
1742955480.7845812,0.5721349392605454,0.037979673191837225,0.5728450049065363,-0.0900114035182344,0.08996820179314577,0.9917050151888351,-0.018023117158188676
1742955480.7895656,0.5721399045157695,0.03798106718432401,0.5728314492825926,-0.09002316616793507,0.08996682149564508,0.9917040470985292,-0.01802452638682258
1742955480.7946033,0.5721449899862466,0.03798128824347541,0.5728175472180042,-0.09003510322440376,0.08996684605103525,0.9917029237758528,-0.01802658518481816
1742955480.7997293,0.5721502778852928,0.0379810125936644,0.5728034384276253,-0.09004720832123303,0.08996729702107008,0.9917017443991737,-0.0180287519232777
1742955480.804733,0.5721559282230007,0.037979959349136484,0.5727885674516822,-0.09005978264607008,0.08996871188484842,0.991700425866341,-0.01803141059489629
1742955480.8095794,0.5721618050280569,0.03797892860332569,0.5727728530608043,-0.09007318353416575,0.08997013948507353,0.9916990287029256,-0.018034191934515116
1742955480.8145647,0.5721680980468116,0.03797810985422363,0.5727562282267129,-0.09008723640918849,0.08997125470848659,0.9916975991470371,-0.018037045443704925
1742955480.8196187,0.572174628957147,0.03797743987837127,0.5727387240756836,-0.09010215549354549,0.08997239432119326,0.9916960908402482,-0.018039768504581007
1742955480.8245454,0.5721814644341731,0.03797661528801206,0.5727205416119953,-0.09011757573752703,0.08997359711349154,0.9916945260110537,-0.018042767120420848
1742955480.829545,0.5721887358011039,0.037975263155754724,0.5727012603516961,-0.09013393618843975,0.08997536751616954,0.9916928171627646,-0.018046140177006623
1742955480.8345723,0.5721963221150224,0.037973822228583295,0.5726813134733526,-0.09015057610639893,0.08997730196395033,0.9916910651191196,-0.01804965711249233
1742955480.8395886,0.5722038642728436,0.03797227079599218,0.5726612951963785,-0.09016747757378686,0.08997928706260426,0.9916892831432447,-0.01805324310265876
1742955480.844548,0.5722115518421207,0.03797080195812844,0.5726411384420584,-0.0901844574127867,0.08998125145642102,0.9916874943358285,-0.01805689910875756
1742955480.849564,0.5722193280605404,0.03796959234456886,0.5726205688673299,-0.09020182137370775,0.08998284183415417,0.9916857067496585,-0.01806041596270205
1742955480.854577,0.5722269149281969,0.03796861204846029,0.5726004551876536,-0.0902187492150634,0.08998421972762902,0.991683979938474,-0.0180638153076154
1742955480.8595626,0.5722342930574704,0.037967272823284,0.5725809276625748,-0.09023521733459532,0.08998609762957337,0.9916822482891031,-0.018067269141986232
1742955480.8645627,0.5722417388471452,0.03796548385222707,0.5725612966280711,-0.09025174153342674,0.08998836446943567,0.9916804717507941,-0.01807095344529639
1742955480.8695405,0.5722492741730492,0.037963317139363274,0.5725413971089613,-0.09026859950733669,0.0899910613178848,0.9916786185448079,-0.018075019970280794
1742955480.8745663,0.5722572368511101,0.03796087112586245,0.5725203084822884,-0.09028655022461672,0.08999418355652283,0.9916766238040637,-0.01807925814589958
1742955480.8796022,0.5722652540329368,0.03795722768047401,0.5724994073688604,-0.09030412101678338,0.08999866249832497,0.9916745305583423,-0.01808402382740108
1742955480.884564,0.572273062837876,0.03795254788530682,0.5724793089588298,-0.09032097028368526,0.09000439361063499,0.9916723819042782,-0.018089179807028503
1742955480.8896413,0.572280420672489,0.03794694945344051,0.5724604637649906,-0.0903368389706719,0.09001094309884236,0.991670245626432,-0.018094462867296202
1742955480.8945844,0.5722875408903831,0.03794071099676929,0.5724424942180767,-0.09035174977276875,0.09001839432592511,0.9916681082635025,-0.018100084228190358
1742955480.89958,0.5722942435162004,0.0379342607270408,0.5724253305599707,-0.0903660571645711,0.09002595140568947,0.9916660158793734,-0.018105710037455158
1742955480.904581,0.5723007906101606,0.03792816540132389,0.5724087452221444,-0.09038000479462556,0.09003322137088661,0.9916639861019877,-0.01811111402485168
1742955480.9095738,0.5723074868989917,0.037921964500103544,0.572391620333042,-0.09039439103763841,0.09004042594146598,0.9916619202559698,-0.018116613355059943
1742955480.914625,0.5723138872878023,0.03791483080097545,0.5723754336046754,-0.09040815966892515,0.09004871344256862,0.9916598064878598,-0.018122418963180054
1742955480.9195895,0.5723196772248038,0.037906198431892406,0.5723610402570342,-0.09042021338035323,0.09005876030874613,0.9916576819951398,-0.01812860843885412
1742955480.924667,0.572324731628325,0.03789587686322297,0.572349124609381,-0.09043010942598374,0.09007059124460273,0.9916555824839655,-0.018135314456590744
1742955480.929561,0.5723292579672716,0.03788457496265527,0.5723387097552864,-0.09043866735140581,0.09008352593535018,0.9916534993136855,-0.0181423014438456
1742955480.9345934,0.5723331559226991,0.037871341046068124,0.5723298335886962,-0.0904463815372153,0.09009866321661847,0.9916512779594663,-0.018150092968365807
1742955480.9396677,0.5723364539763516,0.037857113234884436,0.5723224725709088,-0.09045334483636766,0.0901148438085078,0.9916490262044536,-0.018158088033719606
1742955480.9446485,0.5723389670352667,0.03784247698372695,0.5723167029695394,-0.09045985731180214,0.09013150951696353,0.9916467643277285,-0.01816645275414455
1742955480.9496791,0.5723406313434161,0.03782741106711228,0.5723125682226239,-0.09046616506493979,0.09014851094267809,0.991644490659396,-0.01817479293219481
1742955480.9547222,0.5723414349488624,0.0378115211556242,0.572310171255101,-0.09047212837091911,0.09016652282022816,0.9916421508056928,-0.01818342366016261
1742955480.9596012,0.5723413866780017,0.03779432093587473,0.5723093731051,-0.09047827800524193,0.0901858891804019,0.9916396562423831,-0.018192821920603567
1742955480.9645638,0.5723407234693727,0.037775586241769,0.5723096021941116,-0.09048467414940213,0.09020690814970679,0.9916369774433669,-0.018202813879461002
1742955480.969621,0.5723397069543689,0.03775575181363773,0.5723101915682833,-0.09049231515078228,0.09022912608876571,0.991634061442761,-0.01821356336480181
1742955480.9746113,0.5723382279503448,0.037734612194695254,0.5723111620818975,-0.09050112986431882,0.09025289492186324,0.9916308813395359,-0.0182251371813802
1742955480.9796357,0.5723363524263286,0.037713587839752524,0.5723122860781756,-0.09051142293748782,0.09027642649191393,0.9916275834435345,-0.018236910144466826
1742955480.9845524,0.5723339425039193,0.03769269781916333,0.5723132515434554,-0.09052417329843195,0.09029972211725001,0.9916240762170635,-0.018248991775943402
1742955480.9896176,0.5723309894204416,0.03767150354473418,0.5723146753432211,-0.09053852536272634,0.0903232857566997,0.9916203903855049,-0.018261457963579936
1742955480.9946387,0.5723276421198832,0.03765110090304123,0.5723163071556943,-0.09055380295263829,0.09034605964381917,0.9916166973343168,-0.018273583267445
1742955480.9996095,0.5723239721790936,0.03763149103316144,0.5723179893914309,-0.09056991722427006,0.09036783403994679,0.9916130209930285,-0.01828554789983785
1742955481.004602,0.5723196761959501,0.03761275255102203,0.5723203720281798,-0.09058727992935357,0.0903885905471204,0.9916093277183747,-0.018297229184191504
1742955481.0095851,0.5723147195185082,0.03759463255512545,0.5723235266014056,-0.0906053584344629,0.09040855655450172,0.9916056431300907,-0.018308753022892466
1742955481.0146012,0.5723091650732395,0.037577094222172425,0.5723273302326336,-0.0906243258241991,0.09042789748474073,0.991601935382667,-0.018320171144058286
1742955481.0196238,0.5723038331192073,0.03756058859724907,0.5723316561036265,-0.09064077207582688,0.09044602984044887,0.9915985839269357,-0.018330697687063312
1742955481.0245945,0.5722991981542914,0.03754560810808513,0.5723360897849936,-0.09065353444419656,0.09046250978781922,0.9915957449665724,-0.01833983587309479
1742955481.0295775,0.5722952450845661,0.03753228612912038,0.5723394017070043,-0.09066583985133694,0.09047728127381399,0.9915931177866356,-0.01834818289450937
1742955481.0345905,0.5722920860727552,0.037520043181929495,0.5723406082249921,-0.09067931363259656,0.09049085563298957,0.9915904991235032,-0.01835617536232844
1742955481.0396233,0.5722889497106088,0.03750881707215938,0.5723425518852058,-0.09069104549874218,0.09050323496127695,0.991588164271468,-0.018363311374294925
1742955481.0445957,0.5722857505598304,0.03749833451376517,0.5723455448694766,-0.0907000631339113,0.09051479619555021,0.9915861669708989,-0.018369640419545773
1742955481.0496156,0.5722830033004369,0.03748875151157955,0.5723484263867984,-0.09070701761265663,0.09052547377303145,0.9915844524708429,-0.01837523257224728
1742955481.0545974,0.5722810840720883,0.03748069926987282,0.5723503356282529,-0.09071238708464624,0.09053439262863265,0.9915830602342912,-0.01837991395975402
1742955481.0595958,0.5722798557440993,0.03747513182778077,0.5723514948934373,-0.0907161531402452,0.09054070167469645,0.9915820787403251,-0.018383199414269972
1742955481.0645778,0.572278933794741,0.03747127162818723,0.5723525932860978,-0.09071847958738274,0.09054498448186815,0.9915814337815029,-0.018385413412567546
1742955481.0696275,0.5722783665594514,0.03746905276282511,0.5723535407309214,-0.09071897083802281,0.09054751848974793,0.9915811358972436,-0.018386575487860813
1742955481.0746355,0.5722779086917632,0.03746825587533833,0.5723546759004923,-0.09071846651327237,0.09054847005511074,0.9915810887597858,-0.018386919756089286
1742955481.0796022,0.5722774483700596,0.03746844089747884,0.5723556463502905,-0.09071782774524914,0.09054822524521944,0.9915811726599592,-0.018386752307697457
1742955481.084703,0.572277059364596,0.03746868346785592,0.5723566999031225,-0.09071693287694241,0.09054793445103851,0.9915812860957738,-0.018386482009944447
1742955481.0897334,0.5722764468409247,0.03746922377558054,0.5723583033553138,-0.09071558018021296,0.09054743422676638,0.991581463745224,-0.018386038844619965
1742955481.094621,0.5722756825810679,0.03746989229770093,0.5723601486268564,-0.09071407402647487,0.09054671579286586,0.9915816786530592,-0.01838541792362566
1742955481.0996153,0.5722748119504747,0.037470917129844156,0.5723623139913157,-0.0907122888405351,0.09054558696842038,0.9915819594804449,-0.018384639424720968
1742955481.1046145,0.5722738025878773,0.03747269508430873,0.5723647198810475,-0.09071034160902552,0.09054364071223467,0.9915823358770016,-0.018383531446836396
1742955481.1096156,0.5722727803384174,0.03747505833125843,0.5723670571688768,-0.09070847781060522,0.09054116689785517,0.9915827558534829,-0.01838225894904859
1742955481.1146088,0.5722716469164205,0.03747814453793265,0.5723695665940336,-0.09070649203075608,0.09053797166521003,0.9915832566916153,-0.018380779066029654
1742955481.119635,0.5722703724176382,0.037481921558459606,0.5723724383433392,-0.09070412966789221,0.09053385642102321,0.9915838817242508,-0.018378988203779187
1742955481.1246533,0.572268950085084,0.03748516419934925,0.5723757279521997,-0.09070155182414782,0.09053019483356728,0.9915844878611652,-0.018377044191019373
1742955481.1296477,0.5722674348648958,0.037488039868641104,0.5723793102847675,-0.09069863811837003,0.09052697020322828,0.991585087702464,-0.018374943684092468
1742955481.1346383,0.5722659410073634,0.03749081799819407,0.5723828826082755,-0.09069571123448168,0.0905237405134111,0.9915856841282598,-0.018373116203390584
1742955481.139649,0.5722644850741754,0.03749383964374283,0.5723864611465531,-0.0906926990388883,0.09052037766097397,0.9915863047621767,-0.018371058141760002
1742955481.1445935,0.5722632595305915,0.037496608671999554,0.5723893117462939,-0.09069039069520936,0.09051731133371259,0.991586827839851,-0.018369328756593195
1742955481.149618,0.5722623251496066,0.03749884062100178,0.5723915869418778,-0.09068850571912443,0.09051484555566185,0.9915872535065292,-0.018367807377183343
1742955481.1546378,0.5722616554646318,0.03750069180904505,0.5723928797580468,-0.09068749627407505,0.09051276485978905,0.9915875565253224,-0.018366686176793944
1742955481.1596074,0.5722614201184825,0.037501679011259455,0.5723936730294167,-0.09068668818052915,0.09051162488956704,0.991587746558105,-0.01836603447991004
1742955481.1646314,0.5722612233163481,0.037501715235841976,0.5723942532336599,-0.09068608814537835,0.09051157952802447,0.9915878061317637,-0.01836600443827453
1742955481.1696312,0.5722610395764323,0.03750176440499022,0.5723947182725331,-0.09068558303406675,0.09051159183447435,0.9915878522776284,-0.01836594644447187
1742955481.1745863,0.5722609688191551,0.037501820337826924,0.5723949543773932,-0.09068531239073896,0.09051159609036512,0.991587880296492,-0.018365749069354346
1742955481.17959,0.5722609964520954,0.03750217564388115,0.5723950258026335,-0.09068504996371379,0.09051124840571728,0.9915879374491939,-0.01836567260872663
1742955481.184613,0.5722610851883759,0.03750276598372552,0.5723949062582769,-0.09068482570354702,0.09051058916732675,0.9915880240425302,-0.018365353553126965
1742955481.1895595,0.5722610707918432,0.03750350173369677,0.5723949641272945,-0.0906845975830995,0.09050977488059839,0.9915881283270853,-0.0183648624564007
1742955481.1945717,0.5722611380951076,0.03750422468526948,0.5723948790787985,-0.09068434595428067,0.09050898113758803,0.991588230136862,-0.018364519768444915
1742955481.1996038,0.5722612245582318,0.037504328064007816,0.5723949101625173,-0.09068402495495945,0.09050877195851789,0.9915882834738181,-0.018364255878642453
1742955481.2046235,0.572261332982016,0.037504035488024334,0.5723948934723504,-0.0906836741918741,0.09050903880470887,0.9915882924362331,-0.018364188876867523
1742955481.2096756,0.5722614741223497,0.03750347113228296,0.5723948662905003,-0.09068331806812942,0.09050962907513174,0.9915882680579992,-0.018364354564593913
1742955481.2146091,0.5722616034572345,0.03750282872441012,0.5723948179233864,-0.09068301236513865,0.09051017584438903,0.9915882417339866,-0.01836459070882789
1742955481.219568,0.5722617226624391,0.037502485694679344,0.5723947997280172,-0.09068260681392737,0.09051062421271489,0.9915882362139442,-0.018364681542970135
1742955481.224608,0.5722617914336784,0.03750296120717153,0.5723947249869497,-0.09068230308833852,0.0905100987608611,0.9915883155643364,-0.018364486520889588
1742955481.2295463,0.5722618903637295,0.03750328000234654,0.5723945835877645,-0.09068235016692705,0.09050967464098307,0.9915883520765156,-0.01836437286613235
1742955481.2345994,0.5722619687086465,0.03750370701190879,0.5723943873379853,-0.09068226157892505,0.09050928853802681,0.9915883994365786,-0.018364156013167984
1742955481.2396014,0.5722619832330507,0.03750440772871935,0.5723942802156047,-0.09068230949582594,0.09050847920090181,0.9915884748757272,-0.018363834862916338
1742955481.2446437,0.5722619713528894,0.03750535051265857,0.5723942470086405,-0.090682153586475,0.09050742893618192,0.9915885920409137,-0.018363454538827453
1742955481.24965,0.5722619161156418,0.03750623547319191,0.5723943834972266,-0.09068207342826258,0.09050652998063073,0.9915886902566629,-0.0183629775551854
1742955481.2546203,0.5722617824911174,0.0375075250749991,0.57239455290042,-0.09068195867121465,0.0905050978665756,0.9915888434993524,-0.01836232772091982
1742955481.2596138,0.5722616094154378,0.0375094815810701,0.5723945772727141,-0.09068210194989094,0.09050300999986183,0.9915890388659624,-0.01836136072821068
1742955481.2646637,0.5722614254476862,0.03751200790174957,0.5723946458138003,-0.09068216832106,0.09050014585905633,0.991589314080109,-0.018360287313100725
1742955481.2696626,0.5722611710337273,0.03751552316539751,0.5723947473159696,-0.09068226466779901,0.09049632100964015,0.9915896853197768,-0.01835861448654494
1742955481.274703,0.5722608791172052,0.03751959443883293,0.5723947292714208,-0.09068263862101056,0.09049170188591375,0.991590108197551,-0.018356695434942467
1742955481.2796018,0.5722605508944393,0.03752403872398394,0.5723948657873741,-0.09068276950207357,0.09048673007461287,0.9915905890758148,-0.01835458122967228
1742955481.2846527,0.5722601140367931,0.03752832391434134,0.5723952484023778,-0.09068280855472624,0.09048199351099138,0.9915910566793954,-0.018352476572494066
1742955481.2899678,0.5722594269486864,0.03753222344720831,0.5723965547162383,-0.09068192904887858,0.0904778517656036,0.9915915523800328,-0.018350458643103723
1742955481.29464,0.5722583758300295,0.0375363669352762,0.5723983471962895,-0.09068078855328991,0.09047334888778441,0.9915921097436541,-0.01834817763463166
1742955481.299629,0.5722574371980788,0.03754148760115212,0.57240012602339,-0.09067963370471811,0.09046795194390216,0.9915927560393663,-0.01834556819800967
1742955481.3046117,0.5722565316270525,0.03754793508939083,0.5724013776551427,-0.09067902284367595,0.0904611482476937,0.9915934922656688,-0.01834234363978399
1742955481.309577,0.5722558868412533,0.03755540712534902,0.5724017928146906,-0.09067918321663072,0.09045362877706052,0.9915942292526224,-0.018338791812009866
1742955481.3146064,0.5722553347151839,0.03756409025796483,0.572401648256739,-0.09067989243546604,0.090445038019296,0.9915950186664526,-0.018334970996919987
1742955481.319624,0.5722547296334277,0.0375731859314617,0.5724015725478736,-0.09068060662166036,0.09043591089482918,0.9915958643061097,-0.018330725418529988
1742955481.3245761,0.5722542041589341,0.03758164638758437,0.5724015869986191,-0.09068116606841947,0.09042752745550399,0.9915966519989003,-0.018326705741285136
1742955481.3295755,0.5722536853969936,0.03758978043136364,0.572401410885205,-0.09068197339495074,0.09042012145819459,0.9915973250566302,-0.018322834857592056
1742955481.3345835,0.5722532015377967,0.037597941005753366,0.5724014132457678,-0.09068251569231595,0.09041278032483968,0.9915980172087798,-0.018318918343114825
1742955481.339572,0.572252646013393,0.03760619240630114,0.572401363042776,-0.09068320491143438,0.09040517715187761,0.9915987192722647,-0.01831502740191321
1742955481.3447504,0.5722521417672582,0.03761432790460911,0.5724011847004165,-0.09068392907531658,0.09039756927743499,0.9915994154768838,-0.018311299847273577
1742955481.3495378,0.5722516410288853,0.03762269477861733,0.5724010515247862,-0.09068461333936025,0.09038992247994222,0.991600121414423,-0.018307430962927772
1742955481.3545702,0.5722511037720882,0.03763080786272659,0.5724010242991588,-0.09068524582202254,0.090382736648339,0.9916007874686773,-0.018303699015647146
1742955481.3598933,0.5722505967543355,0.0376387479633094,0.5724010569898171,-0.09068565830605077,0.09037546503159885,0.9916014835337805,-0.018299851133987993
1742955481.364778,0.5722500989168607,0.03764618969847774,0.5724011592659344,-0.09068621908694524,0.09036886512753543,0.9916020972395535,-0.018296410396442763
1742955481.3697588,0.572249582259784,0.03765308273415165,0.5724013665042762,-0.09068644290077976,0.09036272353233972,0.9916026955089446,-0.01829320992108534
1742955481.374675,0.5722490842547193,0.03765975759164875,0.5724014282108352,-0.0906868728451054,0.09035676481128185,0.9916032573828956,-0.018290054511819063
1742955481.3796585,0.5722486658153398,0.0376663812756942,0.5724014770792122,-0.09068725069196708,0.09035104971435327,0.9916037993755537,-0.0182870293217264
1742955481.3846138,0.5722482114712641,0.03767297163220942,0.5724014357227438,-0.0906877479661492,0.09034585125774337,0.9916042832637126,-0.0182840078320067
1742955481.3896406,0.5722477856433713,0.03767941827274397,0.5724014396641549,-0.09068815180887596,0.09034061634132422,0.9916047750686348,-0.01828119858330261
1742955481.394611,0.5722474157452866,0.03768588009040318,0.572401385049546,-0.09068861446292104,0.09033573152088273,0.9916052329192531,-0.018278207366606337
1742955481.39959,0.5722469881609166,0.03769212339198672,0.5724013915013599,-0.09068907291021773,0.09033163848553705,0.9916056151943321,-0.018275422246108834
1742955481.4046047,0.5722466068242562,0.03769799029549878,0.5724012812531382,-0.09068954823102975,0.09032866508602315,0.9916058889315218,-0.018272907315350792
1742955481.4096475,0.5722462434549849,0.03770317694895687,0.5724015210547305,-0.09068952474944861,0.09032780614235321,0.9916060071013016,-0.018270857091061066
1742955481.4146929,0.5722459579808519,0.03770768688130168,0.5724014895696076,-0.09068975263652641,0.09032907988900399,0.9916058988167149,-0.018269305543085604
1742955481.4197307,0.5722457394508337,0.03771123372925577,0.5724014007247366,-0.09068996531415603,0.09033187978801928,0.991605643778633,-0.01826824872949581
1742955481.42466,0.5722455117353006,0.03771406532319818,0.5724014739610196,-0.09069005015368173,0.09033507608671464,0.9916053592768312,-0.018267465204473983
1742955481.4296713,0.5722454086118,0.03771639590434874,0.5724013379616818,-0.09069021960649958,0.09033849613564363,0.9916050420055985,-0.018266933315433297
1742955481.4347,0.5722452613659854,0.03771832205100029,0.5724011820514555,-0.0906904594255076,0.09034143424819284,0.9916047592170241,-0.01826656304063369
1742955481.4396045,0.5722452178632792,0.03771993812049291,0.5724012042086523,-0.09069042354620444,0.09034487892467027,0.991604454842063,-0.018266227483302637
1742955481.444691,0.5722451418084078,0.03772115054436098,0.5724012605357383,-0.0906903314531572,0.09034831818968075,0.9916041526583391,-0.018266078176505485
1742955481.449643,0.5722450319743159,0.03772170338609006,0.5724014101638175,-0.09069017445824817,0.09035193571130962,0.9916038354623224,-0.018266183683606538
1742955481.4547093,0.5722450134714292,0.037721740738403634,0.5724015014815903,-0.09069003145557848,0.09035515214223308,0.9916035509026491,-0.01826643132080333
1742955481.4596372,0.5722450428442877,0.03772164518451813,0.5724015941535499,-0.09068992036264055,0.09035772931651004,0.9916033213993863,-0.01826669338133441
1742955481.4646585,0.5722450827601523,0.03772136581873356,0.5724014774184102,-0.09068991562782483,0.09036028384652932,0.9916030823225513,-0.01826705873993261
1742955481.4697015,0.5722451136281766,0.03772083616994335,0.5724014291909857,-0.09068987057512154,0.090362377336638,0.9916028907725654,-0.018267324616117405
1742955481.4746168,0.5722452019684312,0.03772027185834688,0.5724012914040294,-0.09068992860257274,0.09036425811764827,0.9916027070157036,-0.018267707684214325
1742955481.4796047,0.572245296849342,0.03771919068863976,0.5724011904740567,-0.09068999266922527,0.0903664875410771,0.9916024877372442,-0.018268264078796108
1742955481.4846194,0.5722453890084773,0.03771802214478369,0.5724011870001667,-0.0906898403261791,0.09036888581989327,0.9916022722525342,-0.01826885329993076
1742955481.4896245,0.5722454871993442,0.03771653744182649,0.5724011861041318,-0.09068973192212387,0.09037125492664086,0.9916020531217021,-0.01826956627023531
1742955481.4945936,0.5722455982765289,0.037714859059771864,0.5724011852744433,-0.09068959798408999,0.0903737280469147,0.9916018237617851,-0.01827044631880133
1742955481.4995832,0.5722457625391982,0.03771327294294437,0.5724011576548068,-0.09068941434199221,0.09037610510431325,0.9916016088830203,-0.01827126194564416
1742955481.5045893,0.5722459420952403,0.037711409846225376,0.572400986060463,-0.09068945087748367,0.09037872499125799,0.9916013490656724,-0.018272222077064682
1742955481.5096223,0.5722461333758321,0.03770969370658416,0.5724006980147652,-0.09068956046256142,0.09038097063137467,0.9916011181232135,-0.018273103393540102
1742955481.514595,0.5722463291103183,0.037708326807502524,0.5724003654456189,-0.09068973679755832,0.09038303485084524,0.9916008986579292,-0.01827392764371637
1742955481.5195954,0.57224650942506,0.037706865476762795,0.5724003575828196,-0.09068948694595544,0.09038506906908758,0.9916007238661777,-0.018274590964730116
1742955481.5246584,0.5722466402739894,0.03770518006279751,0.5724002086265734,-0.09068949557663626,0.09038717041059878,0.9916005141160769,-0.01827553616047643
1742955481.529681,0.5722467579103636,0.03770339605675906,0.5724004005249541,-0.0906891569173129,0.0903894429937388,0.991600322182144,-0.018276390813750158
1742955481.5346968,0.5722468654449209,0.037701140749052814,0.572400558948729,-0.09068885752975901,0.09039221143398993,0.9916000786884985,-0.018277395246135142
1742955481.5396712,0.5722470810348148,0.03769839127988133,0.5724005993433114,-0.09068855238117071,0.09039540559020981,0.9915997923592073,-0.018278646239982155
1742955481.5447428,0.5722473115156794,0.0376953041290504,0.572400641044181,-0.09068824923398087,0.09039895958150357,0.9915994695754787,-0.01828008465752761
1742955481.54967,0.5722475515863704,0.037691945570291326,0.5724005716378499,-0.09068809625022392,0.0904029262520739,0.9915990916794994,-0.018281725956916867
1742955481.5547497,0.5722478208176961,0.03768850174289831,0.5724004172070627,-0.09068790484581946,0.09040700006732792,0.9915987064877667,-0.018283422690782154
1742955481.5596187,0.5722480977952333,0.03768440925849093,0.5724003009939811,-0.09068774047451703,0.09041168089770302,0.9915982591754138,-0.018285351655562176
1742955481.564594,0.572248406524519,0.03768054203633599,0.5724001928186546,-0.09068748413948578,0.09041616362492634,0.9915978383019664,-0.01828728111744762
1742955481.5696068,0.5722486982594913,0.03767675060264936,0.5724002312635152,-0.09068707642632251,0.09042054004619841,0.9915974444168436,-0.01828902219870937
1742955481.5746098,0.5722489376375861,0.03767287051195992,0.5724002153201794,-0.09068678579538939,0.09042511377043953,0.9915970213318067,-0.018290789146256235
1742955481.579653,0.5722492227901947,0.03766912722891014,0.5724003029952971,-0.09068641036390872,0.09042946539213727,0.9915966269965306,-0.018292514679630077
1742955481.5846055,0.5722495382733853,0.03766565416023357,0.5724001250838355,-0.09068621744264946,0.09043345487421015,0.991596249313087,-0.018294221865850724
1742955481.5897214,0.5722497846902839,0.03766269991273022,0.5723997928196682,-0.09068633412671122,0.09043680446875067,0.9915959063041477,-0.018295677112241136
1742955481.5947158,0.572250252770226,0.037660344690005385,0.5723990616170567,-0.0906865933534198,0.09043961339677653,0.9915956025466051,-0.01829697037294343
1742955481.5996335,0.5722505667420849,0.03765875827638727,0.5723986863536219,-0.09068662747243603,0.0904414843374457,0.9915954142557261,-0.01829775766399107
1742955481.6045923,0.5722506669203031,0.03765795127279043,0.5723985006885917,-0.09068668988368604,0.09044248087862869,0.9915953104177117,-0.01829814985349911
1742955481.6096635,0.5722507275667459,0.037657677500026035,0.5723984683411533,-0.0906864956057536,0.09044284543253554,0.991595293285867,-0.018298239208446854
1742955481.614584,0.572250800471896,0.03765735569020542,0.5723986438363596,-0.09068615055077017,0.09044326786639295,0.9915952846725999,-0.01829832809293106
1742955481.61961,0.5722509402437529,0.03765646416380439,0.5723985156707316,-0.09068591099466045,0.09044428488806801,0.9915952064895383,-0.01829872523222745
1742955481.624636,0.5722511273119314,0.03765504423008834,0.5723985459873749,-0.09068546341795745,0.09044588603907805,0.9915950906366455,-0.01829930732512104
1742955481.6296356,0.572251266563389,0.037653661577344656,0.5723984876441068,-0.09068514974403388,0.09044771414015475,0.9915949399446633,-0.01829999177220275
1742955481.6345885,0.5722514215113741,0.03765214963261627,0.5723984121817419,-0.09068500496698896,0.09044947242806661,0.9915947820092599,-0.018300576592829885
1742955481.6396117,0.572251596256926,0.03765101470674109,0.5723983288280301,-0.0906846931197504,0.0904507901131863,0.9915946814554256,-0.01830105764676367
1742955481.6446016,0.5722517213382465,0.037650373864041055,0.572398425522211,-0.09068416268742621,0.09045159095566166,0.9915946510749922,-0.018301374012202894
1742955481.649616,0.5722517696911285,0.03764986551365039,0.572398422262133,-0.09068408271400488,0.09045213594214234,0.9915946060261157,-0.018301517580141792
1742955481.654612,0.5722518474929523,0.03764935967450695,0.572398614590139,-0.09068356101967061,0.09045274991040933,0.9915945930261639,-0.018301772474623963
1742955481.6596153,0.5722519338062102,0.03764877683835792,0.5723985412971816,-0.09068348460991249,0.09045343243693482,0.991594532010846,-0.018302083640170795
1742955481.6646326,0.5722519895166518,0.037647932528489574,0.5723985408568201,-0.09068343129016597,0.09045437152083258,0.9915944445267963,-0.018302446443230782
1742955481.6696773,0.5722521237642556,0.03764701207566788,0.5723984140790349,-0.09068321217367879,0.09045549840154614,0.9915943533015591,-0.018302905213494557
1742955481.6747162,0.5722522711748096,0.03764585719405743,0.572398240286514,-0.09068325457631363,0.09045679319718805,0.991594221510699,-0.018303436030418962
1742955481.679624,0.572252385789685,0.0376441848283893,0.572398302473336,-0.09068295889104767,0.09045878046178468,0.9915940529780802,-0.018304209970264534
1742955481.684614,0.5722525302808595,0.03764228308447116,0.5723983464558469,-0.09068275975101976,0.09046092592774171,0.9915938581985003,-0.01830514537628248
1742955481.6897469,0.572252673578182,0.03764032043167634,0.5723984387243741,-0.09068232742967132,0.09046315481025542,0.9915936780575142,-0.018306030429466314
1742955481.694596,0.5722528047788729,0.037638263559370236,0.5723985752333467,-0.09068207119684546,0.09046547035115404,0.9915934732664541,-0.018306949854212693
1742955481.6996021,0.5722529419850192,0.03763656183843593,0.5723988992229486,-0.09068150664507864,0.09046750725740209,0.9915933250520444,-0.018307708634372092
1742955481.704591,0.5722530842966457,0.03763467400178836,0.5723990315498961,-0.09068117599378148,0.09046974485047693,0.9915931361649755,-0.0183085198086254
1742955481.7096272,0.5722532283538476,0.03763325899680156,0.5723990939832782,-0.09068090661750057,0.090471368122515,0.9915930015584411,-0.01830912300985298
1742955481.7146065,0.5722533101173495,0.037631876779962714,0.5723990708942875,-0.09068082451152049,0.09047296730000463,0.9915928493240113,-0.018309872291526145
1742955481.7195954,0.5722533681383998,0.03763056584733087,0.5723990027010615,-0.09068082104232632,0.09047445054339943,0.9915927025720181,-0.018310507908869345
1742955481.7246044,0.5722534175719932,0.03762947315152113,0.5723992068319202,-0.09068055075339473,0.09047577660210301,0.9915925987749307,-0.018310915271685563
1742955481.7297664,0.5722534603665189,0.03762858327851593,0.5723993053304666,-0.09068029893198414,0.09047679121215053,0.9915925204852551,-0.01831138867638835
1742955481.7347207,0.5722534787061185,0.03762746451881877,0.5723995875391381,-0.09067989651539822,0.09047805952995008,0.9915924327320877,-0.018311866647388594
1742955481.7396698,0.5722535101844706,0.037626131658862534,0.5723997495541742,-0.09067971970794202,0.09047960946638828,0.9915922966792919,-0.01831245125006593
1742955481.7446198,0.5722535758221644,0.03762475032137325,0.5723998176097529,-0.09067955853352412,0.09048124138559552,0.9915921500168778,-0.01831312770644221
1742955481.7496288,0.5722536588954623,0.03762337802550981,0.5723998182404371,-0.09067948658961349,0.090482924814468,0.9915919903191398,-0.018313813469360337
1742955481.7546263,0.5722537004164886,0.03762204163554382,0.5723998097539962,-0.0906794797030424,0.09048452516713337,0.991591832810978,-0.018314468832849602
1742955481.759594,0.5722537803483589,0.037620829474088215,0.5723998091040065,-0.0906793908312414,0.09048610766220014,0.9915916855529724,-0.018315063222248944
1742955481.7647128,0.5722537752448233,0.03762008214755534,0.5723999951384994,-0.09067924179247508,0.09048748962192842,0.9915915660225498,-0.018315444925268497
1742955481.769656,0.5722536389154792,0.03761963503734459,0.5724004416314278,-0.09067882258236946,0.09048828637796523,0.9915915284343624,-0.018315619035665923
1742955481.7746205,0.5722533719567928,0.037619422914010145,0.5724013905903168,-0.09067795057263316,0.0904887251858162,0.9915915685704685,-0.01831559538073496
1742955481.7796235,0.5722530540136984,0.037619183095331375,0.5724022523615012,-0.09067724590150075,0.09048960551591502,0.9915915516707207,-0.018315649716715454
1742955481.7845993,0.57225285405118,0.03761907073760831,0.5724028513733811,-0.09067677944246837,0.09049013577900754,0.9915915445268039,-0.018315726018544597
1742955481.7896416,0.5722525779291115,0.03761880930112626,0.5724036415993766,-0.09067607035831801,0.09049119174041348,0.9915915115408985,-0.01831580524599676
1742955481.794587,0.5722522649852452,0.03761855944448123,0.5724043578777606,-0.09067558991266228,0.09049197999656589,0.9915914839297373,-0.018315784130454017
1742955481.7995827,0.5722519175641875,0.03761828127845529,0.572405402159888,-0.09067470186428797,0.09049274193877481,0.9915914942800125,-0.018315855692729997
1742955481.8045864,0.5722514807098683,0.03761805395900166,0.5724066300735708,-0.09067367070569159,0.09049350304170221,0.9915915187286698,-0.018315876538330913
1742955481.8096662,0.5722508026555346,0.037617634617168154,0.5724084644501413,-0.09067210064474376,0.09049470960446993,0.9915915523985198,-0.01831586498546283
1742955481.814612,0.5722499590205393,0.037617192169844195,0.5724108261393889,-0.09067009347179912,0.0904960085395797,0.9915916194496998,-0.01831575347457691
1742955481.8195927,0.5722489700610441,0.037616570129809415,0.5724135448687422,-0.09066779276406997,0.09049762523135237,0.9915916818270226,-0.018315777740358526
1742955481.8246267,0.5722479926393447,0.03761582290747895,0.5724162066656145,-0.09066554440950532,0.090498956010195,0.991591764281669,-0.018315868168342783
1742955481.8296158,0.5722472557234544,0.03761487421960988,0.57241842654237,-0.09066352059928866,0.09050085906892055,0.9915917719682473,-0.018316066859485742
1742955481.8346088,0.5722467123770778,0.03761393772714191,0.5724200585830748,-0.09066218747403351,0.09050281151225711,0.9915917114993198,-0.01831629210975427
1742955481.839594,0.5722461610031613,0.03761301311316828,0.5724217074643775,-0.0906607060755165,0.09050447009676008,0.9915916916245783,-0.01831650532991296
1742955481.8446326,0.5722454642999942,0.037612456354040286,0.5724235863870538,-0.09065906943991685,0.0905063419577236,0.9915916699907068,-0.018316528021464485
1742955481.8496115,0.5722446333457583,0.03761215887123104,0.5724259363805897,-0.09065705262524547,0.0905080089307661,0.9915917035275409,-0.018316457737274035
1742955481.8545873,0.5722435923744399,0.03761172623365926,0.5724288390902991,-0.09065460833515698,0.09050940592024025,0.9915918000289841,-0.018316428222874864
1742955481.8595667,0.5722425321407473,0.03761107306013258,0.5724317146832807,-0.09065210004349418,0.09051125514915898,0.9915918605868914,-0.01831642614854796
1742955481.864595,0.5722414081348101,0.037609855671547704,0.5724347687045409,-0.09064955694398674,0.09051350006008262,0.9915918837022842,-0.0183166675049804
1742955481.8696291,0.5722402749395065,0.03760810633270548,0.5724383524305361,-0.09064632623534967,0.09051677991192962,0.9915918724044627,-0.018317059693676054
1742955481.8746178,0.5722387567455001,0.03760620590942945,0.5724425998259558,-0.09064275580826583,0.09052025527200418,0.9915918733583843,-0.018317502411198772
1742955481.8796175,0.5722370754873991,0.037604246339785055,0.5724473899414725,-0.09063857095828982,0.09052337628939884,0.9915919648825133,-0.01831783230198019
1742955481.8846502,0.5722352311572928,0.037602592532329275,0.5724527120446752,-0.0906340485263298,0.09052647259767739,0.9915920927295373,-0.018317986870985466
1742955481.8896122,0.5722331740070481,0.037601458655995276,0.5724585232503993,-0.09062905209006478,0.09052899749292391,0.9915923209861954,-0.01831787354996516
1742955481.8946013,0.5722308631128943,0.03760060241449715,0.5724651790611839,-0.09062329089759644,0.0905311746664458,0.9915926569079377,-0.018317432316240403
1742955481.899624,0.5722285166730814,0.037600034059426496,0.5724716208263071,-0.09061780488105795,0.09053304644962211,0.9915929961083826,-0.018316959570033917
1742955481.9046657,0.5722262470217016,0.037599409665986364,0.5724779055293968,-0.09061252370306058,0.09053520650838302,0.991593289520822,-0.018316525541761896
1742955481.9095874,0.5722239760302127,0.03759870391765107,0.5724843038140763,-0.09060713281457783,0.09053739534208488,0.9915935915062608,-0.018316026083930757
1742955481.914649,0.5722216738942305,0.037597945868140414,0.5724905554306481,-0.09060189193587555,0.09053960792572571,0.9915938739617021,-0.018315722642580138
1742955481.9195921,0.5722193704365062,0.03759723585368959,0.5724968305740432,-0.09059667983176516,0.09054190857473741,0.9915941490618291,-0.018315237957823735
1742955481.9247522,0.5722169554182504,0.03759670163048109,0.5725034125805428,-0.09059113822128227,0.09054384765804178,0.9915944876834708,-0.01831472966780767
1742955481.9296014,0.5722143682822183,0.03759627769217585,0.5725103526148303,-0.09058537470403431,0.09054612504702267,0.991594818174248,-0.01831408470764522
1742955481.9345534,0.5722116437509844,0.0375958688977536,0.5725177259844976,-0.09057921540444583,0.09054831770540661,0.9915951956177487,-0.01831327183314203
1742955481.9396281,0.5722087300013836,0.037595221420346325,0.5725255370663632,-0.0905726864518563,0.09055077473803239,0.991595578304753,-0.01831269367674635
1742955481.944635,0.5722056373275733,0.037594480589866704,0.5725337495576531,-0.0905658354139471,0.09055306441259374,0.9915960065548889,-0.018312066122078845
1742955481.9495432,0.5722025428013149,0.037593246791166796,0.5725421126693815,-0.09055886979368044,0.09055591450011466,0.991596390996063,-0.018311603270119027
1742955481.9545822,0.5721993910631527,0.03759200504401572,0.5725507268718212,-0.09055166331843059,0.09055873126044107,0.9915968004700946,-0.018311137600826602
1742955481.9595928,0.5721960684221801,0.037590819484598754,0.5725598839393214,-0.09054385711372133,0.09056115423865888,0.9915973045539667,-0.018310458302288588
1742955481.9646275,0.5721924086994875,0.03758985928395241,0.5725697484313579,-0.09053563306985755,0.09056353585208318,0.9915978513201449,-0.018309734456850593
1742955481.9695907,0.5721885955194541,0.03758933077152827,0.5725798687024181,-0.09052759291722694,0.09056533568560765,0.9915984418307457,-0.018308605943742725
1742955481.9745977,0.5721847739994639,0.03758893620310329,0.5725902948520407,-0.09051917626200251,0.09056683266830746,0.9915990928220488,-0.018307557558809313
1742955481.979578,0.5721809392270635,0.037588552846203126,0.5726010606317865,-0.09051038524407354,0.09056827475019646,0.9915997850250124,-0.018306395333093063
1742955481.9845784,0.5721771615081971,0.03758785598645154,0.5726117650407093,-0.0905020478842973,0.09057060416685488,0.9916003512314294,-0.018305420708224596
1742955481.9896061,0.5721732913771997,0.0375865848045448,0.5726227579423401,-0.0904937483562205,0.09057324514920231,0.9916008823307033,-0.018304615061626617
1742955481.9945846,0.5721694166432137,0.037584846991261925,0.5726340131126894,-0.09048489916494212,0.09057623067894073,0.9916014275047457,-0.018304055005825746
1742955481.9995399,0.572165365817276,0.037583072608115706,0.5726455837212348,-0.09047666465473259,0.0905793626043777,0.9916019008802975,-0.018303616957322428
1742955482.0046344,0.572160774557427,0.0375814891237699,0.5726573066673787,-0.09046991826656169,0.09058232187726853,0.9916022517415107,-0.01830331099364807
1742955482.009662,0.5721557820080863,0.037580112588456255,0.5726702411578912,-0.09046282650676081,0.09058484435943306,0.9916026760612876,-0.01830289105245914
1742955482.0145772,0.5721500287078373,0.03757938357237575,0.5726842766088207,-0.09045614254415603,0.09058693539675935,0.9916031083823506,-0.01830215446102018
1742955482.0196218,0.5721436890291178,0.03757884472038553,0.5726990443581833,-0.09045057817478577,0.09058869031570357,0.9916034660968267,-0.01830158789536968
1742955482.024597,0.5721366358718205,0.037578123559929885,0.5727142115821076,-0.0904474230937604,0.09059077873290305,0.9916035656721227,-0.01830144831965147
1742955482.0295448,0.572128891284987,0.03757725514436544,0.572729817905026,-0.09044750207716569,0.0905931391050836,0.9916033350916031,-0.01830186739920008
1742955482.0345504,0.5721205545438005,0.03757639846651484,0.5727456026043946,-0.09045085545493467,0.09059567540413375,0.9916027807811969,-0.01830277281006964
1742955482.0395775,0.5721120186423228,0.03757571979401562,0.5727618124804572,-0.09045563940132138,0.09059804480636269,0.9916021090631789,-0.018303794120833862
1742955482.0445924,0.5721035581630832,0.03757522614652679,0.5727780987632569,-0.09046100922773509,0.09060016258683168,0.9916014048669253,-0.0183049232360993
1742955482.0495734,0.5720954398471202,0.03757498344606706,0.5727951581662106,-0.09046507144353842,0.09060254853276527,0.9916008017432149,-0.01830571031938013
1742955482.0545375,0.5720874317135252,0.0375747755726887,0.5728124256785072,-0.09046952292742387,0.09060414021833042,0.9916002384061318,-0.018306348338326593
1742955482.0595908,0.5720788532695695,0.037574452104746664,0.5728304206814709,-0.0904756966276606,0.09060613783739083,0.9915994705085337,-0.018307544705035785
1742955482.0646045,0.5720700733864517,0.0375739938361548,0.5728485394493924,-0.09048374917732133,0.09060784952497081,0.9915985541204416,-0.01830891054993566
1742955482.0696383,0.5720612506759615,0.0375733903068241,0.5728667032770027,-0.09049272795231883,0.0906096138826345,0.9915975435645129,-0.018310534034032128
1742955482.0746167,0.5720520475772891,0.037572746891827755,0.5728844810100933,-0.09050386890649555,0.0906113623024667,0.9915963285655314,-0.01831261614313634
1742955482.0795972,0.5720415977902336,0.03757203033810525,0.572902839151753,-0.09052001533316983,0.09061276056503578,0.9915946767245144,-0.018315336155033616
1742955482.084612,0.5720299820071502,0.03757135618958927,0.5729221170900151,-0.09054070454529954,0.09061416146236265,0.9915925936480262,-0.018318918780708182
1742955482.0895734,0.5720180136329224,0.03757075476562723,0.5729415503647616,-0.09056318734428336,0.09061514540299911,0.9915903821057597,-0.018322626367178168
1742955482.094594,0.572006432660109,0.0375702282576308,0.5729607312854572,-0.09058390177829,0.09061625293510421,0.9915883289199953,-0.018325866753678328
1742955482.099713,0.5719963922433755,0.037569550855000994,0.5729794759273431,-0.09059908556416953,0.09061763749421975,0.991586765489657,-0.018328556289645345
1742955482.1046832,0.5719876977396476,0.03756889197156862,0.572997919140766,-0.09060864743430137,0.09061865523384363,0.9915857659633421,-0.018330332038140648
1742955482.1096668,0.5719807745711174,0.03756807709614673,0.5730156227710602,-0.0906116454950692,0.0906201824233539,0.9915853395050798,-0.01833103152661455
1742955482.1146364,0.5719755989737411,0.03756750859871455,0.5730324258750543,-0.09060819662366743,0.09062144021489976,0.9915855463420431,-0.01833067275187101
1742955482.119642,0.5719714183926369,0.03756719039579938,0.5730485571585816,-0.09060113112471292,0.09062249115183821,0.991586114137324,-0.018329685932919743
1742955482.1246355,0.5719685626513378,0.037567028797715625,0.5730642639266847,-0.09058936773453234,0.09062340082766146,0.9915871397563789,-0.018327846181429498
1742955482.129689,0.5719663636339575,0.037567088494094764,0.5730799157498199,-0.09057442785248913,0.09062409468095306,0.9915884851433439,-0.01832546352975881
1742955482.1345892,0.5719644418385995,0.03756723945151299,0.573095685641118,-0.09055870063187296,0.09062456365463889,0.9915899260134375,-0.018322904544274893
1742955482.1397157,0.5719627975243853,0.037567179470534576,0.5731105818330948,-0.09054363424193655,0.09062548051929852,0.9915912613807062,-0.018320560371578733
1742955482.1446795,0.5719611945218671,0.037567113913625494,0.5731247149919307,-0.090529354028608,0.09062671475510424,0.9915924959122709,-0.018318206307741138
1742955482.1496694,0.5719597591191489,0.03756695834137494,0.5731388373755407,-0.09051501639870141,0.0906282108863615,0.9915937050048469,-0.018316205738106273
1742955482.154636,0.5719585044789609,0.037566826391493016,0.5731527424590983,-0.09050064181462036,0.09062970300065977,0.9915949202730823,-0.018314061640543628
1742955482.1596715,0.5719573023623417,0.037566863922299285,0.5731667659496682,-0.09048623402901541,0.09063153248623644,0.9915961075090314,-0.018311918069389966
1742955482.1645622,0.5719559105582104,0.03756709981436882,0.5731806025883718,-0.09047221632283227,0.09063337838539601,0.9915972608210686,-0.01830959115430854
1742955482.1696222,0.5719543430925126,0.037567593038018265,0.5731940890938162,-0.09045858455821745,0.09063507278345108,0.9915983886643006,-0.01830747551206799
1742955482.1745608,0.5719523607582686,0.037568164304091566,0.5732078707794168,-0.09044494142501575,0.090636885034604,0.9915995088480445,-0.0183052367962381
1742955482.1796985,0.5719500170536016,0.03756846275783611,0.5732220466401736,-0.09043108748605423,0.0906394851010063,0.9916005761858884,-0.018302990589749088
1742955482.1846616,0.5719472145050944,0.03756855503806548,0.5732363034485254,-0.0904174244664827,0.09064318659066598,0.9916015196372113,-0.01830104725721836
1742955482.189558,0.5719441714113479,0.037568393117177606,0.5732499367161583,-0.09040442149941802,0.0906483202205521,0.9916022647188228,-0.018299486852081905
1742955482.194684,0.5719408958616963,0.037568230096360206,0.5732633527731115,-0.09039189066914474,0.09065434081700541,0.9916028845769117,-0.0182979750529867
1742955482.1996188,0.5719372931351839,0.037568269037677654,0.5732766054824112,-0.09037970638028309,0.09066033547667234,0.9916034733829682,-0.018296552153457844
1742955482.20457,0.5719335825562137,0.037568465214931665,0.5732900998640456,-0.09036737477210792,0.09066638357821584,0.9916040746696891,-0.01829490541421108
1742955482.2095394,0.5719297251360583,0.03756877805013523,0.5733036985452942,-0.09035497092652581,0.09067301704316147,0.9916046279444659,-0.018293306105640856
1742955482.214556,0.5719257860175277,0.03756900418517465,0.5733167576715877,-0.09034325333374471,0.09067994855354829,0.9916050867481203,-0.01829195021459973
1742955482.2196157,0.5719216836986497,0.0375686646004408,0.5733299309173988,-0.09033138492703359,0.09068832428353277,0.9916054201475805,-0.01829096688940278
1742955482.2245398,0.5719174272510315,0.037568282571931344,0.5733427616191489,-0.0903200825522309,0.09069853694689714,0.9916055301569814,-0.018290178936863292
1742955482.2295725,0.5719128008397069,0.037567774598615496,0.5733555694653373,-0.09030930684699126,0.09071071653870479,0.9916054072654344,-0.01828964963586235
1742955482.234536,0.5719077745360809,0.037567496253290124,0.5733690870048366,-0.09029817631481307,0.09072325353387871,0.9916052850883111,-0.018289046103496832
1742955482.2395928,0.5719023647708887,0.03756720499960406,0.5733830979948423,-0.09028715135362991,0.09073609219365107,0.991605123824321,-0.018288528623843878
1742955482.2445657,0.5718968087779221,0.03756707404187458,0.5733969167793161,-0.09027687785665899,0.09074932391915928,0.9916048577759713,-0.018288017053940515
1742955482.249584,0.5718910814785073,0.037567036916095,0.5734108772215617,-0.0902668438175246,0.09076270554178181,0.9916045558079544,-0.01828751188292205
1742955482.2546988,0.5718850944855915,0.03756707863338389,0.5734255562642523,-0.0902561011132286,0.09077672907162518,0.9916042581557675,-0.01828706860722718
1742955482.2596188,0.5718790026373132,0.037566717940910856,0.5734407396592591,-0.09024492369366723,0.09079212528479906,0.9916038728728489,-0.018286690169640487
1742955482.264623,0.5718725494195748,0.03756635359390206,0.573456516810057,-0.09023368077712322,0.09080921428212556,0.9916033348578507,-0.018286491015626762
1742955482.2696834,0.571866099782159,0.03756586793934491,0.573472245860676,-0.09022242069191524,0.09082691544072172,0.9916027400645616,-0.018286392002488126
1742955482.2745616,0.5718596332626757,0.03756542121121661,0.5734878506261321,-0.09021182966519418,0.09084426504759092,0.9916021165766497,-0.01828627072777705
1742955482.2796724,0.5718529475233773,0.03756514853518487,0.5735036371060804,-0.09020153708292596,0.09086266291653455,0.9916013662337432,-0.018286324916934327
1742955482.2847834,0.571846134549816,0.03756486141869852,0.5735195430475806,-0.09019149281083307,0.09088240596120084,0.9916004674877208,-0.018286491992468557
1742955482.2896564,0.5718393144871254,0.03756468328064406,0.5735352251620927,-0.09018205132275044,0.09089971995679647,0.9915997384775421,-0.018286530077271733
1742955482.2947404,0.5718324145299086,0.03756511371219032,0.5735508670451894,-0.09017312520268429,0.09091339124034035,0.9915993058372613,-0.018286045155349723
1742955482.299763,0.5718253408800162,0.037565522076868356,0.5735662461637709,-0.09016573173011291,0.09092477099989703,0.9915989417623647,-0.018285664766367737
1742955482.3046856,0.571818086376325,0.037565605255823406,0.5735811905713017,-0.09016029335392339,0.09093418189833129,0.9915985780349316,-0.018285406856765166
1742955482.3096137,0.5718105313374406,0.0375652664441297,0.5735960755463364,-0.09015639061038211,0.09094191559096905,0.9915982231228054,-0.018285434652974303
1742955482.3147292,0.5718026792848636,0.03756474939660677,0.5736110738223815,-0.09015365925687836,0.09094761123676494,0.9915979466918253,-0.01828556396387541
1742955482.3196318,0.5717948436312926,0.037564357221909,0.5736262115918981,-0.09015064197218717,0.09095210443006516,0.9915978114530114,-0.018285425161675348
1742955482.32472,0.5717868747882385,0.03756458448053824,0.5736409014781767,-0.09014879800141402,0.0909550347756261,0.9915977157704641,-0.018285129112558262
1742955482.3297186,0.571778777260641,0.0375656891233584,0.5736556300666292,-0.09014759011801532,0.09095602002514182,0.9915977479561011,-0.018284437795268265
1742955482.3346107,0.571770615559823,0.037567489485285765,0.5736704568977271,-0.09014598234662922,0.09095575595591618,0.9915979374524361,-0.018283401360901414
1742955482.3395987,0.5717627151481378,0.037569299469848216,0.5736856025556437,-0.09014257512072041,0.0909554747060223,0.9915983005400686,-0.018281907385588974
1742955482.3446107,0.5717549428701449,0.03757117370742434,0.5737011630924893,-0.09013761856716443,0.0909547743020766,0.991598848817316,-0.018280092310285455
1742955482.3497121,0.5717472624925245,0.03757293038160015,0.5737165314140774,-0.09013260929130752,0.09095447572043383,0.9915993624542514,-0.018278415387660618
1742955482.3546045,0.5717399078716898,0.037574599239284044,0.5737316162246227,-0.09012689299586822,0.090954286210987,0.9915999322998251,-0.018276631028270564
1742955482.3596563,0.5717327713593706,0.037576431123586176,0.573746746610951,-0.09012012443795513,0.09095382349002393,0.9916006269653916,-0.018274620807975147
1742955482.364611,0.5717256978197356,0.03757847459942103,0.5737620529824841,-0.09011231663240621,0.0909531462310389,0.9916014413973239,-0.018272301457831944
1742955482.369605,0.5717187832441867,0.03758088998005966,0.5737776063696856,-0.09010342683289,0.09095194173488547,0.9916024067670604,-0.018269747162934613
1742955482.3747225,0.5717122320336527,0.037583528197937914,0.5737926176385054,-0.09009419114551108,0.09095034075130126,0.991603445256768,-0.018266898860129232
1742955482.3796682,0.5717059748881711,0.037586283505932516,0.5738074130408265,-0.09008417358916114,0.0909482759498889,0.9916046010333901,-0.01826384351422558
1742955482.384615,0.5716997964662,0.03758870430996346,0.5738227407422432,-0.09007253503746981,0.09094619475323398,0.9916059062898819,-0.01826074212217681
1742955482.3897023,0.5716938417586458,0.03759058454664708,0.5738381620772536,-0.09006007535990879,0.09094434201545824,0.9916072639007395,-0.01825770141152194
1742955482.3946633,0.5716881078839186,0.03759169645748711,0.573853110396675,-0.09004764580758502,0.09094326968535871,0.9916085394998837,-0.01825506982608718
1742955482.3996594,0.5716827873210945,0.03759247028769755,0.5738671231565949,-0.09003580974440972,0.09094260073085339,0.991609719102658,-0.01825270711770291
1742955482.4046397,0.5716776302192185,0.037592747935767425,0.573880936083865,-0.09002400650494496,0.09094230675155357,0.9916108576254645,-0.018250537931655687
1742955482.4097357,0.5716722859541934,0.03759319163817696,0.5738952849848824,-0.09001172052672202,0.09094158159723896,0.9916120828831647,-0.01824817756719469
1742955482.4147558,0.5716668338999094,0.037593750294494896,0.5739097394766295,-0.08999939722705888,0.09094084124955902,0.9916133121156099,-0.018245852314945618
1742955482.4197288,0.5716615489788536,0.03759452659352258,0.573923744823741,-0.08998742091810595,0.0909397866379584,0.9916145402895932,-0.018243430845349167
1742955482.4247055,0.5716565706212715,0.037594913496684014,0.5739370755650713,-0.08997599774821748,0.09093914286030613,0.9916156743527662,-0.01824134049225594
1742955482.4296565,0.5716518425381728,0.03759482550727939,0.5739496291173773,-0.08996525574342423,0.09093906016834563,0.9916166895972683,-0.018239545138878214
1742955482.4347003,0.5716474037416374,0.03759445392139589,0.5739616859057645,-0.0899548330112323,0.0909393618588476,0.9916176387910366,-0.018237843104826307
1742955482.4396744,0.5716431668015792,0.03759396406265305,0.5739731470688154,-0.08994489355491046,0.09093965106743954,0.9916185416010438,-0.01823633571053252
1742955482.4447315,0.571639097233397,0.03759343676974171,0.5739841230658503,-0.08993548216158086,0.09093999559016377,0.9916193861336087,-0.018235111582604088
1742955482.4496665,0.5716352012442022,0.0375933984168873,0.5739946769773261,-0.08992628075292418,0.09093991265660634,0.991620257658279,-0.018233510843592735
1742955482.4546263,0.5716314922180108,0.037593571335746624,0.5740045142350494,-0.08991779099886316,0.09093964045454808,0.991621080601885,-0.018231981840494363
1742955482.4596899,0.5716280308367063,0.0375939752406512,0.5740137290909872,-0.08990997621144894,0.09093902102781562,0.9916218719321997,-0.018230571517076168
1742955482.4645987,0.5716247115105533,0.03759440448741091,0.5740227176101828,-0.08990218896537383,0.09093840336204695,0.9916226636813882,-0.018228990279894317
1742955482.4695952,0.5716213761652468,0.037594516328759084,0.5740314151981418,-0.08989479202161693,0.09093813847879904,0.9916233836774189,-0.018227624133375708
1742955482.4747038,0.5716183818478464,0.037594301924813577,0.5740396559083069,-0.0898875179655339,0.09093820334365617,0.9916240587958843,-0.018226445177275057
1742955482.4795933,0.5716158406735942,0.03759408826228125,0.5740466306237081,-0.08988141366399137,0.09093836415145291,0.9916246145733691,-0.018225508921216944
1742955482.4846144,0.5716137827632752,0.037594047808358066,0.5740520749961391,-0.08987669949626292,0.09093830623991102,0.9916250609858042,-0.018224757084110754
1742955482.4896123,0.5716122230119028,0.03759409237795316,0.574056324368641,-0.08987292280338058,0.09093815504346078,0.9916254310593379,-0.018224000122134276
1742955482.494682,0.5716109859781479,0.03759458223743274,0.5740595022843531,-0.08987014795759506,0.09093743867824602,0.9916257595527462,-0.018223384541830336
1742955482.4996066,0.5716101026449044,0.037595510695974145,0.5740618197664934,-0.08986808812915471,0.09093633700730011,0.9916260611791095,-0.018222627091351834
1742955482.5046077,0.5716096014902368,0.037596039776551564,0.574063112494955,-0.08986701890626735,0.09093563110257064,0.9916262321786348,-0.018222117442328607
1742955482.509606,0.5716095723856748,0.037596050392667925,0.5740633734506164,-0.08986648476896102,0.09093548959143583,0.9916262946575556,-0.018222057835570103
1742955482.5145993,0.5716097295542649,0.03759592715625479,0.5740630175314482,-0.08986649716480086,0.09093568418052445,0.9916262735972369,-0.01822217170390998
1742955482.519614,0.5716099453449721,0.0375959165427025,0.5740625135222857,-0.08986670229737306,0.09093561202467822,0.9916262642192335,-0.018222030471371685
1742955482.5245998,0.5716103503390002,0.03759602650239457,0.5740615812055146,-0.08986688062806569,0.09093560887163935,0.9916262480916409,-0.01822204436995736
1742955482.5296385,0.5716108013294766,0.03759642125653254,0.5740605820009013,-0.08986717225155369,0.09093515855768801,0.991626265433261,-0.018221909682618734
1742955482.534661,0.5716115671802174,0.037597201839197784,0.5740587778131047,-0.08986806733921458,0.09093414198646613,0.9916262801410377,-0.01822176795889988
1742955482.5396721,0.5716128208001968,0.037598350753011926,0.5740559280545083,-0.08986928592093038,0.09093293030974939,0.9916262861038981,-0.018221480212493157
1742955482.5446312,0.571614054354491,0.03759887008918117,0.5740534088718384,-0.08986991220423213,0.09093211861237327,0.9916263064550511,-0.01822133451155189
1742955482.5496216,0.5716153123663531,0.03759878959625656,0.5740515719831069,-0.08986905007526894,0.09093222619449026,0.9916263762635712,-0.0182212506777461
1742955482.554732,0.571617910246454,0.03759837683731917,0.5740460920483571,-0.08987045719112911,0.090932723266513,0.9916261943110822,-0.018221732072251497
1742955482.5596306,0.5716221246856275,0.037597749595789966,0.5740376990341258,-0.08987292028757662,0.09093365511942914,0.9916258730016102,-0.01822241914231034
1742955482.5646951,0.5716272566389682,0.03759738313634005,0.5740272009194606,-0.089876671967867,0.09093434120871892,0.9916254528779548,-0.018223353958802875
1742955482.5696065,0.5716327910690774,0.03759729960101692,0.5740150440856525,-0.08988289498676834,0.09093443677615723,0.991624858761809,-0.018224513234188743
1742955482.574602,0.5716385583947987,0.037597724266200144,0.5740008634796965,-0.0898927280542903,0.0909342076203007,0.9916239622112276,-0.018225940193338872
1742955482.5796049,0.5716451033801144,0.03759812634884787,0.5739842465353426,-0.08990516558696524,0.09093397549645216,0.9916228199595594,-0.018227897208466133
1742955482.5846655,0.5716529511771016,0.03759863754985387,0.5739644562749743,-0.08991999325494769,0.09093362426594007,0.9916214651551953,-0.018230212131368474
1742955482.5895824,0.571662618687498,0.03759914586281886,0.5739404153747507,-0.08993758415127001,0.09093330998743458,0.9916198471975878,-0.018233012246887087
1742955482.5946028,0.5716740255949238,0.03759991538115584,0.573913307263585,-0.08995477434277943,0.09093281246788977,0.9916182847204281,-0.0182356682832109
1742955482.5995336,0.5716883330080078,0.03760111780703074,0.573883156916237,-0.08996699575498902,0.09093224765493652,0.9916171949347871,-0.01823745379453366
1742955482.6045506,0.5717066633991491,0.03760295551879084,0.5738473612889241,-0.08997488576059366,0.09093105209266948,0.9916165721432221,-0.018238353780275853
1742955482.6096342,0.5717289380409576,0.03760597664407888,0.5738071617829971,-0.08997648787289746,0.09092917538466547,0.9916166068498646,-0.01823791965889227
1742955482.6146317,0.5717559242529111,0.0376104945513488,0.573761778148187,-0.08996963969889,0.09092587842900664,0.9916175679026855,-0.018235887451078788
1742955482.6196682,0.5717876136313322,0.037617266857261286,0.573712784660225,-0.08995036521541097,0.09092079945535976,0.9916198648562888,-0.018231391784722183
1742955482.6246202,0.571823805959343,0.03762552182161701,0.5736578533127457,-0.08992543838539148,0.09091446154214068,0.9916228175639551,-0.01822536419995636
1742955482.6296573,0.5718630728672827,0.037633813495118906,0.5735995446643464,-0.08989360008579114,0.09090817213272841,0.9916264168663942,-0.01821796574314174
1742955482.6345873,0.5719075039440276,0.03764199710921268,0.5735362486656487,-0.08985119093280726,0.09090222631092239,0.9916309764651563,-0.01820865877637991
1742955482.6395898,0.5719582094101376,0.03765064346494058,0.5734685929040595,-0.08979174773802015,0.09089615875735187,0.991637140661098,-0.018196472811837047
1742955482.6446447,0.5720153821013177,0.03766075923182406,0.5733976859590505,-0.08971248290159979,0.09088908567189877,0.9916452529404521,-0.018180672100423106
1742955482.6496277,0.5720791438941202,0.03767292095816012,0.5733204230693166,-0.08962079954617803,0.09088064228762663,0.991654649047929,-0.018162548491911037
1742955482.6546054,0.5721469399542195,0.0376875878985046,0.573237364383454,-0.08952196388179062,0.090869732426292,0.9916649409940799,-0.018142615983638283
1742955482.659637,0.572217744944528,0.037704502795227635,0.5731484413383822,-0.08942358144390672,0.09085679591636078,0.9916753720919834,-0.018122419920749967
1742955482.6647615,0.5722892954613428,0.03772300324003101,0.5730578390206063,-0.08932580372337394,0.09084213742185952,0.9916859038905872,-0.018101792245805718
1742955482.6696892,0.5723623067477296,0.03774234093980394,0.5729634178671943,-0.08922903879891163,0.09082654295637649,0.9916964256669907,-0.018080847572244305
1742955482.6747394,0.5724408637363089,0.03776298744853997,0.5728618310959701,-0.08911775744419112,0.090810110051531,0.9917083693728217,-0.01805711318141021
1742955482.679691,0.5725231337512207,0.03778543759587812,0.5727506351431626,-0.08900253827741933,0.0907919653386941,0.9917208335923138,-0.018032066689103666
1742955482.684641,0.5726064621645429,0.0378098303027545,0.5726349402114952,-0.0888883132433305,0.0907718967824822,0.9917333712185926,-0.01800696905842842
1742955482.689742,0.5726938555816518,0.03783672121586565,0.5725093285342348,-0.08877703116054535,0.09074957265177283,0.9917458365459866,-0.017981921352890867
1742955482.6945934,0.5727871640982684,0.037866970488526705,0.5723752467100185,-0.08866034180742689,0.09072407203780879,0.9917590946791088,-0.017955073509825958
1742955482.699593,0.5728890451163609,0.03790039976485172,0.5722364137896886,-0.08851780048284519,0.09069613193447894,0.9917749568716668,-0.017923324803346474
1742955482.7046793,0.5729961876456547,0.03793580178867469,0.5720895677784722,-0.08836966864742851,0.09066635247479146,0.9917914910962784,-0.017890007855823988
1742955482.7095852,0.5731074140347571,0.03797155465055743,0.5719327414615187,-0.08822042919174834,0.09063615001941973,0.9918081499795285,-0.017856030271765105
1742955482.7146115,0.5732265242685924,0.03800563544394049,0.5717641141587095,-0.08806050286969083,0.09060808332989027,0.9918255654553508,-0.017820515671397315
1742955482.719648,0.5733555247241079,0.03803879620030231,0.5715798038685317,-0.08788492454575982,0.09058153878399634,0.9918442478542046,-0.01778237519671355
1742955482.7246537,0.5734886693471135,0.038072595852484514,0.5713862531347121,-0.08770987866298871,0.0905545150775784,0.9918628995720002,-0.017743884484875832
1742955482.7296543,0.5736306278552445,0.038106294090274495,0.5711845987523192,-0.08751506071181306,0.09052793557180311,0.9918832817768038,-0.01770204398911983
1742955482.7347121,0.573781769850613,0.03814017925276312,0.5709702623975865,-0.08730257128129011,0.09050198988161764,0.9919051687592686,-0.017657493134354846
1742955482.739573,0.5739413233995957,0.03817531559688016,0.5707422460627828,-0.08708517421658435,0.09047507735996417,0.9919275491276193,-0.01761164643212291
1742955482.7445765,0.5741096486114314,0.0382111527361442,0.5704989800332421,-0.08686099585336876,0.09044796776042954,0.9919505164445631,-0.01756432329279937
1742955482.7495794,0.5742820484919761,0.038247257621681574,0.5702430525427648,-0.08663379166862527,0.09042086818116833,0.9919737099888358,-0.01751603349694721
1742955482.7545948,0.574466529419632,0.038282321657781566,0.5699741931574789,-0.08638537616732841,0.09039517243967052,0.991998627502532,-0.017464324124466243
1742955482.7596369,0.5746553675673693,0.03831554476996991,0.5696903955676793,-0.08614177196276188,0.09037168290028409,0.9920228403026974,-0.017413740857586735
1742955482.7645726,0.5748534752791311,0.03834933229178522,0.5693898433269429,-0.08589060406624485,0.09034822401498392,0.992047661429803,-0.017362027592785913
1742955482.769557,0.5750610728694756,0.03838214901007541,0.5690772001085062,-0.08563218859734623,0.09032650535274954,0.9920728925365353,-0.017309725618286358
1742955482.7745779,0.5752723145178862,0.038412668626531365,0.5687586811478591,-0.0853697683901104,0.09030767726048804,0.9920981249037016,-0.01725794412419005
1742955482.779594,0.5754880692816233,0.038442585117583944,0.5684295183820021,-0.08510393334835895,0.09029003728036565,0.992123469139049,-0.01720615238938821
1742955482.784601,0.5757096411649043,0.038471867975426434,0.5680743482511349,-0.08485770178096051,0.09027302419985875,0.9921469413729149,-0.017158038193075317
1742955482.7895563,0.5759348621481827,0.03849912617921365,0.5676974883994429,-0.08462796488700532,0.09025841516310998,0.9921686602111075,-0.017113612892177166
1742955482.7945623,0.5761643040652962,0.03852355217961865,0.5673092336131177,-0.08440358076079608,0.09024718414479424,0.9921895205008361,-0.017071517712621106
1742955482.7995763,0.5763962207096616,0.03854591293885771,0.566917509345622,-0.08417793021310194,0.09023838889103321,0.9922102000120275,-0.017030215133146745
1742955482.8045948,0.5766290300733868,0.03856672875481,0.5664979448608607,-0.08399273083542409,0.09023090148913954,0.9922271605277903,-0.016996102324475515
1742955482.8095706,0.5768710275806292,0.03858601947053775,0.5660648590483993,-0.08379894234022194,0.09022589629476895,0.992244586725728,-0.016961869412158766
1742955482.8145766,0.5771104232854048,0.03860331331790181,0.5656323803187214,-0.08362571659325281,0.09022284126921505,0.9922599924082774,-0.016931801543258847
1742955482.8195655,0.5773506755394018,0.03862054507428884,0.5651887471248551,-0.08346986760601295,0.09021991298233326,0.992273844924809,-0.016904590543138295
1742955482.8246052,0.5775963441455283,0.03863708487844851,0.5647227018374359,-0.08333745730807025,0.09021795721686084,0.9922855453430806,-0.01688149603049241
1742955482.8295963,0.5778386774604024,0.03865180769743544,0.564251599402554,-0.08323222787487844,0.09021746792081702,0.9922947303982614,-0.016863355205362862
1742955482.8346136,0.5780803303033121,0.03866565757121228,0.5637806308664004,-0.083129931264711,0.09021821382396453,0.9923035297581676,-0.016846164305843923
1742955482.8395429,0.5783247029666951,0.038679977651059065,0.5632905754562413,-0.08306137719570976,0.09021801475026561,0.9923094943513893,-0.016834038522084375
1742955482.844569,0.5785667538066246,0.03869534171821721,0.5627856781454265,-0.08301869430328637,0.09021596299642885,0.9923133943891553,-0.016825686692590627
1742955482.8496373,0.5788032522955067,0.038709202289409515,0.5622662337054095,-0.08301616621306285,0.09021520606455417,0.9923136945188208,-0.016824518192912096
1742955482.8545668,0.5790396817743322,0.038722753568213156,0.5617367137820702,-0.08303286854622191,0.09021453218115838,0.9923123265024192,-0.016826395801739544
1742955482.8595824,0.5792738893675473,0.03873690740145539,0.5612060966007971,-0.08307180192558662,0.09021295542472377,0.9923091328226901,-0.016831022400728504
1742955482.8646162,0.5795065538817146,0.038750140079405866,0.5606642674990211,-0.08313808259278452,0.0902118054340136,0.992303519649606,-0.016840851348292704
1742955482.869607,0.5797370236943641,0.03876187670372017,0.5601123011131713,-0.0832286922281251,0.09021182221276294,0.9922956707557361,-0.0168556733022638
1742955482.8746321,0.5799643583902965,0.038773547090234055,0.5595474002886618,-0.08335886649406844,0.09021125648302734,0.992284430271615,-0.016877144933729268
1742955482.8796186,0.5801931170986635,0.038784485669222345,0.5589850322609506,-0.08349562169098057,0.09021159613489182,0.9922725185054629,-0.016899647927032205
1742955482.884636,0.5804183705028486,0.03879426522509037,0.5584171191340459,-0.08366269898693422,0.0902130834111287,0.9922578486799474,-0.016926727761771437
1742955482.8896205,0.5806443019054719,0.038803113870553484,0.5578202311876712,-0.08387114353302876,0.09021530753984336,0.992239468455599,-0.016960743111787066
1742955482.8945594,0.5808671048590456,0.03881233912615549,0.5572133003979255,-0.08410974003019175,0.09021636586780436,0.9922185051997684,-0.01699990884673269
1742955482.8995888,0.5810910156388465,0.0388215527854867,0.5566002726389105,-0.08436268068252568,0.09021699489217556,0.9921962462426543,-0.017042326210629614
1742955482.9045646,0.5813094084207224,0.03882911447203685,0.5559860187544642,-0.08464493450925814,0.0902190907917326,0.9921711979693265,-0.017089898734284143
1742955482.9095623,0.5815237318050457,0.038835420370317085,0.5553652016584758,-0.08496188795702563,0.09022200541574792,0.9921429293424826,-0.017142785341249873
1742955482.9145627,0.5817356055591977,0.0388395447094124,0.5547454178693495,-0.08529126926229968,0.0902275366238835,0.9921132070555667,-0.01719812223267103
1742955482.9195824,0.5819435851520715,0.03884216121955268,0.5541158373608989,-0.08565481118103538,0.09023381621509227,0.9920802469445186,-0.017259645283295853
1742955482.924556,0.5821464110957544,0.03884437290092476,0.5534748016852336,-0.08605310517981009,0.09023996266153068,0.9920440358208046,-0.01732752781351899
1742955482.9296358,0.5823488005818211,0.03884688939364156,0.5528129264432633,-0.08649095602537854,0.09024492226911221,0.992004200736968,-0.017402133509060856
1742955482.934576,0.5825452177463777,0.03885082213059401,0.5521448015441295,-0.0869500276230799,0.09024773817148228,0.9919624504863899,-0.01747956739492967
1742955482.9397209,0.5827426830933307,0.03885802722805621,0.5514780926980483,-0.08740799837679873,0.09024716400235992,0.9919209178115614,-0.017555170667425093
1742955482.9446142,0.5829448359723912,0.03886577453246876,0.5508228954769828,-0.08785018664346882,0.09024658239026383,0.9918806367737094,-0.017626725928711836
1742955482.949559,0.5831471561531968,0.03887436661191134,0.5501684599908193,-0.08829584970595718,0.09024498562621235,0.9918399406618373,-0.017697954739203246
1742955482.9545476,0.5833508160277977,0.03888411919018442,0.5494988101136598,-0.08876251470586236,0.09024154527108531,0.9917972644542473,-0.017772611267065416
1742955482.9596639,0.5835515775495237,0.03889427891962335,0.5488092437392709,-0.08926827547801028,0.09023691925498238,0.9917508310667428,-0.017853920437175118
1742955482.9645584,0.5837529778765896,0.038904688631036397,0.5481152119683137,-0.08978446458302962,0.09023167591871696,0.9917032088137849,-0.017937118187741363
1742955482.9697433,0.5839553050348505,0.03891495155351813,0.5474182194182513,-0.09030440818289275,0.09022727580772584,0.9916548833482798,-0.018020679636567807
1742955482.9746087,0.5841574894185705,0.0389262678087601,0.5467219940346791,-0.09082938469930117,0.09022244115357196,0.9916058600270512,-0.01810393182292031
1742955482.9796958,0.584362748477441,0.03893840337738488,0.5460343776852549,-0.09133930809580909,0.09021687945299031,0.991558059988044,-0.01818403506073573
1742955482.9847462,0.5845730483664827,0.038951701542083675,0.5453415152630356,-0.0918426233948652,0.09021047287377139,0.9915106963817019,-0.018263134246675992
1742955482.9896138,0.5847830685202179,0.038965518351832346,0.5446298048815958,-0.09236524223174862,0.09020304292882907,0.9914613077277155,-0.018345254228234603
1742955482.9946606,0.5849963896909375,0.038979575104520305,0.5439126465046047,-0.09288553394313975,0.09019556790351732,0.9914118664265773,-0.018426834324712857
1742955482.9995806,0.5852120397888884,0.03899373779909426,0.5431957247154418,-0.09339841515169013,0.09018805760313482,0.9913628637146327,-0.018507370435825038
1742955483.004593,0.5854270472459225,0.0390091303577488,0.542480249122141,-0.09391324754671058,0.09017926499282884,0.9913135174066434,-0.0185879613581447
1742955483.0096357,0.5856436525655353,0.03902609044287846,0.5417782376495964,-0.0944197512441379,0.09016940184971528,0.9912648251344055,-0.01866644037614655
1742955483.0146465,0.585862564642646,0.03904426641325365,0.5410675961389149,-0.09493691173083676,0.09015872537664683,0.9912148964868641,-0.01874609324645918
1742955483.0196638,0.5860797352447651,0.039065275046487345,0.540331215520396,-0.09548374374034581,0.09014465323555715,0.9911620536911594,-0.018830281386438642
1742955483.0246243,0.5863002079564789,0.03908647998909248,0.5395882899552534,-0.09602221429933819,0.09013015597545491,0.9911097414952675,-0.018914799974521494
1742955483.0296757,0.5865260612876639,0.039107075171383336,0.5388480390230956,-0.09654375221401598,0.09011691170771087,0.991058720192951,-0.018996296012996024
1742955483.034573,0.5867536169640335,0.039127485398152945,0.538128293554549,-0.09703401990303291,0.090104555798381,0.9910105274663105,-0.019070984683004243
1742955483.0396059,0.5869913760885365,0.03914671916650852,0.5374163809100054,-0.09749229240120943,0.09009419968290638,0.9909651519052484,-0.019140423591493698
1742955483.0445452,0.5872353485932564,0.03916483700797627,0.5366864656955058,-0.09795022757804082,0.0900849331427692,0.9909194640354982,-0.019211286622028104
1742955483.0496154,0.58747669561002,0.039182852591632504,0.5359464658247989,-0.09841972877162478,0.0900752991501554,0.9908723940801726,-0.019284608405595725
1742955483.054672,0.5877210178622694,0.03920191463057282,0.5352065349872206,-0.0988866718404357,0.090065053013325,0.9908254308173997,-0.01935660103280859
1742955483.0596232,0.5879649223278519,0.0392220808929223,0.5344614247466449,-0.09936243656003718,0.0900537256295379,0.9907774389959618,-0.019429335492898374
1742955483.0646458,0.588206196440821,0.03924301882285666,0.5337387216072229,-0.09981380234682613,0.09004111645699582,0.9907318657565821,-0.01949800971197634
1742955483.0695891,0.5884595303242215,0.03926355036123549,0.5330124837704807,-0.10023751415074673,0.09002935875748058,0.9906888764760347,-0.01956285626507203
1742955483.0746274,0.5887108711818232,0.03928453605602841,0.5322721468016144,-0.10067011983176662,0.09001605161452374,0.9906449152509381,-0.019628787844661735
1742955483.079662,0.5889645672896126,0.03930832996374081,0.5315339046544227,-0.10109496265180977,0.0899998076476685,0.9906018620710252,-0.019692486161723206
1742955483.0846612,0.5892181983769116,0.039332133235697175,0.5307941152092736,-0.10152753475077408,0.0899823451035509,0.9905579149774506,-0.01975738678625317
1742955483.089708,0.5894648944752526,0.03935975149899777,0.5300679133869005,-0.10195791309654635,0.08995811701938392,0.9905146407389769,-0.01982088850328595
1742955483.094553,0.5897194192245232,0.0393914718750782,0.5293442834425091,-0.10236121228700595,0.0899266667245651,0.9904747502824737,-0.01987827668121671
1742955483.0996296,0.589976866434235,0.03942623860796631,0.528602271153394,-0.10276054325499043,0.08988800487669044,0.9904358198015097,-0.01993249064564542
1742955483.1045861,0.5902353597377494,0.03946603200134693,0.5278524458489012,-0.10315949881451389,0.08984193774586566,0.9903974736887902,-0.01998469757761331
1742955483.1097279,0.5904971115099886,0.03950610285954107,0.527105691250433,-0.10355063126684994,0.08979434887917598,0.9903599403386626,-0.02003572424451878
1742955483.1145933,0.590756712840475,0.03954729837098731,0.5263679874103123,-0.10392826721884962,0.08974118361004232,0.9903242254344823,-0.02008391781373342
1742955483.1196313,0.5910183291970262,0.0395884773801137,0.525642525716678,-0.10428029146059432,0.08968490383809083,0.9902914403501262,-0.020127145990388406
1742955483.1246278,0.5912855539591468,0.03962917878525259,0.5249062320942915,-0.10461417746152911,0.089626353518074,0.9902607254783233,-0.020166462363182442
1742955483.1297336,0.5915501212211733,0.03967094111730097,0.5241657773107842,-0.10495565894055217,0.08955931745954016,0.9902298680413364,-0.02020511696015413
1742955483.1345313,0.5918171812464723,0.03971473897589421,0.5234285145218571,-0.10528269607486927,0.08948412084791527,0.9902012411153699,-0.020239765731442715
1742955483.139587,0.5920873447322363,0.039760166955571885,0.5226853240792971,-0.10559502558830347,0.08939980556098678,0.9901749490502338,-0.020271546809015554
1742955483.1446486,0.5923531520929458,0.03980775333801308,0.521959109006729,-0.10589543457370865,0.08930614895310575,0.9901507398638306,-0.020299779376141684
1742955483.1495435,0.5926214285188052,0.0398565165565359,0.5212351895769434,-0.10618149283612767,0.08920722430266698,0.9901285261294694,-0.020323962605494027
1742955483.1545904,0.592886378598281,0.03990216668260191,0.5205057077660893,-0.10647302398945917,0.08911313890766084,0.9901051624512688,-0.02034971557321502
1742955483.1596918,0.5931543807394292,0.039945338526146644,0.5197782633065879,-0.10675029503256873,0.0890240989399057,0.9900828354710024,-0.020373100502806055
1742955483.1645498,0.5934208527748474,0.03998530380997733,0.5190505595544611,-0.10702722720848724,0.08894322464917202,0.9900597141118865,-0.020397007568741167
1742955483.1695468,0.5936836377773191,0.040024806975819865,0.5183402471718064,-0.10728355146637585,0.0888655333284496,0.9900385068673538,-0.020418410586336092
1742955483.174594,0.5939505841866861,0.04006532221116468,0.5176371786317799,-0.10751006276246802,0.08879009269429251,0.990020345093672,-0.020435805458945428
1742955483.1796813,0.5942165162982234,0.04010628893262943,0.5169266733554483,-0.10773613525316574,0.08871716224770484,0.9900019397808544,-0.02045359414801431
1742955483.184652,0.5944838589317624,0.04015019281673516,0.5162017400174954,-0.1079649771517362,0.08865044870699856,0.9899826000493827,-0.020472255668028107
1742955483.1895928,0.5947507581322656,0.04019356039556642,0.5154903943272234,-0.10817780055042554,0.08858852295373017,0.9899645688071392,-0.02048876705523759
1742955483.194546,0.5950183530377225,0.040234346980006365,0.514787885433974,-0.10837341117197746,0.08853130726094528,0.9899479904648946,-0.02050335485072194
1742955483.199616,0.5952846841421449,0.04027219101524883,0.5141090737307468,-0.10853321863139974,0.08848272843951153,0.9899346175650988,-0.02051341433428714
1742955483.2046008,0.5955496014469602,0.04030929710963054,0.5134372928255446,-0.10868111260372695,0.08844180753116801,0.9899218549947063,-0.020522754388132725
1742955483.2096512,0.595812303130053,0.04034667922675323,0.5127599334368543,-0.1088322964960274,0.08840815935497423,0.9899080143546877,-0.0205341597156042
1742955483.2146413,0.5960703314066224,0.04038687021683823,0.5120886065936516,-0.10898690364530256,0.08837654445708377,0.9898935964919195,-0.020545287730463796
1742955483.2196205,0.5963272355952483,0.04043076620847642,0.511428386705017,-0.10912907446113068,0.08834393745311689,0.9898806965394177,-0.020552382858782664
1742955483.2246315,0.5965854888105627,0.04047614837787843,0.5107691481693162,-0.10925279875244881,0.08831102477436974,0.9898698995613145,-0.02055652720015578
1742955483.229529,0.5968375791136977,0.04052149586707837,0.5101251087945767,-0.10937586758647634,0.08827736160641544,0.9898592081370333,-0.02056149517523474
1742955483.2345517,0.5970897586834795,0.040565961010850714,0.50949184337206,-0.10947937780349479,0.08824496285426674,0.9898506188931155,-0.020563186609205166
1742955483.2396333,0.5973395085319234,0.0406095733320437,0.5088521071860147,-0.10959044361854867,0.08821338974538621,0.9898411133305417,-0.020564603027339142
1742955483.244676,0.5975889845127302,0.040654572147044356,0.5082179190517605,-0.10969247101663188,0.08818049509928994,0.989832782270688,-0.02056271452357827
1742955483.2496705,0.5978417551931524,0.04069930994955719,0.5075850428135797,-0.10977679625533639,0.08814813430700279,0.9898263982390646,-0.020558763853642293
1742955483.2545748,0.598088806068729,0.04074753706886874,0.5069605354403184,-0.10986202841083693,0.08811186564629232,0.9898202716911163,-0.020553919215344496
1742955483.2595434,0.59833603427625,0.04080013528749985,0.5063543759129586,-0.10992207698353408,0.0880712476991215,0.9898174401686516,-0.020543306898449888
1742955483.2645633,0.5985830710896748,0.04085278327558391,0.5057531394735038,-0.1099631448483334,0.08803061991861692,0.9898167774628546,-0.02052958316329153
1742955483.2696326,0.5988275989502139,0.04090683650664243,0.5051489284272194,-0.11000823736567808,0.0879884058987373,0.9898158393084219,-0.020514199795753477
1742955483.2746425,0.5990710393566359,0.04095932206649579,0.5045341208990889,-0.11006112807302829,0.08794691092145764,0.9898139601781645,-0.020499102006790688
1742955483.279579,0.5993133015811881,0.0410092997217166,0.5039234796019882,-0.11011177615227531,0.08790725096369331,0.9898121563413805,-0.020484314472881668
1742955483.2846134,0.5995563816011815,0.041059404701970045,0.5033290425621034,-0.11014141481050335,0.08786720407235592,0.989812791620617,-0.020466087468025133
1742955483.2896175,0.5997975256769124,0.04110710712532378,0.5027375822861557,-0.11017113871112476,0.0878293591095543,0.9898131972305282,-0.020448923242522118
1742955483.2945616,0.6000356686588446,0.04115439149778368,0.5021650358008163,-0.11017748133291617,0.08779161290740552,0.9898162698703239,-0.020428098547086007
1742955483.2996688,0.6002722096813252,0.04120109458686796,0.5015934190947063,-0.11018440603369252,0.0877537360886737,0.9898192763462466,-0.02040780837999397
1742955483.304621,0.6005070199264898,0.04124899226449031,0.5010241511538431,-0.1101866623324968,0.08771366511898375,0.9898230271484652,-0.020385958944041733
1742955483.3096068,0.6007402931631879,0.041298775603715684,0.5004489283984631,-0.11020085570423128,0.08766984382959242,0.9898257605241978,-0.020365011358789337
1742955483.314581,0.6009756271147312,0.04135271995459269,0.4998771707818247,-0.11019368151607288,0.08762110737624144,0.9898314138270214,-0.020338787999665316
1742955483.3196557,0.6012084605900013,0.04140912278151976,0.49931441776321217,-0.11018049012551094,0.08756893679758793,0.9898380830251284,-0.020310349504167338
1742955483.3246427,0.6014435130719982,0.04146814886823468,0.4987616211757774,-0.11014588404881495,0.08751277977589664,0.989847591897866,-0.020276647084667067
1742955483.3296328,0.6016749561757833,0.04153171615866762,0.49821102430147396,-0.11011537750734134,0.08744919740054907,0.9898573160897958,-0.02024191922525427
1742955483.334548,0.6019083972904912,0.04160009118875546,0.49767300207925363,-0.11005235247146489,0.08737789064127119,0.989871450614085,-0.020201366333635416
1742955483.3396444,0.6021424009710389,0.0416715931438186,0.49713309404842426,-0.10998372389574838,0.08729887109045428,0.9898869002659885,-0.020159669296621666
1742955483.3445852,0.602378536332054,0.04174898068589766,0.4965879161139817,-0.10990072558435403,0.08720891393528,0.9899049976578669,-0.020112967415080705
1742955483.3495831,0.6026184517327037,0.041830436649118945,0.4960469631987353,-0.10979475971550408,0.08711001328553658,0.9899265583265698,-0.02005904893360449
1742955483.354545,0.6028635434089274,0.04191335596425982,0.4955086168405348,-0.10966169420443,0.087004977699358,0.989951755270334,-0.019999222908233295
1742955483.3595607,0.6031111205256207,0.04199584658508991,0.49497620832843797,-0.10949952497394025,0.086897786757894,0.9899804078283444,-0.019935415799174818
1742955483.364602,0.6033663150570051,0.04208093762662362,0.49444800325840194,-0.10930546800197281,0.08678918876145657,0.9900127876520076,-0.019865338267920002
1742955483.369541,0.6036240480966281,0.04217253184203648,0.4939315348734933,-0.109074485140163,0.08667443332599245,0.9900499207493717,-0.01978518949086171
1742955483.374566,0.6038847920859277,0.04227302750162901,0.49341659610313227,-0.10882619543392867,0.08655411038726468,0.990089509236979,-0.01969794053508428
1742955483.3796904,0.6041513130542545,0.042381929407692004,0.4928923318638495,-0.10855923901205992,0.0864250055416423,0.9901319354403318,-0.019605113196109077
1742955483.3846505,0.6044214677284441,0.042496580835639265,0.49236553814329775,-0.10826405683063407,0.0862868012819958,0.9901782390783764,-0.019507351915117287
1742955483.3896291,0.6046950540844149,0.04261528106865098,0.49182784663615764,-0.1079632874246835,0.0861362184433135,0.9902261702480105,-0.019406498826401747
1742955483.3947225,0.6049743997536735,0.042738130367370133,0.49130550317676175,-0.10761580216777597,0.08597237790151915,0.9902804324700996,-0.019293896148189917
1742955483.399638,0.6052622376156479,0.04286044298062984,0.49079585462268405,-0.10722648170848727,0.08580159233214969,0.9903398500846533,-0.01917158595404931
1742955483.4045827,0.6055589605698248,0.042981405617485625,0.4902834720827659,-0.10679641526187582,0.08563049299661694,0.9904036028034717,-0.019043316682564183
1742955483.4095678,0.605855851986701,0.0431051717461334,0.4897845296995548,-0.10634525439210242,0.08545202559274828,0.9904700778531936,-0.018911982124139064
1742955483.4145586,0.606164052887261,0.04323207363472714,0.4892779952827467,-0.10585005746032837,0.08526793051637334,0.9905416398221996,-0.018772456936909314
1742955483.4195564,0.6064743313486042,0.043364471120138116,0.4887753952692894,-0.10533669406057644,0.0850814244132593,0.9906151715676946,-0.01862562654264995
1742955483.4246798,0.6067930078571965,0.04350078495017441,0.48827885898293444,-0.1047710431974835,0.08489837442798763,0.9906938142438836,-0.01846783543628736
1742955483.4295459,0.6071151983092832,0.04363714246702485,0.4877815077079917,-0.1041886918653304,0.08472782656112061,0.9907727810324158,-0.01830869353374651
1742955483.4345257,0.6074423293582611,0.043771428015276774,0.4872903814346825,-0.10356674774954121,0.08456445955623018,0.9908549549631226,-0.01814494876195412
1742955483.4395542,0.6077756797990963,0.043902570498886524,0.4868043923222111,-0.10291336072483682,0.08440642864909853,0.9909395712485781,-0.01797668269476853
1742955483.4446478,0.6081109708803453,0.0440330896294705,0.4863247556820545,-0.10223889089192925,0.08425416527253765,0.9910254320752961,-0.017805555408036154
1742955483.4495463,0.6084512413547913,0.04416562492163642,0.48584995138920356,-0.10153015740488035,0.08410415223222857,0.9911141939038169,-0.017628765045390155
1742955483.454587,0.6087956172327618,0.0443004298301538,0.48537775489513646,-0.10080197290792799,0.08395983911171603,0.9912039459313174,-0.017448359360988375
1742955483.4595618,0.6091386326320217,0.044439888988038335,0.48491476213726137,-0.10006082492903562,0.08381566223924793,0.9912944796429218,-0.017263276264548245
1742955483.4646163,0.6094817864155103,0.044580040120996166,0.4844595306419207,-0.09930350585490708,0.08367677533135452,0.991385611048867,-0.017075748895289993
1742955483.4695795,0.6098265709912518,0.044722996077150835,0.48399321500683506,-0.09854604161201098,0.0835390859651007,0.9914760374686727,-0.01688685654994415
1742955483.4746153,0.6101657714074763,0.0448686997460674,0.4835253626312859,-0.09779786342857762,0.08340020799089229,0.991565016781152,-0.016697326482848586
1742955483.479579,0.610502690069806,0.045013278031527715,0.4830607490362076,-0.0970513514348941,0.0832639708542055,0.9916529640037627,-0.016508946810832384
1742955483.4845738,0.6108375969343017,0.04515793217905963,0.48259643084536336,-0.09630462897716933,0.08312851017022817,0.991740222699147,-0.01632176200949343
1742955483.489543,0.6111696544781985,0.04530540680489314,0.4821368093300687,-0.09556377349163596,0.08298806087360201,0.991826701193952,-0.01613510914749733
1742955483.4945474,0.6115001867617261,0.04545646242801751,0.4816745073566402,-0.09482308226682837,0.08283852397664053,0.9919133206638483,-0.01594761124455682
1742955483.499585,0.6118286319548386,0.04561643147766327,0.48120573382137277,-0.09408739190097888,0.08267517893870513,0.9920000359869888,-0.015757730627782383
1742955483.5046284,0.6121527290220281,0.04578453818178959,0.4807408907842078,-0.09336315382363847,0.08249980597778872,0.9920860788924714,-0.015566489311720989
1742955483.5095866,0.6124772670816863,0.04595528599695833,0.4802831689320519,-0.09262014336764127,0.08232031484163385,0.9921736849508618,-0.015370546443118553
1742955483.5145843,0.6127983894566899,0.046124295391875535,0.47981523530999304,-0.0918991623175031,0.08214098531793404,0.9922585535235576,-0.015177794822610753
1742955483.5195816,0.6131164162718084,0.04628844350469886,0.4793388004694391,-0.09118335519116018,0.08196394057117673,0.992342126218791,-0.014987084896549877
1742955483.5245764,0.6134310839506559,0.04644876675332596,0.478868938749899,-0.09046982069932683,0.08179628972689142,0.9924240728269251,-0.01479993929596122
1742955483.5295873,0.6137401511446942,0.04660895553449794,0.4783858567374058,-0.08977964051208356,0.08163027100779452,0.992503097531433,-0.014619042213022222
1742955483.5345476,0.6140449184180701,0.04677022678226732,0.47790297874153786,-0.08910179314359948,0.08146730486985589,0.9925801611504658,-0.014442035395077294
1742955483.5395966,0.6143457735036933,0.046938681343144044,0.47743922579561066,-0.0884143944867595,0.08130478433107105,0.9926575499148216,-0.014262380219347507
1742955483.5445995,0.6146437066638093,0.04711488617174682,0.4769780774565961,-0.08773011633046511,0.08114497611558134,0.9927339429926462,-0.01407970064022681
1742955483.5495634,0.6149334523689081,0.047295911681743005,0.4765084558582029,-0.08707916826497086,0.08098651005014244,0.9928067163323336,-0.013900634862776751
1742955483.554578,0.6152210730438208,0.04747221481275762,0.4760393237563925,-0.08642966763530378,0.08083632718664932,0.9928781898524124,-0.013722276590311762
1742955483.5595746,0.6155017245548758,0.047643561198576656,0.47557669557226345,-0.08579088895133269,0.08069340652205703,0.99294763097102,-0.013546204850268069
1742955483.5645895,0.6157777465228612,0.047809461587133485,0.4751056004297586,-0.08516814050636742,0.08055683102028464,0.9930146607460563,-0.013374167714355182
1742955483.569758,0.616049168627994,0.047971509151534024,0.4746389062976994,-0.0845543240048975,0.08042446208115131,0.9930800792762626,-0.013207132000709259
1742955483.574757,0.6163139139172903,0.0481268192361685,0.47417631839966584,-0.083951852937827,0.08029780425841904,0.9931435783550951,-0.013045374338027797
1742955483.5796723,0.6165730364796892,0.048285050957920975,0.4737079846573522,-0.08336899890464215,0.08016799151329913,0.993205254963479,-0.012885056122974225
1742955483.5846155,0.6168250616012759,0.04845038089752366,0.47323654158953543,-0.0828067137918644,0.08003068585458994,0.9932654463779473,-0.012723619935117276
1742955483.5896974,0.6170712240999551,0.04862058857976635,0.472764000955048,-0.08225759599917634,0.0798874807257513,0.9933246835120312,-0.012559914388726643
1742955483.5945773,0.6173103179267618,0.04879420293414916,0.4722885897432125,-0.08172736476912604,0.07973891706149899,0.9933824411553478,-0.01239631227404311
1742955483.5995734,0.6175420503364296,0.048965846177586,0.47180949523758425,-0.0812188625499188,0.07958981711159588,0.9934380880504418,-0.012236118213013713
1742955483.6046185,0.6177694503409706,0.04913652082373975,0.471329815041999,-0.08072012494041653,0.07943976940053751,0.9934926717308555,-0.012078728587047921
1742955483.609637,0.6179927747507136,0.04930509080470864,0.47084379831062223,-0.0802392757538669,0.07929098278837562,0.9935453516020893,-0.011926147107477083
1742955483.6146445,0.6182120802620614,0.04947282295589884,0.47035716308884573,-0.07976091547816212,0.07914318901028335,0.9935974373691785,-0.0117764361659053
1742955483.6195743,0.6184261856865151,0.04964169305305717,0.4698785439846866,-0.07929479266289276,0.07899391925714751,0.9936483715837972,-0.011627993197984373
1742955483.6245813,0.6186398576271326,0.04981817078470402,0.4694037706174149,-0.07881566491429018,0.07883843996637459,0.9937006211094603,-0.011474622192449983
1742955483.6295683,0.618846379555059,0.04999629736564535,0.4689103599286545,-0.07837163129618843,0.07868075928164112,0.9937499910006035,-0.011321700982593365
1742955483.6346004,0.6190499185812474,0.05017719270239052,0.4684066604171089,-0.07793094189228995,0.07852007396292811,0.9937991318430903,-0.011164758329531907
1742955483.6395836,0.6192504307265365,0.05035482795201157,0.4679055131635297,-0.07748632802831577,0.07836088182526191,0.9938482086486459,-0.011008148533396345
1742955483.6445823,0.6194507340215791,0.05053621493358987,0.467411364043854,-0.07702748932134121,0.07819566621076596,0.9938986313250836,-0.01084962325754753
1742955483.6495798,0.619651156038642,0.050719069754872864,0.4669197162769348,-0.07656669849180758,0.07802620118148416,0.9939492551803061,-0.010692555249613144
1742955483.6545975,0.6198492843524671,0.05090527562714673,0.4664295850788427,-0.07609697099281616,0.07785107752783371,0.9940007255079173,-0.010536528043325699
1742955483.659629,0.6200446785925899,0.051091059891674166,0.4659391287289354,-0.07563125707332242,0.07767381441026126,0.9940517765549846,-0.010380608669452677
1742955483.6646037,0.620243700037261,0.05127636158921633,0.46544429028027984,-0.07515548428093478,0.0774947929925798,0.9941034805485527,-0.010221555791005374
1742955483.669729,0.6204415799556233,0.05146071884778674,0.4649462597458519,-0.0746816188415805,0.07731450087557204,0.9941548794124786,-0.010059796316144684
1742955483.674584,0.6206400642772144,0.05164015939266913,0.4644600882524815,-0.0741894085426162,0.07713512920546384,0.9942073172145262,-0.009895145256529231
1742955483.6795785,0.6208405499355604,0.051813549203499426,0.46397040762014663,-0.07368752014029432,0.07696028312210906,0.9942597877753782,-0.009733376094587668
1742955483.6845748,0.6210421452345269,0.051984959819168085,0.4634733332467691,-0.07318494355784684,0.07678287684918794,0.9943121687333566,-0.009574182365410784
1742955483.6895797,0.6212442305380775,0.0521583305898676,0.46297006187681444,-0.0726782600271869,0.07659865606898333,0.9943650596430774,-0.009415124474242566
1742955483.694576,0.6214475142624916,0.052333885563424956,0.4624748181470951,-0.0721489508164152,0.07641289614511422,0.9944194208608585,-0.009252762482696734
1742955483.6996393,0.6216531950551406,0.05251625133145836,0.4619682616599988,-0.07161868598903598,0.07621242250173892,0.994474657705864,-0.009087664959992017
1742955483.7045705,0.6218573790792878,0.052699533442714185,0.4614482995877722,-0.07109762037768592,0.07599783238719222,0.9945299767522647,-0.008920941106094045
1742955483.7096753,0.6220618523274646,0.05288599512501409,0.46093625127193966,-0.07056408776446745,0.0757569219847952,0.9945878934165657,-0.008747603017755306
1742955483.7145905,0.6222719977753542,0.05307384178047071,0.4604437772532119,-0.06999273370427944,0.0754979298128005,0.9946495442142981,-0.008565279731117995
1742955483.7196598,0.6224839757956238,0.053258052988499074,0.4599403448024625,-0.06942294558318807,0.07523459286622201,0.9947109848621846,-0.00838255672872991
1742955483.7245502,0.6226944113873173,0.05343561500049315,0.4594241598273144,-0.06886649634975886,0.07498454062133976,0.9947700209083573,-0.00820547684791927
1742955483.729616,0.6229053353197049,0.05360847382424699,0.45890366639899366,-0.06830319290972167,0.07474019225613548,0.9948286902392081,-0.008028360778834344
1742955483.7345445,0.6231144602156988,0.05378301652767428,0.4583875619035361,-0.06773598776512262,0.07449876497607245,0.9948870009242774,-0.007850182827170822
1742955483.7396228,0.6233288443030145,0.05396064505219056,0.45786358775234887,-0.06715650580075905,0.07425810495963721,0.9949456814616858,-0.007669975044145818
1742955483.7445786,0.6235457798999943,0.054141527800329124,0.4573308689500024,-0.06657004456388882,0.07401576816485007,0.9950045299974406,-0.007488692429349502
1742955483.7495618,0.6237628840057907,0.054323404916288745,0.45680256429588006,-0.06597647303099359,0.07377480867850683,0.9950633171053571,-0.007305994944145521
1742955483.7546167,0.6239850715488177,0.05450441613187095,0.45627392962917585,-0.06536262828863734,0.07352774177486009,0.9951234656729634,-0.0071194156867989645
1742955483.7595608,0.6242128714253276,0.05468370887735108,0.45573253941613107,-0.06473951426307226,0.07326480572266764,0.9951849218679796,-0.006930715837828485
1742955483.7645886,0.6244437891179188,0.05485539740758689,0.45518713577923847,-0.06410535464119457,0.07300425432912146,0.9952464119638617,-0.006742538782618582
1742955483.7695432,0.6246820606001113,0.05501853269879337,0.45464065681702803,-0.06344852521719793,0.07275748331761425,0.9953078280357347,-0.0065544427557324815
1742955483.7745457,0.6249256564975717,0.05518059097541962,0.4540942476520685,-0.06277576094166004,0.07251911869603352,0.9953691243648347,-0.006362980663837526
1742955483.7795541,0.6251754937199022,0.05534582199637401,0.45354412573858327,-0.06208696359795809,0.07228771923799299,0.9954303756052439,-0.0061694344115165115
1742955483.7845747,0.6254301239611193,0.05551106798862764,0.4529910386611336,-0.06138225570791004,0.07206671665495162,0.9954912897345275,-0.005974872171911169
1742955483.789636,0.6256869056240949,0.05567997151017595,0.4524301680581517,-0.060675731919746206,0.07184551652434651,0.9955517411903538,-0.005779958841356311
1742955483.7945888,0.6259473462508621,0.05585019673053904,0.4518784273282927,-0.05994635790386678,0.07162905192502261,0.9956126534943602,-0.005581872114536806
1742955483.7995746,0.6262125761357308,0.05602283249618833,0.45133988509946943,-0.05919768180802179,0.07140934806140947,0.9956743333545525,-0.005381577553864634
1742955483.804597,0.6264825012197556,0.0561948830123482,0.45079360979276106,-0.058443007445837906,0.07118221782246907,0.9957362445365312,-0.0051805465778840265
1742955483.8095682,0.6267479741967015,0.05636612553933781,0.45023265342556695,-0.05770787744915461,0.07094904140066162,0.9957967589193959,-0.004984910256675176
1742955483.814624,0.6270156427685608,0.05653603425843704,0.44967282476785103,-0.05696641510979709,0.070716989723172,0.9958569134358701,-0.004789872233468958
1742955483.8196273,0.6272853221777157,0.05669979660266972,0.44912091952945604,-0.05622189514331571,0.07049427788684057,0.9959159157991716,-0.004598255060825812
1742955483.8245995,0.6275621026206742,0.056858488804534556,0.44857264821102316,-0.055459839700813175,0.07028672334029032,0.9959741811566065,-0.004406038115217141
1742955483.8296487,0.627839035647622,0.05701229758965594,0.4480278641810773,-0.05470842339138561,0.07009256973265937,0.99603023872287,-0.004217063903232863
1742955483.834685,0.6281145843466346,0.05716450335905009,0.44747808360771196,-0.0539638324974153,0.0699020702992496,0.9960850140311114,-0.004031150296176794
1742955483.8396482,0.6283938789393152,0.05731859705857863,0.4469256134947202,-0.053226043710052844,0.06971319390595777,0.9961386805610182,-0.003845511222162788
1742955483.8445997,0.6286784962285967,0.057468523593177376,0.4463847949813461,-0.05247968385053703,0.06952885311241669,0.9961918666636086,-0.0036587103048420135
1742955483.8496954,0.6289629577238018,0.05761627708451955,0.44585283669613734,-0.051737715423788536,0.06934994342209315,0.9962438061484793,-0.0034746022608190055
1742955483.8546286,0.6292462648490676,0.057761975923565745,0.44531019729973265,-0.051014662834265256,0.06917263809410498,0.9962940293379571,-0.003295060021644299
1742955483.859616,0.629529311969726,0.05790739179896923,0.4447620712984976,-0.050306821344223256,0.06899149155863843,0.9963431495564414,-0.0031186777174545457
1742955483.8646824,0.629812025594199,0.058051191597940976,0.44421554408631825,-0.04960364320746588,0.06880174848967223,0.9963920603007792,-0.0029428141087701276
1742955483.869619,0.6300924507626674,0.058191392203636574,0.44365698119549646,-0.048927770697562996,0.06860870723697052,0.9964392780586443,-0.0027719465734666257
1742955483.8745894,0.6303753425195122,0.05832869439460214,0.44311035613326516,-0.04824487014139276,0.06842424918177141,0.9964857156061376,-0.002602541426165301
1742955483.8795726,0.6306613600279105,0.05846515332936175,0.4425842304210452,-0.047557362510642284,0.06824475028821089,0.9965315041541558,-0.00243157508353521
1742955483.8845792,0.6309510221748297,0.058601902434164674,0.4420504254773168,-0.04687429580589575,0.06806798826350376,0.9965763581029363,-0.0022609371395709045
1742955483.889562,0.6312365829039053,0.058732520035495374,0.4415202961989153,-0.046210498858450154,0.06789773409244364,0.9966193318293095,-0.002096407514228436
1742955483.894639,0.6315255512294089,0.058859580056219656,0.4410031085804138,-0.04553902785438951,0.0677343861498759,0.9966616838370623,-0.0019333509894092834
1742955483.899619,0.6318132216611576,0.05898637336507329,0.4404851761673501,-0.04488689728238273,0.0675678356831939,0.9967028697565871,-0.001772978407554165
1742955483.9046574,0.6320979876515256,0.059113949907734345,0.4399751347225778,-0.044244316240141364,0.06740304183984522,0.9967430281343036,-0.001614402935227183
1742955483.9096653,0.6323867746633631,0.059237367741060074,0.43946726062923525,-0.043596233158130424,0.06724274932651157,0.9967826540739191,-0.0014565901234234561
1742955483.914539,0.6326693110059556,0.059354428335460264,0.43895945208027004,-0.04297885220960452,0.0670900544228593,0.9968199604146687,-0.0013074322855062027
1742955483.919605,0.6329555062610089,0.05946734464216858,0.4384649417100951,-0.042351207752271205,0.06692610539206198,0.9968580297009907,-0.0011576871915266933
1742955483.924584,0.6332483920211375,0.05958034589584248,0.43798153506592,-0.04170693042386615,0.06675640973821512,0.996896735541982,-0.001006170573053094
1742955483.9297216,0.6335436232280411,0.05968968243336615,0.4374981609970594,-0.04106276150587756,0.0665890673550439,0.9969348061756657,-0.0008590470213539331
1742955483.9345891,0.6338422258920445,0.05979934550161298,0.43701679463426535,-0.04041922046625463,0.06642283515114411,0.9969723081793662,-0.0007143604770418301
1742955483.939662,0.6341451498293741,0.05990580172343423,0.4365366553592689,-0.039773245781910445,0.06625898962690313,0.9970092821127025,-0.000571484651944626
1742955483.944593,0.6344485160410012,0.060010103310064025,0.4360765573429044,-0.0391131821641888,0.06609769736959265,0.9970461724377355,-0.00042826474301478645
1742955483.9495986,0.6347585236242952,0.06011158286672004,0.4356202124463311,-0.038434700592325254,0.06593963985024755,0.9970830744329846,-0.0002834890918762356
1742955483.9546294,0.6350655160596596,0.06021211725928862,0.4351522204409799,-0.03777339867238095,0.0657813008171851,0.9971188345779808,-0.00014333661708684756
1742955483.9596515,0.6353727383805903,0.0603072252536139,0.43468423163841147,-0.03710995388501993,0.06563922783210586,0.9971531191682069,-5.037099551223696e-06
1742955483.9646115,0.6356803200781659,0.06039568224662626,0.43422422358688323,-0.036447275187689934,0.0655014536953466,0.9971866116766451,0.00013110316894532052
1742955483.9696302,0.635991866848932,0.06047812371569846,0.43376958828490186,-0.035770926978312606,0.06535859805589127,0.9972204485333998,0.0002673389716634434
1742955483.97462,0.6363075259471793,0.0605584187333543,0.4333233813150708,-0.035083172529914705,0.06520910399410029,0.9972546214435289,0.00040468635594307994
1742955483.9795542,0.6366233851513425,0.06063727292784957,0.43287436979804894,-0.034397533820227214,0.0650612769360577,0.9972880962167074,0.0005413455378802818
1742955483.9846563,0.6369398406020024,0.0607210983028113,0.43242894706536833,-0.03370432284272496,0.06490771167822199,0.9973216858000937,0.0006801612082905003
1742955483.9896007,0.6372570807376421,0.06080748223389405,0.4319972469644988,-0.03300116280633191,0.06475066204481246,0.9973553030167994,0.0008213175127590202
1742955483.9945965,0.6375781657271637,0.06089213055464904,0.43156703138156705,-0.03229009853223495,0.06459523766079603,0.9973885279777129,0.0009638810998952159
1742955483.999643,0.63790139511731,0.06097126976502308,0.43113307562783115,-0.03157127321309021,0.06444725788702095,0.9974209645850417,0.0011068264513143429
1742955484.0046372,0.6382281896734695,0.06104236027587328,0.430698797897824,-0.03084049584338336,0.06431458553820092,0.997452222399264,0.0012497735606342754
1742955484.00964,0.6385536545598234,0.061107895746970294,0.4302507736917147,-0.03012442586340151,0.06418798532376714,0.9974820782062727,0.0013875027105023665
1742955484.014645,0.638883374232194,0.06116991569786656,0.42982021599357395,-0.029383553932995275,0.06405766024746984,0.9975123490753643,0.0015285169397594874
1742955484.0196807,0.6392199852131114,0.061231479751518464,0.4294107677439449,-0.028613767182189182,0.06391936715025062,0.9975433610698009,0.001676191015310791
1742955484.0246065,0.6395595556222432,0.06129456938004639,0.4289945750476545,-0.027844154190435948,0.06378125906579585,0.9975737191619729,0.0018245291859574604
1742955484.0295978,0.6398966755311608,0.06135958864863591,0.42857563664080595,-0.027082915391942915,0.06364687982325148,0.9976029786120706,0.001971660965344663
1742955484.0345902,0.6402317634294441,0.06142457864284206,0.4281637248465075,-0.0263253731893443,0.06351842157050676,0.9976311417299853,0.002118937979032117
1742955484.03964,0.6405642720229658,0.06149173479893347,0.4277481973697135,-0.025578771443393086,0.06339745046773371,0.9976579328142176,0.002266896226186267
1742955484.0445855,0.6408936432107737,0.06156087355500098,0.42733846586857277,-0.02483995023542212,0.06329614410305587,0.9976826858228812,0.0024152480677990607
1742955484.0496256,0.6412199123144546,0.0616296529434162,0.42692435393728295,-0.024114596140755073,0.06320373446857379,0.9977059741820749,0.002561890628289766
1742955484.0546522,0.6415358747131541,0.061701491629123056,0.4264942035526206,-0.023423060817079917,0.06311836380643909,0.9977274761749201,0.0027047473045779635
1742955484.0596378,0.6418439811346113,0.061777822384750894,0.4260734031136826,-0.022748227335901903,0.06304040901237001,0.9977476203858756,0.00284798155716469
1742955484.0646124,0.6421516291875426,0.06186036539268583,0.42566239951731977,-0.02207086566834207,0.06296622632845394,0.9977670896006984,0.002994351408236408
1742955484.0696845,0.642452374571908,0.06194870397679717,0.42525322368595453,-0.021414150625035,0.062897460358421,0.9977852901441785,0.0031398097660280083
1742955484.0746622,0.6427463762101024,0.062041399537696065,0.42484057940351017,-0.02077883005611131,0.06283195068379259,0.9978023823389861,0.0032851169556893842
1742955484.0796146,0.6430329836655382,0.06213628397694913,0.42441610567340954,-0.020175154242828015,0.06276837735860907,0.9978182920605776,0.0034278250184872298
1742955484.0846517,0.6433072790359095,0.062230779866941324,0.42400575202227847,-0.019598807167653946,0.06270545644125186,0.9978332504716588,0.003566054298960018
1742955484.089639,0.6435791519228734,0.06232980195738445,0.42361022300740186,-0.019026441002498014,0.06264004137786798,0.9978479263207681,0.003706170031221577
1742955484.0946305,0.6438416518277235,0.06243391932419864,0.4232007699885344,-0.018492700822466724,0.06256973887494645,0.9978618543042014,0.003842852845565707
1742955484.0995965,0.6440933811934382,0.06254213466403376,0.4227835573949434,-0.01798737594179676,0.062493572164980055,0.9978753451785644,0.0039753276028591305
1742955484.1045885,0.6443409856455838,0.0626525143000732,0.42236813317569033,-0.017496724405158547,0.06241303131646563,0.9978885847805568,0.004104938688645348
1742955484.109634,0.6445804682849314,0.06276648326532336,0.42195786159057214,-0.017030400317698056,0.06232719543352048,0.9979014912159125,0.004230839570200323
1742955484.1146474,0.6448205726771131,0.06288372637106752,0.4215581062539725,-0.016556575716454344,0.062237427516830805,0.9979145154859513,0.004359151187062599
1742955484.119609,0.645058392643156,0.0630018405463163,0.42116296390392205,-0.016094886389652306,0.06214461316790063,0.9979272970112594,0.0044845920793234574
1742955484.124614,0.6452925008446915,0.0631177381702235,0.42076135321437413,-0.015649174884463615,0.062049969066242196,0.9979397249064204,0.004605444388127303
1742955484.1297662,0.6455241663276357,0.06323243562233459,0.4203638873258745,-0.015213493463054705,0.061952272871446716,0.9979519764562401,0.004724213140347926
1742955484.1346464,0.645757191400963,0.06335120037460472,0.41998263876964204,-0.01476218240179145,0.06185144163042566,0.9979644272640437,0.0048455190148932155
1742955484.1396716,0.6459887066078104,0.06347663230843184,0.4196013349757386,-0.014318369065965923,0.06174545301768185,0.9979768577099195,0.004967374997641219
1742955484.1446486,0.6462166982253154,0.06360894487323052,0.4192120185433772,-0.01389166544608999,0.06163154318614907,0.9979893140001787,0.005089563545208194
1742955484.1496265,0.6464424101499012,0.06374865738101715,0.4188274387246636,-0.013459696148859798,0.06150886698726215,0.9980021509564534,0.005215606179171766
1742955484.154621,0.6466677400522776,0.06389287305108794,0.4184340397859252,-0.013033350405490553,0.06137562102719218,0.998015328246038,0.005345045059418294
1742955484.159639,0.6468923758156383,0.06404227490708134,0.41804172813434504,-0.01260410678431758,0.061234288706403635,0.9980287991507997,0.005478544003941668
1742955484.1646388,0.6471231810727637,0.06419510235031456,0.4176763983804213,-0.01214516861055172,0.0610877509547842,0.998042679721993,0.005620588585817184
1742955484.169617,0.6473601308630442,0.06434644492989051,0.4173225995144677,-0.0116605261091049,0.060936829589631814,0.9980568427771949,0.005768320036274266
1742955484.174618,0.6475964881347448,0.06449752157690054,0.41695675126577636,-0.011183247462163147,0.060784669749750435,0.9980707086201325,0.005917727107642778
1742955484.179667,0.6478333687683246,0.06464829461327025,0.4165906384156608,-0.010699687216212629,0.0606409954383963,0.9980838383269666,0.006069434588619945
1742955484.18467,0.648068176009756,0.06479985914816005,0.41624012130225924,-0.010204926164999231,0.06049421534771531,0.9980969869878931,0.006222054091767003
1742955484.1896267,0.6483058905249957,0.06495571303372888,0.41589483834384644,-0.009693743069118028,0.06033988079582396,0.9981104448047472,0.00637731154370337
1742955484.194667,0.6485418495281196,0.06511417368979493,0.4155565540420292,-0.009183065287032029,0.06017817341574718,0.9981240391779966,0.006531551980931886
1742955484.19967,0.6487745034569276,0.06527281368395521,0.41522385756874564,-0.00866707663070065,0.060014364008222736,0.9981374863330175,0.006687022668689363
1742955484.2045646,0.6489998661027505,0.06543464257831319,0.4148890250944085,-0.008170407461134392,0.05984891329159547,0.9981505585176015,0.006842115954456502
1742955484.2096355,0.6492195353139868,0.06559852692282775,0.41454976980763525,-0.007686339461351782,0.059681205383584145,0.9981633585514246,0.0069988252576836385
1742955484.214618,0.649433702423897,0.06576468482856217,0.4142241552978594,-0.007211016572998339,0.05950873748797884,0.9981760800766174,0.0071571338850964505
1742955484.2196672,0.6496478288749392,0.0659346457101488,0.4139089353474685,-0.006727687536076562,0.05932546420751201,0.9981891649554996,0.007322464231579564
1742955484.2246099,0.6498558451359169,0.0661049184521007,0.4136012637592621,-0.006258398947482286,0.059128934837801246,0.9982026345538012,0.007490118651382324
1742955484.2296252,0.6500660880109318,0.06626773772526579,0.41329409872946216,-0.005783577755981222,0.05893285456275396,0.9982158260612907,0.007657250302880504
1742955484.234613,0.6502710946106715,0.06642687891848484,0.41299080737898736,-0.005322145303180929,0.05873108607281175,0.9982290290978384,0.007819192059718323
1742955484.2395957,0.6504710962980286,0.0665855963133925,0.4126803407522113,-0.0048716451704214885,0.05853285549698136,0.9982417207987272,0.00797739039404816
1742955484.244625,0.6506636015024676,0.06674485529825501,0.41238538477805764,-0.004442775341925254,0.058339821772073246,0.9982537921104985,0.008129789657410208
1742955484.2496412,0.6508570624561465,0.0669071453026864,0.4121097128502961,-0.0039960653122995205,0.05816340177742776,0.998264712645828,0.008283335188191836
1742955484.2545972,0.6510441470953263,0.06707553904738002,0.4118457011538822,-0.003560692558007946,0.0579897214862385,0.9982751745795679,0.008437386360069158
1742955484.2596002,0.6512189302835477,0.06724911258726768,0.4115778764547917,-0.0031589900065289362,0.057820754086464074,0.9982850379480198,0.008588608043916597
1742955484.264594,0.6513853736018983,0.06742315786999893,0.4113025628116107,-0.002781029341460277,0.05766203565632219,0.9982940525159231,0.008737289688828113
1742955484.2696288,0.651540233487052,0.06759310815179126,0.411036772699587,-0.0024296440061197942,0.057511651158444775,0.9983023563384209,0.00888325054185343
1742955484.2746356,0.6516862290356181,0.06775642019222708,0.41078395526458744,-0.0020985320723900876,0.057372748525162796,0.9983098279208256,0.009025041080311278
1742955484.2796154,0.6518290077923443,0.0679135656786729,0.41054563477422906,-0.0017687949881877469,0.05724707182016983,0.9983164113433517,0.00916444078151786
1742955484.2846153,0.6519613047509818,0.06806763707924231,0.4103127852802779,-0.0014659280476147008,0.057128595973084416,0.998322470956855,0.009296158330334698
1742955484.2896514,0.6520852943031362,0.0682157919600592,0.41008190859590177,-0.0011856122201283452,0.057018580163019486,0.9983279932896753,0.009417730834277101
1742955484.294639,0.6522028767001337,0.06836047438002697,0.40985673821893437,-0.0009222612026682388,0.05691363765570699,0.998333162298941,0.009533327712056552
1742955484.2997196,0.6523143629190791,0.06850679209805968,0.40964070184923723,-0.0006670784748208825,0.05680872284609071,0.9983382437961619,0.009647537970897242
1742955484.304633,0.65241996935323,0.06865153501123002,0.4094274574840168,-0.00043131823701918746,0.05670541510383407,0.9983431707101927,0.00975824568246477
1742955484.309678,0.6525195855063286,0.06879395885280383,0.40921908859954037,-0.00021574860904779325,0.05660287904545354,0.9983480039956929,0.009865619804118696
1742955484.3146098,0.6526147540725977,0.06893406497978634,0.4090147641589274,-1.3415172952383952e-05,0.056500632812398595,0.9983527592657239,0.009972280498827682
1742955484.3196201,0.6527038075687848,0.06907142569109186,0.40881638510009394,0.00016969977919317061,0.05639769880923746,0.9983575241308267,0.010075950693273324
1742955484.3246098,0.6527925134902366,0.0691970727139235,0.4086233768187122,0.0003530119999920733,0.05630216420700592,0.9983618469736771,0.010176649519526836
1742955484.3296177,0.6528783219738123,0.06930677653004917,0.40844369864470337,0.0005358832336281912,0.05621562369368415,0.9983656860982766,0.010270019640069203
1742955484.3346252,0.6529596873022545,0.06940244456158196,0.4082699412067906,0.0007023540325377527,0.05613530669366882,0.9983692397345412,0.010353511148162211
1742955484.3396137,0.6530407190023614,0.06949268756025392,0.40809571670780964,0.0008691481981170214,0.056052755778036374,0.9983729213259219,0.010432790338264252
1742955484.344607,0.653118174146346,0.0695792057623245,0.4079245118312122,0.0010289689097151503,0.055965400946606465,0.9983769064425185,0.01050560812780591
1742955484.3496253,0.6531936511168445,0.06966605625070957,0.40776266162145625,0.0011863230193013905,0.05587212510331611,0.9983812242544783,0.010574938782917749
1742955484.354621,0.6532713896140047,0.06975294352366075,0.4076115892876713,0.0013591064043979916,0.055773824284740446,0.9983857714900329,0.010643525763962734
1742955484.3596346,0.6533515334750967,0.06983877647328252,0.40746131796034346,0.001546649358187426,0.05566680853259764,0.9983907234751485,0.010713429998262955
1742955484.3646197,0.6534305702152383,0.06991708704414723,0.40731322226543126,0.0017276535107186425,0.055554955361461295,0.9983959418164897,0.010779866070483837
1742955484.3696647,0.6535082182602611,0.06998648693902038,0.40717092403287647,0.001906784319366593,0.055434120621532336,0.9984016600848888,0.010841936368327445
1742955484.3746252,0.6535881347384226,0.07004535397275566,0.407038063910293,0.0021023737237608016,0.05530502967608586,0.9984077682270137,0.010902387867194913
1742955484.3796308,0.6536666391048808,0.07009537499483284,0.4069079053712516,0.0022927192914824705,0.055181726611557964,0.9984135470188518,0.010959453255200072
1742955484.3846202,0.6537411223245797,0.07014072078303663,0.4067710798739693,0.0024646527098772498,0.05506489075283156,0.9984190056404992,0.01101237800092546
1742955484.3896468,0.6538166482128163,0.07018259592915262,0.40663522412555825,0.0026414049673599955,0.05496652945666815,0.9984233961961128,0.011064607878629118
1742955484.3945806,0.6538937601844405,0.07022307534071225,0.4065026533450368,0.0028232439257940578,0.054872030806759876,0.9984275220812916,0.011116324909319788
1742955484.3995988,0.653967119732824,0.07026072895830288,0.4063778801645389,0.002995631892917053,0.05478511028230582,0.9984312659875717,0.011163555857012902
1742955484.4046345,0.6540405005546516,0.07029795936185376,0.40626102461675834,0.0031732902117254016,0.0547067568318495,0.9984344879912717,0.011210449401354834
1742955484.4096313,0.6541177954730049,0.07033164650780427,0.40614187757748277,0.0033663966593551484,0.05463627898402294,0.9984372062348722,0.011255647392101093
1742955484.4146478,0.6541937309003608,0.07036007100815822,0.40602285166662494,0.0035594039251053747,0.05457617482500991,0.9984393746709072,0.01129543677490529
1742955484.4195905,0.6542714748068102,0.07038183121277856,0.4059122194724898,0.003762451006803749,0.054521747378252786,0.9984412005333989,0.011331023902042827
1742955484.4247055,0.6543542931893657,0.0703990561788782,0.40580638193813445,0.003990224324518164,0.05446831505834871,0.9984428494255915,0.011364734728545912
1742955484.429604,0.6544402784210337,0.07041269039000483,0.40570809548130266,0.004241398097487153,0.054413440640129124,0.9984444293305562,0.011397787445891719
1742955484.434637,0.6545277022707467,0.07042295797216817,0.4056166198553478,0.004506020927444158,0.054364835291914874,0.9984455604107406,0.011429057492489757
1742955484.4396188,0.6546196088086239,0.07043018114707007,0.4055290512082253,0.00478953365710351,0.05431869978959623,0.9984464025853441,0.011459510674551143
1742955484.4446983,0.6547132694708362,0.0704356190638533,0.4054384729073105,0.005082329358881423,0.054273612179078334,0.9984470500784586,0.011490567390123675
1742955484.4496174,0.6548111070490431,0.0704403805413933,0.4053482559056031,0.005387816885992627,0.05423234751061319,0.9984473146510111,0.011523184406921804
1742955484.4546275,0.6549177783851405,0.07044467861316878,0.40526091720939783,0.005723396939152387,0.05419214890511121,0.9984472096431213,0.011559553641392589
1742955484.4597561,0.6550270354387984,0.07044980881692861,0.4051794446407134,0.006070795802111905,0.05414822050036663,0.9984470938971414,0.01159811809414774
1742955484.464637,0.6551403184912258,0.07045628151828177,0.40509527779088583,0.006430727957496022,0.054091247924472084,0.9984474597599479,0.011638416336311838
1742955484.4696324,0.6552537763826543,0.07046292441106634,0.4050080081469589,0.006793834796161344,0.054027320993794196,0.9984480458342606,0.01167870561074401
1742955484.474614,0.6553704225661158,0.07046708038862651,0.4049212325645422,0.007168809014351306,0.05395860850702427,0.9984486670191005,0.011719047447763756
1742955484.47958,0.655485481723318,0.07046718609669356,0.4048380698565962,0.0075462107902004565,0.05389114572470763,0.9984490856421476,0.011756806349839322
1742955484.4846132,0.6555981883093744,0.07046455812409498,0.40475576723716944,0.007920927658266158,0.05383718489183781,0.9984486707384427,0.01179272354426754
1742955484.489654,0.6557107674595567,0.07045669845141528,0.4046773742960901,0.008296161505200328,0.05379059799375351,0.9984477602114122,0.011824356243291714
1742955484.4946337,0.6558178931969971,0.07044411331634998,0.40460135662563196,0.008663211005794686,0.05374910747438604,0.9984465667945512,0.01185054753796901
1742955484.499765,0.6559247996563108,0.07042799291322542,0.40452793593638836,0.009035551358323396,0.053713827140177126,0.9984448794187007,0.011874609390734522
1742955484.504614,0.6560272245355412,0.07040754401579037,0.4044580755241869,0.009399987639603464,0.05368921450767447,0.9984426153762013,0.011893371206483701
1742955484.509633,0.6561289598710216,0.07038092644793383,0.40439113970463153,0.009763784110191642,0.05367497612716614,0.998439739382314,0.01190597664093769
1742955484.5146558,0.6562241172867613,0.0703474727277806,0.4043238284687772,0.0101109586770792,0.05367523268046632,0.9984362024146692,0.011911658956747614
1742955484.5195904,0.6563136484070867,0.07030829192271064,0.4042569211819582,0.010440666021676955,0.053686955427786884,0.9984321839549015,0.011911228020839843
1742955484.5246265,0.6564033778941702,0.07026006434496201,0.4041928309677446,0.010771994488789214,0.05371393470151542,0.9984272831547257,0.011905360384638472
1742955484.529628,0.6564820682718135,0.07020098243053986,0.4041245073898091,0.01106403853660571,0.053756871562406,0.9984219892349503,0.011887692089229738
1742955484.5346155,0.6565571943812283,0.07013327442670567,0.40405455566358023,0.011341630215341332,0.05380856307242237,0.9984163953019426,0.01186202159898325
1742955484.5395923,0.6566259966532774,0.07005588024066377,0.403985340182763,0.011597973868304239,0.05386861889311247,0.9984106180622089,0.011827791059060764
1742955484.5446467,0.6566837145283153,0.06997102216274365,0.4039142006084363,0.011816451740130131,0.05393346848710435,0.9984050807669131,0.01178334180262241
1742955484.549636,0.6567352404987654,0.06988097223245102,0.4038444557276881,0.012013772372860398,0.0540019863428178,0.9983996327647542,0.011731497756353182
1742955484.554626,0.6567784056705964,0.06979076669441898,0.4037754486891081,0.01219056126225226,0.05406908104800432,0.9983945090015323,0.011676004724436922
1742955484.5596285,0.6568094257435438,0.06969934864331681,0.4037078343050144,0.012331108864217224,0.05413574522223392,0.9983898882768698,0.011614466406671542
1742955484.5646443,0.6568294583316341,0.0696040838231991,0.40364321894423827,0.01243741998700333,0.05420316990112628,0.9983857081883781,0.011545762942624571
1742955484.5696237,0.6568389541417902,0.06950365384288665,0.40358195276434145,0.012513740744506254,0.05427317383762126,0.9983818237595727,0.01147008634143751
1742955484.5746183,0.6568394487910569,0.06939766133127995,0.40352207052098754,0.012567863114689626,0.05434645529527304,0.9983780924028505,0.011388424983935849
1742955484.579605,0.6568312279868572,0.0692838413793705,0.40346067659723767,0.012594557875486554,0.05442554216597886,0.9983744789272552,0.011297667838628457
1742955484.5846179,0.6568158202466808,0.06916285976206062,0.4033991617688566,0.012595903758674112,0.054510013424909305,0.9983709727975418,0.011198317740109535
1742955484.5896394,0.6567971814379161,0.06903665520979142,0.40333999089505274,0.01258638514666645,0.05459909387264778,0.9983674018329032,0.011092917318903339
1742955484.5946608,0.6567704564333081,0.06890685648594828,0.40328013474666086,0.012554256186960688,0.05469081846761236,0.9983640190955201,0.010981366143377299
1742955484.5996761,0.6567367958716994,0.06877713460667007,0.40322039973763707,0.0125002778144602,0.05478236298469486,0.9983609188622276,0.010867909133927475
1742955484.6046622,0.656697049417786,0.06864770431665945,0.40315823809779483,0.012428353450557972,0.05487280170718613,0.9983580904558897,0.010753366197675284
1742955484.609667,0.6566552779597262,0.06851398849975962,0.4030931709720507,0.012352653596814877,0.05496629769098172,0.9983551220584714,0.01063806029679168
1742955484.6146429,0.6566084154186106,0.06837890697434783,0.4030203902625769,0.0122649343635326,0.05506127405997272,0.998352184547569,0.010523454425597645
1742955484.6196368,0.6565603281801773,0.06823854124412577,0.4029467257662347,0.012176149023439617,0.055160529246623076,0.9983490272832658,0.010405629762231357
1742955484.6246853,0.6565102006846837,0.06809472124704158,0.40287404333329113,0.012085501415007086,0.05526383730959227,0.9983456630611638,0.010285231564335563
1742955484.6295822,0.6564559350022214,0.06795055536886457,0.40279672687845275,0.011989335186982957,0.05536790384425356,0.9983423191958766,0.010161927389335438
1742955484.6345708,0.6563959706644191,0.06780932561969222,0.4027115803911994,0.01188593112127704,0.0554695756890938,0.9983391763826489,0.010036917548051331
1742955484.6395576,0.6563305941460944,0.06767412404293588,0.4026221637950113,0.011774977815721253,0.055566090288698,0.9983363452742738,0.00991469676154289
1742955484.644586,0.656259591005414,0.06754077775766254,0.4025280806523859,0.011656145152462,0.055659656654236944,0.9983337296652444,0.00979291141591769
1742955484.6495717,0.6561841072222842,0.06740656543741584,0.4024316588746518,0.011532007095719632,0.055753181972731984,0.998331137573937,0.009671363016073714
1742955484.6545532,0.6561040548927055,0.06726823956648566,0.40233171513024457,0.011401722923952919,0.055849170376978785,0.9983284613884298,0.009547463766838921
1742955484.6596003,0.6560218932986969,0.0671211032438693,0.4022302979708813,0.011269104327970438,0.05595199800285346,0.9983254506581611,0.009416781579369427
1742955484.664597,0.6559345197647645,0.06697061126298341,0.4021218332045602,0.01112614496304536,0.05605798754882249,0.9983223759410749,0.009281412909928802
1742955484.6697361,0.6558400526668364,0.06682107150290037,0.40200321306527975,0.010969157271097351,0.05616313351539416,0.9983194774185827,0.009143359841000105
1742955484.674588,0.6557411610798772,0.06667567429950562,0.4018801978624603,0.010806440334737289,0.05626404015579008,0.9983168153973512,0.009006371496362157
1742955484.6796086,0.6556404493331239,0.06652853353728504,0.4017583860279319,0.01064405615767772,0.05636434389310067,0.9983141363477329,0.008868482073761858
1742955484.684593,0.6555368768681235,0.06637414636519715,0.40163587377254567,0.010479336233049539,0.056468280738992474,0.9983112533535915,0.008726867139954781
1742955484.6896095,0.6554307826410359,0.0662110286201225,0.40150793036811755,0.0103087038816249,0.0565778075509988,0.998308101648149,0.0085800058666759
1742955484.6946304,0.6553211275013299,0.0660419558022439,0.40137233377755466,0.010129667410314238,0.056691916555810115,0.9983047583327604,0.008427688031385572
1742955484.699618,0.6552075250186788,0.06587282452960476,0.4012300368820199,0.00994327515958466,0.056805874278437,0.9983014672308966,0.008270698350337724
1742955484.7046611,0.6550891847875674,0.06571330494308032,0.4010842013785304,0.009751166486006725,0.056911184404129025,0.9982986501637925,0.008113995503532978
1742955484.7096121,0.6549670885620821,0.06556099732482393,0.40093950898627234,0.009557491134266108,0.05700892743845556,0.9982961982320256,0.007958464111843191
1742955484.7146323,0.654842363182807,0.06540864680522396,0.40079202171016937,0.009360016045549393,0.05710365649135654,0.9982938977217082,0.007801043939361927
1742955484.719596,0.6547129337995309,0.06524982301125064,0.4006366727522758,0.009153587246936164,0.057199067043106455,0.9982916141070335,0.00763752404151796
1742955484.7246897,0.6545810152664799,0.06508063554349963,0.4004721870701034,0.008939530824435344,0.05729849820098574,0.9982891479596172,0.007466187689320933
1742955484.729595,0.6544495045998026,0.06490807384121754,0.40030958210506706,0.00872813354820574,0.05739553129934232,0.9982867464487107,0.007290029936738461
1742955484.734659,0.6543175977250106,0.0647381324050331,0.4001506874847534,0.008520103715880233,0.05748399664091678,0.9982847533838631,0.007109790726685303
1742955484.7396643,0.6541791715754198,0.06457837525212126,0.3999863600243231,0.008302331138227365,0.057558284041398206,0.9982835677945273,0.006930620990246279
1742955484.7448416,0.6540373473418121,0.06442069666170432,0.39981380372304626,0.008076859630802244,0.05762473598335651,0.9982828246780632,0.006749525475182234
1742955484.7496066,0.6538959760556631,0.0642616360100471,0.39964320311893325,0.007853414243870125,0.057684816711293094,0.9982823674436407,0.006565109048484217
1742955484.7546418,0.6537552329080756,0.06409431906211661,0.3994743036042019,0.007630791986333536,0.05774551676536363,0.9982818014816259,0.006377392708792195
1742955484.759684,0.6536090176569656,0.06391806838469165,0.3993010139641405,0.0074015225057278205,0.057805069076056044,0.9982813165451844,0.006180978120242616
1742955484.7646353,0.653458334642104,0.06374172892106675,0.39912008626557144,0.0071631813194452856,0.05785882326413797,0.9982811516800915,0.0059822741615677315
1742955484.7696183,0.6533101964954782,0.06357139749112435,0.39894224430412395,0.006932515999402658,0.05789708058979149,0.9982817423526189,0.005781969086446668
1742955484.7745988,0.6531634492291143,0.06340765573564983,0.39876742826793893,0.006709789926664006,0.05792567864943613,0.9982827310094915,0.0055842134964208204
1742955484.7796104,0.6530124454065052,0.06324488554846314,0.39859045239002266,0.006487686918856572,0.0579441301540444,0.9982842242156045,0.005384735962225826
1742955484.7846003,0.6528638840857172,0.06307862167309264,0.39841173954956116,0.006277160848011382,0.057952327934185074,0.9982861603417214,0.00518333954898517
1742955484.789596,0.6527232884856309,0.06290621678518195,0.398238161982537,0.006089389619580771,0.057953212587916726,0.9982883064227533,0.004980134977249606
1742955484.7945912,0.6525874092501208,0.06273311872461428,0.3980641790234055,0.005920757985704627,0.05793282325251042,0.9982915023025164,0.004775881641445219
1742955484.7996476,0.6524562948004337,0.06257028643457681,0.39788759139727276,0.005777604220846789,0.05789193239194939,0.9982956407886227,0.004577885519175231
1742955484.8046181,0.652331742441359,0.06241657001169858,0.39771432608081064,0.005663211300946514,0.05783374344777722,0.9983005276908071,0.004386635251932394
1742955484.8096502,0.6522187328029438,0.06226481596315527,0.39753896192074606,0.005581955643398964,0.05777370974947563,0.998305267623345,0.004199150921328991
1742955484.814557,0.6521194908579635,0.062113776854409324,0.39736455389976433,0.005547371272849775,0.057715318308665685,0.9983095956063304,0.0040149750703802846
1742955484.819663,0.6520306401423367,0.06196298796484724,0.3971910194061744,0.005552395389108653,0.057662681251931386,0.9983133080868964,0.0038373158429599956
1742955484.8245902,0.6519527017631441,0.06181061261651017,0.3970202387486593,0.005591655244501825,0.05761578587578839,0.9983164431649685,0.0036652306868887896
1742955484.8296494,0.6518789788776551,0.06166628975522943,0.39684376276676475,0.005644690495051411,0.05756501516269355,0.9983196499077499,0.0035047263233488044
1742955484.8346157,0.6518096523860515,0.06153090566269582,0.3966597173264348,0.005716694841857327,0.057513130961030105,0.9983227293941782,0.00335963422161361
1742955484.8396075,0.6517478177625349,0.06140945720301407,0.3964750155737138,0.00581862463957507,0.05744971362766425,0.9983262006506501,0.0032359088122043958
1742955484.8446174,0.6516934862833038,0.06129712023956543,0.3962967209238566,0.005948561391988986,0.05738069269497888,0.9983297465319471,0.003128563994635354
1742955484.849616,0.6516463899256332,0.0611854409027026,0.396117606013452,0.006108893673981975,0.05730787917868282,0.998333271212458,0.0030278692762873267
1742955484.8545806,0.6516035397358535,0.06107649138328813,0.3959363443949571,0.006288998184996718,0.05724020505841041,0.9983363149731631,0.00293421752864464
1742955484.8596284,0.6515707981708524,0.060970491527413524,0.39576045188258546,0.006502312625826673,0.05718002062800343,0.9983386510735236,0.0028465670894179075
1742955484.8646035,0.6515439420312574,0.06086666340174102,0.3955858793242818,0.006736785865217386,0.057126059663343734,0.998340413000008,0.00276564540750056
1742955484.8696082,0.6515172090370862,0.060766440914346374,0.3954051166442707,0.006977162345115136,0.057084035030953786,0.9983413718645193,0.002690236767314327
1742955484.8746111,0.6514968553737083,0.060672554365033576,0.3952228605635883,0.0072392428404658695,0.05703991513810141,0.9983422019353978,0.0026247435906137195
1742955484.8796165,0.6514847776849011,0.06058490851176375,0.3950479663503548,0.007527810911464571,0.05699743257065773,0.9983426380287584,0.002569404019217502
1742955484.8846066,0.6514790934600895,0.06050051987871516,0.39487955584528184,0.007834321153228765,0.056955957090980336,0.9983427752614215,0.0025190171181478137
1742955484.8896358,0.651470434666211,0.06041985426329194,0.39470527944755457,0.008139570696147985,0.05692624450568403,0.9983421410357642,0.002473763830231305
1742955484.8946152,0.6514640266425934,0.06034670346579551,0.39452626063663065,0.008448181559672273,0.056897629191979056,0.9983413045706663,0.002434668110273759
1742955484.899693,0.6514673294129171,0.06028063891261448,0.39435507083713783,0.008780101745272344,0.05685860539693408,0.9983407340965054,0.0024057118092741057
1742955484.9046633,0.651473358559846,0.060216481358816444,0.39419247757866027,0.009117692667150143,0.05682133688888116,0.9983398887189697,0.0023811650894014127
1742955484.9096298,0.6514793289821847,0.06015485971623878,0.3940285251592782,0.009459496905506475,0.05678900148674476,0.9983385960384582,0.0023611201564797996
1742955484.9145935,0.6514812475474818,0.060096059039863516,0.3938605496297243,0.009784980903769027,0.05676859173761555,0.9983366581302315,0.0023448185861532135
1742955484.919623,0.6514872861763483,0.060037973561634615,0.3936931314920316,0.01011577184261921,0.05676158757476605,0.9983337847092398,0.002334018882825519
1742955484.9246047,0.6514969706738801,0.0599766920262581,0.3935312146227743,0.010450612773760285,0.05676845195769245,0.9983299671513871,0.0023247026671248763
1742955484.9296443,0.6515050744504934,0.05991311763320857,0.39337462825798847,0.010779585973237686,0.05678533346243082,0.9983255305591516,0.0023154834472718213
1742955484.9346097,0.6515125588479811,0.059854186664963546,0.39321894952705616,0.01110592626563582,0.05680546419152817,0.9983208175238115,0.002311479689731312
1742955484.9395614,0.6515162875989562,0.05980016398095346,0.39306220621259247,0.011413640602334187,0.05682976490416431,0.9983159680202666,0.0023096806914372635
1742955484.9445686,0.65152271939989,0.05974973319265813,0.3929066062549528,0.011727555967627975,0.05685893778227492,0.998310662053007,0.0023125000723096417
1742955484.949581,0.6515253458786779,0.05970237072525174,0.39275506681898825,0.012022823965344218,0.056891134420967944,0.9983053036184566,0.0023176055434152424
1742955484.9545891,0.6515241764259998,0.059657331625762255,0.3926041621027103,0.012304307110372744,0.056922998794063005,0.9983000423213652,0.002324163502275055
1742955484.9595642,0.6515198256731773,0.05961727554096128,0.39245240402495263,0.012572901795820638,0.05695171557626119,0.9982950351642406,0.0023338808412219888
1742955484.9646528,0.6515169211146232,0.0595781196733203,0.39230387586592086,0.012838639365360087,0.056980694798785786,0.9982899734569155,0.0023449210828808127
1742955484.9695566,0.6515107269351045,0.05954035016500848,0.39215826561506006,0.01309019445500714,0.057008354726817104,0.9982851021150437,0.0023556730733022345
1742955484.9745822,0.6515022151848447,0.0595038553650056,0.3920152542548322,0.013329786598322695,0.057035236606595,0.9982803695042615,0.0023669467480364843
1742955484.979619,0.6514858999826757,0.05946508485729487,0.39187086723653625,0.013540299514292415,0.057063644984303295,0.9982758937131796,0.0023750244885586877
1742955484.9846127,0.6514667439520903,0.05942727504058424,0.3917258164443908,0.013736680624202982,0.05709105532522038,0.9982716244971183,0.0023830088471903928
1742955484.989641,0.6514416488320501,0.05939057200121137,0.39158091842589826,0.013910248402412688,0.05711702650882408,0.99826772184564,0.0023886802400963506
1742955484.994663,0.6514068838005941,0.059358898557225336,0.39143652076575514,0.014050045276556766,0.05713844665468627,0.998264529292655,0.0023924250730816415
1742955484.9996111,0.6513705331305106,0.05933151640710623,0.3912972663600588,0.01417765295991707,0.057156062725696684,0.9982617058527569,0.0023969309936463963
1742955485.004571,0.6513271676090362,0.0593063880146658,0.39116080460489727,0.014279508180912805,0.057171372439889914,0.9982593713707247,0.002399435345281157
1742955485.0096562,0.6512760347299509,0.059280281464974355,0.39102461041670195,0.014352582167443187,0.05718659457906606,0.9982574560642791,0.0023975399163143024
1742955485.0145657,0.6512209569798248,0.05925359910318375,0.39089124521059243,0.014410701414793739,0.05720165672058163,0.9982557672192262,0.0023927738523800155
1742955485.0195992,0.651161535853028,0.059229034504329335,0.3907597607989575,0.014454307018236539,0.0572146491098708,0.9982544056277268,0.002387170017166145
1742955485.024594,0.6510953582796659,0.05920546885807361,0.3906291410695564,0.014467585131864504,0.05722632304348599,0.9982535657451664,0.0023781102656464203
1742955485.0296254,0.6510216032883231,0.05918116313547453,0.3904971144388307,0.014451556926415374,0.05723738567301994,0.9982531968219379,0.0023641528084701476
1742955485.0346475,0.6509439119991554,0.05915622187067827,0.39036584885826997,0.014418778086706417,0.057248515162350314,0.998253072622811,0.002347200312967372
1742955485.0396047,0.6508629937881263,0.059131102699863484,0.3902381773942678,0.01437311455103778,0.057259658170813174,0.9982531357560779,0.0023285354672146655
1742955485.0445688,0.6507792783928441,0.05910639421262658,0.39011524061506414,0.014315831843472302,0.05726955412066058,0.99825343879621,0.002308042675444616
1742955485.0496192,0.6506923555451637,0.059081811652664566,0.3899920567279228,0.014243758593929144,0.05727806431413404,0.9982540331009065,0.0022856262419702665
1742955485.0545993,0.6505977167253741,0.059057970622918135,0.38986210526272536,0.014139947329300247,0.05728373606909955,0.9982552454243439,0.002258418533711666
1742955485.0595913,0.6505001121649291,0.059035260505713505,0.3897302137310442,0.014018790763631274,0.057285797526236214,0.998256902484497,0.00222879998340412
1742955485.0645869,0.6504013251264207,0.05901376797943507,0.38960296740247496,0.01388871904080145,0.05728445053716981,0.9982588663346028,0.0021979523229293963
1742955485.0696192,0.6503003037353364,0.05899325600887959,0.389478575419645,0.013748925728859562,0.057278182328132345,0.9982612335734847,0.002164812886185686
1742955485.0747404,0.650199208843212,0.05897357964449261,0.3893566011852046,0.013603814795571684,0.057267119708763754,0.9982639297875049,0.002130659165017186
1742955485.0796814,0.6500981571735339,0.05895475499561796,0.38923383113976173,0.013452479846786727,0.05725134052793654,0.9982669601867089,0.0020954697119606124
1742955485.0846531,0.6499968741719414,0.058936386997657526,0.3891073122755417,0.013297139539578505,0.057230838147888104,0.9982702917856646,0.0020595589623001592
1742955485.089761,0.6498949762665003,0.05891875266145287,0.3889796583600704,0.013140841066692771,0.057207800518601214,0.9982737551028021,0.002023790709146924
1742955485.0947096,0.6497968555402457,0.05890205340557157,0.3888587831193629,0.01299538190166161,0.05718355861701188,0.9982771170614566,0.0019895287360360836
1742955485.0997305,0.6497040812947222,0.05888680233959679,0.38874424081753267,0.012864360110533124,0.0571574450312684,0.9982803715163276,0.0019582036837140658
1742955485.1046,0.6496164969210145,0.0588738038272147,0.3886327937484841,0.012748506521753243,0.057127123797836854,0.9982836471118198,0.0019306002110829684
1742955485.1096847,0.6495318016720646,0.058862629202766234,0.38851917928850926,0.012640679520506914,0.05709272388436152,0.99828703381841,0.0019058359752736338
1742955485.1145773,0.6494497764612365,0.05885348665279834,0.3884015310681712,0.012538535838858481,0.05705919012597977,0.9982902813894394,0.0018836200728819554
1742955485.11965,0.649371673149983,0.05884595896299389,0.3882838914552927,0.012445433293072619,0.05702526219872333,0.9982934207989669,0.0018645779177435691
1742955485.124669,0.6492991208703083,0.058840484321594055,0.38817254494964054,0.01236797335036821,0.05699032754703177,0.998296406400706,0.001849532028150246
1742955485.1296759,0.6492298868809495,0.058835592968892195,0.38806469882093586,0.012301518147123247,0.05695801109404968,0.9982990949287124,0.001837032389419617
1742955485.1346724,0.6491660266936607,0.058831334744947415,0.38796402877100594,0.012244115038873224,0.056928548866155324,0.998301500022093,0.0018267524593507485
1742955485.139592,0.6491045657529467,0.05882738703544495,0.38786397008504625,0.012188934123698333,0.056899258936557666,0.9983038622647084,0.0018173620346428527
1742955485.1445596,0.6490447144631689,0.05882365183734017,0.38776105521305637,0.01213391878918816,0.05686758125830213,0.998306353632114,0.0018084563584744692
1742955485.14963,0.648985305268611,0.05881971719768865,0.3876570078065639,0.01207668282947868,0.05683642450536133,0.9983088387220352,0.001799197249919571
1742955485.1546009,0.6489271931672677,0.05881583287542422,0.38755544163555905,0.012020117439191446,0.05680727061066611,0.9983111978114144,0.0017897225632937943
1742955485.1596084,0.6488724511300745,0.05881177363787479,0.3874586417478228,0.011970994463587235,0.05678210294406105,0.998313235629602,0.0017809108786765368
1742955485.1646087,0.6488228737193587,0.058807973764158104,0.3873669504827791,0.01193754344407129,0.056761812165643154,0.9983148016030315,0.0017744397687367995
1742955485.169626,0.6487774446121088,0.05880442718809823,0.38727860182696133,0.011915231144055976,0.056744581771322425,0.9983160558408352,0.0017698465414028952
1742955485.1746798,0.6487414755930887,0.05880106382898285,0.38719611739971965,0.011919062762838177,0.05672966550924269,0.9983168592313435,0.0017690586567506662
1742955485.1796594,0.6487100659865569,0.058796855799687894,0.3871135378823293,0.011937098124568783,0.0567173443903241,0.9983173409266064,0.0017706888218289552
1742955485.184585,0.6486836300795326,0.058791865246258,0.38703258577606636,0.011969276106326842,0.05670596415554476,0.9983175948967079,0.001774761486320093
1742955485.1895757,0.6486587980601255,0.058785980956543485,0.38695215187745674,0.012007164258131128,0.056695410003817365,0.9983177291444251,0.0017804962498090286
1742955485.194585,0.6486362563949406,0.05877983683020479,0.3868739724270161,0.012049864777255889,0.056686813116946975,0.9983176907463721,0.0017872661595484402
1742955485.1997492,0.6486144212533903,0.0587732547373073,0.3867976953037119,0.012092804630055309,0.056679022515461766,0.9983176013696065,0.001794234796988853
1742955485.2046936,0.6485962275984651,0.05876685450180685,0.3867233664692601,0.012147348295097561,0.05667009458926109,0.9983174305953145,0.001802797329495714
1742955485.2097082,0.6485850565774971,0.058760495380050556,0.3866540411866612,0.012222231177444308,0.056660815673820225,0.9983170221071823,0.0018144980766140093
1742955485.2146044,0.6485798154282699,0.05875367539503187,0.3865888074636812,0.012315264902645237,0.05665217390323382,0.9983163432234895,0.001828741451204687
1742955485.2196598,0.6485759979008626,0.058746092532974935,0.386523157567139,0.012413435405475879,0.05664342129089361,0.9983155969554957,0.0018434536307531774
1742955485.224619,0.6485740116907668,0.05873694996263734,0.3864632958571212,0.012507823786400345,0.05663491464787157,0.9983148765708154,0.0018568802746210472
1742955485.2295873,0.6485731258062092,0.05872561306283821,0.38640610882658905,0.012601177739602655,0.05662735847146303,0.9983141077767181,0.0018694400484035863
1742955485.2346165,0.6485747944810923,0.05871191339951337,0.38635026796735944,0.012701318170813563,0.05662033770840983,0.9983132135566333,0.001881890734677079
1742955485.2396126,0.6485795023032537,0.058696305349441605,0.386296967246174,0.012810177703219301,0.05661380019058513,0.9983121688060749,0.0018948849314747006
1742955485.2446187,0.6485870500393136,0.05867973082134606,0.38624630122572845,0.012927030498945951,0.05660784928308582,0.9983109741349963,0.0019084558306994746
1742955485.249659,0.6485935469395252,0.05866191467670078,0.38619817226961056,0.013035936245947241,0.05660419988931957,0.9983097423621305,0.0019202150759721516
1742955485.2545683,0.6485963815462241,0.058642872065543375,0.3861526724822906,0.01312723047613672,0.05660249478406808,0.9983086262490939,0.0019287718613302449
1742955485.2596834,0.6486010874519591,0.05862293214513543,0.3861099914506956,0.013222050825781035,0.05660355228781578,0.998307298216386,0.0019374127750374768
1742955485.2645595,0.6486057385351673,0.05860239640256732,0.3860666771973045,0.013318714041803428,0.056608073107670305,0.9983057397318548,0.001946261478729587
1742955485.269566,0.6486136759056116,0.05858195429377864,0.3860260048150199,0.013424185873696844,0.056615323356205095,0.9983038961721065,0.001956344165246567
1742955485.274551,0.6486233454161929,0.05856159376158481,0.38598744070330104,0.013535195406413217,0.05662392962816309,0.998301887675305,0.0019672678256410386
1742955485.279629,0.6486311563355339,0.05854117594716056,0.3859513377198985,0.013636473570413378,0.05663415852234888,0.9982999106705922,0.0019766213892850972
1742955485.2845626,0.6486388093064388,0.05852084603088103,0.3859193550353568,0.013732216440712756,0.05664588215996935,0.9982979162814534,0.0019850979957503666
1742955485.2895403,0.648644832693444,0.05850027254200926,0.38589023372749853,0.013820327643941529,0.05665821905843145,0.9982959857874131,0.0019923648456605515
1742955485.2945597,0.6486543032203805,0.05847992179637681,0.3858647818521454,0.013921373581938632,0.05667120641963158,0.998293825597056,0.002001872955550249
1742955485.2996042,0.6486657955808018,0.058459003902592434,0.38584241871934255,0.014033899563288866,0.05668524949180106,0.9982914304395453,0.0020129739358786466
1742955485.3045504,0.64868049678325,0.05843774737956539,0.38582508422205125,0.014157446654072781,0.05669991699930538,0.9982888272069734,0.0020257320243901853
1742955485.3095849,0.6486970677016698,0.05841612642497543,0.3858137079261735,0.014284329684589146,0.05671482955850032,0.9982861450029527,0.0020392961423244776
1742955485.3145916,0.6487107513292907,0.058394788488689064,0.38580351941133556,0.014400494386796941,0.056729421579654646,0.9982836216144234,0.0020516590955704677
1742955485.319593,0.6487224669928706,0.058374705883308065,0.3857961019209116,0.014506252703199739,0.05674177945435183,0.9982813651994162,0.0020627633054928966
1742955485.3245726,0.6487342849651487,0.058356437490507486,0.3857924822670184,0.01461013117238638,0.05675173789276043,0.9982792601702902,0.0020743739140319864
1742955485.329608,0.6487493151391224,0.058340585093004105,0.3857925802789735,0.014725368253209678,0.056759708475639555,0.9982770834822227,0.00208892742699035
1742955485.334688,0.6487681422443611,0.05832554484939329,0.38579729724130074,0.01485417953296486,0.056767602381425135,0.9982746900518136,0.002106151044573993
1742955485.3395646,0.6487909879088849,0.05831126908218188,0.3858064373761758,0.014995800410120955,0.05677523542223599,0.9982720968459889,0.0021258578320437864
1742955485.3445895,0.6488132054302117,0.05829573919457999,0.3858152717897534,0.015132676617833952,0.05678384609940055,0.998269501322058,0.0021446796379155104
1742955485.3495572,0.6488321293210808,0.05827877074429652,0.3858237696208096,0.01525503486207343,0.05679382029874451,0.9982670357120954,0.002161318536667547
1742955485.3546202,0.6488484866000144,0.05826035570975601,0.38583425926436576,0.015363002139121723,0.05680539539552541,0.9982646909070242,0.0021753407858982315
1742955485.3595624,0.6488624700621322,0.058241125878106884,0.38584672753590654,0.015459690997023233,0.05681813931670261,0.9982624456593199,0.0021878265785216294
1742955485.3646672,0.6488760300355043,0.058221058619785125,0.3858624759019985,0.015552449459008187,0.05683144328639073,0.9982602215302134,0.002199654577435821
1742955485.3696334,0.6488886676708383,0.05819939558191437,0.3858804354714077,0.01564275665049828,0.05684643516579552,0.9982579316852825,0.002211063259175021
1742955485.3746362,0.648901797521483,0.05817674293235998,0.38590086441761406,0.01573504323251646,0.0568621586613683,0.9982555596849911,0.0022228101235832994
1742955485.3795574,0.6489148440894726,0.05815261154874914,0.3859209843164676,0.015827578446488706,0.05687960516182374,0.9982530772315935,0.0022342951482615457
1742955485.3846056,0.6489260975940934,0.058126791145077863,0.3859419430291353,0.015916575311257054,0.05689921896662334,0.9982505201150387,0.0022451283714131584
1742955485.3895948,0.6489347915594936,0.058099210763147155,0.3859652752467719,0.015994704199039145,0.056920196634185696,0.9982480542679226,0.002254507267124101
1742955485.3947332,0.6489407672184091,0.058071389246856724,0.3859881782510808,0.016062729429787013,0.0569410693601163,0.9982457537395284,0.0022624067699616042
1742955485.3997216,0.6489439295893026,0.05804393308610765,0.38601145608848186,0.016121656376322353,0.05696112080977226,0.9982436444221219,0.002269203080095834
1742955485.4046676,0.6489437869817765,0.05801649263791192,0.3860351040945259,0.016166936475062198,0.05698011329527094,0.998241817024746,0.002274114553588729
1742955485.4097836,0.6489409404347087,0.05799003948031315,0.3860633317454013,0.01620227423544665,0.05699708656073166,0.9982402669572326,0.002277687059503393
1742955485.414579,0.6489373253363736,0.0579644648533489,0.38609546437616044,0.01623423918067891,0.057011765692832166,0.9982389029312648,0.002280509898015559
1742955485.4195995,0.6489324408954652,0.057937915521037844,0.3861263971799187,0.01626080027830865,0.05702552250109612,0.9982376815811034,0.0022819354437965335
1742955485.4246168,0.6489265326150306,0.05790908594471216,0.38615723703817706,0.016284741231303114,0.05703892838055307,0.9982365253661966,0.0022819458912172906
1742955485.429731,0.6489201980771341,0.05787809373207093,0.38618736370470497,0.016307261975648253,0.05705100963081993,0.9982354698429439,0.0022808451062790018
1742955485.434583,0.6489128499036586,0.057845746024830336,0.38621795600811426,0.0163283943882537,0.057061009057605735,0.9982345574932036,0.002278817319900576
1742955485.4396,0.6489050525041564,0.05781247299585049,0.38624754104488396,0.016347341367667446,0.05707043105901783,0.9982337147761216,0.0022761839143258028
1742955485.4445884,0.6488969238392622,0.057780148910770136,0.38628096585236105,0.016367804943925503,0.05707899548072567,0.9982328958328452,0.002273524444791128
1742955485.4496057,0.6488886203564329,0.05774928693888737,0.3863154095529886,0.016388307112513538,0.057085747737870805,0.99823217956824,0.0022707861271782964
1742955485.4546063,0.6488804462511666,0.057719277658579905,0.3863499094448463,0.016408811939240903,0.05709213232930813,0.9982314838675482,0.0022680239038057604
1742955485.4596343,0.6488726729963044,0.057689408666900165,0.3863832142255553,0.01642859947855266,0.05709838835522978,0.9982308075149846,0.002264971167692274
1742955485.4646287,0.6488639989317383,0.057659730318106686,0.3864156529050532,0.01644716683392107,0.05710360012577105,0.9982302118905969,0.002261332498177664
1742955485.4696136,0.6488553406641038,0.057629116869066785,0.38644633298785164,0.016464564214315143,0.057108676749818704,0.9982296451411443,0.0022567070041325326
1742955485.4746847,0.6488475496819857,0.057597054111207864,0.3864790428753464,0.0164844136550918,0.057112625790200114,0.9982291041517948,0.0022511566142130925
1742955485.479621,0.6488400252411319,0.05756223207974411,0.3865114333171075,0.01650432984104312,0.057116966756255695,0.9982285423925539,0.002244183125359203
1742955485.4845939,0.6488324388474005,0.05752500734265363,0.3865437850520774,0.016524114918958582,0.057124548494157205,0.9982278002077284,0.002235727604880491
1742955485.4896615,0.6488251423691351,0.05748634335676483,0.3865765519084291,0.01654410608109427,0.057135929957961296,0.998226838094897,0.0022266047877655694
1742955485.4947443,0.648817998845598,0.05744713686539629,0.38661013092356694,0.016564937585490186,0.05714963760295855,0.9982257291212099,0.0022170893234825196
1742955485.499702,0.6488103674301486,0.05740786647501514,0.3866426366398401,0.016584506342918776,0.057164572479778845,0.9982245698370632,0.0022077083539427554
1742955485.5045907,0.6488021536644263,0.057369007044780124,0.38667449007509613,0.016603185636825054,0.05718056239621494,0.9982233649559602,0.0021979915290253065
1742955485.5097277,0.6487934112449805,0.057330926649467616,0.3867056143777981,0.016621225828079508,0.05719681716253519,0.9982221552905514,0.00218806890519086
1742955485.5146227,0.6487841203682777,0.057293137987936664,0.3867358983375172,0.016638583822429436,0.0572134403956695,0.9982209358992823,0.0021778197437469816
1742955485.5197008,0.6487751936889598,0.057255962191709156,0.38676725739879736,0.01665798762054677,0.05722862686427622,0.9982197624484669,0.0021683110915323165
1742955485.5246148,0.648766365634196,0.05721885767557649,0.38680005929802663,0.01667995897929749,0.057242052235322055,0.9982186449003975,0.002159490113878832
1742955485.5296373,0.6487569675590931,0.057181142626661394,0.38683300965049644,0.01670304563715117,0.05725325938181417,0.998217634674019,0.0021509026962689016
1742955485.5346656,0.6487467894485465,0.05714373180780477,0.3868654832189964,0.016726672805057793,0.05726048668036539,0.9982168424022133,0.002142574749043448
1742955485.5397635,0.6487359647863692,0.057106064223091245,0.3868979371576004,0.01675156345777655,0.057267237635749466,0.9982160535592476,0.002135188959323899
1742955485.5446076,0.648724447690027,0.057067050516711904,0.38693014349175875,0.01677757111057576,0.05727907041983067,0.9982149522039339,0.0021284726842877924
1742955485.549609,0.6487125153113257,0.05702750271078314,0.3869607915786718,0.01680263518895577,0.05729479222708837,0.9982136415715606,0.002122266431396742
1742955485.554708,0.6486995633774882,0.056989172602949376,0.38699187661042667,0.016828629352272504,0.05731055483264471,0.9982123094779688,0.0021172495266566006
1742955485.5596588,0.6486863823503497,0.056952498105753716,0.38702121333319117,0.016854284629191526,0.05732586675338965,0.9982110050907786,0.0021136239657029926
1742955485.564577,0.6486724044860992,0.05691960131678454,0.38705193426660744,0.01688008750948725,0.057339152277834184,0.9982098098023002,0.002111841894443818
1742955485.569575,0.6486575237952384,0.056889889178236064,0.3870824132725115,0.016905895711491866,0.05734924754779169,0.998208794071145,0.002111382230846468
1742955485.5747023,0.6486419323902927,0.056863059432002,0.38711219431743427,0.016932314384606753,0.05735396876604395,0.998208072748456,0.0021124621127205177
1742955485.5797129,0.6486260622387825,0.05683739486627242,0.3871427961417153,0.016961075168999227,0.0573553539147787,0.9982074994851807,0.002115012521252611
1742955485.5846007,0.6486108123107249,0.05681242141345957,0.3871703913990962,0.016990445773378018,0.05735480612630669,0.9982070246944441,0.002118210872707595
1742955485.5895813,0.6485958482639157,0.05678880633878371,0.38719843871520004,0.017023212944556915,0.057351225287798055,0.9982066636638591,0.0021222149042494204
1742955485.5946603,0.6485837609247804,0.05676590071838396,0.3872324441405985,0.01706655013565538,0.057346481924757144,0.9982061841734365,0.002127852257060783
1742955485.599541,0.6485738516502373,0.056743248400576776,0.38726575507037797,0.0171158134362605,0.05734281758488575,0.9982055377359217,0.0021341591274107482
1742955485.6046016,0.6485641890674527,0.05672196980325957,0.3872987328551415,0.017170310553989297,0.05733908847230588,0.9982048002237566,0.002141536573348506
1742955485.609562,0.648556716317453,0.056702948288096466,0.3873304220698274,0.017234653372417568,0.05733491867564636,0.9982039114868706,0.002150561764170543
1742955485.6147578,0.6485509585302466,0.056686615317160245,0.3873585519430487,0.017306954008902236,0.05732977992682175,0.9982029324753015,0.002161313069594061
1742955485.6197164,0.648546016542318,0.05667302760724988,0.3873847575342245,0.017385086731092795,0.05732165183015537,0.9982020152792443,0.0021734036141959176
1742955485.6247385,0.6485425421488522,0.056661677489275725,0.3874089977362081,0.017466616223485203,0.057309264281927674,0.9982012760563783,0.002185869297017602
1742955485.6296117,0.6485427106294842,0.05665247141410415,0.3874339869975637,0.01756184572444898,0.05729214205786812,0.9982005559706216,0.002200475656238476
1742955485.634574,0.6485430830868546,0.05664399706754354,0.3874529681830817,0.01766105272491749,0.057273595636151434,0.9981998374986281,0.002215147233685205
1742955485.639646,0.6485438604960124,0.05663556479033248,0.3874706683014453,0.017761789851095985,0.05725544467732619,0.9981990595570341,0.002229433905712783
1742955485.6445467,0.6485404249778783,0.05662789618117795,0.3874865097435891,0.017853221524000075,0.057238690069341215,0.9981983598959172,0.0022425747394402293
1742955485.6496086,0.6485346910298673,0.05662104726430238,0.38749934180728834,0.01793813656796776,0.057223590662684634,0.9981976758345139,0.002254747594140205
1742955485.654627,0.6485254994364592,0.056615007938381604,0.3875127363986475,0.01801800656134445,0.057208991138859876,0.9981970486252546,0.0022660291834701017
1742955485.659679,0.6485161950783253,0.05660978192308637,0.38752494296917067,0.01810247133064164,0.05719439741619784,0.9981963290186822,0.002278194361379046
1742955485.664628,0.6485059395508789,0.05660536228557221,0.38753511608644153,0.01818946530625544,0.05717870460208729,0.9981956176357322,0.0022908567652848814
1742955485.6695518,0.6484978775384619,0.0566016444450829,0.387546682370782,0.01828647319300603,0.057160508321242164,0.998194855287633,0.0023047915134213363
1742955485.6746573,0.6484882708812879,0.05659915274421965,0.38755597957087856,0.018384307316573176,0.05713938174837329,0.9981942346559275,0.0023190941271565247
1742955485.6795604,0.6484768569839389,0.0565980044082405,0.3875617823500049,0.018482660796665495,0.05711521724945761,0.9981937675187315,0.0023336013334431128
1742955485.6846156,0.648467688484569,0.05659900320949417,0.38756550799169254,0.018589281352752455,0.05708800050500795,0.9981933065909173,0.002349785994406299
1742955485.6897233,0.6484564474314406,0.05660084894821524,0.3875647882387477,0.018690129712369854,0.05705708775877303,0.9981931532215739,0.002365723862577572
1742955485.694638,0.6484446426844904,0.05660279336547399,0.38756436682040196,0.018786952184652192,0.05702278462469292,0.9981932598499597,0.002380850975688246
1742955485.6996367,0.6484356300195864,0.05660540866373058,0.38756178499591476,0.01889045949391393,0.056985807126247345,0.99819337917835,0.002397100495533774
1742955485.704622,0.6484301481613485,0.05660898933072546,0.3875564952398115,0.019007223262951633,0.05694593036823091,0.9981933935521753,0.0024156877118446506
1742955485.7097547,0.6484253924073085,0.05661308858234869,0.3875464550032986,0.01912979713871648,0.05690792038944235,0.9981931714220085,0.0024355666390572387
1742955485.7145948,0.6484199680872066,0.05661755985915763,0.38753266591710206,0.019252640657081602,0.05687353904407173,0.998192719743096,0.00245573537106712
1742955485.71959,0.6484136109473723,0.056622602131153985,0.38751425447983723,0.019371396335822414,0.0568409789029867,0.9981922278528997,0.002475555577106507
1742955485.7246222,0.6484024502021712,0.05662840832069918,0.38749405108960155,0.019477914477064512,0.0568105411692905,0.9981918406859052,0.0024944834658024335
1742955485.72973,0.6483882056999389,0.05663552564554766,0.3874711904224759,0.019576521196934846,0.0567806304097834,0.9981915677067994,0.002512764838933009
1742955485.7345622,0.6483725577799104,0.05664324334955213,0.3874464573617287,0.019677959018992337,0.056752562518241984,0.99819111961684,0.0025324483290471295
1742955485.7395833,0.6483574596279118,0.05665195165189131,0.38741851289440904,0.01978471031762998,0.056723298913402,0.9981906190516366,0.0025535534728703237
1742955485.7445815,0.6483398586527395,0.05666107614708993,0.38738540464042615,0.01988879764123143,0.056693652251228396,0.9981901804356396,0.0025747241926809238
1742955485.7496612,0.648320241638981,0.056670355185461145,0.38734908638445,0.01998424300156428,0.056664985002725377,0.9981898489649225,0.00259517430642855
1742955485.7546327,0.6482990944733974,0.05667892092753569,0.38731057586987355,0.020072178779331075,0.056635993208878355,0.9981896809525922,0.0026139533386753825
1742955485.7596176,0.6482764491597378,0.05668674566938545,0.3872673897546565,0.020157670468459586,0.056607807635475085,0.9981895095449337,0.002632008821193765
1742955485.764679,0.6482556583668972,0.05669465256958467,0.3872194876441877,0.02024811816516269,0.056578991468134526,0.9981892625855594,0.002650942118509107
1742955485.7695665,0.6482380287511945,0.056703164366506804,0.38716948945250146,0.020349461081996395,0.056548256560293574,0.99818888836051,0.00267156644554454
1742955485.7745838,0.6482191436646616,0.05671223059774585,0.3871146425383318,0.02044643620486546,0.05651916643296052,0.9981884985442145,0.0026922938714813507
1742955485.7796853,0.6481961091212383,0.05672176679900344,0.38705786966257677,0.02052678213214422,0.05649130464459118,0.9981883758834796,0.002711082063080993
1742955485.7846825,0.648172725677789,0.05673219538874604,0.3870026935104986,0.020603486184482208,0.05646561655638511,0.9981881979627297,0.002729826344557723
1742955485.7897112,0.6481484692980874,0.05674427093316615,0.3869445388754685,0.020678026005139793,0.056439703268684215,0.9981880673103414,0.002749802669126976
1742955485.7946377,0.6481226151934067,0.05675709696229007,0.38687927702220837,0.02074782112975913,0.0564129373696506,0.998188077861862,0.0027694097090707748
1742955485.7995872,0.6480979176607471,0.05677097616166547,0.386811849046379,0.0208197642342051,0.056384461780678255,0.998188132173519,0.0027897445898830155
1742955485.8046255,0.6480703170333354,0.05678622028228705,0.3867411265282944,0.02087904902025973,0.05635400077794403,0.9981885589485899,0.0028093936118936246
1742955485.8095853,0.6480383324726439,0.05680255442369519,0.38666760610348444,0.020917731032238835,0.05632114886032069,0.9981895546354588,0.0028266121383976467
1742955485.8145616,0.648004185453904,0.05681953776890813,0.38659000387086856,0.020947652804851207,0.056288304579630764,0.9981907339489561,0.0028427571057910253
1742955485.8196278,0.6479685513140482,0.05683784756645487,0.3865077886510813,0.020974074053820405,0.05625634780690727,0.998191933192417,0.0028593808068571184
1742955485.8246336,0.6479329280899776,0.05685790808101245,0.38642111204723417,0.0210024831109521,0.056226117891713584,0.998192988169595,0.0028771060209943945
1742955485.829562,0.6478968690883967,0.05687792063082469,0.3863316345125352,0.021031434200412313,0.05619826259510933,0.9981938969641365,0.002894498283960834
1742955485.8345702,0.6478612226915134,0.05689751740109827,0.3862419116223102,0.02105955489012848,0.056171725023476046,0.9981947510008585,0.002910589296120691
1742955485.8396246,0.6478203277341521,0.05691584720520131,0.38614841650851256,0.02106867715591429,0.05614633513936778,0.9981959505228574,0.0029230554368542233
1742955485.84458,0.6477740221815323,0.05693372924218065,0.3860533415783931,0.02105695364273324,0.056120560953178966,0.9981976212163338,0.00293195150726817
1742955485.849612,0.6477241853310833,0.05695453586687282,0.38595661612752186,0.021034238801487297,0.056092336886271535,0.9981996578339366,0.002941707138897957
1742955485.8546293,0.6476724580837145,0.056978455838634076,0.38585667054910494,0.021009565573839897,0.0560602264113002,0.9982019471310248,0.0029532884963936407
1742955485.8595462,0.6476191756656835,0.05700350375861869,0.3857526010660143,0.02098662774652538,0.0560262801996397,0.9982042968602745,0.002966329803906519
1742955485.864631,0.6475655045381907,0.05703088158645733,0.38564536306594244,0.020967076961324663,0.055988008831304524,0.9982068111251671,0.0029810692928431146
1742955485.8695672,0.6475106669335458,0.05705897858348134,0.3855362083636955,0.02094638241742132,0.05594786748938946,0.9982094518961738,0.002995885871179742
1742955485.8747182,0.6474557909147036,0.05708781279504314,0.38542763327240515,0.020927068895503373,0.05590500350600783,0.9982122156550969,0.0030101307909248245
1742955485.8795726,0.6473967654603828,0.05711646680164589,0.38531577729929023,0.020895938543027213,0.05585963083682998,0.9982153730162494,0.0030216666277363613
1742955485.884577,0.6473386053276582,0.057147338226874816,0.38520647718412104,0.020861558320308334,0.0558090711464954,0.9982188859142146,0.0030329468175578815
1742955485.889601,0.6472809957479675,0.057177796055116054,0.3850965343419958,0.020827685014691243,0.055755763064962015,0.9982225419020682,0.0030429033087486152
1742955485.8945868,0.6472227352333898,0.0572088425105129,0.3849843414795863,0.020795713861872296,0.05569612514506299,0.9982265080417717,0.003052633540280244
1742955485.8996437,0.647166346423067,0.05724114050706412,0.3848685660029385,0.020777922635346165,0.05562910554299415,0.9982305810567573,0.0030639175143279867
1742955485.9045727,0.647109982117374,0.05727280155769357,0.3847469634640302,0.020765633792844497,0.05555698242793413,0.9982348203313053,0.0030746763748943098
1742955485.9096014,0.6470533563721182,0.0573054062711405,0.38462323051235103,0.02075572998063513,0.05548129525061374,0.9982392014940571,0.0030857982423419038
1742955485.9145727,0.6469926068448653,0.057337285265034836,0.38449848640001016,0.02073452623597004,0.055403645038412004,0.9982439310347494,0.003093491638619259
1742955485.9195962,0.6469313696031342,0.05736737689367875,0.3843761820207859,0.020707860038434115,0.055328062719135214,0.9982486617724295,0.0030982701511535616
1742955485.9245882,0.6468692768700887,0.057396995889032756,0.38425386082486634,0.02067620930398572,0.05525387329492896,0.998253414174426,0.0031024093584868253
1742955485.929617,0.6468052248979117,0.05742671090151952,0.3841279002159479,0.020639110533643226,0.05518143872109357,0.9982581766177638,0.003106244167446716
1742955485.9346113,0.6467415928900738,0.05745465988800024,0.38399760646051884,0.02060773362567605,0.055114295917318215,0.9982625196295278,0.0031108846423760312
1742955485.9396892,0.6466793252793274,0.057479632137139726,0.3838645439899777,0.020584414223978657,0.055053136570820956,0.9982663596544084,0.003115963270924928
1742955485.9445686,0.6466169295720868,0.05749959365653595,0.3837294895705902,0.020562010573479825,0.05499673286042166,0.998269919531924,0.003119431611943693
1742955485.9496694,0.6465506763730587,0.057517252827933664,0.3835934471768761,0.020526578103309896,0.054940557751881475,0.9982737412461885,0.003119654406951045
1742955485.954595,0.6464832218130119,0.057531560034110966,0.383458807407412,0.020483556582191163,0.05488413636620477,0.9982777372554753,0.0031168550123755467
1742955485.9595969,0.6464144814136956,0.0575433252841473,0.3833222673838072,0.020434548434159296,0.05482213749176544,0.9982821655358288,0.0031113412255807877
1742955485.9646347,0.6463446133092962,0.057553113851774425,0.3831811336279101,0.020384665668203083,0.05475828331396125,0.9982867092025319,0.0031051640347963118
1742955485.9695902,0.6462736353841466,0.05756113744443217,0.3830353110493342,0.020334191886658005,0.05469239160770663,0.9982913726592385,0.0030980985586882373
1742955485.9746652,0.6462069603246969,0.057568794379024575,0.3828890719268886,0.02029964638463202,0.054624186214685504,0.9982958253233603,0.0030931826640874876
1742955485.9796252,0.6461412511003923,0.05757581985550462,0.3827432723381619,0.02026934726979764,0.05455697664927321,0.9983001299714513,0.0030887471781441784
1742955485.984574,0.6460778272985891,0.05758230510767195,0.38260107181070724,0.02024073933187972,0.054489396808230825,0.9983044169383428,0.0030837036448805436
1742955485.9895947,0.6460138418371965,0.05758717469625652,0.3824564944821826,0.020204748185062717,0.05442038044464286,0.998308934239219,0.003076062612073221
1742955485.9945624,0.6459522513037422,0.05758897298476243,0.3823107010662392,0.0201729965949031,0.054355899714017365,0.9983131174048482,0.003066918987463459
1742955485.9995937,0.6458926561851871,0.057587468867408606,0.38216171183548336,0.02014929214214327,0.05429832429998648,0.9983167601433911,0.003056864600684996
1742955486.0046122,0.6458345878495698,0.05758300314380594,0.3820121782441438,0.020129638068427304,0.05424786726301821,0.9983199332030878,0.003045905125028555
1742955486.009668,0.6457774900556463,0.057577351875161,0.3818607797989686,0.020115299575049813,0.05420880390470852,0.9983223740791005,0.0030360690531353535
1742955486.014653,0.6457193934683939,0.05757200609627445,0.38170872372614695,0.020093274409157483,0.05418042196618516,0.9983243872255786,0.003026560714305942
1742955486.0196006,0.6456598376489937,0.05756648866046661,0.38155663093144054,0.02006039381210313,0.05416025774441679,0.998326173741328,0.0030162732239327216
1742955486.0246737,0.6456019046309167,0.05756067421647073,0.3814036228363079,0.020031528085054373,0.05414590936453231,0.9983275602028365,0.003006812451310313
1742955486.029675,0.6455454784816314,0.05755399958352232,0.38124949738291103,0.020009854793304003,0.05413627423445912,0.9983285440012368,0.0029979585609315367
1742955486.0345583,0.6454915374165122,0.05754619605233105,0.38109449783416804,0.019997887217559886,0.05412925319002141,0.9983291903977768,0.0029893236097651337
1742955486.0396302,0.6454397476889803,0.05753700217009783,0.38093934128459633,0.019989758018580592,0.054123815136411,0.9983296771010378,0.002979602117027476
1742955486.0445611,0.6453880984652062,0.057525747824121315,0.38078400941261886,0.019978350565344083,0.05412006096372734,0.9983301454401732,0.002967358315632184
1742955486.049635,0.6453384714266913,0.057513258758811296,0.3806320134546552,0.019968357705804775,0.05411648564790345,0.9983305797371684,0.002953681313628352
1742955486.054669,0.6452899663270424,0.057499840976914136,0.3804780227141225,0.019964131832071373,0.05411242029094192,0.9983309260801467,0.002939633039142057
1742955486.059606,0.645247071669566,0.05748571755759526,0.3803262251357893,0.019977614793806782,0.05410637640933145,0.9983310227287852,0.0029264306415683313
1742955486.064571,0.6452080661350342,0.05747133469481425,0.3801783854512221,0.020004330854257922,0.054097789759279195,0.9983309904594032,0.0029136538197504246
1742955486.06958,0.645171628040656,0.05745646879859473,0.38003382600453933,0.020037961926782713,0.05408590160720786,0.998330999227385,0.002900225992470381
1742955486.0746799,0.6451389739695823,0.05744100829746819,0.3798931402144364,0.02008417074192773,0.054069780556950754,0.9983309836174922,0.0028865317359940785
1742955486.0795765,0.6451152714430444,0.057425868580261934,0.3797568663788239,0.020158652933103174,0.05404838198134944,0.9983306727233351,0.002875589834139157
1742955486.084629,0.6450976130540205,0.057411702098883736,0.379619846397244,0.02025569161921138,0.054021336122563705,0.998330194302011,0.0028679863091547525
1742955486.0897007,0.6450804066808828,0.057398920631787025,0.3794810967140114,0.020350238861959094,0.05398834626546173,0.9983300773823736,0.002860566287634226
1742955486.0946167,0.6450661124655812,0.057388738408264306,0.37934525061723945,0.02045116458862824,0.053950573686306125,0.9983300709710721,0.002855671686577695
1742955486.0996084,0.6450577522562182,0.057381515110493844,0.379215769105589,0.020572926360357752,0.053907988236736946,0.9983298702618871,0.002855459354093904
1742955486.1045425,0.6450551492692262,0.057376731879398256,0.3790931965802453,0.020715496345797547,0.053862029592481674,0.9983293916940351,0.002859310956124883
1742955486.1097357,0.6450536552656966,0.05737306575660246,0.37897347057690917,0.020859310589299653,0.05381376417874722,0.9983289864946856,0.0028640305772295238
1742955486.114585,0.6450595487916486,0.05737043813205445,0.3788562106393841,0.02102455836159451,0.05376745299997515,0.9983279911334302,0.0028724663767075724
1742955486.1195984,0.645073495338081,0.05736852661540752,0.37874429390541825,0.021214100386282495,0.05372306946220589,0.9983263354851214,0.002884723419793516
1742955486.1246037,0.6450865467206971,0.05736728407048587,0.37863545018706823,0.021398156527477844,0.05368088193131093,0.9983246411030992,0.0028970292836926924
1742955486.1295598,0.6451047832277401,0.05736728923833569,0.37852989032475826,0.021593912102520176,0.05364060593813694,0.9983225480368333,0.002911775393648431
1742955486.1346025,0.6451265038004323,0.05736854024724985,0.37842643475978366,0.02180047688634022,0.05360012418382968,0.9983201824225539,0.0029290378633197453
1742955486.1396348,0.6451459913431392,0.05737066301740698,0.37832487973299606,0.02199745850906664,0.05356008683596855,0.99831796032349,0.002946016431082859
1742955486.1445835,0.645166531479888,0.057374496677549625,0.37822623160019375,0.022194336208194908,0.05352090510369562,0.9983156498319868,0.0029643646362557427
1742955486.1495707,0.6451910098626502,0.05737944372433671,0.3781339420047247,0.022404351226418012,0.053478768754879814,0.9983131564933391,0.0029846123519296584
1742955486.1545854,0.6452136410120227,0.05738470301240075,0.37804474142311006,0.02260352782335456,0.05343140025752185,0.9983111484948745,0.0030027965805463222
1742955486.1596138,0.6452375506630882,0.05738933978207476,0.37795907366251097,0.02279905431093668,0.053380033805180103,0.9983094018339966,0.0030188281389774306
1742955486.164609,0.6452622489839303,0.05739294418832608,0.3778726565372083,0.022995771686653455,0.05332595994330171,0.9983077352028191,0.0030335317500621733
1742955486.1695619,0.6452866711922438,0.05739573227018582,0.377787960039918,0.023183278026903453,0.05327054573096896,0.9983063188917622,0.0030460200641605085
1742955486.1746135,0.6453119761190962,0.05739835146710811,0.377707509684118,0.023366447204873592,0.053216101179064806,0.9983049175761277,0.0030573294952354856
1742955486.179673,0.6453393621827422,0.057400162423020075,0.37763000862421964,0.02355258591102192,0.05316076398068256,0.9983034571494112,0.0030686012168362644
1742955486.1845808,0.64536876599807,0.057401421560648695,0.37755271687695724,0.023739657979367113,0.05311019177018427,0.9983016824378353,0.0030800991777011136
1742955486.1896598,0.6453949105951831,0.05740116021068212,0.3774755019082436,0.023907557735213053,0.05306530151841003,0.9983000400455486,0.0030874751745895
1742955486.1945927,0.6454215640531515,0.057399366845719904,0.37739965177619417,0.024069942671040227,0.05302287500155763,0.9982983772546962,0.003092338439178638
1742955486.1996224,0.6454500071372732,0.05739709413833266,0.37732534863352496,0.0242317438697245,0.05298476278522951,0.9982964738977459,0.003096401936485124
1742955486.2045782,0.6454771848913818,0.05739469316838837,0.37725147469633075,0.024386216844085706,0.0529521936472333,0.9982944315804219,0.0030992727375450443
1742955486.2096884,0.6455017899801763,0.057392704518166276,0.3771794163901498,0.024525487499826658,0.05292572039539093,0.9982924195523201,0.00310058831501985
1742955486.2146108,0.6455286434585942,0.05739133434293591,0.3771098219451523,0.024667304904456913,0.05290540850298186,0.9982899953659451,0.003102736235108394
1742955486.2196782,0.6455586178828354,0.05739075598904362,0.37704437479782865,0.024816960614573984,0.052890011718372626,0.9982870876244664,0.0031073796913411527
1742955486.2246559,0.6455870766060897,0.05739016781030734,0.37698032622064476,0.02495971139474818,0.052878186843389845,0.9982841401571004,0.0031121815572209117
1742955486.229601,0.6456142712881119,0.05738924897530721,0.37692046431325876,0.025091086000182256,0.05286742095908334,0.9982814067969804,0.003115453082352882
1742955486.234674,0.6456402805909073,0.05738782889689855,0.37686358249176194,0.025209754738689423,0.0528568418872224,0.9982789750091025,0.0031161813972034563
1742955486.2395844,0.6456664636160885,0.05738534155888152,0.37680921649653565,0.02532506168316698,0.05284627589722136,0.9982766200578089,0.0031148387591467814
1742955486.2445433,0.6456937334628826,0.05738303209795928,0.3767606913266379,0.025441029444890014,0.05283579031672978,0.9982742298563703,0.003113725591929011
1742955486.2496145,0.6457225947767582,0.05738111956200275,0.37671777527638894,0.02555436742495486,0.05282512310722134,0.9982719030999708,0.0031125801804743544
1742955486.2545526,0.6457486724625388,0.05737899491275533,0.3766760597925932,0.025650093284852963,0.05281477931538092,0.9982700061036837,0.0031091339786773124
1742955486.2597,0.6457730802528175,0.057377101256103465,0.3766369144423934,0.02573231652747294,0.05280384686642364,0.9982684853159721,0.003103686065313429
1742955486.2647433,0.6457948263457908,0.05737489888547353,0.37660176662709344,0.02579794111321085,0.052792553632565915,0.9982674144809359,0.0030954322507904196
1742955486.2695882,0.6458161770251479,0.05737239107390398,0.37656947730523443,0.02585493440242228,0.052781230845174686,0.9982665681312112,0.0030859340642306935
1742955486.2745805,0.6458358806037214,0.057369393241540695,0.376537890670116,0.025903569762194864,0.05276958093690805,0.998265958191439,0.0030745922406736816
1742955486.279613,0.6458533331151105,0.05736594910576462,0.3765055873306826,0.02594265862332565,0.052757252491774,0.9982656362594272,0.003061084225207209
1742955486.2846394,0.6458684246203226,0.057361814220544746,0.3764754048200801,0.025974637768011625,0.052743915692822205,0.9982655583066344,0.0030451024535512773
1742955486.2895932,0.6458813867733085,0.057357282759563005,0.3764479857639499,0.0260010432225513,0.0527296314536531,0.9982656806452935,0.0030269727269641856
1742955486.294682,0.6458931432989928,0.05735294920670444,0.3764209433655671,0.02602438383063263,0.0527148385903825,0.9982659106570958,0.0030081320757538187
1742955486.2996101,0.6459028148723674,0.05734872861442361,0.37639447771912976,0.02604007878981973,0.0526999630697918,0.99826634549404,0.0029885854574597088
1742955486.304692,0.6459101120774381,0.05734394433084193,0.3763708453197603,0.026048644190901405,0.05268574444231551,0.9982669349230969,0.002967677142185668
1742955486.3096821,0.6459139071156921,0.0573383894061038,0.37634916437981125,0.026045824683555888,0.052671545848095205,0.9982678269264691,0.0029443162246347108
1742955486.314731,0.6459153428945065,0.05733181051676954,0.37632872043832233,0.026034428846287774,0.05265791499262923,0.9982689196000996,0.0029183323537238333
1742955486.3196137,0.6459163126496199,0.057324313091391785,0.37630922842148834,0.02602256947662902,0.052644952950359626,0.9982699910897691,0.0028913139436572114
1742955486.32474,0.6459173087282637,0.05731614583501468,0.37629063555635167,0.026011045011621936,0.05263194074587848,0.9982710585353443,0.0028632222143891665
1742955486.329679,0.6459184106562097,0.05730740365441963,0.3762730925454078,0.026000979491470524,0.0526183934082797,0.9982721191181679,0.002833713453751341
1742955486.3346355,0.6459192430724329,0.05729896555686702,0.3762573523166154,0.02599168903995387,0.052603311346818844,0.9982732410316213,0.0028035649488683447
1742955486.339597,0.6459201665215513,0.0572913952525908,0.37624271298467504,0.025983886223109456,0.052585960686985275,0.9982744432250381,0.002773156885502852
1742955486.3445935,0.6459213035372882,0.057284141752955965,0.37622832457825045,0.02597749199836033,0.05256674074295618,0.998275708147963,0.0027419334093350027
1742955486.349651,0.6459225128268227,0.057276129019604285,0.3762142317762058,0.025971721442157567,0.052545425941921485,0.9982770735182439,0.0027078378392536824
1742955486.3547277,0.6459237672093526,0.05726739208918739,0.3762002486969058,0.025966353360115678,0.05252308867103869,0.9982784855648696,0.0026718734891926135
1742955486.359695,0.6459250422403828,0.05725837620720897,0.3761861873719812,0.025960977526509887,0.05249989083783076,0.9982799427207696,0.0026353499390268653
1742955486.3646443,0.6459263880468867,0.057248665168675744,0.3761717352972308,0.0259556376488852,0.052474814876817606,0.9982815021207306,0.002596382379625436
1742955486.3695588,0.6459277339577171,0.05723919572451267,0.37615777733215133,0.025950727187114997,0.052448476761779037,0.9982831139973953,0.002557606594539436
1742955486.3746445,0.6459289031157216,0.057230341032909526,0.3761450568430887,0.02594648832999748,0.05242117205580841,0.9982847539560025,0.002520016396820423
1742955486.379625,0.6459301436352168,0.05722159836721142,0.37613332412214906,0.025943241737218653,0.05239145573251233,0.9982864933463914,0.0024820911662781185
1742955486.3845677,0.6459313155575475,0.057213358327805976,0.3761217468429257,0.025939807289601047,0.052360386007770855,0.998288302348891,0.002445765374060634
1742955486.389717,0.6459324465776574,0.05720472795810259,0.37611015657948177,0.02593618186994595,0.05232895184571026,0.9982901331550385,0.0024094219294613526
1742955486.3946059,0.6459336167552131,0.057195843453221866,0.3760984813089403,0.025932626748528042,0.052297352568744924,0.998291967825853,0.0023733433396608125
1742955486.399611,0.6459348106556371,0.05718700045413641,0.3760871175754934,0.02592891663347763,0.05226882490027754,0.9982936384114556,0.0023393873078906787
1742955486.4046302,0.6459359218314059,0.05717831475185996,0.3760761731125949,0.025925516540638145,0.05224363878218738,0.9982951236430027,0.0023056256199815613
1742955486.4095786,0.6459370558648247,0.05716974100948381,0.37606535217191506,0.025922171659892558,0.052221597589773905,0.9982964400691632,0.002272335107856313
1742955486.414665,0.6459381022299192,0.057162250141315755,0.3760539931274219,0.025918113249831034,0.05220275222523213,0.9982976018596067,0.0022410236585184156
1742955486.4196718,0.6459391277070046,0.05715540332803567,0.37604235650153645,0.025913580342445088,0.052185562554053024,0.9982986849601958,0.0022111131803814166
1742955486.4246516,0.645940156293858,0.0571486255286802,0.3760299168465996,0.025908530573112692,0.0521698130276065,0.9982997045372102,0.0021814153949945895
1742955486.429669,0.645941257746985,0.057141757767618484,0.3760159417888549,0.02590205445551985,0.05215550712217815,0.9983006821049535,0.0021528494132980135
1742955486.4347844,0.6459423667617101,0.05713484115805271,0.3759995680055513,0.025893676768983454,0.05214192444376605,0.998301670273091,0.0021242289520426796
1742955486.4396603,0.6459436293170363,0.05712752086274701,0.37598069250895283,0.025883503532366483,0.05212845271352664,0.9983026997589259,0.002094830929563099
1742955486.4445877,0.6459450139960347,0.05711976255647213,0.37595923245029594,0.025871465269211854,0.052115056089108165,0.9983037744011954,0.0020645168878701547
1742955486.4497273,0.6459463409579077,0.057112146630259646,0.37593617570459054,0.02585785432548994,0.0521016942796347,0.9983048867436229,0.002034189439404613
1742955486.4545958,0.6459476302250426,0.057105016753464743,0.37591231098769323,0.025843553157833835,0.05208774845658646,0.9983060460547111,0.0020039040672610573
1742955486.4596004,0.6459488312277754,0.05709799624025805,0.37588746706160664,0.02582839337231836,0.05207329390192844,0.998307253763729,0.001973129678921013
1742955486.464578,0.6459500649078875,0.05709094702149514,0.3758604425821905,0.025811556228540443,0.05205912955302964,0.9983084881859888,0.001942424013259513
1742955486.469553,0.6459513479166776,0.05708374112307062,0.3758321173019004,0.02579375071614655,0.05204475950705954,0.9983097581003794,0.0019111026680222562
1742955486.4745936,0.6459528031009759,0.057075618918115884,0.37580221760194005,0.025775147823946788,0.05203014911557174,0.9983110633397139,0.0018778048873775266
1742955486.4795914,0.645954402853977,0.05706643342181292,0.3757711230056824,0.02575598540267074,0.052015914953537225,0.9983123646757271,0.0018429169926347875
1742955486.4846354,0.645956032720553,0.05705693990011515,0.37574007846457114,0.02573708832344472,0.05200167676505726,0.9983136579420002,0.0018078342613955481
1742955486.4895804,0.6459576893826927,0.05704762028141441,0.3757081346152928,0.025717534289569882,0.051986562772546374,0.9983150136844082,0.001771771277786914
1742955486.4945896,0.6459593495689276,0.0570386964358035,0.37567570217534624,0.025697768972714165,0.05196971513096883,0.9983164654259226,0.0017344274339846906
1742955486.4996297,0.6459608892399827,0.057030456101837095,0.37564435987353334,0.0256786421021331,0.051953019198918524,0.9983178883232339,0.0016985257568119451
1742955486.5045886,0.6459623522498199,0.05702259478997444,0.37561335211809005,0.02565958224452713,0.051935817976962693,0.998319333850751,0.001662621391964291
1742955486.509552,0.6459638359225738,0.05701427071225261,0.37558192951474195,0.02564041734317458,0.051918345019829365,0.9983207960573853,0.0016256101065200421
1742955486.5146015,0.645965403977474,0.05700548520649705,0.3755496508795756,0.025620778362755735,0.051900931153606035,0.9983222664199748,0.001587901621694803
1742955486.5196025,0.6459669404906115,0.05699609166321679,0.37551481206868964,0.025599210423299438,0.05188254743684778,0.9983238383292558,0.0015477469783645114
1742955486.5246637,0.6459686182630177,0.05698592991805742,0.3754797102942943,0.02557755445287293,0.051863926953778644,0.9983254245845264,0.0015061265778718122
1742955486.52963,0.6459703912211608,0.05697549187314216,0.3754449259888915,0.025556205550310122,0.051845941170413926,0.9983269672826508,0.001464629048441329
1742955486.5346234,0.6459719092204398,0.056964229882057876,0.37540941043646525,0.025533786864907333,0.05182677767985423,0.9983285998784587,0.0014203902199484168
1742955486.5396461,0.645973662530387,0.05695299482318987,0.3753738854590098,0.02551183025176855,0.05180752034016009,0.9983302227291683,0.0013761318752644812
1742955486.5445693,0.6459752192275905,0.056941698245529956,0.3753385709213994,0.025489985570329797,0.05178757729799631,0.9983318766751047,0.0013309724234975672
1742955486.5497746,0.6459770723599596,0.05692998214744513,0.3753035591472306,0.025469211928719527,0.05176651578803754,0.9983335607304558,0.0012839805864313452
1742955486.5546634,0.6459789471843393,0.056917693202574095,0.3752682711681802,0.02544844994359313,0.051746873101178634,0.9983351673512628,0.0012373962361358099
1742955486.5596242,0.6459807386617558,0.056903857784985766,0.3752325031168016,0.025426757693926643,0.05172810656681769,0.9983367507617321,0.0011895640770598422
1742955486.5646715,0.6459827643301285,0.056889241333494794,0.37519922719924353,0.02540700006726694,0.051712189350765304,0.9983381317601081,0.0011438941688632143
1742955486.5695956,0.6459846358986376,0.05687400907479949,0.375167622369809,0.025388318761558205,0.051697860471373425,0.9983393991584854,0.0010993548191907607
1742955486.5746787,0.645986290836708,0.05685964752374955,0.37513641332424774,0.025369439073776312,0.05168433724227081,0.9983406251020912,0.0010569369305007436
1742955486.5798194,0.6459878389989868,0.05684761276307407,0.37510683513600585,0.02535135051839447,0.05167078452546621,0.9983418261294624,0.001018456629701069
1742955486.5846846,0.6459891172751955,0.05683675734568777,0.37507940485403807,0.025334284391297597,0.05165640122838636,0.9983430408088537,0.0009813842491204685
1742955486.589731,0.6459901370482333,0.05682734104728057,0.3750528336009701,0.02531718031886428,0.05164179208798544,0.9983442644136084,0.0009462574145482334
1742955486.5947168,0.6459910278768461,0.05681823015282452,0.3750271385752205,0.02530048772602571,0.05162857678984489,0.9983454017259376,0.0009133631023353007
1742955486.5997183,0.6459917214245932,0.05680850216656428,0.37500143133166824,0.025283249705877885,0.05161596678958428,0.9983465202692715,0.0008801834603868353
1742955486.6047623,0.6459924207088695,0.05679777778665121,0.3749762465922894,0.02526575418568948,0.05160397331364483,0.9983476127927865,0.0008459519002604274
1742955486.609732,0.6459932642852575,0.05678665168035035,0.3749522247347603,0.025248914776641002,0.05159331379377253,0.9983486173783609,0.0008126826529499436
1742955486.6146917,0.6459939417604483,0.05677604810034423,0.3749307850837864,0.025233723533205087,0.05158284040586593,0.998349568137655,0.0007807507096911396
1742955486.6197581,0.6459944963820673,0.056766586961541896,0.37491050895269357,0.025219329222453957,0.051571038009526414,0.998350565682867,0.0007493149465503512
1742955486.624811,0.6459950122633306,0.05675804681858333,0.37489022664851,0.025205063439067674,0.0515585869385242,0.998351591652389,0.0007185645947431143
1742955486.629893,0.6459957202907055,0.05675002596574505,0.3748699686718469,0.025191406157647867,0.05154586943733861,0.9983526141417511,0.0006886480096081939
1742955486.6347234,0.6459966830529843,0.05674165171010222,0.37484998717800355,0.025179083012431474,0.051532929760198375,0.9983536136364122,0.0006580790994179055
1742955486.6396542,0.6459978812534,0.056731639004125825,0.37483045888988553,0.02516785173637195,0.05152087122830149,0.9983545398665618,0.0006259350434271379
1742955486.6446898,0.6459993260874047,0.056720651864472005,0.37481268321187367,0.025158589863030167,0.051509366640136965,0.9983553867939245,0.0005934340647854354
1742955486.6497517,0.6460008159896811,0.056709198044275114,0.37479655360582675,0.02515085780529928,0.05149849168129949,0.9983561615205139,0.000560767540513382
1742955486.6546655,0.6460021802636604,0.056697883941813305,0.3747825963043199,0.025144828628680987,0.05148702563710571,0.9983569226932666,0.0005279154376811606
1742955486.6596022,0.6460034675751503,0.05668734953236773,0.37477028944553004,0.025139909688047593,0.051474811916079215,0.9983576930224112,0.0004954412681128359
1742955486.6646593,0.6460044518201459,0.05667811483782292,0.37475847783716504,0.02513470763182379,0.05146253439027904,0.9983584714421427,0.0004653236513673777
1742955486.6696792,0.6460053213323108,0.05666959569475445,0.37474706585742096,0.02512926054548948,0.05144997089951335,0.9983592692088583,0.0004362838876489364
1742955486.6747463,0.6460061387568176,0.05666141476575851,0.3747367716319785,0.02512450366910832,0.05143649000434015,0.9983600958051299,0.00040732712443254594
1742955486.6796074,0.6460068902945553,0.056653425177879614,0.37472791131664396,0.025120806724716213,0.051422797648150116,0.99836090527911,0.0003791593500715368
1742955486.6845946,0.6460077566003634,0.056645760578090266,0.37471978011615736,0.025118128715609825,0.051408832399341395,0.9983617018689185,0.00035185587850703067
1742955486.6896734,0.6460086607968656,0.05663848712933471,0.37471154245049687,0.025115643706319368,0.05139331430234715,0.9983625726006478,0.00032452496652409966
1742955486.6946242,0.646009541212844,0.05663174754283989,0.3747034329304178,0.025113394592514684,0.05137583264845794,0.9983635375296365,0.0002969225965906241
1742955486.699602,0.6460104133476587,0.05662538721589664,0.37469609114149005,0.02511183374723137,0.05135707492136216,0.9983645496878596,0.0002694214732931367
1742955486.7045848,0.6460113045716501,0.0566190452419996,0.3746892629906725,0.02511076095506472,0.0513371709483323,0.9983656075453409,0.000241317015262314
1742955486.709695,0.6460122148104557,0.05661185302922475,0.37468267691005414,0.025110072215157347,0.05131675504232061,0.9983666812046238,0.0002116264190562229
1742955486.7145956,0.6460131182891894,0.05660401715245749,0.3746756142629848,0.025109229994290137,0.05129539795144606,0.9983678061423044,0.00017993526301536618
1742955486.7196236,0.6460140970342525,0.05659526741984717,0.37466792452629827,0.025108007644741536,0.05127313144042014,0.9983689860841417,0.00014686636089746355
1742955486.7246006,0.6460150258096807,0.0565858888388701,0.37465965570684595,0.025105772380031227,0.0512500030692154,0.9983702343649093,0.00011186046385220642
1742955486.7297409,0.6460157131813263,0.0565749908404069,0.3746511949779027,0.025102826193868357,0.05122635211563479,0.9983715258190208,7.348337149427317e-05
1742955486.7345998,0.6460161257358976,0.05656394805824436,0.3746434060105013,0.02509905438655359,0.051203126698269624,0.998372814166208,3.491515733029325e-05
1742955486.739697,0.6460160849038352,0.056553352468919627,0.3746362682647811,0.02509422220547932,0.051179414617893666,0.9983741520678754,-3.7446781186883802e-06
1742955486.744603,0.6460156194789746,0.056543430957223924,0.37462969380141864,0.025088737658637603,0.051155607711615814,0.9983755091536616,-4.200617228654272e-05
1742955486.7497947,0.6460149558466928,0.056534007771569306,0.37462359078875906,0.025082150794419767,0.051132961215224836,0.9983768326125199,-7.80479387968692e-05
1742955486.7547534,0.6460138368296836,0.05652406617916406,0.37461705105348564,0.025073854679820734,0.05111184548467769,0.9983781187313883,-0.00011445968597739507
1742955486.7597096,0.6460127029019406,0.056513128466780554,0.3746102882253985,0.025064707507698503,0.05109259911861245,0.9983793286593798,-0.000151190291729616
1742955486.7646217,0.6460116677321592,0.05650116123228581,0.3746039652228842,0.02505562690570614,0.05107528329607629,0.9983804364168702,-0.0001875543850567004
1742955486.7696888,0.6460105289396647,0.056488671205240856,0.37459796557141484,0.025046624210437893,0.05105841819326939,0.9983815174085118,-0.00022415249273218232
1742955486.774681,0.6460094581511241,0.05647680025992701,0.3745921718457914,0.025038151878758342,0.05104123156926582,0.9983826000749281,-0.000259803801336741
1742955486.7796047,0.6460083819655771,0.056466534944374654,0.3745866561605079,0.025029974251097056,0.05102383050930453,0.9983836853232054,-0.0002932398370252972
1742955486.7845926,0.6460073813472883,0.05645773053504831,0.374581540417687,0.0250225461980143,0.051006093577658805,0.9983847679878104,-0.0003250379076431078
1742955486.7896707,0.6460062915449907,0.05644922303264873,0.374576550365976,0.02501535480288906,0.05098859963367993,0.9983858310340492,-0.00035654162860727695
1742955486.7945971,0.6460048265331343,0.056440479834784306,0.3745711286362135,0.025005942644798426,0.050973115600770065,0.9983868460397807,-0.00038726365046683306
1742955486.7996182,0.6460028374245106,0.05643094092848491,0.37456482262265334,0.024993581815749823,0.05095952053733325,0.9983878372258229,-0.00041786860182703846
1742955486.8046913,0.6460005529861537,0.05642097713294315,0.374558092968653,0.024979270479135895,0.050947041744813716,0.9983888188856085,-0.00044867358066226476
1742955486.8097646,0.6459978727796345,0.05641106361491346,0.37455113875328927,0.02496335972037801,0.050936141588688984,0.9983897590403771,-0.00047874296438455305
1742955486.8146448,0.6459950111173803,0.056402152014898,0.3745441846570807,0.02494662039304773,0.05092628298629593,0.9983906667654578,-0.0005063079985046627
1742955486.8197038,0.6459916086417913,0.05639477999361734,0.374537720100885,0.024928425012371476,0.05091715178394412,0.9983915741684509,-0.0005309520278694579
1742955486.8246229,0.645987811616654,0.05638851218459242,0.3745311494425963,0.024908600494677604,0.0509089417139145,0.9983924754621184,-0.0005533674991986903
1742955486.8297305,0.6459838540914431,0.05638272651509675,0.374524494168835,0.024888019540053773,0.05090127622264967,0.9983933677956053,-0.0005741985968849768
1742955486.8346546,0.6459797800676204,0.056376319368246296,0.37451783327208943,0.024866658124978472,0.050895659698028714,0.9983941749061683,-0.0005938442803841987
1742955486.839668,0.6459752908157264,0.05636903024630023,0.3745115496317115,0.02484381527389901,0.050892094268492026,0.9983949139180781,-0.0006127365802909505
1742955486.8447802,0.6459702792060121,0.05636048132178257,0.3745059021378689,0.024818829723920476,0.05089056977326575,0.9983956013518577,-0.0006315065716692342
1742955486.8496065,0.6459640890760463,0.05635171884696588,0.3745005817087324,0.024789722236478427,0.05089047961150818,0.9983963174992525,-0.0006495846987068254
1742955486.8546042,0.6459564112745514,0.05634321425769059,0.3744962122319927,0.024755057870662556,0.050891244911007695,0.9983971272371294,-0.0006668027259341266
1742955486.859593,0.6459469932142058,0.05633549131776675,0.3744923696401644,0.024714715474265223,0.05089256025434562,0.9983980486472047,-0.0006830865522725075
1742955486.8646193,0.6459352760266353,0.05632874865010379,0.37448896573055895,0.024665479979460697,0.05089368177521049,0.9983991983516267,-0.0006985582119935675
1742955486.8696208,0.645921570827899,0.056322994973775325,0.37448585417272384,0.024609351386136537,0.050895181615189675,0.9984004966201702,-0.000713204955242139
1742955486.8746686,0.6459070431548746,0.05631762340040511,0.37448297517062396,0.024550320914141756,0.050896846867103725,0.9984018549981983,-0.0007270888225958698
1742955486.8796005,0.6458940201764765,0.05631253169333241,0.37448033321438134,0.024497127869260938,0.05089877432777859,0.9984030540429211,-0.0007397133600431612
1742955486.8845978,0.6458814133981499,0.056307076607498174,0.37447774124568156,0.024445561683252116,0.05090100237577276,0.998404195222755,-0.0007519526147926483
1742955486.8896148,0.6458679043130039,0.05630190783134584,0.3744754421015636,0.0243901213664377,0.05090317505733347,0.9984054307544016,-0.0007645841554884156
1742955486.894679,0.6458545783985126,0.05629759779500054,0.37447334080160005,0.024335834653121627,0.050904610842729764,0.998406673048813,-0.0007765038872512592
1742955486.8996265,0.6458430609917306,0.05629504236622333,0.3744716187512653,0.024289404752350616,0.05090489367036415,0.9984077819075095,-0.0007859031190538593
1742955486.9045951,0.6458332958020602,0.05629386926281603,0.3744697362025601,0.024249718271505783,0.050904248580253046,0.9984087737014506,-0.0007932440972765903
1742955486.9096088,0.6458250231812643,0.05629360054422737,0.3744675210463475,0.02421587411350081,0.050903350242430284,0.9984096366111845,-0.0007986845046411389
1742955486.9145992,0.6458169219232378,0.0562933497020598,0.3744642046943668,0.0241818193226778,0.050902624815390526,0.9984104946259157,-0.0008041280889746574
1742955486.9196014,0.6458084938035008,0.05629261258664212,0.3744596787011826,0.02414600917109968,0.050902333990285833,0.9984113715155868,-0.0008098541939535709
1742955486.9247563,0.6457995637539793,0.05629184721860275,0.37445425163943225,0.024108170682352815,0.05090211740039726,0.9984122920959335,-0.0008158077292451812
1742955486.9296267,0.645790960713102,0.0562910282999662,0.37444824579529395,0.024070152421084724,0.050902086969708535,0.9984132060397372,-0.0008217724790927682
1742955486.9347007,0.6457826750092119,0.05629034996621906,0.3744412524765913,0.02403230056097696,0.050902085722615786,0.9984141132605534,-0.0008274303458475793
1742955486.939695,0.6457747060968174,0.05628994651706573,0.3744339353734923,0.02399588934122679,0.05090182777165949,0.998414997739793,-0.0008327739652277571
1742955486.944605,0.6457672096649385,0.0562898488809425,0.37442615807346086,0.023961034248406562,0.05090148037314502,0.9984158485555968,-0.0008375479547175907
1742955486.949631,0.6457603824819157,0.05628985284200923,0.37441801437871713,0.023928838704722514,0.05090096990107921,0.9984166430799504,-0.00084188023840322
1742955486.9546409,0.6457547396659645,0.0562897756878349,0.37440911196449933,0.023901094808594644,0.05090067323090616,0.9984173195878558,-0.0008456231976248934
1742955486.9595866,0.6457504187078493,0.05628969009203128,0.37439920906774193,0.02387798419377661,0.05090054338940886,0.998417876503971,-0.000848781954349102
1742955486.9647071,0.6457474859100829,0.05628942919009143,0.3743888944606186,0.023859446618512043,0.05090054047361902,0.9984183176226149,-0.0008513648918858827
1742955486.9696574,0.6457458586006722,0.05628911864632636,0.3743791497245448,0.02384557913458412,0.050900718613946405,0.998418638090509,-0.0008534130380232874
1742955486.974758,0.6457455278276445,0.05628907919225131,0.3743708708056757,0.023837296330363997,0.05090062290793562,0.9984188398102072,-0.0008545193283506359
1742955486.9796185,0.6457457400529275,0.05628937848271637,0.3743634663489018,0.02383165473981559,0.050900422413665415,0.9984189842793867,-0.000855021046775077
1742955486.9845893,0.6457458582210043,0.05629014737478508,0.37435669682819434,0.023826601875621595,0.050899825162331665,0.9984191352099763,-0.0008551538270134598
1742955486.9896736,0.645746043214448,0.05629168656651019,0.3743509884104087,0.023822354654362884,0.050898707152842365,0.9984192941179649,-0.0008544950998327131
1742955486.9946265,0.6457460679006853,0.05629329180549987,0.3743453005884355,0.02381799792268988,0.0508975260274262,0.9984194587978948,-0.0008538811164767964
1742955486.9996378,0.6457460917367018,0.05629510169163649,0.37433946158610987,0.02381344768122434,0.05089621807627669,0.9984196346086657,-0.0008531840155164374
1742955487.0047596,0.645746274289489,0.05629597402469603,0.37433368020316593,0.02380916278077212,0.05089546076684783,0.9984197754231116,-0.0008531618090933533
1742955487.0095994,0.6457464997446449,0.05629584023233382,0.37432760618933775,0.023804773587616873,0.050895594430556274,0.9984198727304172,-0.0008537909464181774
1742955487.014591,0.6457467065699113,0.05629574642132056,0.37432131863120494,0.0238000799350091,0.05089578579499434,0.99841997433825,-0.0008544154759713739
1742955487.019599,0.645746847630622,0.05629601215660378,0.3743147410937671,0.02379503528056894,0.050895517447348555,0.9984201078721695,-0.0008548662401622074
1742955487.0246236,0.645747062753322,0.05629618811118213,0.3743083461161416,0.023790232897498313,0.05089535398011408,0.9984202302546521,-0.0008553245987316014
1742955487.0296237,0.6457472765404203,0.05629664080770448,0.3743016045852723,0.023785204902056344,0.05089500729881876,0.9984203674313648,-0.0008556623394513099
1742955487.0345955,0.6457473968205861,0.0562967709943418,0.3742938517449583,0.023779273709405812,0.05089471777738631,0.9984205229482382,-0.0008562709733475727
1742955487.039671,0.6457476249577245,0.05629644817924103,0.3742854984806966,0.023772973630230627,0.050894871766088,0.9984206642310722,-0.0008573150380626746
1742955487.0446026,0.645747924153794,0.05629589986180594,0.3742766266180748,0.023766267528701226,0.050895293058870965,0.9984208013964468,-0.0008584934960216321
1742955487.0496728,0.6457481370158907,0.056295841270249634,0.37426722656852934,0.023759086022471055,0.05089524135430931,0.9984209741017221,-0.0008594839333934657
1742955487.05467,0.6457483822293315,0.05629579584596646,0.3742571522335086,0.02375139223584523,0.050895121176084995,0.9984211624418594,-0.0008604624203567316
1742955487.0596163,0.6457485912786096,0.05629593549957244,0.37424629550479155,0.023743063961392523,0.05089464453832703,0.9984213839651815,-0.0008614592817655347
1742955487.064595,0.6457489287534564,0.05629644779530733,0.3742347001137195,0.023734403097113537,0.05089368091837491,0.9984216383491236,-0.0008622229724654418
1742955487.069622,0.6457491559044446,0.05629719252793662,0.3742223379889421,0.023725012843634583,0.050892439232958456,0.9984219242178917,-0.000862922668420248
1742955487.0747428,0.6457494089893209,0.05629738114237303,0.3742094061808703,0.023715042504596853,0.05089165466650482,0.9984222000849757,-0.0008640727904343588
1742955487.079726,0.6457497591614283,0.05629687634301228,0.37419532090740115,0.023704335732542842,0.05089128492941105,0.9984224718217416,-0.0008656483558710881
1742955487.0846741,0.6457500850226233,0.05629661670293308,0.3741799928692664,0.02369256284079455,0.050890753185591345,0.9984227768797891,-0.0008673602994732395
1742955487.0896485,0.6457504735333349,0.05629636913499616,0.3741632898826011,0.023679819700339666,0.05089036332011744,0.9984230974188438,-0.0008692529365461254
1742955487.0945961,0.6457507800068898,0.05629613630245072,0.3741449998396587,0.02366569716870695,0.05088986175390197,0.9984234560973543,-0.0008712421032185928
1742955487.099597,0.6457512304429841,0.05629644554042724,0.3741255147530722,0.023650731945389997,0.050889014468057145,0.9984238523587806,-0.0008729982641349815
1742955487.104605,0.6457515911201894,0.05629739792410476,0.37410556332972,0.023635401689537774,0.05088733700957028,0.9984242997883421,-0.0008742489390431739
1742955487.1096244,0.6457519576133302,0.056298060019324754,0.3740861126940026,0.02362044209689869,0.05088549437634387,0.998424746533871,-0.0008756060743854379
1742955487.1146626,0.64575241891519,0.05629848174430565,0.37406670497760375,0.023605740556644418,0.05088354387528531,0.9984251921432818,-0.0008773078793869408
1742955487.1196382,0.6457529134401051,0.05629782873496261,0.3740466537846901,0.023590580870588684,0.05088220651180097,0.9984256164664703,-0.0008797375901382397
1742955487.1246014,0.6457535719959953,0.056296656245236776,0.3740256976791545,0.023574875262434566,0.05088139738849839,0.9984260261172552,-0.0008826255494452008
1742955487.1297026,0.6457541253835267,0.056295510333869946,0.37400395389420094,0.02355832004360611,0.0508811863622554,0.9984264251186508,-0.0008854693015004523
1742955487.1346357,0.645754803422958,0.05629372568285728,0.3739822742744501,0.02354196171769359,0.050882013293115085,0.9984267660123247,-0.0008886348476316902
1742955487.1396532,0.6457552843261353,0.05629316540202122,0.37396125504255895,0.023525848407681342,0.05088224813525118,0.998427131644703,-0.000891110056358935
1742955487.144705,0.6457556993570135,0.05629390484956341,0.37394006190818996,0.023509531180332575,0.05088166273221861,0.998427544449741,-0.0008926507414271861
1742955487.149593,0.6457561212284605,0.056294978872966604,0.37391856249946237,0.023493063110663452,0.05088079044226294,0.9984279753644597,-0.0008939570878574826
1742955487.1546822,0.6457564630293865,0.05629596180107065,0.37389564804378095,0.02347542347653046,0.050879977727150576,0.9984284302680443,-0.0008955398212300399
1742955487.159611,0.6457569898691002,0.05629637686578821,0.3738720278143359,0.023457345262846038,0.05087964310003325,0.9984288704689059,-0.0008974883940526965
1742955487.1646302,0.6457575636648428,0.05629627762998316,0.37384705795979994,0.023438249826966198,0.05087970211706847,0.9984293136501486,-0.0009000009001301773
1742955487.169599,0.6457581980573266,0.05629627960252277,0.37382106367264123,0.023418485841726767,0.05087959557674378,0.9984297805978851,-0.0009024910453093255
1742955487.1747322,0.6457586694810457,0.05629687839415633,0.3737948471199875,0.023398355933218692,0.050878839457759575,0.9984302890783133,-0.0009047021883490454
1742955487.1797333,0.6457590553554945,0.05629892112786393,0.37376775336611184,0.02337751429951687,0.05087708912480773,0.9984308652852175,-0.0009060205152978828
1742955487.1846285,0.6457593445949317,0.05630271061079367,0.3737402379159287,0.02335621761786447,0.05087363560185701,0.9984315394056053,-0.0009063219019143144
1742955487.1895752,0.6457596251660331,0.056307072326685186,0.37371183563473326,0.02333436793760282,0.050869680622905575,0.9984322520356406,-0.0009060691559914858
1742955487.1946437,0.6457599330726622,0.056311152039400805,0.3736821893982128,0.02331149353116052,0.0508654928854084,0.9984329997266469,-0.0009060682759905492
1742955487.1996822,0.6457604655208677,0.05631448763067352,0.37365227911371907,0.02328873663099903,0.050861920502502315,0.998433712340938,-0.0009065594421865864
1742955487.2046795,0.6457608030585601,0.05631807422341252,0.37362246963896545,0.023265831738755394,0.05085739364688975,0.9984344766916253,-0.0009068287983715607
1742955487.2097394,0.6457611842820817,0.05632134686949118,0.3735919025573545,0.023242211456587922,0.05085325907737184,0.9984352368634003,-0.0009074344839656895
1742955487.2146573,0.6457616160466466,0.05632477642353576,0.37355966765653903,0.02321743949502941,0.05084861501532891,0.9984360490132633,-0.0009082318547708712
1742955487.2196348,0.645761892101442,0.05632964694892173,0.37352733261956345,0.023192316164144536,0.0508426181654577,0.998436938601997,-0.0009079009285160936
1742955487.2246184,0.6457618577269996,0.05633747095861381,0.3734945946066503,0.023166512923197657,0.05083373923655811,0.9984379917205312,-0.0009057169986296982
1742955487.2296257,0.6457615724361458,0.056348578964178594,0.37346185465730386,0.02314048768742755,0.050822239720336365,0.9984391843162336,-0.0009016658642924528
1742955487.2347004,0.6457610895142375,0.05636166554136172,0.3734289937283185,0.02311424161944127,0.05080891134376456,0.9984404756198179,-0.0008961062946962079
1742955487.2397847,0.6457605475271248,0.05637504558445401,0.3733930265560557,0.02308539269801558,0.050794929311249216,0.9984418597368846,-0.0008902389537883015
1742955487.2446826,0.645760113462034,0.05638800764088595,0.3733564678710556,0.023056039242401547,0.05078118630630318,0.9984432422006172,-0.0008844635080882388
1742955487.2496054,0.6457598458200038,0.05639991650770914,0.37332017571084064,0.0230271977324048,0.05076781322948922,0.9984445923025195,-0.0008794352416064911
1742955487.2546003,0.6457595761922534,0.05641145286835012,0.37328237465304914,0.022997160935347937,0.05075466113679921,0.9984459573322985,-0.0008747848834437415
1742955487.2596133,0.6457591853288002,0.05642407537507078,0.37324347121931,0.02296621693655032,0.050740696762444595,0.9984473837068008,-0.0008697934982208029
1742955487.26461,0.6457585453728345,0.05643878039985836,0.3732038579225999,0.02293441696017985,0.05072562674322211,0.9984488858461462,-0.0008635176856139896
1742955487.2697058,0.6457575534525514,0.056455946918057616,0.37316580361006474,0.02290361781023396,0.05070939769159553,0.9984504237047639,-0.0008559677189306448
1742955487.2747345,0.6457556783884079,0.05647398758120121,0.37312379934495754,0.02286893985140058,0.0506927474938281,0.9984520708448195,-0.0008480373173753913
1742955487.2796595,0.6457528413921809,0.05649147858612139,0.3730783657229285,0.022831004540547817,0.05067693739347903,0.9984537480905105,-0.0008403404657990654
1742955487.2846801,0.6457496644582055,0.05650859694164612,0.3730325379485701,0.02279233201039643,0.05066264163068773,0.9984553636738525,-0.0008325235392979967
1742955487.2897234,0.6457462270998873,0.05652541646704125,0.3729855957222644,0.022752646661648168,0.05064884878193874,0.9984569747675296,-0.0008250606204926173
1742955487.2947173,0.6457420125467757,0.05654172364476513,0.37293771421909544,0.02271186196233071,0.05063534935197374,0.9984585936733763,-0.0008181943481687066
1742955487.299647,0.6457368526806665,0.056558800600881254,0.3728889069873951,0.02266950979669305,0.05062145030753586,0.9984602668962855,-0.0008108783740661668
1742955487.3046384,0.6457307943755227,0.05657749212066353,0.37284042533988415,0.022626756569630226,0.05060624371780906,0.9984620143111747,-0.0008024721703781195
1742955487.3096423,0.6457238568293855,0.056598629520164506,0.37279075135978607,0.02258241396430384,0.05058921145709055,0.9984638893411459,-0.0007924300893507377
1742955487.3146906,0.6457162295537378,0.05662067341973291,0.37274198169185085,0.022538281284817087,0.0505711627296628,0.9984658091898334,-0.0007818284899929813
1742955487.3196216,0.6457077561895148,0.05664351732055333,0.37269124876972626,0.022491972189902953,0.05055245717302218,0.9984678093120083,-0.0007707324162784596
1742955487.3246615,0.64569905406915,0.056666142579275984,0.37263978203241016,0.022444937333540756,0.05053365918993266,0.9984698276262549,-0.0007598664133430731
1742955487.329643,0.6456908614962426,0.05668766749668322,0.3725866657034338,0.022397010305918025,0.05051598022380923,0.9984718059870488,-0.0007498802208058835
1742955487.3346121,0.645683056925979,0.056709752440734694,0.3725362274772406,0.022351495524352054,0.050497734225292516,0.9984737567262922,-0.0007393340393836946
1742955487.3396037,0.6456756004507856,0.05673336850126058,0.372485467829686,0.022305867997479332,0.05047789978898153,0.9984757885922352,-0.000727654373157582
1742955487.3445761,0.6456683685918796,0.05675793347761063,0.37243505429350093,0.022260643101667265,0.05045718128402311,0.998477854147753,-0.0007151238143827133
1742955487.349686,0.6456616707064088,0.0567844795775005,0.3723852900898322,0.022216267564183923,0.05043445925804995,0.9984800003968644,-0.0007011293336610421
1742955487.3546617,0.6456552776472801,0.056813269298584594,0.3723366773359355,0.02217285675912788,0.050409485617337026,0.9984822373949217,-0.0006854121139875648
1742955487.3597336,0.6456492246049893,0.05684373228750628,0.37228525348893415,0.022127495265252026,0.05038242018096772,0.9984846210221379,-0.0006687841747716235
1742955487.3645813,0.6456439028593317,0.05687459140383419,0.37223322375456636,0.022082053675643212,0.05035442673060352,0.9984870503741838,-0.0006518045415213737
1742955487.3696513,0.6456394875072627,0.056905358059805615,0.3721807113117354,0.022036971946535498,0.050325234284603816,0.9984895290457133,-0.0006348603760404305
1742955487.3746095,0.6456359504029962,0.056936582114028814,0.3721274170890657,0.021991927326527685,0.05029495930744798,0.9984920583701886,-0.0006177154609989035
1742955487.3796754,0.6456334769627147,0.056967036083402756,0.37207285042597854,0.02194660892322159,0.05026452411873481,0.9984945982021148,-0.0006011098781406439
1742955487.3846228,0.6456316893790678,0.0569990280236245,0.37201831708016464,0.021901781136387778,0.050231000279081915,0.9984972799157382,-0.0005836050794285956
1742955487.3896751,0.6456298313081804,0.057032734108929894,0.3719638532618962,0.02185695496546068,0.05019379957672574,0.9985001436296382,-0.000564955999427628
1742955487.394603,0.6456277998357437,0.05706790433286066,0.37191060732449455,0.021812896816763547,0.05015161141889233,0.9985032377589264,-0.0005455176356226544
1742955487.3996072,0.6456258393123812,0.057101464076480646,0.37185592004985796,0.02176778397888072,0.050108235622097444,0.9985064098149712,-0.0005271260817649053
1742955487.404637,0.6456240719938853,0.05713456863191822,0.37179700611637523,0.021719646111917467,0.05006306235537037,0.9985097332713869,-0.0005092373505354552
1742955487.4097106,0.6456227831634666,0.05716516905717268,0.37173722540739834,0.021671819557901262,0.050018192078629044,0.9985130291906186,-0.0004931884125609862
1742955487.4147067,0.6456215018104146,0.05719444436384318,0.3716768416245234,0.02162321445482115,0.04997478596168466,0.9985162636218227,-0.0004781709310976065
1742955487.419753,0.6456202000239529,0.05722244486029194,0.37161710742757587,0.021575090457715676,0.049935226494921235,0.9985192903922387,-0.0004640487284490429
1742955487.4246852,0.6456189566729699,0.05724985400669919,0.3715562402373059,0.021526128397395483,0.04989803758427121,0.9985222124519263,-0.0004504237644819453
1742955487.4297392,0.6456178733238314,0.05727527779654495,0.37149229235993,0.021474830786210222,0.04986132619680398,0.9985251560802746,-0.00043871113822655146
1742955487.434677,0.6456169863554977,0.05729924200977525,0.3714258768998056,0.02142194424877866,0.049823227524370475,0.9985281981982752,-0.0004286100360132177
1742955487.439786,0.6456161628261898,0.05732268961676433,0.3713596932687972,0.021369286264384564,0.04978289821540816,0.9985313420878145,-0.000418948843296665
1742955487.444666,0.6456155631469517,0.0573437769963949,0.37129231404005697,0.021316037253910698,0.04974286206313354,0.9985344788080716,-0.0004109270629836151
1742955487.449908,0.6456152272263571,0.05736237592722708,0.37122467322884545,0.02126301097381941,0.04970148635984109,0.9985376721804688,-0.0004047892791777828
1742955487.454566,0.6456149088086874,0.05738017791480917,0.3711570888897301,0.021210079010759428,0.049654078952929455,0.9985411585462675,-0.0003996007653879524
1742955487.459573,0.6456145763479555,0.05739858780800377,0.3710897377382692,0.021157435861281243,0.04959884543063382,0.9985450223322644,-0.00039473431772664647
1742955487.4646072,0.6456141104732226,0.057418099352128604,0.3710244216060569,0.021106647034783228,0.0495348027378347,0.9985492781807532,-0.0003896323519749461
1742955487.469588,0.6456135573419208,0.057437737265144374,0.3709596736718846,0.021055792680223145,0.04946557521088568,0.9985537854206712,-0.00038481906388975525
1742955487.4750812,0.6456131932486403,0.05745576284177595,0.3708949920625357,0.02100538032957231,0.04939843282110816,0.9985581726204347,-0.00038042734769108515
1742955487.479597,0.6456131222604814,0.05747146381746236,0.3708294689090558,0.02095465992212827,0.049333270262871126,0.9985624611093038,-0.000376744009430179
1742955487.4846587,0.6456130911259462,0.05748505762691081,0.3707641180684129,0.020903558224058833,0.04927657643362773,0.9985663324928016,-0.000374005922516198
1742955487.4895873,0.645613510183863,0.0574964447069197,0.3706979166750535,0.020852937543009094,0.049234911844210805,0.9985694465591364,-0.00037262595212958586
1742955487.49461,0.6456138415709406,0.057506619739099804,0.3706335507022084,0.020803355479489145,0.04920449227127061,0.9985719804085814,-0.00037186557287312516
1742955487.4996016,0.6456141996871421,0.0575162747704517,0.3705681286816656,0.020752896546829977,0.049179676655992294,0.9985742529754795,-0.0003714611579581485
1742955487.5047107,0.6456143908245674,0.05752665610764916,0.3705030531860125,0.0207024420163497,0.04915683718892741,0.9985764251069106,-0.00037077330486371036
1742955487.5096488,0.6456145044652795,0.05753824581913681,0.3704359068668864,0.020650327811981496,0.04913476932943762,0.9985785905443538,-0.0003700143950239028
1742955487.5146892,0.6456145314360702,0.05755026364486268,0.3703678068438775,0.020597297632603997,0.04911386239357206,0.9985807146045887,-0.00036914876150469515
1742955487.5196097,0.6456147220376682,0.05756105138929425,0.3703021108677744,0.020546649967990598,0.0490953786675965,0.9985826672661028,-0.00036824488350139075
1742955487.5246615,0.6456151169201475,0.05757001791867566,0.3702383940594067,0.020497588443403526,0.04908058234885422,0.9985844030053046,-0.0003679386384879351
1742955487.5296254,0.6456156379398625,0.05757716165741621,0.37017563137902243,0.020449788854331127,0.049068951740343855,0.9985859542931687,-0.00036878085466668815
1742955487.5346105,0.645616637956344,0.057582783372751224,0.3701124583451881,0.020402981391038237,0.049059473036607196,0.9985873768095598,-0.000370583768889415
1742955487.5396132,0.6456178310037735,0.05758701864396466,0.3700493755832073,0.020356391239923874,0.04905172707606597,0.9985887071134797,-0.0003734059072013235
1742955487.5445645,0.6456191711836515,0.057591133581377324,0.3699865211619031,0.020310801239138997,0.04904530752588287,0.9985899496827707,-0.0003762383250716906
1742955487.5496647,0.6456201808577332,0.05759543469803857,0.3699283610770542,0.02026777834418618,0.0490401088478344,0.9985910781765998,-0.0003787760283124371
1742955487.5546296,0.6456209529615254,0.05759981327171798,0.36987075543908904,0.02022428068376053,0.049035046133229655,0.9985922076911585,-0.0003813922319411873
1742955487.5596223,0.6456216166820401,0.057603141884799716,0.3698125979644426,0.020179948999118767,0.04903104603351394,0.9985932996475756,-0.00038481452631098013
1742955487.5646873,0.645622342844037,0.05760507991971059,0.3697543649081337,0.020135394309704964,0.04902835273335095,0.9985943295910796,-0.00038914366128741615
1742955487.5695918,0.6456232983550685,0.05760552810684196,0.3696932486602203,0.020088761573596337,0.04902734861340107,0.998595315894308,-0.0003947408344614739
1742955487.5745907,0.6456244386740722,0.05760503034615313,0.36963169282728386,0.020042389378175474,0.049026718319029515,0.9985962761369065,-0.0004010042187929683
1742955487.5795894,0.6456255617407402,0.05760457741577206,0.36957241199118995,0.019997810713194203,0.04902548800336181,0.9985972277889497,-0.0004071178406570955
1742955487.5845702,0.6456266113204466,0.05760434534161873,0.36951484260065987,0.01995441313099828,0.04902372802395489,0.9985981799908416,-0.00041280287030158805
1742955487.5895944,0.6456279990777916,0.057604120089937,0.3694565204492177,0.019912038453844427,0.04902102367760939,0.9985991562465317,-0.00041845660089745017
1742955487.594621,0.6456301842575027,0.057603788994724126,0.36940018014754705,0.01987401312351326,0.04901788823209892,0.9986000655477645,-0.0004234662118354427
1742955487.5995836,0.6456332402828491,0.05760348734928511,0.36934293525321893,0.01983879668286106,0.0490137056762305,0.9986009690521063,-0.00042826423432119085
1742955487.604679,0.6456372889552943,0.0576024041981952,0.369285557561695,0.019807273621312328,0.04900820793100432,0.9986018625112918,-0.00043319286815815094
1742955487.6097157,0.6456421591323348,0.05760132328411045,0.36922967861340894,0.019779778799380015,0.0490010303271379,0.9986027578080223,-0.00043757940860200846
1742955487.614613,0.6456476415407031,0.05760086274350172,0.3691747150336689,0.019755949856966038,0.04899132212235987,0.9986037042766741,-0.00044114267205647465
1742955487.6195767,0.6456537547924988,0.05760065024826869,0.36912213483648676,0.01973641829577783,0.048979554897929684,0.9986046664969872,-0.00044389784372983606
1742955487.6245942,0.6456603237172105,0.057601391767653255,0.3690710383462331,0.019720301935707906,0.04896505453970427,0.9986056952737046,-0.00044552486966165664
1742955487.629684,0.6456668806169871,0.05760258572074577,0.3690193952992692,0.019704063123248385,0.04894876871345481,0.9986068136107278,-0.00044693187514892037
1742955487.6346426,0.6456729149986483,0.057604132027571,0.36896864415054464,0.019686158624737327,0.0489316167267097,0.9986080067059392,-0.0004483145134313948
1742955487.6396387,0.6456784870652508,0.05760583910338632,0.36891902966606166,0.019667834615542692,0.04891392177635832,0.9986092339299624,-0.0004499420026055166
1742955487.6446283,0.6456838134815457,0.05760719837543233,0.3688735678129809,0.019651524298189532,0.04889681484939168,0.9986103921073283,-0.00045151477297476425
1742955487.6497,0.6456890119216155,0.0576079956308083,0.3688318051467405,0.019637650957364864,0.048882379417520376,0.9986113710885537,-0.00045296798712490246
1742955487.6546352,0.6456940294680358,0.05760849631381987,0.36879130889936135,0.019624254362116025,0.048869207429667876,0.9986122784958475,-0.0004543602743585976
1742955487.659638,0.6456989719301561,0.0576092361886127,0.3687506209790078,0.019610386447102637,0.048855459057125614,0.998613222967118,-0.00045582775044353735
1742955487.664636,0.6457037519347459,0.05761029230687344,0.36871208017211404,0.019597291981410643,0.04884218262813087,0.998614128851248,-0.00045716712333123153
1742955487.6696935,0.6457080317402722,0.057611892022781996,0.36867746309921506,0.019585804615808174,0.048828971437436655,0.9986149998702334,-0.00045808305712135335
1742955487.674658,0.6457119410074398,0.05761323133495121,0.36864568988134044,0.019574969122064297,0.04881486417002784,0.9986159015334019,-0.0004591563601588325
1742955487.679609,0.6457152737591181,0.05761405270714403,0.3686178945910032,0.019564986808358845,0.04880052510527468,0.9986167974594199,-0.0004602961332461432
1742955487.6846101,0.6457175676289414,0.057613873799320335,0.36859336091048794,0.019553751247491494,0.048788233807789086,0.9986176173104806,-0.00046200779898972996
1742955487.68969,0.6457189736489711,0.05761337419485974,0.36857245130119054,0.019541592602455436,0.048776408015625,0.9986184320442333,-0.00046407022104171013
1742955487.6945825,0.6457195414238112,0.057612559486975745,0.36855400095606516,0.01952852321260504,0.048764650744254186,0.9986192607544923,-0.0004665501870792064
1742955487.6996672,0.6457198088410165,0.05761215454295565,0.36853906358348565,0.019517198209258825,0.04875169955568436,0.9986201135819659,-0.00046852324843102113
1742955487.7046516,0.6457200753652584,0.05761199389640923,0.36852810118616874,0.019508948499033132,0.048738360264489265,0.9986209252234032,-0.0004699714301679858
1742955487.7097714,0.6457203084718464,0.05761202893244391,0.36852194535909805,0.01950436771122259,0.04872550662603476,0.998621641557188,-0.00047080553190817433
1742955487.71459,0.6457204664294119,0.05761183857133867,0.3685196281956416,0.019502674290210017,0.04871318497758546,0.9986222755191367,-0.0004713192664869334
1742955487.7195926,0.6457205261299703,0.0576112928011404,0.3685198584244475,0.01950283281239174,0.04870250657508736,0.9986227929917334,-0.00047189298048558645
1742955487.7246127,0.645720773668142,0.05760972611923704,0.3685203029100314,0.01950333612542773,0.04869474652250004,0.9986231610506122,-0.0004730268187074711
1742955487.729685,0.6457215615070446,0.05760723767013705,0.36852172753813883,0.019505012128687486,0.048690099493351235,0.9986233540583439,-0.00047480780408744024
1742955487.7347434,0.6457228230414918,0.05760358567701324,0.3685243712430201,0.019508000225589017,0.04868916371660417,0.9986233401897571,-0.00047717085930860264
1742955487.7396257,0.6457237748236533,0.057599748221765966,0.36852724187181196,0.019510986444482174,0.04869094553029019,0.9986231937706774,-0.00047968175042408017
1742955487.7446158,0.6457245252496739,0.05759663980782655,0.3685302994326455,0.01951386366430602,0.04869293365861945,0.9986230397044884,-0.0004815682464425689
1742955487.7496617,0.645724986927918,0.05759440044505656,0.3685338474739,0.019516952525994287,0.04869447564870134,0.9986229035129353,-0.0004828921110273915
1742955487.7546737,0.645725088200685,0.05759296467488694,0.3685374827401474,0.01951983569669982,0.04869564402422679,0.9986227898681822,-0.00048355281822707366
1742955487.7596104,0.6457251963316974,0.05759153343888245,0.36854174220050284,0.019523254356106332,0.0486968107861391,0.99862266586484,-0.0004841276751021102
1742955487.7648335,0.6457253619976815,0.057589209235341755,0.36854649410377216,0.019527064004103173,0.04869869359229208,0.9986224990347156,-0.0004852169034527396
1742955487.769733,0.6457255765062628,0.05758590680271992,0.3685519654078714,0.019531545906259426,0.04870129578434312,0.9986222835681524,-0.00048709810737478933
1742955487.7745905,0.6457258388753433,0.05758221840172431,0.3685575879205523,0.019536251036138097,0.04870401635143571,0.9986220577694109,-0.0004893087771924588
1742955487.7796009,0.6457259831664023,0.057579135911150804,0.3685628660615315,0.01954035736477606,0.04870653573575515,0.9986218536844961,-0.0004910747595972558
1742955487.7846868,0.645726013866106,0.05757731364887825,0.36856983498109835,0.019545590069288483,0.048708119690630755,0.9986216737164478,-0.000491699915528017
1742955487.7897263,0.6457257183708613,0.05757654744027337,0.36857851233311145,0.019551473262458107,0.04870872813393152,0.9986215288902013,-0.0004916643560002657
1742955487.7946098,0.6457252975108755,0.057576173339170936,0.36858711543670597,0.01955688162098915,0.048709179580387056,0.9986214011880765,-0.0004912179057612265
1742955487.7995949,0.6457249849359948,0.05757611471706801,0.36859448662552197,0.019561673941580458,0.048709186264053614,0.9986213072664446,-0.0004906725529855499
1742955487.8046148,0.6457245462152523,0.05757570928833165,0.36860064027693673,0.019565004827154158,0.048709716455474894,0.9986212162321043,-0.0004905099932601594
1742955487.8097076,0.6457243561289995,0.05757514380147415,0.36860618001689627,0.019568659251379208,0.04871014438138578,0.9986211237426971,-0.0004905347295541625
1742955487.8146355,0.6457243691807045,0.057574719273861,0.36861080141325825,0.019572263554025162,0.04871047736058224,0.9986210369321143,-0.0004903991279220539
1742955487.819603,0.6457242907897075,0.05757475870031784,0.36861472441630705,0.019575178817637852,0.04871053820747856,0.9986209769992851,-0.0004900395785458372
1742955487.8246338,0.6457242067111991,0.057574965356767406,0.36861743989117446,0.01957724585449311,0.0487104380014592,0.9986209415450211,-0.0004896756010882012
1742955487.829713,0.6457240812862539,0.05757544482239386,0.368618931169423,0.019578294133521836,0.048709914652029396,0.9986209466759535,-0.0004893602310929844
1742955487.8346338,0.6457239937915478,0.057575571968501486,0.3686196248029952,0.019578685387193224,0.048709781836358025,0.9986209454949261,-0.0004893370857805676
1742955487.839594,0.6457239717136865,0.05757557289200599,0.3686195832364598,0.01957858578652231,0.04870974905130105,0.9986209489684164,-0.0004894970671885522
1742955487.844604,0.6457237514081301,0.05757547304562671,0.3686192263903562,0.019577942088201388,0.0487098065617125,0.9986209586973905,-0.0004896719476650093
1742955487.849677,0.6457235527698025,0.05757490043422114,0.368618782288239,0.019577303219645466,0.04871025562225068,0.9986209490898074,-0.0004901375658892619
1742955487.8545845,0.6457231417837561,0.05757401070749798,0.3686178939573099,0.01957616929267882,0.04871083695164725,0.9986209425459078,-0.0004909867790202131
1742955487.8596258,0.6457228870927996,0.05757282187039619,0.36861699612397064,0.019575251685736574,0.048711838345633404,0.9986209112365666,-0.0004919018991302178
1742955487.8645992,0.6457228104392527,0.057571763525747346,0.36861606528205687,0.019574528776718225,0.048712276397095605,0.9986209035561999,-0.000492881305567218
1742955487.8696802,0.645722838769928,0.057571464096239304,0.3686153616107465,0.019573984909813373,0.04871262532764008,0.9986208970711964,-0.0004931340166797795
1742955487.8746343,0.6457226290158267,0.057571583024168135,0.36861457747231474,0.019573226088315975,0.048712424918744675,0.998620921628829,-0.0004933195916585003
1742955487.8796132,0.6457222542613053,0.0575714890827497,0.3686142616323743,0.019571788854428094,0.048712529889562706,0.9986209445188292,-0.0004936406766665409
1742955487.8846035,0.6457211083992923,0.05757129995994183,0.36861304714309867,0.019567050591631042,0.04871244450741527,0.998621041173112,-0.0004943759565208656
1742955487.8896453,0.6457192058730813,0.05757017385120897,0.3686103099541673,0.01955865050755985,0.04871337751694482,0.9986211592887814,-0.000496247866589611
1742955487.8945923,0.6457162911726226,0.057568205791899064,0.36860630831424945,0.019545318923137985,0.04871470515119416,0.9986213539281115,-0.0004994887492952051
1742955487.8996067,0.6457122091264456,0.05756579166475289,0.3686010276767145,0.019525823468896007,0.04871627077843621,0.9986216567313699,-0.000503871409726708
1742955487.9046006,0.6457068661214128,0.05756431210356489,0.3685944909063228,0.01950058363057865,0.04871725013322173,0.9986220998488184,-0.0005084004922305803
1742955487.9097936,0.6457011435723208,0.05756359345963562,0.36858746973975753,0.0194728668183741,0.04871729968551993,0.9986226359915819,-0.0005128883404977503
1742955487.9146175,0.6456950683709637,0.05756314420868917,0.3685793653422691,0.019443152728322647,0.04871723739743862,0.9986232155974301,-0.0005175540489351174
1742955487.9195943,0.6456891995111474,0.05756229323719969,0.3685704048069247,0.019413002901634384,0.04871752779097377,0.9986237854917392,-0.0005223546934177136
1742955487.9247212,0.6456835763484386,0.05756070335375018,0.36856068802970987,0.019382929533130963,0.04871827807834828,0.9986243303248752,-0.0005275480916845276
1742955487.9296758,0.6456780146460289,0.05755795564983727,0.36854992054271524,0.019352107890080822,0.048720033115140844,0.9986248392688898,-0.0005335622308833576
1742955487.9347258,0.6456729166516363,0.05755427616423466,0.368537296245681,0.01932176301686299,0.04872249269683911,0.9986253032466255,-0.0005402729977748411
1742955487.939583,0.6456681810629564,0.057549964176766624,0.3685233503341568,0.019291703595680845,0.04872548509193857,0.9986257345301067,-0.0005473656334436763
1742955487.9445858,0.6456632650694968,0.05754529388881305,0.36850761512846186,0.019259703057320447,0.048728794078487125,0.9986261864865452,-0.0005550938119505433
1742955487.949679,0.6456577585906506,0.05754066500629795,0.36848962110003747,0.019223737207324308,0.048731939680594104,0.9986267214355025,-0.0005632208537083476
1742955487.9546206,0.6456516516845683,0.05753638818775726,0.36846916963280596,0.01918329371241616,0.04873486552986592,0.9986273515413386,-0.0005717321582753613
1742955487.9595995,0.645645951633923,0.057532208201583654,0.36844693776252485,0.019142061835355818,0.048737597830861075,0.9986280044998802,-0.000580219747994378
1742955487.96461,0.6456395272113623,0.057528073611746736,0.3684228580088764,0.019096406362020136,0.04874036672624495,0.9986287381487791,-0.0005892867086797111
1742955487.969686,0.6456315692023216,0.05752331051137686,0.3683949207377882,0.01904165931426161,0.048743361067255624,0.9986296310280048,-0.0005999960813783253
1742955487.9746253,0.6456221289198659,0.05751745587445666,0.3683638965443156,0.018977899853432453,0.04874706277200745,0.9986306563138476,-0.0006127466272204308
1742955487.9798474,0.6456113426129919,0.05751069805106489,0.3683312542333176,0.01890749382274306,0.048751245348723916,0.9986317787185148,-0.0006271266113231469
1742955487.9846997,0.645600754602353,0.057503128260279576,0.36829740659589916,0.018836552985097944,0.048756029384048535,0.9986328762736953,-0.000642102536755652
1742955487.9897335,0.6455913530065581,0.05749465193267556,0.3682635465890758,0.018770108902206782,0.04876196919250948,0.9986338275815908,-0.0006571012173251361
1742955487.9946766,0.6455833024410217,0.057485846613075514,0.3682301018921001,0.018709108906107445,0.04876806779484324,0.9986346648689733,-0.0006715128668160469
1742955487.9996302,0.6455760736470134,0.057476974139518876,0.3681951650431035,0.018650338987531254,0.04877435518568664,0.9986354473649586,-0.0006858557134530829
1742955488.0046835,0.6455691750731894,0.05746786542907933,0.368160300219636,0.018592665455153902,0.04878078561550381,0.9986361988339109,-0.0007000889690762692
1742955488.009902,0.6455633471860577,0.05745858865847017,0.368126728656832,0.018540357577964597,0.04878738300919913,0.9986368393488617,-0.0007137894021594573
1742955488.0147073,0.6455584815357117,0.05744943471813444,0.36809323569841357,0.01849176608372556,0.0487940682577281,0.998637404275065,-0.0007268237237332507
1742955488.0196633,0.6455551158906493,0.057441042994016686,0.36806045493418865,0.018449616925899782,0.04880005951942945,0.9986378825411076,-0.0007384984771261482
1742955488.0247173,0.6455528297339872,0.057434714229151286,0.36802890983784786,0.01841318775260445,0.048804844795258845,0.9986383140793812,-0.0007478596054512017
1742955488.0296102,0.6455517365654864,0.05743125550202549,0.36800023406995896,0.01838365609679862,0.04880743422521428,0.9986387267043616,-0.0007543733541840002
1742955488.0345907,0.645551466281407,0.05742994698604797,0.3679749355061411,0.018360238168028477,0.048808352899927084,0.9986391096170519,-0.0007583435048705119
1742955488.0396225,0.6455510277171621,0.05743011981684092,0.3679513092736706,0.01833912592833856,0.048808213873093045,0.9986395023903818,-0.0007609101087572929
1742955488.0445933,0.6455510397764014,0.057430578647913275,0.36792992139782393,0.0183208966885071,0.0488078644297874,0.9986398525700809,-0.0007628716403905259
1742955488.0496943,0.6455513194783019,0.05743114954427506,0.36791135716945755,0.018305470219862327,0.04880742480558661,0.9986401556681977,-0.000764546188720908
1742955488.054621,0.645552119026332,0.05743177357087972,0.3678983691038883,0.018295223366233838,0.04880696688964068,0.9986403649948158,-0.0007656291754090463
1742955488.0596697,0.6455528934723715,0.057432234059598936,0.36788987387172073,0.018288169450925377,0.04880682212313888,0.9986405008256084,-0.000766213516291069
1742955488.0645955,0.6455525375957114,0.05743266144840164,0.36788395767964505,0.018280914357028274,0.04880665045565625,0.9986406415583352,-0.0007668569143184103
1742955488.0696452,0.6455512052896779,0.057432929479700676,0.3678809390791382,0.01827288212148669,0.0488063595674958,0.9986408020817046,-0.0007677645162553562
1742955488.0746603,0.6455485817853867,0.05743284008643507,0.3678797541054225,0.01826116917575389,0.04880638250435891,0.998641013929644,-0.0007694314429026924
1742955488.0797377,0.6455441326156323,0.05743225067554708,0.3678790160989699,0.01824288555967142,0.04880670060696889,0.9986413302990516,-0.000772347628495192
1742955488.0846055,0.6455376369745123,0.057431544532827505,0.3678779688436426,0.018216460291010077,0.04880703664945977,0.9986417931794993,-0.0007763138531107777
1742955488.0895457,0.6455281077923645,0.0574307225049572,0.36787564729461264,0.018177315179442766,0.0488072653846882,0.9986424906334318,-0.0007822787174637537
1742955488.0945883,0.6455154231496706,0.05742928614008702,0.3678713756021956,0.018124378842248167,0.048807728213114,0.9986434237226528,-0.000790451615001666
1742955488.099602,0.64549946944328,0.057427647063187225,0.36786486592072604,0.018056506971454753,0.04880816703376211,0.9986446235332709,-0.0008007964073181277
1742955488.10462,0.645480531948437,0.05742586473350496,0.36785498763506175,0.017974382524716438,0.04880860828561469,0.9986460734280364,-0.0008132384900041063
1742955488.1097445,0.6454599650718481,0.05742407711383171,0.3678415915473985,0.017883310247567806,0.04880864203830071,0.9986476954976784,-0.0008270152008704014
1742955488.1146758,0.6454375157651543,0.05742234580331302,0.36782453654003056,0.017781508848411915,0.048808688142751334,0.9986494982494627,-0.0008423484753872036
1742955488.1195734,0.6454123113703467,0.05742034021252947,0.36780377189698776,0.017666152194648507,0.0488087298503284,0.9986515286693831,-0.0008597926130698225
1742955488.124592,0.6453860242950733,0.057417783186933254,0.3677807145424744,0.017544677495084746,0.04880902918913579,0.9986536394280257,-0.00087830425620244
1742955488.1295912,0.6453568423711704,0.057414782909805666,0.3677559586636227,0.017409717512069794,0.048809425850177425,0.9986559637408162,-0.0008987598276071479
1742955488.1345859,0.6453266730463815,0.05741162843832786,0.3677298087423085,0.01726879405563533,0.048810000584914,0.9986583630613339,-0.0009200447933451415
1742955488.1395452,0.6452998830289864,0.05740857673905477,0.3677045433081332,0.017140290388299752,0.048810663431919595,0.998660526329921,-0.0009395377512364596
1742955488.1446633,0.6452762153094749,0.05740618329661075,0.36768035006123223,0.01702350161599194,0.04881127220186653,0.9986624776964326,-0.0009569430432194868
1742955488.1497676,0.6452584708054551,0.05740446150200025,0.3676577007245516,0.016928017227620072,0.04881176946751792,0.998664062941987,-0.000970969821593961
1742955488.1545835,0.6452430049161059,0.05740338312701546,0.3676373442953034,0.01684098584050074,0.04881202973917433,0.9986655093318872,-0.0009835748798734448
1742955488.1595924,0.6452293185774051,0.05740243933284372,0.3676207702607503,0.016758317084537937,0.04881252559935376,0.9986668638115831,-0.0009956293705558692
1742955488.1645947,0.6452166544827191,0.05740164886059335,0.36760733106032745,0.016680644102257777,0.04881280649769498,0.9986681390185719,-0.0010070468384732526
1742955488.1698265,0.645205510092695,0.05740074729451273,0.3675970974282371,0.016607981486043477,0.048813359947423036,0.9986693121634875,-0.0010177349897436089
1742955488.1745617,0.6451970863232832,0.05739960471245638,0.36758948910935074,0.01654296846780935,0.04881440166542331,0.9986703304429392,-0.001027364254018306
1742955488.1796,0.6451895570735215,0.05739871625717065,0.36758387282128574,0.016479981758232273,0.04881530128409894,0.9986713181473397,-0.0010367601680641074
1742955488.1846251,0.6451830508043718,0.057397772045146,0.3675795555748878,0.016417450217714263,0.04881619382386528,0.9986722946357262,-0.001046172028519764
1742955488.1896043,0.6451777612713232,0.05739768239960032,0.36757485841603454,0.016357655060190174,0.04881676101250083,0.9986732390377446,-0.0010547962078082487
1742955488.1946273,0.6451731957090867,0.057397884980808105,0.3675704850151842,0.01629895330176699,0.04881701570177445,0.9986741772114719,-0.001063423823918619
1742955488.1995888,0.6451698555586165,0.05739775585847866,0.3675668654917894,0.016242354220646408,0.04881753691326093,0.9986750649305212,-0.0010717766151507576
1742955488.2046194,0.6451708513144467,0.05739732997106922,0.36756407008614866,0.01620032887763752,0.04881885472869346,0.9986756762474921,-0.0010781645744043374
1742955488.2096066,0.6451736329897673,0.05739686258888371,0.3675600635163914,0.016166228626556464,0.0488203024075125,0.9986761524977216,-0.001083308442054112
1742955488.214701,0.6451770653437726,0.05739616058405329,0.3675536169918313,0.016134906741238967,0.04882204074375195,0.9986765687177672,-0.0010882169700335241
1742955488.2195826,0.6451797090212665,0.057395780509616794,0.36754381739256403,0.016101527648917955,0.04882345028195031,0.9986770329904785,-0.0010932919426658646
1742955488.2245965,0.6451811429147544,0.05739578263169426,0.3675296908634842,0.016065876588015143,0.04882470981193979,0.9986775400682462,-0.0010983098265901193
1742955488.2295957,0.6451823151507832,0.05739575232846655,0.36751268593047093,0.01603061881184132,0.04882546730291175,0.9986780640856128,-0.0011033210659737622
1742955488.234652,0.6451826119229721,0.05739626756835853,0.3674930654839292,0.01599479485823372,0.04882532270324121,0.9986786401938005,-0.001108161102511899
1742955488.239596,0.6451826063937277,0.05739779421318546,0.3674702833022322,0.015959779209088948,0.04882443658726003,0.9986792386724113,-0.001112692332456948
1742955488.244681,0.6451829305016523,0.05739930490577121,0.3674441989282698,0.015928121278057712,0.04882339440699352,0.9986797904361423,-0.001116819391704612
1742955488.2497668,0.6451828720152472,0.05740048534218025,0.3674150434640957,0.015897717957938283,0.04882253780376185,0.9986803122341296,-0.0011208577392390084
1742955488.25464,0.6451825709215063,0.057401106113503866,0.36738570443858415,0.015867904883806017,0.048822141700404095,0.9986808012973886,-0.0011248086015582693
1742955488.2596707,0.6451831952181322,0.05740121576605583,0.36736001726679984,0.01584271862614564,0.04882221674057731,0.9986811937484866,-0.0011281277261458876
1742955488.2645705,0.6451849677022364,0.057401140896674335,0.36733940601242027,0.015823711077936946,0.04882247324054073,0.9986814797071301,-0.00113064776826658
1742955488.269563,0.6451873455198128,0.05740120874311862,0.3673230144115544,0.015808967511837482,0.048822887145920014,0.9986816910739862,-0.001132320868651841
1742955488.274674,0.645189799462547,0.05740103687789653,0.36731175442236286,0.015797055112078625,0.04882365941354183,0.9986818404584173,-0.0011335209943892665
1742955488.279593,0.6451916457275222,0.05740088459467791,0.36730595115289166,0.015785311456694893,0.04882434124518472,0.9986819910947099,-0.0011350362526468408
1742955488.284589,0.6451919372339969,0.057400325733161235,0.36730465603108275,0.015769797534989204,0.04882543101193966,0.9986821805493048,-0.001137112786695187
1742955488.2895818,0.6451886993241498,0.0573997986172755,0.3673064381534856,0.01574317922822101,0.048826095572609376,0.9986825637767953,-0.0011408361537755458
1742955488.2946472,0.6451806549975191,0.0573987786327598,0.3673092663754741,0.015698935911196567,0.04882679874660133,0.9986832183435523,-0.001147403320423833
1742955488.2995796,0.6451657041295659,0.057396973283654895,0.3673104229414703,0.015628913941282,0.04882754861198259,0.9986842674665052,-0.0011582143370395756
1742955488.3046227,0.6451444835043646,0.057394928695738576,0.36730916094529675,0.015535768733587233,0.04882781225117608,0.9986856912049722,-0.0011725284931673253
1742955488.309587,0.6451204654543311,0.05739280880731232,0.3673042611925974,0.015432803375047223,0.04882797829932876,0.9986872610172041,-0.0011881907011672477
1742955488.314613,0.6450924779242707,0.05739016462730905,0.3672943568766715,0.015313849904711518,0.048828135276860724,0.9986890624436279,-0.0012065496045426366
1742955488.3195558,0.6450637073381613,0.05738816259477267,0.3672797811161808,0.01518891805422734,0.048827764413157865,0.9986909652425894,-0.0012256155924157714
1742955488.3245876,0.6450363373949152,0.05738763522848485,0.36726117831473737,0.015066812748219631,0.048826251523132726,0.9986928656939202,-0.0012443182371668989
1742955488.3297498,0.6450120436395821,0.0573878319556043,0.3672400192542106,0.014953917987742083,0.04882452995016543,0.9986946248983963,-0.0012616699301966174
1742955488.334586,0.6449947056134948,0.05738787696722734,0.36721846412277337,0.0148657372201996,0.04882323612847546,0.9986959869059512,-0.0012756209434475003
1742955488.3396084,0.6449835943110075,0.05738824369269916,0.36719769607504854,0.014800668057719676,0.048822291494218045,0.9986969868862297,-0.0012854814914902782
1742955488.3446336,0.6449774156118916,0.05738860007217805,0.36717888965580237,0.01475291362674829,0.048821731576628724,0.9986977119108782,-0.0012923967494288917
1742955488.3497024,0.6449745832137278,0.05738787047789244,0.36716434236798356,0.01471866188340798,0.048822246698027656,0.9986981851248353,-0.0012977858371431875
1742955488.3545878,0.6449741611463098,0.057386709129145876,0.3671550264233609,0.014697154318991407,0.04882314458238367,0.9986984528252214,-0.0013017421098803009
1742955488.3596044,0.6449751303847392,0.05738472867942261,0.36715056432731896,0.014686114808578515,0.04882487930555782,0.998698526498433,-0.001304746138352425
1742955488.3645592,0.6449758861681811,0.05738122475414609,0.36714926490196076,0.014680466774342104,0.04882768563151038,0.9986984678621224,-0.0013081670410002822
1742955488.3696876,0.6449752082683253,0.05737545052371594,0.3671493707945081,0.014675228254823848,0.04883222345617292,0.9986983166292691,-0.0013130079434260022
1742955488.374563,0.6449734790579442,0.05736755500627864,0.3671491860558973,0.014667485819535475,0.048838241734359585,0.9986981270959262,-0.0013198254124101394
1742955488.3795671,0.6449712864244755,0.05735771873026875,0.36714927909407974,0.014657321091441425,0.048846437904107386,0.9986978642161641,-0.0013283269834196212
1742955488.3845346,0.6449682394689787,0.05734656448930242,0.3671489776542593,0.014643311862676868,0.048856006646188964,0.9986975882223422,-0.0013383987286872585
1742955488.3895698,0.6449634049557653,0.05733521457299607,0.36714815171681014,0.014621998834255655,0.04886641599457836,0.998697376031427,-0.0013496836215701503
1742955488.394537,0.6449567998692058,0.057323890766427986,0.36714688225509834,0.01459310786333538,0.04887702280820058,0.9986972632558916,-0.0013616936102106884
1742955488.399549,0.6449483380325112,0.0573127856361611,0.3671448631129633,0.014557206272070087,0.04888742626990033,0.9986972603610216,-0.0013745710776401285
1742955488.404605,0.644938014982274,0.05730163509524246,0.36714095412132997,0.014511809696690116,0.04889834557169223,0.9986973668816786,-0.0013887272159378789
1742955488.4095755,0.6449271738868209,0.057291203564811086,0.36713412430115466,0.014461269921462449,0.04890889167991012,0.9986975636127526,-0.0014030042242706743
1742955488.4145567,0.6449172701627804,0.05728196650490443,0.36712606206671855,0.014413586258400338,0.048919748564909445,0.9986977026441028,-0.0014161443813816047
1742955488.419578,0.6449095621125056,0.05727453396310501,0.36711788535785683,0.014373790828774487,0.04893008878247886,0.9986977540137667,-0.0014271218614492832
1742955488.424594,0.6449050065850165,0.057269439469222354,0.3671098000768695,0.014345106293405178,0.04893897078478832,0.9986977196016663,-0.0014352443653039908
1742955488.4296684,0.644903600562064,0.05726692670288906,0.36710257928677065,0.01432657053265479,0.048945921435780824,0.9986976368502616,-0.0014409376386331483
1742955488.4346027,0.6449054487474727,0.0572668051699322,0.3670966204629046,0.014317859823963417,0.04895101089698675,0.9986975074407998,-0.0014443177483671509
1742955488.439673,0.6449097110569708,0.057268695696282165,0.3670921775515164,0.014316204791882985,0.04895390577012222,0.9986973869517696,-0.001445920438456353
1742955488.4446447,0.6449150561773396,0.05727226123697181,0.3670889598494912,0.014317752238428036,0.04895554415570245,0.9986972835084751,-0.0014465752834365503
1742955488.449563,0.6449210070187748,0.05727713627638545,0.36708695996364166,0.014320300577619294,0.04895665657868162,0.9986971921898955,-0.0014467480854273805
1742955488.4546132,0.6449273879871796,0.05728195798751552,0.3670862773700189,0.014322842925040024,0.04895803845116643,0.9986970874672851,-0.001447109505385101
1742955488.4595566,0.6449332280418728,0.057285466890171034,0.36708667474381457,0.014322441975227647,0.048959745945213566,0.9986970073615836,-0.001448592373134436
1742955488.4646297,0.6449372420470114,0.057286569812258645,0.3670883047347844,0.014315710485820853,0.04896267301304349,0.9986969552900288,-0.0014520947387637088
1742955488.469574,0.6449387281057601,0.0572856851233918,0.3670908103121047,0.014300041718044117,0.04896677952616002,0.9986969701306608,-0.0014577933792421962
1742955488.4746056,0.6449369019734128,0.0572841149048726,0.3670930415772268,0.014273053021051358,0.0489707664022712,0.9986971495742021,-0.0014654104532045833
1742955488.479591,0.6449309559180827,0.057283204959056616,0.3670928827058845,0.01423193296233084,0.0489730849483829,0.9986976087990596,-0.0014748606153841739
1742955488.4845734,0.6449215428885076,0.057283321216021636,0.367090106412591,0.014178942995819729,0.048974633406696805,0.9986982709045044,-0.0014854462474693882
1742955488.4895632,0.6449110608257244,0.0572844661365467,0.3670850972359437,0.014121678509601976,0.048974861036183544,0.9986990551923859,-0.0014961084164664743
1742955488.4945579,0.6449022923109224,0.057286189897860496,0.36707868399472976,0.014070804952480318,0.04897429792175086,0.998699786726928,-0.0015055174025661608
1742955488.4996204,0.6448950547586373,0.05728757326008286,0.36707174852523866,0.01402476520423363,0.04897406781279478,0.9987004324102013,-0.0015142478366386607
1742955488.5046103,0.6448893573667509,0.05728884696055054,0.3670653973820959,0.01398267122624328,0.04897406890627367,0.9987010104411164,-0.0015222430934670216
1742955488.5095673,0.6448838039100068,0.05729017206375439,0.3670595530967188,0.013939844276510807,0.04897435221719438,0.998701583130487,-0.0015301696349788799
1742955488.5146718,0.6448800583692982,0.05729199484433185,0.36705455748263843,0.013903068370553134,0.048974982253880056,0.998702055045456,-0.0015365712150433582
1742955488.5195549,0.6448777752736027,0.05729428290037959,0.3670514865567013,0.013872620657205553,0.04897542080073686,0.9987024494265725,-0.0015414482983392018
1742955488.5245652,0.6448758384891456,0.057296396157113995,0.36705111146283054,0.013844340620083002,0.04897621138526117,0.9987027961138615,-0.0015459577925542012
1742955488.5296025,0.6448727696281504,0.05729717637763422,0.3670523706264847,0.013813179911664008,0.048978132254300887,0.9987031254526395,-0.0015510747040773805
1742955488.5345457,0.6448661350895831,0.05729642939139919,0.3670521179122764,0.013770650299143672,0.04898117463619795,0.9987035525386313,-0.001558161838297935
1742955488.5397534,0.6448557144683064,0.05729506459326573,0.3670496782043565,0.013716622709003468,0.04898461681825021,0.9987041134465904,-0.0015669593128309625
1742955488.5446093,0.6448412105191638,0.05729450941634359,0.3670461846457624,0.013649377130911064,0.048987539016122086,0.9987048749990428,-0.001577396027745969
1742955488.5495741,0.6448253266645613,0.057295705566130846,0.3670430260965858,0.013575989941574487,0.048989128097771194,0.9987057795349472,-0.0015886311151537596
1742955488.5546026,0.6448091183857666,0.05729896908243436,0.36704001350243964,0.013500686129063053,0.04898935708768312,0.9987067710655595,-0.0015999356187997192
1742955488.5595577,0.6447910655952219,0.05730284331935929,0.3670372569458405,0.013416427046584552,0.048989222095389424,0.9987078925522086,-0.001612748498227669
1742955488.5646334,0.6447724542342217,0.057305722068736284,0.3670356165140784,0.01332481928470319,0.04898979791710333,0.9987090674228651,-0.0016271258164072971
1742955488.5695796,0.6447574252042316,0.057306916637418825,0.3670359552378068,0.013240531009479587,0.04899150661063118,0.9987100823772062,-0.0016407244502381793
1742955488.5745878,0.6447469615229275,0.057305511869621364,0.36703685067204606,0.013167890577197295,0.04899602593335477,0.9987108005538482,-0.0016531659253041877
1742955488.5796244,0.6447420663397813,0.05730274108403265,0.3670360968423864,0.0131138653035012,0.04900127095293828,0.9987112374123296,-0.001663204176246863
1742955488.584599,0.6447417498098708,0.05730011598367522,0.36703299127919,0.01307585667090042,0.04900642391844169,0.9987114702319624,-0.0016708124251848598
1742955488.5896003,0.6447447555953966,0.0572980394302668,0.3670279267663503,0.013050193015709824,0.04901153897969733,0.9987115453609131,-0.0016765058637783286
1742955488.594642,0.6447495787301564,0.057295817411352104,0.3670223424698283,0.013033462013371177,0.04901764320796753,0.998711456332286,-0.0016812236397298359
1742955488.5995617,0.6447547942439321,0.057293294031044266,0.3670163525380095,0.013020376359604204,0.04902539189428996,0.9987112392615345,-0.0016856220678106997
1742955488.6045785,0.6447596786255799,0.057289974871042024,0.3670100307968738,0.01300870792642933,0.04903511347170969,0.9987109066310446,-0.0016900121592188391
1742955488.609601,0.6447626326883488,0.05728556806716086,0.3670027599730765,0.012995699205793259,0.04904669057119365,0.9987104990332358,-0.001695012374962263
1742955488.614668,0.6447633678138062,0.05728005398381577,0.3669957982839808,0.012981628817009476,0.0490597905016829,0.9987100285808963,-0.0017009059744049978
1742955488.6197162,0.6447624203915353,0.05727364798573952,0.36698929798625074,0.012966869316197624,0.049073277994264856,0.9987095466537589,-0.0017073692270999712
1742955488.6245933,0.6447602514727446,0.057266416806638146,0.36698400266156384,0.01295279038510141,0.049086960991354366,0.9987090451351135,-0.0017142482850296976
1742955488.629697,0.6447578132618433,0.05725837154852591,0.3669815262648198,0.012940145196382919,0.04910203239658764,0.9987084557006047,-0.0017215019414196747
1742955488.6345992,0.6447550502396681,0.05724952945506699,0.36698087755762654,0.012927438066605405,0.04911829761671517,0.9987078071090848,-0.00172922052762563
1742955488.6397424,0.6447520045936556,0.057241015715250414,0.36698073244599744,0.012913830114867148,0.04913608901742303,0.9987070955684865,-0.0017363781253740542
1742955488.644693,0.6447479352130518,0.05723282850604717,0.36698050270836596,0.012896409313224267,0.04915338305007548,0.9987064568564935,-0.001743730113067766
1742955488.6496258,0.6447427827679317,0.05722587380361675,0.3669801553437517,0.01287467077645039,0.049169901490292295,0.9987059128684788,-0.001750211807601734
1742955488.6546204,0.6447367204732188,0.05722120950643246,0.36697968755169647,0.012849480903228789,0.049185560987219545,0.9987054580775304,-0.0017548324820934433
1742955488.6596384,0.6447298682651309,0.05721803025745748,0.36697900362111174,0.012821312822801799,0.04920140298891862,0.9987050348790844,-0.0017576087701467135
1742955488.6646042,0.6447225470322984,0.05721589300631011,0.3669782737317542,0.012791485864288436,0.049218026266489814,0.9987045965971866,-0.0017585549368031213
1742955488.6696384,0.6447139588515934,0.057214044764420345,0.3669768140296951,0.012756035288330213,0.04923616662897619,0.9987041554800438,-0.0017587740899171452
1742955488.6746573,0.64470469205255,0.05721199639877998,0.366974966192481,0.012716766725959722,0.049255765046833724,0.9987036897483055,-0.0017588453055962573
1742955488.6796196,0.6446944940778742,0.05720981797503754,0.3669734913112612,0.012674569090110983,0.04927638920488862,0.9987032075468751,-0.0017595456492309055
1742955488.6846502,0.6446833083889013,0.05720826175394406,0.36697242722263157,0.012628723299204047,0.04929686679799362,0.9987027748218643,-0.0017612026690965767
1742955488.6896608,0.6446727556170004,0.05720761203254216,0.36697171958136954,0.012586295674520031,0.04931564359207671,0.9987023805399987,-0.0017628278510980902
1742955488.694647,0.644663992597159,0.057207810146069925,0.36697172582850224,0.012551515372568083,0.04933036121748837,0.9987020889999269,-0.0017641857007289145
1742955488.6996915,0.6446568527828613,0.05720850719379287,0.3669719994705047,0.012523540740880851,0.049340017435835964,0.9987019602772934,-0.0017658270114477039
1742955488.7047687,0.6446509682578868,0.05720984586099529,0.36697226371865643,0.012500572592017693,0.04934585623361913,0.9987019552190548,-0.0017682757363681554
1742955488.7097576,0.6446451186667792,0.05721365918660474,0.3669722398086774,0.01247919227836441,0.049348083421176116,0.9987021085048111,-0.0017705622781765708
1742955488.7146702,0.6446385824227756,0.05722122334610389,0.36697235060714734,0.012456473817024616,0.04934570809822296,0.9987025052902732,-0.001772929570767943
1742955488.7195997,0.6446306685962608,0.057232468624339984,0.366972054422491,0.0124291927381316,0.04933873750722944,0.9987031845957826,-0.001775732894697127
1742955488.7246509,0.644621717889283,0.05724581406292896,0.3669718154921627,0.01239858175631203,0.04932882904316145,0.9987040480459229,-0.0017793853853599049
1742955488.7296689,0.6446120434541085,0.05725844508371372,0.3669708639619195,0.012365701322346849,0.049318634141540835,0.9987049502066512,-0.0017844298668448161
1742955488.7347238,0.6446027329149122,0.05726872976420113,0.36696938100886456,0.012334189068087552,0.04931022609434691,0.9987057452676885,-0.0017899027537593179
1742955488.739694,0.6445949264119504,0.05727578194326729,0.3669675592097644,0.012306900480190638,0.049304251325212954,0.9987063673659351,-0.0017952115666188234
1742955488.7447815,0.6445889088035089,0.057279904530416044,0.36696515693011733,0.012283062185489644,0.04930071692858977,0.9987068263483465,-0.0018001941251350312
1742955488.749696,0.6445840344803498,0.057281064082046036,0.3669622518177711,0.012262186780345841,0.049299713243645404,0.9987071240942154,-0.001804808277893818
1742955488.7546258,0.6445796305826641,0.05728115886935198,0.3669593940509145,0.012243633682638854,0.04929970311828462,0.9987073452059708,-0.0018086841449593666
1742955488.7596157,0.6445753255464904,0.05728186405497116,0.36695659457702157,0.012226677954903934,0.04929928339108213,0.9987075683919173,-0.0018115849460128115
1742955488.7647321,0.6445716931891027,0.05728504386476096,0.3669539845210056,0.012213260102892889,0.04929715520927031,0.9987078345833037,-0.0018132589061573537
1742955488.7696865,0.6445688566960293,0.05729053712721308,0.36695193862705294,0.012203749636910172,0.04929348324613496,0.9987081306628686,-0.0018140430373359074
1742955488.7746828,0.6445670769491912,0.0572977499383353,0.36695138394556187,0.012199214914709341,0.04928907500661477,0.9987084036084456,-0.001814056869918256
1742955488.779624,0.6445657215555859,0.057305559558290246,0.36695156604220647,0.012196783123874393,0.049284209654021645,0.9987086731727597,-0.0018141912009294345
1742955488.7846057,0.6445642123970166,0.05731257007068869,0.3669519090016925,0.012193715988820679,0.049280277450350844,0.998708903553784,-0.001814802247896272
1742955488.7896345,0.6445618538922272,0.05731871929025661,0.3669523486045645,0.012187056442280318,0.0492774627636965,0.9987091209734874,-0.0018163158341383714
1742955488.794669,0.6445577860119989,0.05732407897226286,0.36695223192111187,0.012173310906487609,0.04927559097276102,0.9987093755698456,-0.0018192813823926228
1742955488.7995842,0.6445511052862861,0.057329544009265675,0.3669514093200556,0.012150343423129739,0.049274146609098575,0.9987097184355314,-0.001823714085794679
1742955488.8045993,0.6445405833601308,0.05733428232669522,0.3669488067085866,0.01211436404270212,0.049273552912621955,0.9987101724301045,-0.0018304785818982758
1742955488.8096445,0.6445264745260461,0.05733839802868449,0.3669446298161303,0.012066133614527718,0.04927431510329876,0.9987107032938772,-0.0018388629493059226
1742955488.8145554,0.6445100215707474,0.057340815723574454,0.366939172628138,0.01200878140950132,0.04927711521720885,0.9987112370374852,-0.0018493512335178664
1742955488.8195722,0.6444953542296334,0.057340871175403464,0.36693266893435855,0.011954886925786438,0.04928254513797426,0.9987115949249842,-0.0018605337163369441
1742955488.824567,0.6444840994318612,0.057338012564817936,0.3669269806340821,0.011909561179454032,0.04929046857157704,0.9987117240118093,-0.0018719994302658274
1742955488.8296041,0.6444763336466881,0.05733345606873618,0.36692316954725046,0.011874213031807086,0.04929992920847652,0.9987116569752766,-0.0018831533691775785
1742955488.8345318,0.6444698185100016,0.0573280401963039,0.3669207280794591,0.011844170627661613,0.04931013693262707,0.9987114895635089,-0.0018938404541361809
1742955488.8395374,0.6444647103043959,0.057322562315310265,0.3669208666106877,0.011819688920495055,0.049320084583304606,0.9987112694047864,-0.0019038315048043358
1742955488.8445413,0.6444609171129297,0.057317222946797676,0.3669219550029249,0.011801545570285841,0.049329171762164815,0.9987110187054411,-0.0019124465355832181
1742955488.8495839,0.6444586845028621,0.057312212587555554,0.3669238082516417,0.011788826124245713,0.04933731064574731,0.9987107523697022,-0.0019200151043420322
1742955488.8545403,0.6444572174775088,0.05730800442544161,0.36692590944890335,0.011778582401849237,0.04934366241953607,0.9987105461752179,-0.0019268975135720097
1742955488.8596048,0.6444545504769651,0.0573047255235601,0.36692733922862475,0.011765516030588745,0.049349445557483176,0.9987104009362546,-0.0019338866172872477
1742955488.8646648,0.6444497133793972,0.05730297931774575,0.36692736839253715,0.011746519342472742,0.049352929322120404,0.9987104369469579,-0.001941850632578636
1742955488.8696873,0.6444426869624245,0.057302684907891976,0.36692728278260295,0.01171980265240259,0.04935521229308897,0.9987106205673225,-0.0019507976128841278
1742955488.8746028,0.6444331941582063,0.05730334851570992,0.3669270028752688,0.011683746720852945,0.049356927688506295,0.9987109376735844,-0.001961306417729052
1742955488.8796659,0.6444199341375176,0.05730397050394485,0.3669264501785607,0.011633237365343583,0.049358967711157775,0.9987114010564688,-0.00197420736384895
1742955488.8846474,0.6444033579518882,0.05730476301732984,0.3669259589985212,0.011569493905976527,0.04936177445048579,0.9987119728638818,-0.00198929439550921
1742955488.8896728,0.6443838148296549,0.057305486390833466,0.36692505561670213,0.011493936034037436,0.04936495041867044,0.9987126550182674,-0.0020059439101791543
1742955488.8945565,0.6443629525081319,0.05730569072254903,0.3669241338859767,0.011412844675018406,0.049368951940792244,0.9987133514669915,-0.0020236507261236613
1742955488.8995261,0.6443431328144177,0.057304779145779465,0.3669232448640628,0.011335605845930708,0.049373488120340515,0.9987139722436815,-0.0020406754233186952
1742955488.904571,0.6443242033421859,0.057302235760752294,0.3669224908537233,0.011260651467853018,0.04937982147633629,0.9987144722045088,-0.002057660991060073
1742955488.909546,0.6443091675423682,0.05729781943916999,0.3669223894950862,0.011200230961041367,0.04938752224122108,0.9987147396837426,-0.0020727305002389736
1742955488.9145842,0.6443014999739048,0.05729241764711639,0.36692308251989636,0.011167480939464215,0.04939649731009589,0.9987146392036449,-0.002083953764820888
1742955488.9195776,0.6443007603130235,0.05728693750876814,0.3669256059963367,0.011159053753216727,0.04940541332556113,0.9987142764244549,-0.0020915829988308204
1742955488.924602,0.6443031254270083,0.057282328095135,0.36692849186395493,0.011162765727358935,0.049412995870137914,0.998713848719644,-0.0020968729217648256
1742955488.929595,0.6443041840607017,0.05727982087248759,0.3669296661273962,0.011164816491443802,0.04941917240924231,0.9987135116658709,-0.0021009253015211366
1742955488.934576,0.6443041037585538,0.05727879601681994,0.3669299365770128,0.01116540771051155,0.0494238115657957,0.9987132688037397,-0.0021040998826042695
1742955488.9396048,0.644303761633821,0.05728001429072602,0.36693023298136385,0.011165463082787607,0.04942584135837839,0.9987131639701977,-0.002105885277132058
1742955488.9446168,0.6443037448314941,0.05728352151851795,0.3669309485540464,0.011166047955865514,0.049425905037738124,0.9987131533968219,-0.002106303972350066
1742955488.9496899,0.6443032643415444,0.05728833165955464,0.3669317084132483,0.011165759479573316,0.04942574105239225,0.9987131649484078,-0.002106204026369165
1742955488.9545987,0.64430249465799,0.05729380648403638,0.36693316341844484,0.011164479489740033,0.049425232508995734,0.9987132045616028,-0.00210613946568763
1742955488.959593,0.6443009166441949,0.057299608974707934,0.366934458536682,0.011160343381362355,0.04942483686877431,0.9987132694411972,-0.0021065797349946657
1742955488.964627,0.6442985345197504,0.05730555151473925,0.3669366244394624,0.011153310209716435,0.04942479592462037,0.9987133480897354,-0.0021075024475568187
1742955488.9697504,0.6442960555086746,0.05731165498544355,0.3669395098538313,0.01114348998709014,0.04942521627184334,0.9987134341655507,-0.0021088017074401798
1742955488.9745755,0.6442934973417549,0.057317103767362265,0.36694267936571207,0.011130464514667676,0.04942711372836648,0.9987134813712377,-0.0021107618324355186
1742955488.979567,0.6442900373177906,0.05732168949194557,0.36694536597260374,0.01111376836836348,0.0494298218671026,0.9987135279236559,-0.002113292484731055
1742955488.984604,0.6442856069581476,0.057324718544602624,0.36694686866134274,0.011094588227270438,0.049433703075071146,0.9987135422998148,-0.0021164922180761632
1742955488.9896457,0.6442811983274809,0.0573262249264342,0.3669471230964213,0.011076952982034547,0.04943906209411958,0.9987134662843907,-0.0021195551667460557
1742955488.9946072,0.6442773899446421,0.05732676121160009,0.3669466508700774,0.011062531405535946,0.0494451616258507,0.9987133188774385,-0.0021220479511420017
1742955488.999661,0.6442740463234271,0.05732560496141776,0.3669460880171546,0.011049142613296543,0.04945283385768198,0.9987130812734725,-0.002124844512445999
1742955489.0045915,0.6442712732024967,0.05732349151854539,0.36694567461714356,0.011038050942619537,0.049463013153003874,0.9987126938278594,-0.0021276626411080857
1742955489.0095737,0.6442690648261318,0.05732075957055341,0.3669449350937538,0.01102933839327662,0.049475315798440084,0.9987121743736264,-0.0021306288167348485
1742955489.0145872,0.6442675000936208,0.057318401982877826,0.3669440540314506,0.011023232923713261,0.04948838796117084,0.9987115891735062,-0.0021329424380434592
1742955489.0195928,0.6442661155384191,0.057316866543225424,0.36694304056746246,0.011018887729086716,0.04950367532142487,0.9987108761694634,-0.0021344937825060147
1742955489.024724,0.6442648552680316,0.05731671546854965,0.3669417748583236,0.011015821323251086,0.049520982374800716,0.9987100512636655,-0.002134827893666891
1742955489.0296683,0.6442641649344875,0.05731733591183349,0.36694093913504877,0.01101428233535489,0.04954010553346717,0.9987091209679879,-0.002134297008143965
1742955489.034643,0.6442635556437173,0.05731797305454689,0.366940397357659,0.01101272018900394,0.04956042293354383,0.9987081312950614,-0.0021337661102798313
1742955489.0397506,0.6442627400008806,0.057318776965643685,0.3669401147380688,0.011010314055797147,0.04958203753588575,0.9987070861630554,-0.002133210229262183
1742955489.0447457,0.644260729528138,0.05731928950308501,0.36693910002318975,0.011004509576949763,0.049605818439026825,0.9987059692219517,-0.002133210352351168
1742955489.0496309,0.6442580282756749,0.05731959956019117,0.36693879932674023,0.010994965734585943,0.04963340369322538,0.9987047024191331,-0.002133853844897028
1742955489.0545917,0.6442536922398362,0.05731969054919294,0.36693854960009203,0.010978830757444373,0.0496667097504683,0.9987032203030902,-0.002135643696757269
1742955489.0595977,0.6442478604029167,0.057319589895358666,0.3669382839364214,0.010956328691907328,0.049705754950006405,0.9987015192788347,-0.002138264855509972
1742955489.0645678,0.6442402294303646,0.05731907448233541,0.36693753493763265,0.010927478310203657,0.0497546001596306,0.998699394787322,-0.0021421559635539044
1742955489.0695505,0.6442302601384886,0.05731853142494598,0.3669352452745892,0.010891830009056032,0.049809241373896064,0.998697050514695,-0.002146813000574049
1742955489.0746737,0.6442194080126129,0.057317843758862994,0.36693189457676306,0.01085524964352796,0.04986812962483635,0.9986944996988205,-0.002151621300273914
1742955489.079667,0.6442091190951267,0.05731737397704812,0.36692800018540683,0.010822114349691369,0.04992050049550028,0.9986922336341792,-0.0021559104932362266
1742955489.0845647,0.6441996046971924,0.05731662773327421,0.36692390351936205,0.010792332393442041,0.049970316258992536,0.9986900560432177,-0.0021598645514377375
1742955489.089587,0.6441917783484342,0.05731539450359624,0.3669203404175897,0.010768799796950048,0.050015175917556484,0.9986880566530865,-0.002163475756897835
1742955489.0945988,0.6441868379011696,0.057314337315012384,0.3669176107664843,0.010755385510199668,0.0500559106034669,0.9986861561279157,-0.0021654225068625465
1742955489.0995665,0.6441846873212719,0.057312714454323475,0.36691590364973636,0.010751539867610446,0.05009054302988685,0.998684459409092,-0.002166200409909804
1742955489.104584,0.6441837006912884,0.05731090319096029,0.3669153063487954,0.010750620093715248,0.05012053814687009,0.9986829630150237,-0.0021668426342443506
1742955489.109636,0.6441835891329384,0.05730853412698436,0.36691612653837247,0.010751544365490605,0.050147420882897066,0.9986816015281168,-0.0021677734628731326
1742955489.1147058,0.6441837624541346,0.057306998174766054,0.366918759446484,0.01075408102205518,0.050168188223443884,0.9986805297067148,-0.0021684594678312887
1742955489.1196444,0.6441836844443165,0.05730519092748887,0.36692159493957416,0.010756420549646315,0.050182651126192565,0.9986797757822456,-0.002169420758989719
1742955489.1246042,0.6441832614507216,0.0573039894662707,0.3669233198392716,0.01075746551494457,0.050189107014536674,0.9986794385433758,-0.0021701390430199953
1742955489.129638,0.6441825701950554,0.05730398390375864,0.36692297943176444,0.010756688722097275,0.050190038316643745,0.9986793995132012,-0.002170412279173298
1742955489.1347132,0.6441819874080592,0.05730454814780727,0.36692322622391643,0.010756441017279676,0.050189256617822385,0.9986794415875295,-0.002170356471288637
1742955489.1397154,0.644181691202338,0.05730543627848825,0.36692380965985666,0.010756558470702641,0.050188043178029905,0.9986795018965372,-0.0021700837566907953
1742955489.1446383,0.6441814947197474,0.05730597717269812,0.36692401994125884,0.010756279069127498,0.0501871348360977,0.9986795512049945,-0.0021697839803135268
1742955489.1496494,0.6441813190651566,0.05730618456827878,0.366924156868722,0.01075570542834632,0.05018651603229419,0.9986795884905646,-0.002169779158272273
1742955489.1546352,0.6441808540058983,0.057306194645968554,0.3669241897945992,0.010753796465878571,0.050185671108964665,0.9986796510236476,-0.0021700018890835945
1742955489.1595628,0.6441798144574493,0.057306336977036534,0.36692433086163206,0.010749687797028751,0.05018507772901121,0.9986797235708583,-0.002170694366669971
1742955489.1647222,0.6441782408938165,0.057305775429079775,0.3669243764805252,0.010743310447828136,0.05018448195568194,0.9986798196103736,-0.002171855071889148
1742955489.1696432,0.6441764102791733,0.057304714070992704,0.366924184571975,0.010735479169577001,0.05018440415738286,0.998679904268204,-0.002173448232432096
1742955489.174725,0.6441743177880382,0.05730353628013446,0.36692384340262957,0.010727198137920698,0.05018451348069297,0.9986799836971899,-0.00217531363176466
1742955489.1797225,0.6441723914866296,0.05730262232015984,0.3669232868082087,0.01071965929057392,0.05018442877937962,0.99868006506193,-0.002177076177049159
1742955489.1847057,0.6441702641502006,0.05730161000041789,0.3669220817824035,0.010712665357303506,0.05018418297652929,0.9986801485930931,-0.0021788496961142084
1742955489.1897435,0.6441682352212738,0.05730114704606206,0.3669207711804843,0.010707170424614514,0.05018369235886315,0.9986802295133822,-0.0021800692253845675
1742955489.194624,0.64416655901955,0.05730101155581279,0.36691949425502884,0.010703093734689993,0.05018324231670827,0.9986802942451986,-0.0021807937574862967
1742955489.1997015,0.6441655448279769,0.05730134474204491,0.366918950518214,0.010700656953614877,0.050182726417151394,0.9986803461028133,-0.0021808755277312546
1742955489.2046301,0.6441650788249909,0.05730195885432639,0.36691889651036763,0.010699425910312978,0.05018195144907975,0.9986803987068907,-0.00218065875316258
1742955489.2096143,0.6441646036904793,0.05730351580993004,0.366919102080147,0.010698056518467995,0.05018078393422893,0.9986804733831212,-0.0021800444350740587
1742955489.2147326,0.6441636783272506,0.05730618242238068,0.36691906617413583,0.010695306254553625,0.05017852174521881,0.9986806182570452,-0.002179242371090787
1742955489.2196028,0.6441626100135006,0.05730938733742173,0.3669192327780701,0.010692106770069069,0.05017598818961684,0.9986807815824207,-0.0021784306136061866
1742955489.2245786,0.6441613352931485,0.05731219517841956,0.3669192140253659,0.0106885234195079,0.05017368134792116,0.9986809373932235,-0.002177717727443994
1742955489.2297113,0.644159713328349,0.05731316113474083,0.3669188441256415,0.010683969479099253,0.05017281997406213,0.9986810293891825,-0.0021777213281167504
1742955489.2345808,0.6441581761791391,0.05731293568879437,0.36691877284711094,0.01067901887358761,0.05017285588726315,0.9986810789295003,-0.0021784573034097725
1742955489.2395601,0.6441564091290435,0.05731180559834096,0.36691981070728386,0.010672680530737442,0.05017355470854773,0.9986811079311814,-0.0021801283322831475
1742955489.2445521,0.6441533647931287,0.057310517624246535,0.3669219690544433,0.010662049788762428,0.050174326136002916,0.998681177556546,-0.0021824952166661143
1742955489.2495685,0.6441481929731231,0.05730919990236794,0.36692501389742077,0.010643954743246552,0.05017492512700843,0.99868133291183,-0.002185957312789834
1742955489.2545626,0.6441404187557436,0.057308526267303664,0.3669277887528009,0.010615533684388532,0.05017504013535486,0.9986816200268785,-0.002190345292568114
1742955489.2596505,0.6441294409329757,0.057308036034860614,0.36692847840507853,0.010573349413526436,0.05017462085335218,0.9986820748097078,-0.002196624268963341
1742955489.2645826,0.6441159978247237,0.05730725007997091,0.3669276874008375,0.010520792904505699,0.050174262793594,0.9986826306315354,-0.0022044374920228323
1742955489.2695868,0.6441000848438061,0.05730549134945871,0.3669261311624109,0.010458616621085753,0.0501745759835163,0.9986832462688056,-0.0022142459772720754
1742955489.274727,0.6440841942369586,0.05730304256492368,0.3669245265008802,0.010395778911997144,0.050175484762693005,0.9986838337098681,-0.002224588996241233
1742955489.279631,0.6440715032501094,0.05729978952934303,0.36692395085554846,0.010344618388344799,0.05017732089358441,0.9986842522774693,-0.0022337393164979136
1742955489.284666,0.6440626229538297,0.05729583028184704,0.36692417836774394,0.010308561856844232,0.05017995001400725,0.9986844759355128,-0.002241359954503034
1742955489.289627,0.6440570037807738,0.057291534460601,0.3669252253703499,0.01028381750237684,0.050183064703106336,0.9986845602050518,-0.002247737223059798
1742955489.294657,0.6440542728301573,0.057287163345847054,0.36692690485261076,0.010268518582866397,0.05018644211616469,0.9986845357799595,-0.002253119570934571
1742955489.2995656,0.6440531967486823,0.05728329770818676,0.3669288123633348,0.010258912555988148,0.050189335239525394,0.9986844798193386,-0.002257234892560934
1742955489.3046627,0.6440527295906665,0.05728085634171933,0.3669305434959998,0.0102529023500792,0.05019140323084935,0.9986844316072543,-0.002259889469321567
1742955489.3096273,0.6440514582600543,0.057279152242409,0.3669305487806805,0.01024653771202481,0.05019270046667801,0.9986844267406436,-0.0022620942709068686
1742955489.3146,0.6440501242455758,0.05727788046320458,0.36692976950612144,0.010240382364397515,0.05019365153857747,0.9986844381433242,-0.002263829633085789
1742955489.3196776,0.6440491582331159,0.05727698737103656,0.36692904018132283,0.010235822840486708,0.050194305463413316,0.9986844487832953,-0.0022652567689824175
1742955489.3246276,0.6440483437850791,0.057276556943793,0.36692830530043313,0.010232334990168724,0.050194729992637264,0.9986844607654985,-0.002266324588532851
1742955489.3295608,0.6440477128624533,0.057276671131157045,0.36692792130197,0.010229676607717371,0.050194629958382114,0.9986844919665298,-0.0022667918733563852
1742955489.3346372,0.6440468894897421,0.05727777627939076,0.36692750869465063,0.010227041682636542,0.05019372100126757,0.9986845648569407,-0.0022666951651319506
1742955489.3396237,0.6440459030184037,0.057280199892910354,0.3669275043776191,0.010224122683551762,0.050191819596956365,0.9986846918800466,-0.0022660020641316974
1742955489.344647,0.6440446077974576,0.05728279549395573,0.36692727506957556,0.010220619669486104,0.050189671383975724,0.9986848364532519,-0.002265669499717769
1742955489.3495417,0.6440434034640194,0.057283480455472546,0.3669266897169543,0.010217528831849457,0.05018914137254264,0.9986848943631952,-0.00226582515452283
1742955489.3545816,0.6440417138023057,0.057282924437737456,0.36692508826735787,0.010214011414748501,0.05018921628196623,0.998684924711513,-0.002266648137904043
1742955489.3595994,0.644039751443186,0.05728212033582885,0.36692279743066436,0.010210560963956497,0.05018980931120439,0.9986849281159109,-0.0022675626174639687
1742955489.3646307,0.6440375924478579,0.05728100572152951,0.36692027898650575,0.010206903674421064,0.05019047320233832,0.9986849294628488,-0.002268739934699117
1742955489.3695796,0.6440351821227444,0.05727993236532614,0.3669173840165719,0.010202651506855795,0.050191112592868035,0.998684938393421,-0.002269789648556376
1742955489.3751318,0.6440327624160304,0.05727956210447399,0.36691489034970876,0.010198130086582645,0.05019133629891533,0.998684971539532,-0.0022705779772510606
1742955489.3795843,0.6440305152082089,0.057279500932733575,0.3669132027786721,0.010192615462585234,0.050191082765209914,0.9986850388084056,-0.0022713566741129265
1742955489.3846052,0.6440282802464814,0.057279929044499835,0.36691287565597974,0.010184322693794762,0.05019069344120539,0.9986851411733401,-0.0022721493668941837
1742955489.389606,0.6440249730448536,0.05728064096401946,0.3669129648449147,0.01017097685826572,0.05018993699307355,0.998685312077025,-0.0022735206168094367
1742955489.3946674,0.6440204369679305,0.05728172342320413,0.36691313847062823,0.01015284715779594,0.05018869800870066,0.9986855543967476,-0.0022754617208240154
1742955489.3996243,0.6440149440372421,0.057283291247278934,0.36691317117784716,0.010131266926960054,0.050187141074084306,0.9986858464413556,-0.0022778101277085845
1742955489.404661,0.6440095310277906,0.057285957456561225,0.36691323219857314,0.010110329827546482,0.05018456496853053,0.9986861831859778,-0.0022799524383746443
1742955489.4096513,0.6440056200467477,0.057290178962111374,0.3669133838504063,0.010095886402799176,0.0501810378591804,0.9986865043720667,-0.002280899432092826
1742955489.4146023,0.64400387370152,0.0572958269255886,0.3669137097465322,0.010090144406136998,0.05017646580761164,0.9986867931828246,-0.002280435731837808
1742955489.419651,0.6440032905161447,0.057302656014511115,0.3669138723164108,0.010089684674984237,0.050171114940147137,0.9986870704405235,-0.0022787768093349846
1742955489.424548,0.6440026845471795,0.057310048371666186,0.36691398470537684,0.010089671608954206,0.050165117792171206,0.9986873752973049,-0.0022772583299307757
1742955489.429782,0.6440020485612318,0.0573170854652606,0.3669139485468077,0.01008950756965586,0.050159570079405386,0.998687658465046,-0.0022760044056833527
1742955489.4347095,0.6440015621301327,0.05732200289424352,0.36691397184064356,0.010089356267458174,0.05015572366386549,0.9986878539951568,-0.002275644174887276
1742955489.4396765,0.6440009337027958,0.057324307090895074,0.3669137040514073,0.010088149819504526,0.05015393545350955,0.9986879544784758,-0.0022763065132512285
1742955489.4447086,0.6439994294928877,0.05732384290581016,0.366913160313958,0.010083305519439655,0.0501542445784198,0.9986879837259345,-0.0022781268615696274
1742955489.449544,0.6439964717676465,0.05732149692363647,0.3669119372489683,0.010072910700333644,0.050155869186093764,0.9986879995540546,-0.0022814037194848658
1742955489.4546037,0.643991271008141,0.057318488522172466,0.3669099547740304,0.010055129325403483,0.05015781194480328,0.9986880707208475,-0.0022859735411262373
1742955489.4595852,0.6439827208845663,0.057315341167302296,0.3669057613747255,0.010027069017085133,0.05015957772208417,0.9986882506540451,-0.0022918671933805294
1742955489.4646182,0.6439720105495721,0.05731158600301239,0.3669001695683879,0.009991530993843499,0.050161683676028204,0.998688484099995,-0.002299244493133901
1742955489.4695566,0.6439612073685342,0.05730716390518998,0.36689448852859935,0.009954857169834096,0.05016448034052738,0.998688691492706,-0.0023072094573099162
1742955489.4746878,0.643952395961229,0.05730203617956215,0.3668899170380559,0.00992391232873407,0.050167612376005505,0.9986888243803995,-0.002314884506397932
1742955489.4795892,0.6439464965795033,0.057296416924778,0.36688776998059053,0.009902168978172242,0.05017146401871931,0.9986888311021281,-0.0023216114255091938
1742955489.4846163,0.6439444102126094,0.057291262417230863,0.3668879462530112,0.009892451671475094,0.05017539429490824,0.9986887174860648,-0.002326966548364029
1742955489.4896946,0.6439451246019914,0.0572865370074595,0.3668891716168174,0.009893882948495268,0.05017894250405238,0.9986885173076626,-0.0023302804979171052
1742955489.4945707,0.6439458589981025,0.05728419149640673,0.36689110045647017,0.009896662589999295,0.050180869531598615,0.9986883888756309,-0.002332022218800721
1742955489.4996548,0.6439464146403586,0.05728385929413387,0.36689453014887785,0.009900971509726528,0.05018126378125258,0.998688326498442,-0.0023319614536615107
1742955489.504598,0.6439468964978728,0.05728458218151369,0.3668991978764139,0.009906173933537219,0.05018084353245187,0.9986882986574012,-0.0023308335752797995
1742955489.5095818,0.6439468021258239,0.0572864326689387,0.36690262642901633,0.009909561901647731,0.05017944852950587,0.9986883374528448,-0.0023298420257876072
1742955489.5146065,0.643946565234835,0.05728928781200405,0.36690897996260047,0.009914937926637713,0.05017754795436807,0.9986883824698745,-0.0023286062148136495
1742955489.5195808,0.6439448635710097,0.05729260625536142,0.366915463190969,0.009918753823807133,0.050175380413826264,0.99868845461657,-0.002328119085845507
1742955489.5246031,0.6439401196684543,0.05729659675068938,0.36691870011847333,0.00991689325483962,0.05017210349320327,0.9986886367619572,-0.0023285321091080892
1742955489.5296795,0.6439312487612917,0.057300173339787486,0.3669156495350272,0.009907320001541844,0.05016871086405199,0.9986888977096764,-0.0023304617692021215
1742955489.5345845,0.6439187883277304,0.05730409250800711,0.3669075665946121,0.009890428854582918,0.0501651841896943,0.998689236229098,-0.002333056456106051
1742955489.5395877,0.6439046941640617,0.0573086866279015,0.3668968944305457,0.00986947399428508,0.0501605184793425,0.9986896704976231,-0.0023362170936505095
1742955489.5445557,0.643891157461854,0.05731266840043773,0.3668846351832744,0.009847014311072447,0.05015664101932105,0.9986900783155261,-0.0023399027639788776
1742955489.5496075,0.6438811448455432,0.057314860967799655,0.36687429893088225,0.009829156003022718,0.05015405487104518,0.9986903756750234,-0.0023435030064547797
1742955489.554609,0.6438758304759892,0.05731366130894602,0.36686825732622147,0.009819759927209437,0.050154240463066095,0.9986904511284379,-0.0023467644581916347
1742955489.5596435,0.6438763884531368,0.05730901685936283,0.36686865015876435,0.009820637519330584,0.05015744164000447,0.9986902737811509,-0.0023501450536422375
1742955489.5646546,0.643878845642338,0.0573032274877979,0.3668725656229264,0.009825679194899229,0.05016181578509097,0.998689995874096,-0.002353806810200928
1742955489.5696483,0.6438822332507448,0.05729722580014993,0.3668814355213578,0.009835359189684905,0.05016629605929364,0.9986896681766905,-0.0023569315716024807
1742955489.5746129,0.643885649801544,0.05729294531747476,0.36689399115529736,0.009847931235785914,0.05016940730227537,0.9986893832386722,-0.0023589463059400942
1742955489.5795615,0.6438871433773646,0.057291572389810363,0.36690668552126593,0.009859075997614156,0.05016994055318566,0.9986892450249766,-0.0023595670801017134
1742955489.584645,0.6438868818435345,0.05729329381392905,0.36691734616405614,0.00986746721807325,0.05016758064912418,0.9986892820369245,-0.002359001289975317
1742955489.5896745,0.6438856446131246,0.05729776258904885,0.36692460785172804,0.009872661429624984,0.050162809330441725,0.998689470850384,-0.0023587982011511375
1742955489.5946,0.6438826261964111,0.05730557934103781,0.36692745194386234,0.009873409064024051,0.05015562901519557,0.9986898236257845,-0.0023589950919717874
1742955489.599614,0.6438782356779393,0.05731545562579517,0.36692792742964575,0.009871534889643223,0.05014692165472522,0.9986902772139575,-0.0023599249535204083
1742955489.6045747,0.6438734329445112,0.05732636176865089,0.366927037088395,0.009868235960710816,0.05013786165309746,0.9986907622926215,-0.0023609445696617833
1742955489.6096544,0.6438681148449835,0.057337213306720765,0.3669247762251566,0.00986350042439727,0.0501289737488641,0.9986912524003866,-0.0023621450444490464
1742955489.614681,0.6438629510780334,0.05734560858309758,0.3669220519445235,0.009858484369288649,0.05012195375976708,0.9986916503323383,-0.002363809153645371
1742955489.6196473,0.6438588174264938,0.05734938011519289,0.3669195398513357,0.00985401150114377,0.0501186940746069,0.9986918538642476,-0.0023655838145519408
1742955489.62469,0.643856256150758,0.0573476719004568,0.3669187901405882,0.009851681662225555,0.05011984289732394,0.9986918152743424,-0.0023672389851239657
1742955489.6296735,0.643855649075202,0.05734394357587844,0.3669203243369102,0.009852517462572874,0.05012259916878706,0.9986916641620842,-0.002369152882730212
1742955489.6346157,0.6438561966684598,0.05733991619190278,0.36692325799748493,0.0098551665077945,0.050125601675942835,0.9986914817164314,-0.0023715178192970266
1742955489.6396368,0.6438566844709873,0.057335889712080215,0.36692655685171643,0.009857954884432921,0.050128510818062015,0.9986913022824498,-0.002373999588136989
1742955489.644621,0.6438569226938118,0.05733329640762321,0.36693052838873574,0.00986100659775543,0.05013006255539629,0.9986911881708308,-0.002376562013802562
1742955489.6496952,0.6438567880755153,0.05733192948301168,0.36693435641672495,0.009863195985926212,0.050130584604846894,0.9986911342154531,-0.0023791367281962568
1742955489.6546164,0.643856068392555,0.057333256738512625,0.3669369598446614,0.009863167234416607,0.05012893027562118,0.9986912118127448,-0.0023815393172020144
1742955489.6596167,0.6438542011400589,0.05733864114964369,0.36693785326406325,0.009858583454957682,0.05012416250678506,0.9986914911992983,-0.0023837095831397044
1742955489.6647258,0.6438513609792649,0.05734451464322817,0.3669378528304364,0.009849575855284487,0.05011952053251013,0.998691806776065,-0.0023863351444037163
1742955489.6696599,0.643847941845296,0.05734740791700652,0.36693812670826503,0.009837205140417308,0.05011699037360632,0.9986920460501578,-0.002390361283722374
1742955489.6745763,0.6438443301975196,0.057344608072110746,0.36693859961638503,0.009822423451863129,0.050118892164476826,0.9986920826329369,-0.002395982475977078
1742955489.6795657,0.6438411640993194,0.057336194161669095,0.3669401053189769,0.009807934851035932,0.050125183610135966,0.9986918910752153,-0.002403556244059145
1742955489.6845734,0.6438385586916006,0.05732539835576101,0.3669422307466601,0.009794738251115234,0.050133204570965616,0.9986915955806155,-0.0024128445209505136
1742955489.6896775,0.6438368035389399,0.057313215543702646,0.36694493351006874,0.009783913694242627,0.050142238976520564,0.9986912241348497,-0.0024227544821377803
1742955489.6946664,0.6438351961200832,0.05730186939856613,0.3669478269585498,0.0097721724206704,0.05015071193454429,0.9986908903783766,-0.002432326845731657
1742955489.699638,0.6438338851476236,0.057293443063660326,0.36695120248912416,0.009759765788111012,0.05015730615024533,0.998690660250787,-0.0024406432264990506
1742955489.7046316,0.643832795271139,0.05728759976646737,0.3669555921718047,0.009745342060043785,0.05016192783289392,0.9986905515843659,-0.0024477500557362596
1742955489.70965,0.643830452751764,0.05728518881351418,0.3669609662550198,0.009723733644335908,0.05016373571690766,0.9986906559531188,-0.0024540445936641823
1742955489.7145982,0.643825228101658,0.057286848453958546,0.3669669316730509,0.009690061150913438,0.050162391815852574,0.9986910347843113,-0.002460529139405019
1742955489.7195725,0.6438172381937236,0.057290533258914575,0.3669726995487574,0.009644607171884248,0.050159170474887285,0.9986916179371005,-0.002468082646055206
1742955489.7246172,0.6438082511376629,0.05729327158739945,0.3669788644021605,0.009592038389553529,0.050156518810290915,0.9986922349795695,-0.002477137840058378
1742955489.729588,0.6437974660468151,0.05729432746469662,0.3669833275346005,0.009532223254196765,0.05015509041897278,0.9986928538514405,-0.0024874265742418043
1742955489.7346253,0.6437849269112276,0.05729356881087171,0.36698748774654166,0.009466503661145941,0.05015517219695076,0.9986934471361072,-0.0024985311139227927
1742955489.7396116,0.6437715827608531,0.0572912501818885,0.36698965233712233,0.00939678681178125,0.05015620973109402,0.9986940239370243,-0.0025102939068316374
1742955489.744618,0.6437590558293669,0.05728898798412408,0.3669867908260684,0.009331109037831737,0.050157059549365855,0.9986945693883443,-0.0025212805704647383
1742955489.7496045,0.6437514150643239,0.05728757073099695,0.36698120019258806,0.009287457748387124,0.0501577392584471,0.9986949241167788,-0.0025284114449504857
1742955489.7546718,0.6437491626857773,0.05728701633220884,0.3669739706378737,0.00926869654189561,0.05015797141378868,0.9986950791547874,-0.0025314106898735203
1742955489.759614,0.6437498757580189,0.05728669607242524,0.3669667306109173,0.009265119323560342,0.05015842804800004,0.9986950878476577,-0.0025320285608956207
1742955489.7647436,0.6437503119568648,0.05728643068908342,0.36696132520997293,0.009262554046473087,0.050158526072415235,0.9986951054378169,-0.0025325341709190145
1742955489.7697036,0.6437511253348651,0.05728659414685709,0.3669590545242811,0.009263938071667439,0.05015859630074902,0.9986950897660928,-0.002532260973658398
1742955489.774614,0.6437517281108495,0.05728698306317451,0.3669591776037633,0.009266716333289878,0.05015845334296409,0.9986950729608948,-0.002531554912154537
1742955489.7796974,0.6437518713443594,0.057287567074432784,0.3669591057882742,0.00926865618526447,0.050157973240600146,0.9986950807842163,-0.0025308793575305115
1742955489.7847219,0.6437512055493183,0.05728808617166721,0.36695865438621866,0.009268725220046277,0.05015774691996477,0.9986950930929086,-0.002530254701553885
1742955489.7896156,0.6437503363976294,0.057288897375439796,0.3669583996393744,0.009268135638382467,0.05015722411334494,0.9986951263379772,-0.0025296560644035232
1742955489.794598,0.6437489609348068,0.05728941978494766,0.366957422847886,0.009266397912826537,0.050157266681402024,0.9986951417122536,-0.0025291083633702184
1742955489.7996082,0.6437470142843178,0.05728968615440301,0.3669560970786889,0.009263910216224289,0.05015835176977394,0.998695111978202,-0.0025284434128388985
1742955489.8046083,0.6437449195705982,0.05728972107782823,0.366955446643952,0.00926183819344468,0.050159515536999905,0.9986950734808461,-0.002528153369445617
1742955489.8097024,0.6437430611265417,0.05729000400543173,0.3669563241814119,0.009261076515086048,0.05016057212681208,0.9986950296647494,-0.0025272887879849554
1742955489.8146186,0.6437426238568431,0.057291169290854066,0.3669597116349591,0.009263184052203605,0.050161232377904125,0.9986949806537945,-0.002525827480658905
1742955489.8195848,0.6437423498596301,0.05729387713157945,0.36696136284565917,0.009264242021868917,0.05016086441004015,0.998694994853825,-0.0025236392999815954
1742955489.8246164,0.643741960668294,0.057298206843430434,0.3669633679751163,0.009265399288232196,0.050159390718424186,0.9986950660864075,-0.0025204907166034903
1742955489.8296165,0.6437408639796394,0.057304493164336105,0.36696369296281683,0.009264763471988869,0.05015652655696512,0.9986952253639692,-0.002516711497061031
1742955489.8345852,0.6437386865148685,0.05731080519848635,0.3669617467039638,0.009261643801836703,0.05015468028105528,0.998695355018759,-0.002513536144169965
1742955489.8396366,0.6437363708829721,0.05731477281421144,0.36695915974067056,0.009258304368821833,0.050156385977271456,0.998695304840682,-0.0025117394551583436
1742955489.8445878,0.6437350877681524,0.057315862795357386,0.36695782581706216,0.009256630895761226,0.05016240374621182,0.9986950183523284,-0.0025116435065953785
1742955489.8495855,0.6437348789526742,0.05731630707945226,0.3669585272808134,0.009257225864802173,0.05017171113284346,0.99869454433494,-0.0025120284467476757
1742955489.854603,0.643735019499742,0.05731778964768022,0.3669619307709754,0.009260158834782341,0.05018280204475536,0.9986939608044565,-0.002511670758320025
1742955489.8595788,0.6437348688264813,0.05732008500476307,0.36696725179722467,0.009264425691201783,0.05019531184841937,0.9986932953258038,-0.002510568927378757
1742955489.8645456,0.6437346879039593,0.05732207362164901,0.366972667943906,0.00926859838824459,0.05021275304533375,0.9986923829854514,-0.002509319104112064
1742955489.8695657,0.6437345094779822,0.05732261466405612,0.3669762029470003,0.009271282156166403,0.05023725602223071,0.9986911277323043,-0.002508550042514723
1742955489.8747184,0.6437342532429221,0.0573230306982132,0.36697771284553593,0.009272312997330162,0.05026956149578156,0.9986894948255534,-0.002507653042665622
1742955489.8796134,0.6437337669344796,0.057322884689238546,0.36697757623521,0.009271860732957873,0.05030475911649566,0.998687727469114,-0.002507351462514958
1742955489.8846061,0.64373342586408,0.05732247905316407,0.3669771363018114,0.00927141549679215,0.050336097627973767,0.9986861528374391,-0.0025072417171330273
1742955489.8896782,0.6437332481101339,0.05732238732010427,0.3669769406936054,0.009271131114398208,0.05036089769647186,0.9986849054748906,-0.002507127374899644
1742955489.894574,0.6437330122553258,0.05732226669410016,0.366976523934996,0.009270598253347556,0.05038355984311591,0.9986837675883841,-0.0025070422874103548
1742955489.8996108,0.6437318286007365,0.05732234024592276,0.3669747722306721,0.009268342828181491,0.05040544874164612,0.998682683667636,-0.002507169874789139
1742955489.9046507,0.6437292537606945,0.05732284850235945,0.36697095179675177,0.009263569719631501,0.05042768436220242,0.998681604809748,-0.0025074171057110533
1742955489.9096105,0.6437262227716917,0.05732372616413386,0.36696640743255693,0.009257837095125971,0.05044980304771977,0.9986805412584928,-0.002507256749984039
1742955489.9145591,0.6437236418523914,0.05732491853879984,0.36696266057808924,0.009253118466141054,0.050473696821234766,0.9986793780456589,-0.0025071087303205645
1742955489.9195573,0.6437223695221556,0.05732489840443799,0.36696100919210783,0.009250914936147483,0.05049714535277211,0.9986782129296514,-0.002507170457527548
1742955489.9245398,0.6437227757925825,0.057323956987348844,0.3669618132940197,0.009251921040890728,0.050519390366562215,0.998677077519267,-0.0025075868120793686
1742955489.9295568,0.6437230442950579,0.05732287833164914,0.3669628257004953,0.009252549212693775,0.050540385331110334,0.9986760085051843,-0.002507951315841035
1742955489.9345438,0.643723346097826,0.057322391787993636,0.3669651162456696,0.009254202001364573,0.05056075182790077,0.9986749626817072,-0.00250779437078512
1742955489.939601,0.643723626655214,0.05732263528052098,0.36696840839774014,0.009256583938393896,0.050581305265544114,0.9986739019326496,-0.0025069523413904504
1742955489.9446008,0.6437236054813027,0.05732305897295259,0.36697357198892916,0.009260077143629369,0.050600952924808124,0.9986728765335199,-0.0025060348482052216
1742955489.949631,0.6437232738899149,0.0573235602775334,0.3669788199336624,0.009263281738230832,0.05062087458137776,0.9986718393469131,-0.0025051873199794018
1742955489.9546108,0.6437225054753609,0.05732392420996307,0.36698179454539237,0.009263364654378064,0.05063954780908146,0.9986708928497551,-0.0025048049115338157
1742955489.959643,0.6437214217845273,0.05732392304681651,0.3669827515002725,0.009261448264038763,0.05065865063466328,0.9986699411365508,-0.002505067313662603
1742955489.9645958,0.6437202059863887,0.05732438999584979,0.3669829380367573,0.00925895580492042,0.05067878554392527,0.9986689421424564,-0.002505281074578765
1742955489.9696648,0.6437184769860059,0.057326211651500446,0.36698195584315707,0.009255172281776823,0.05069920978691105,0.9986679395047637,-0.0025056971738459666
1742955489.9745698,0.6437158896211709,0.057328446984481994,0.3669796887906621,0.009250230198844085,0.05072177893695881,0.9986668373907371,-0.0025064474304824663
1742955489.9796488,0.6437130943694583,0.0573308025155398,0.36697671142723576,0.00924546617883567,0.0507478501325785,0.9986655555219844,-0.00250704527754714
1742955489.9845686,0.6437109356942459,0.05733154185649708,0.3669742749428735,0.009241689553809157,0.05077934610303375,0.9986639889422687,-0.0025072641375744223
1742955489.9896767,0.6437091265823078,0.05733079192854672,0.36697210515489526,0.009238594563066688,0.0508142592485191,0.9986622409379113,-0.002507578990352982
1742955489.9945662,0.643707494286054,0.057330368128209,0.3669700752753387,0.009235892544920592,0.050846900714520374,0.9986606047288153,-0.002507496620794693
1742955489.9996116,0.6437068143123815,0.057329673313131824,0.36696906927782436,0.009234767335764225,0.05087818957728137,0.998659022149298,-0.002507264924258655
1742955490.0046384,0.6437069634185639,0.05732894337461521,0.36696910441571695,0.009235313037067707,0.05090500077881985,0.9986576514342241,-0.0025070142990285846
1742955490.0096483,0.6437074097460677,0.05732865909891648,0.3669696362269321,0.009236851053175975,0.05092589917763198,0.9986565727020315,-0.0025066261395145727
1742955490.0146084,0.6437077867429455,0.0573288437869804,0.36697066889145724,0.009238756439207648,0.050940836524943224,0.9986557948508442,-0.002505985719150132
1742955490.0195644,0.64370814022147,0.05732984290351117,0.36697436498715613,0.009242789656032395,0.05094943804403099,0.9986553214837683,-0.0025048901219514065
1742955490.024612,0.6437083385803677,0.05733090634905077,0.366980180413345,0.009248189928840418,0.050953735380407685,0.9986550551475186,-0.002503729643948892
1742955490.0295696,0.6437083085170359,0.05733159604887163,0.366987036756987,0.0092538508335628,0.05095564286173064,0.998654907655913,-0.0025028224183649005
1742955490.0346155,0.6437081799288457,0.05733166455835996,0.36699389972666907,0.009259122710684822,0.05095625621095939,0.9986548289449015,-0.002502243917157659
1742955490.0395753,0.643707614914942,0.05733142376207401,0.36699875399289866,0.009261683821675328,0.05095668103043164,0.9986547836307467,-0.0025021995477317576
1742955490.0446005,0.6437054151799477,0.05733037372040417,0.3669994300516024,0.009258837771256133,0.05095722305511213,0.998654779544034,-0.0025033248877965853
1742955490.0496554,0.64370062125144,0.0573288816262411,0.3669941692149403,0.009248486778233745,0.0509580200726944,0.998654829300846,-0.0025055132571639304
1742955490.0546153,0.6436926934083186,0.057328217873748456,0.3669855932389431,0.009230950533288358,0.05095755668291651,0.9986550086012673,-0.002508139701482079
1742955490.0596287,0.6436818180235442,0.057327293252553695,0.36697377522541014,0.009204775674033201,0.050957116497963875,0.9986552630665464,-0.0025119578998743916
1742955490.0645692,0.6436704437831654,0.057326373977761975,0.36696247972188634,0.009176289511163109,0.05095655791241276,0.9986555427351623,-0.002516322885603124
1742955490.069701,0.6436622555794106,0.057325716402771315,0.3669552315556969,0.009154299857236484,0.05095634645373015,0.9986557471262598,-0.0025195797076248516
1742955490.0747242,0.6436585758236573,0.05732498144772952,0.36695343166424976,0.009142516458306778,0.05095643233267146,0.9986558454374621,-0.0025216602315489126
1742955490.0796776,0.6436593485349996,0.05732384418900288,0.36695565908107663,0.009142927679261205,0.0509572433951903,0.998655798569108,-0.0025223408398309943
1742955490.084677,0.6436609687120968,0.057322160776596534,0.3669584923522997,0.009146421390900515,0.05095832679058442,0.9986557094611094,-0.0025230670169992084
1742955490.089793,0.6436628308140137,0.05732083307305105,0.3669634505973823,0.009151962926141373,0.050959490947260884,0.9986555988327912,-0.002523247295430916
1742955490.0947306,0.6436646342018689,0.05732004975155382,0.36697015347002115,0.009158944730105463,0.05096026502916958,0.9986554962853113,-0.0025228671638506356
1742955490.0996065,0.6436653792907402,0.05731979225955676,0.36697925607679466,0.009167039609073327,0.05096054921162944,0.9986554098019867,-0.002521959968105848
1742955490.1046586,0.6436651561770919,0.05731929394696149,0.3669887359436836,0.009174767000560448,0.05096081597121519,0.9986553270123936,-0.00252125282405763
1742955490.1095765,0.6436634476572516,0.05731707257643435,0.3669946506366223,0.00917833016429939,0.050962570496067255,0.998655202704182,-0.0025220578299747255
1742955490.114596,0.6436597444443821,0.05731241783490303,0.3669957047860635,0.009176695735367212,0.05096654680983673,0.9986550082190998,-0.0025246624667615678
1742955490.119667,0.6436543435004671,0.057305467038616935,0.36699232794252934,0.009170240140357735,0.05097248757238274,0.998654753371266,-0.0025289870358440117
1742955490.1246245,0.6436467656856509,0.057297409293493154,0.366984625993558,0.009158602025859846,0.050979557272108574,0.9986544858723081,-0.0025342841963072607
1742955490.129553,0.6436385662296262,0.05728870540570028,0.36697521800580835,0.00914520213500484,0.050987421382225014,0.9986541935063151,-0.0025396714261290603
1742955490.134616,0.6436313724581507,0.057280607429127356,0.366966278053258,0.009132610991626476,0.05099583361667174,0.998653868186029,-0.002543998289670316
1742955490.1396136,0.6436263544583217,0.057274389283308656,0.36695957273690705,0.009123005539551856,0.051003231094211406,0.9986535734579876,-0.002545860850042396
1742955490.144601,0.6436244058097393,0.057271397445709374,0.36695667295780204,0.009118303673222434,0.051009286441011784,0.9986533119773049,-0.0025439559079467864
1742955490.149666,0.6436252155692908,0.05727122558292214,0.3669574056436502,0.009118489444587019,0.05101368547697781,0.9986530986448768,-0.0025388208465495295
1742955490.1545584,0.6436262806168331,0.05727220028316679,0.3669589028388314,0.009119168932466422,0.05101737775169787,0.9986529191342044,-0.002532790961353572
1742955490.1596415,0.6436274495908261,0.05727374635527206,0.3669608443189839,0.009120291730826754,0.0510211443404848,0.9986527350218652,-0.002525458825683976
1742955490.1649835,0.6436286320428671,0.05727521859792307,0.36696256453602843,0.009121425673084037,0.05102517547815731,0.9986525374732502,-0.002518026876773027
1742955490.1696935,0.6436299010497745,0.05727616369291589,0.3669643637220964,0.009122815954929663,0.05102893528464711,0.998652348558411,-0.0025117148599636944
1742955490.1749473,0.6436306171737538,0.05727726255793532,0.36696534699546524,0.009123428724044001,0.051031485653642066,0.9986522251285196,-0.0025067441345788333
1742955490.1797638,0.6436304713515306,0.05727858209703649,0.36696565917685847,0.009123197316017387,0.051031766417271314,0.9986522197551894,-0.0025040098041197232
1742955490.1846185,0.6436301562042234,0.0572807548064253,0.3669660779728933,0.0091230228528463,0.051030278338442855,0.9986523013443229,-0.0025024321000057807
1742955490.1899688,0.6436297771000625,0.05728325852168717,0.3669671893161368,0.009123516842547285,0.051028472365891156,0.9986523931604331,-0.0025008165400718105
1742955490.1946833,0.64362916644991,0.057285753932906275,0.3669685859502565,0.00912393435154653,0.05102638550345999,0.9986524997541688,-0.00249930773435435
1742955490.1999955,0.6436284240483324,0.0572875355167478,0.36697033564185644,0.00912459793547783,0.05102510468625714,0.9986525626444149,-0.0024979047250403797
1742955490.2046556,0.6436280898971464,0.05728757699574363,0.36697351568033554,0.00912632720881753,0.05102588740909565,0.9986525100426596,-0.0024966279834128
1742955490.2099843,0.6436278889289554,0.05728769885849338,0.3669784171234394,0.009129059209392228,0.05102817340753076,0.998652376129282,-0.00249348109708552
1742955490.214596,0.6436270317507677,0.05728915668043578,0.3669857803307848,0.009131340218275774,0.05103031475258407,0.9986522588704057,-0.0024882634721321768
1742955490.2199638,0.6436249730466714,0.05729081170108709,0.3669948810555086,0.009130463890200486,0.05103264491719149,0.9986521619068958,-0.0024825995627208884
1742955490.2246234,0.6436212559618802,0.05729227012922283,0.3670036074356271,0.009122836902720626,0.05103445272133167,0.9986521493045337,-0.0024785422562347294
1742955490.2295961,0.6436153022243936,0.057293133076534226,0.3670080140153082,0.009103208129618762,0.051035343656245784,0.998652284242944,-0.0024779983833659383
1742955490.234895,0.6436083030074705,0.05729281719510835,0.36700704672299705,0.009075331128860765,0.05103551426643192,0.9986525212531248,-0.002481218095958552
1742955490.2395823,0.6436016614427479,0.05729191074093632,0.3670046715823523,0.00904866484682895,0.0510352293593845,0.9986527671902818,-0.002485480218706702
1742955490.2449632,0.6435960678666403,0.05729151904877268,0.3669996295318709,0.009026369046311909,0.051034773029907624,0.9986529837203543,-0.0024889174473150793
1742955490.2495565,0.6435920600024699,0.057291868691433566,0.3669939005012923,0.009011070100886615,0.051034048512019856,0.9986531529285874,-0.002491315696832795
1742955490.2549686,0.6435895678232718,0.0572938254838692,0.3669893078212851,0.009003582901623158,0.05103230236926304,0.998653307379688,-0.0024922418494327716
1742955490.2596192,0.6435880894799217,0.057297802824013706,0.36698810671271365,0.00900176843640426,0.05102911543563142,0.9986534868196706,-0.0024921488295139888
1742955490.2649734,0.6435872966041447,0.057302605800299514,0.36698771943313824,0.009001095940833152,0.05102562300015645,0.9986536733156578,-0.002491353538408548
1742955490.2700045,0.6435869653946839,0.057306474607903626,0.3669886059765177,0.009001595996474288,0.05102312844488878,0.998653800464223,-0.00248966896925747
1742955490.2746434,0.6435868413018069,0.05730796133688861,0.36699052295039825,0.009002619991744771,0.051023110154437945,0.9986537985259607,-0.0024871174323351053
1742955490.2799797,0.6435868109263831,0.05730824501213354,0.36699178100141483,0.00900322765396464,0.05102443837934429,0.9986537314870298,-0.002484585863823322
1742955490.28459,0.643586689590034,0.05730734416024701,0.36699322510283094,0.00900298774724456,0.05102709235233948,0.9986536039592704,-0.002482208059311961
1742955490.290028,0.6435861817740077,0.0573061999817262,0.3669970465721025,0.00900220002161553,0.051030605759485495,0.9986534383092367,-0.0024794805364257043
1742955490.2945826,0.6435845284111803,0.057305586505446995,0.3670008194381479,0.008996989721916947,0.05103321909953729,0.9986533566227912,-0.002477504856627349
1742955490.2999115,0.6435810530680613,0.057306210371530615,0.3670058389871166,0.008985096472456556,0.05103390982571616,0.9986534291763235,-0.0024771926956203144
1742955490.3045979,0.6435751937797707,0.05730743604243823,0.36701222381936116,0.00896380537297864,0.051032717385050365,0.9986536758022618,-0.002479466911240438
1742955490.3100142,0.6435661927776442,0.05730949464396417,0.36701868351703415,0.00892881771399236,0.051030454326211484,0.9986540939856248,-0.0024838500843892973
1742955490.3148592,0.6435538265143297,0.05731426967588145,0.36702564242244046,0.008877236264700002,0.051026000608624694,0.9986547680668226,-0.0024892078237944222
1742955490.3196492,0.643540885313568,0.05732173673991217,0.3670344424729872,0.008816455820355791,0.05101941232052303,0.9986556286478884,-0.0024950036326662397
1742955490.3249276,0.6435297928302508,0.05733044888454878,0.36704735362164154,0.008752754410931813,0.05101211738770658,0.9986565470029203,-0.002500859462052226
1742955490.3296032,0.6435225634871827,0.057337280318935,0.36706453706325465,0.00869338180130108,0.05100668483296967,0.9986573286396146,-0.0025066251406346825
1742955490.334899,0.6435176540457666,0.05734116640633541,0.367084924979767,0.008635432421107118,0.05100395192226866,0.998657955564244,-0.0025127641067283816
1742955490.339569,0.6435135796095316,0.05734273395988629,0.3671077803755925,0.00857543205392098,0.05100284452191301,0.9986585094224865,-0.0025205899745334814
1742955490.3448787,0.6435126827413954,0.057343972149995884,0.3671320788020037,0.008525933657339689,0.05100234102287689,0.9986589421598027,-0.0025272336102574243
1742955490.3495717,0.6435142274625333,0.05734639901895286,0.36715821565375684,0.008485407623626718,0.051001158479040035,0.9986593362259242,-0.0025317701422773093
1742955490.3549569,0.6435176729747429,0.05735038928298975,0.3671851363230005,0.008457352503766188,0.050998865784815106,0.9986596875658976,-0.002533240626772546
1742955490.3599255,0.6435236547787087,0.05735564558681481,0.3672132804240574,0.008442534960518165,0.05099575051860306,0.9986599747225519,-0.0025321768573730967
1742955490.3646073,0.6435296141404717,0.0573614740724465,0.3672405705915845,0.008433590170456508,0.05099211522056948,0.998660241932962,-0.0025298072192912386
1742955490.370012,0.6435322290066592,0.05736824636883191,0.36726589994586023,0.008419451784987255,0.050987465299472276,0.998660604687053,-0.0025274216239260395
1742955490.3746505,0.6435295617686021,0.0573764324283982,0.36728878537518633,0.008392734707655097,0.05098139837227234,0.9986611429156822,-0.002525995739914464
1742955490.3799098,0.6435208313060796,0.057386483455144126,0.3673101734717898,0.008346655404692321,0.05097327926431484,0.998661942767768,-0.002526304000884296
1742955490.3845959,0.6435055593484117,0.05740024243038188,0.36733010065814614,0.008276165417301803,0.050961800549371,0.9986631091041864,-0.002528731917677835
1742955490.390001,0.6434836568685075,0.057418237405113384,0.3673461629169089,0.008178670830459166,0.050946576680182966,0.9986646757529465,-0.002533983283196031
1742955490.3945951,0.6434537415722374,0.05743669272014742,0.3673583628788648,0.00804353569850957,0.0509306916396452,0.9986665568195608,-0.0025444985236899244
1742955490.3995907,0.6434180518794927,0.05745002710605373,0.3673712797653461,0.00787789386056908,0.05091827308600057,0.9986684673213857,-0.0025613731113589165
1742955490.4049203,0.6433779322691742,0.05745569505392898,0.3673836950519975,0.007685309775785818,0.05091163925760458,0.9986702448144261,-0.0025851738912494545
1742955490.4095833,0.6433401840225897,0.0574550581637216,0.3673970837632047,0.007489825389156007,0.0509101334690734,0.9986717346031594,-0.0026129160946736034
1742955490.4149106,0.6433069676057149,0.057450303501865724,0.3674107926788965,0.00730036229702619,0.05091236088368204,0.99867294475825,-0.0026430337620517753
1742955490.4196293,0.6432789899112931,0.05744354263196359,0.3674311099895349,0.007117200908892297,0.050916447558113996,0.9986739765714312,-0.002673824655604428
1742955490.4249032,0.6432537104842239,0.05743712496128442,0.36745541011009053,0.006934598470527125,0.050920425216865815,0.9986749757596236,-0.0027045205308080227
1742955490.429593,0.6432335135669508,0.057432495967786525,0.3674815338922269,0.0067634193107982184,0.05092414339922815,0.9986758848887528,-0.0027321639679666484
1742955490.4348764,0.6432186672354591,0.05742897070086819,0.3675090345095943,0.006610995414483341,0.05092741550107858,0.9986766723368581,-0.002756305532797577
1742955490.4396505,0.6432062852297964,0.05742492217714156,0.3675389904350555,0.00646715865556533,0.050931042082031516,0.9986773639021985,-0.0027798634351024415
1742955490.4449663,0.643192012338348,0.057422178872993376,0.36756675629759833,0.006320698000743402,0.05093346144176301,0.9986781118680225,-0.0028035973436650514
1742955490.4499376,0.6431732225472807,0.057419599200720525,0.36759027502700475,0.006168869720352293,0.05093528183135801,0.9986788994433236,-0.0028280590173519306
1742955490.4545567,0.6431526283750653,0.05741809745180364,0.3676149258983552,0.006024553922030535,0.050936274007784325,0.9986796645292678,-0.0028510341901839256
1742955490.4599435,0.6431326695518721,0.05741922264273615,0.36764267879976764,0.0058971282456367485,0.05093506380621485,0.9986804303922564,-0.0028707324934267426
1742955490.4645905,0.6430991909482161,0.057423427502385896,0.36766469974629995,0.005733630048637096,0.05093066551840785,0.9986815388544504,-0.002894261153448062
1742955490.4699838,0.6430449182662786,0.05743203008052934,0.36768114389228596,0.005513651732582184,0.05092116673637975,0.9986831756777917,-0.0029238742959547016
1742955490.4746237,0.6429792581614003,0.05744378210482577,0.3676945166067535,0.005263292674390103,0.05090800821708868,0.998685098475099,-0.0029574538668313897
1742955490.4800074,0.6429100235231651,0.05745410818881216,0.36770742758143055,0.005005590714292762,0.050895781402133786,0.9986869394668251,-0.0029933986459401703
1742955490.48461,0.642836392900111,0.05746103647427808,0.36771932150857267,0.004734286773856012,0.05088581168019203,0.9986886527133115,-0.0030324313778871607
1742955490.49001,0.6427572835787786,0.05746622724871572,0.36773137892821983,0.004440959796774901,0.050876659134173344,0.9986903374476369,-0.0030746252054191826
1742955490.4946244,0.6426749455427835,0.05746898068885012,0.36774675536644785,0.00413346949237276,0.05086930486006356,0.9986918966485416,-0.0031183042744758766
1742955490.4995933,0.6425920624981685,0.057468741200215,0.36776643385680075,0.003826492746788335,0.05086422499201291,0.9986932404055688,-0.0031622993921206085
1742955490.5049365,0.6425047760161676,0.05746779581900294,0.367787559434348,0.0035024355498353217,0.050859307477303516,0.9986945305148763,-0.0032091288255870097
1742955490.509705,0.642414433359837,0.0574712339874751,0.36780997921186437,0.0031683487241183595,0.050850480853587954,0.9986959463862316,-0.0032552780266135407
1742955490.5149405,0.6423231190852956,0.05748105159969122,0.3678346437711837,0.0028347682597998363,0.050836865112012415,0.9986975013735606,-0.003298178998060045
1742955490.519672,0.6422288951244208,0.05749510788057678,0.3678583421725077,0.002489244223572764,0.05081939790771892,0.9986991673364811,-0.0033414997997566684
1742955490.5249233,0.6421329147467649,0.057511687712808346,0.3678816871852559,0.002138514340827989,0.05079958187225335,0.9987008443483106,-0.003384189118507169
1742955490.5295682,0.6420346570567574,0.057529696528430964,0.36790710547379124,0.0017801656977002218,0.05077866285970341,0.9987024659446254,-0.00342679506153186
1742955490.5349014,0.6419360295243259,0.057547521217613855,0.3679317739592357,0.0014188235639768314,0.050757629889515654,0.9987039653095834,-0.003469815932826853
1742955490.5399163,0.6418380644823115,0.057565286932384066,0.3679588564689913,0.0010637700819063024,0.05073662649364577,0.9987053273464738,-0.003511731058889963
1742955490.5445833,0.6417373358201753,0.057583667096604584,0.3679917830548148,0.0007023897851714111,0.05071452469801637,0.9987066207853476,-0.0035537631823089485
1742955490.5500607,0.6416338241350967,0.05760289403366665,0.3680249931365962,0.00032979395357210365,0.050691941467412543,0.9987078049792787,-0.0035970237257835786
1742955490.5546389,0.6415269006155249,0.057622971193402366,0.3680603480874468,-5.1408444843631006e-05,0.050667701726067535,0.9987089291295838,-0.003640911398281673
1742955490.5600219,0.6414184052224448,0.05764392176471704,0.3681004118883264,-0.00043581448401622193,0.05064247268663196,0.998709956727977,-0.003684068175473832
1742955490.564607,0.6413094487571486,0.05766302422222888,0.3681427114227368,-0.0008216274946360792,0.05061968092374027,0.9987107044051171,-0.003728503463008812
1742955490.5699956,0.6411938930626983,0.057681486206424375,0.3681885392167394,-0.0012236380743731563,0.050597260000355325,0.9987112510821953,-0.0037758379408706537
1742955490.5746813,0.6410777230699866,0.05770093102737824,0.36823710345021665,-0.0016311088432002486,0.05057403750849827,0.9987116636544565,-0.0038234924582697654
1742955490.5798736,0.6409584704855722,0.05772087260951438,0.3682886117215556,-0.0020451492191140923,0.05055009887060475,0.9987119224412034,-0.0038730921289633342
1742955490.5848253,0.6408342786248682,0.05774477539008429,0.3683413296840138,-0.0024741405621246516,0.05052249091113056,0.9987121488752618,-0.003924312623961017
1742955490.5897467,0.64070520345907,0.05777236083399319,0.36839564040377615,-0.0029184142398905747,0.05049172483989903,0.9987122977331713,-0.0039767999127155226
1742955490.5949562,0.640574983803898,0.05780341404904424,0.3684517420512522,-0.0033677216596506164,0.05045819053426344,0.9987123691980895,-0.004029028365529225
1742955490.5996327,0.6404396258402647,0.05783544446075799,0.36850616900030325,-0.0038395442275142837,0.050423417743567824,0.9987122010606924,-0.0040836620440124136
1742955490.6048915,0.6403023795105439,0.05786641862687208,0.3685614591178553,-0.004312781209616829,0.05038928774944476,0.9987117644647442,-0.004138975484230263
1742955490.609673,0.6401627995673518,0.05789651320654343,0.36861908225883727,-0.004797293702915007,0.05035539440160791,0.9987110232768663,-0.00419669072737577
1742955490.6149642,0.6400184977365945,0.057926059218640094,0.3686761476379721,-0.005295517722826229,0.05032047351509462,0.9987100098366545,-0.0042571926587256035
1742955490.6196191,0.6398683373998547,0.05795830919130524,0.3687320250754269,-0.005808322533531006,0.05027973363289563,0.9987089492782055,-0.004318148535449119
1742955490.6249144,0.6397164615524383,0.057993649359542765,0.36878871169186495,-0.006325480094784741,0.050230188434858755,0.9987080344688887,-0.004379310294809388
1742955490.6300406,0.6395572233532296,0.05803230889625562,0.36884871924650875,-0.006861373552033018,0.050168615186684175,0.9987073123522054,-0.00444250576411788
1742955490.6345983,0.6393949732990872,0.05807224078923116,0.36891386367379886,-0.0074055659807190505,0.050093372394570325,0.9987069150987034,-0.00450659169169041
1742955490.639936,0.6392290457617628,0.0581138077671009,0.36898232336453807,-0.007953140607721162,0.05000426299865299,0.9987068823752282,-0.004569937941327722
1742955490.644592,0.6390564917089624,0.0581531885520301,0.36905323587531474,-0.008518081837116456,0.04990075028319699,0.9987070939397933,-0.004636584661486859
1742955490.649942,0.6388854055773964,0.05819020120682699,0.369128666836819,-0.009078490721996586,0.04977821638811263,0.9987079612908801,-0.004703002619904207
1742955490.6546104,0.6387158357774125,0.058225791141621394,0.36920856763658294,-0.009636857845055507,0.049628669955119,0.9987098588972436,-0.004769049256193375
1742955490.6598341,0.6385489704755115,0.058262295137942115,0.36930074364256876,-0.0101865333815432,0.04945320525847578,0.9987127995616253,-0.00483311691466468
1742955490.664794,0.638385560489842,0.05830054071689362,0.3694003232542755,-0.010726866029335445,0.04926197989422628,0.9987162859028259,-0.00489611627257672
1742955490.6699665,0.6382227783281224,0.05834274979539061,0.36950692501167715,-0.01126346875431154,0.049067007629741276,0.9987196716313015,-0.004957875608452767
1742955490.6749024,0.6380621614935005,0.05838668258532893,0.36961574229590305,-0.011792131352006519,0.04887353074074339,0.9987227554434208,-0.005018106277454353
1742955490.6796052,0.6379032214308162,0.058431771042098325,0.3697302972372442,-0.012309440193784087,0.04868363535225399,0.9987254921902513,-0.005076670202464835
1742955490.6849203,0.6377426956061913,0.0584770630810168,0.369853121331427,-0.012828233022775911,0.04849953265846899,0.9987276207706255,-0.0051352973885835495
1742955490.6895905,0.6375861376611668,0.05852469423943839,0.36998047387259897,-0.013324822132711947,0.0483101485003418,0.9987300167470111,-0.00518963539387956
1742955490.694929,0.637433783226693,0.0585715385921651,0.3701180822116646,-0.013803049956819463,0.04810060112525792,0.9987333620486629,-0.0052420906376064716
1742955490.6996462,0.637285545947857,0.05862112372313146,0.3702651949813492,-0.014260818858846343,0.04787482270032511,0.9987375272522184,-0.005289806708366459
1742955490.7048283,0.637144297377181,0.058673246207534634,0.37042587225699686,-0.014680246205138386,0.04765656954365787,0.9987416648333316,-0.005331854896012597
1742955490.709742,0.6370082529941242,0.05872519490761307,0.3705904061578727,-0.01507945751987605,0.04745136271312382,0.9987452774929023,-0.005371110052820916
1742955490.7148285,0.6368774243583544,0.05878042028888791,0.37075684706565204,-0.015451813601328603,0.047255224762790385,0.99874870032272,-0.0054054410296965685
1742955490.719861,0.6367503437292182,0.058836644863651984,0.37093449934890016,-0.015805078543616364,0.04707047552196372,0.9987517211924696,-0.005437760701416884
1742955490.7246087,0.6366351242234193,0.05888919032601892,0.3711221743179346,-0.016117802352292925,0.046902047012276495,0.9987544947980734,-0.005465670501950259
1742955490.7300568,0.6365279102209702,0.05893971522829933,0.371322743946782,-0.01639819336531927,0.046731343948990874,0.9987577997592675,-0.005489823959085266
1742955490.7345796,0.6364285498007075,0.05898802020418424,0.3715285655711203,-0.016657258625882417,0.046566077301568504,0.9987611051037738,-0.005512813410900844
1742955490.7399297,0.6363391573676102,0.05903552444590527,0.3717445931436526,-0.01687786338909724,0.04642356572436401,0.9987639325146372,-0.005531489921506445
1742955490.7445884,0.6362593007580638,0.059083130804196055,0.3719765132808719,-0.017064160710220794,0.046292563442779835,0.9987667657991552,-0.005546217111464195
1742955490.74998,0.6361918152259665,0.05913242575940284,0.37222063486460144,-0.0172031511646359,0.046179196573840606,0.9987695871993211,-0.00555383466615623
1742955490.754575,0.6361283215471722,0.059181187215248746,0.3724659240681242,-0.0173309349797386,0.04608428450232595,0.9987717264925068,-0.005560195483446208
1742955490.7597797,0.6360756087814419,0.059230906876831656,0.37271984585865564,-0.017426493495036485,0.04600613703201555,0.9987736564303383,-0.005562005090927262
1742955490.7649195,0.6360326903879664,0.059279875973754406,0.37299330185373536,-0.017483918879294874,0.045946412304078255,0.9987754200263848,-0.005558788368406259
1742955490.7696884,0.6359998940631526,0.05932582309931919,0.3732823166500685,-0.01750862962317169,0.045904308211810525,0.9987769649281512,-0.005551279602456191
1742955490.7749014,0.6359744213313896,0.0593692110391535,0.37358605738512185,-0.017504510251785444,0.04587361183912919,0.9987785158309566,-0.005538968513169222
1742955490.7796986,0.6359543150692131,0.05940936474618885,0.37390205111341657,-0.01747432660411768,0.045847698815279676,0.9987803255878739,-0.005522466990104149
1742955490.7849612,0.6359335580800991,0.059446963231261155,0.3742139487010504,-0.017444815760260857,0.04582681119017228,0.9987819061108884,-0.005503254012994636
1742955490.7898142,0.6359124494898662,0.05948275470744837,0.37453405154449987,-0.017422059518525143,0.04580904957437527,0.9987832309761452,-0.005482731078367075
1742955490.7950494,0.6358978166944512,0.05951721239009804,0.37487748726973147,-0.017376394759367714,0.04579537394461803,0.9987847957526209,-0.005456775956053918
1742955490.799566,0.6358890657711778,0.059550506453442835,0.3752381818543163,-0.01730810139177574,0.04578514933712985,0.9987866230681626,-0.005425062809321524
1742955490.8048549,0.6358810896665158,0.05958325765152772,0.375614209047902,-0.017231892155419447,0.04577778415571031,0.9987884724346109,-0.0053892209338630434
1742955490.8100672,0.6358702533408868,0.059614513534200296,0.37598646242497136,-0.017175422799237894,0.04577344386696735,0.9987898327512083,-0.005354127476882046
1742955490.8145993,0.6358629595168629,0.059643768540008864,0.37635927336371156,-0.017115871857090393,0.04577061452050757,0.9987911698587113,-0.005319472648082638
1742955490.8199015,0.6358609629202487,0.059670917371016555,0.3767476793849187,-0.017038864619545416,0.04576989889619249,0.9987927106672335,-0.005283423654144956
1742955490.824609,0.6358614188114232,0.05969624629335003,0.37714863595141845,-0.016961663640965647,0.04577193676260447,0.9987941257432841,-0.005246537166525369
1742955490.8299646,0.635862226293657,0.05971879878313426,0.37755905980423476,-0.016890395297549415,0.04577604709537277,0.9987953295550462,-0.005211306749872613
1742955490.8346267,0.6358654947521295,0.05973830979076566,0.3779658932476387,-0.016818120868892304,0.04578217057344318,0.9987964409443629,-0.005178148790567897
1742955490.839986,0.635866833679192,0.05975277971577143,0.3783869316991251,-0.01674895433376182,0.0457915271482275,0.9987973299802422,-0.005148028214571803
1742955490.8445847,0.6358736258738994,0.05976317786655319,0.37883230053347944,-0.01666630153500745,0.04580448297191903,0.9987982749485835,-0.005117586594606775
1742955490.8498647,0.635886038527338,0.05976944653296474,0.37929089341860345,-0.016567228532661377,0.04582040624240938,0.9987993504526932,-0.005086732330812636
1742955490.8549247,0.6358979295873425,0.059772892842053685,0.37975281279693485,-0.016474355445235792,0.04583832565548373,0.9988002121827864,-0.0050576335757743715
1742955490.8595805,0.6359071645712782,0.059774440254733274,0.3802268928461772,-0.016396621083618113,0.04585699187040451,0.9988007623670001,-0.005032316438522222
1742955490.8649142,0.6359203275175954,0.059776201547742616,0.38072389225963005,-0.016301216336706937,0.04587549135562546,0.9988016097374959,-0.005005399545571245
1742955490.8696797,0.6359303442114139,0.05977826389250401,0.3812222947398754,-0.016218605978417705,0.04589336308734122,0.9988022599255013,-0.004980121721577577
1742955490.8749576,0.6359387474998371,0.05977788061503537,0.3817289717487151,-0.016142883468863476,0.04591207385983393,0.9988027329031856,-0.004958783351561969
1742955490.879717,0.6359466988370026,0.05977532663803774,0.38225098175043354,-0.016067700180683906,0.04593268475171633,0.9988030947253609,-0.004939174976140265
1742955490.885017,0.6359531458952159,0.05977091806939045,0.3827949770494756,-0.015998268346736705,0.04595512118190253,0.9988032647297272,-0.00492144412757379
1742955490.8895526,0.6359619807558905,0.059765383035314944,0.38334127292193887,-0.01593490713265209,0.04597864390022962,0.9988032734902951,-0.004905497410103177
1742955490.8949535,0.6359666853853927,0.05975810232890315,0.38388866598985966,-0.01589044279390217,0.04600236385135831,0.9988029449909622,-0.004894223664883459
1742955490.899972,0.6359708843978116,0.05974923978512901,0.38444638740301,-0.015848697469439604,0.04602571187254107,0.998802569406899,-0.004886714778333153
1742955490.9045982,0.6359702659464711,0.05973833002897945,0.38502010617708526,-0.01582018310147688,0.04604980881661919,0.9988019205886862,-0.004884705000349927
1742955490.9099696,0.6359717898727305,0.05972767288346435,0.3856100674481165,-0.015792352159200093,0.04607305845796189,0.9988012906386767,-0.004884333743997904
1742955490.91461,0.6359745995730497,0.05971762645057988,0.3862035450807023,-0.015762729510861693,0.046095632946140636,0.9988007191743474,-0.004883887638801267
1742955490.919874,0.6359718831575393,0.05970519182381726,0.38680132084060986,-0.01575561428337198,0.046118429407105456,0.9987997520379539,-0.004889418830213739
1742955490.924581,0.6359631047327998,0.059691124349048885,0.3874043406780817,-0.01576247571576086,0.046142225895605155,0.9987985025677831,-0.0048980217499627445
1742955490.9299827,0.635948983902343,0.05967527207815645,0.38802363792148925,-0.015781296981469843,0.04616767744574876,0.9987969748482781,-0.004909099589137427
1742955490.9345846,0.6359325907124609,0.05965694907588731,0.3886493969125102,-0.015808904617271562,0.046195153200863974,0.9987952009471196,-0.004922694440425841
1742955490.9397154,0.6359178916216122,0.05963586389689792,0.3892854171028257,-0.015833171056798146,0.04622531943593187,0.9987933463630633,-0.004937792847647538
1742955490.9448795,0.6358960784648267,0.05961193070412293,0.3899374408298909,-0.01587771805782694,0.04625747018810289,0.9987910538121026,-0.004957352719190101
1742955490.9495986,0.6358636160779343,0.05958908333767431,0.3905839960282472,-0.015946968032022377,0.04628920732231616,0.9987883810188174,-0.004977292222379611
1742955490.9549248,0.6358245527974355,0.05956676129831166,0.39123998839685503,-0.01603480159267638,0.046321328013919694,0.9987853836698317,-0.004997707116016169
1742955490.95959,0.6357878106290391,0.05954195609799894,0.3919285566780085,-0.01611324419118108,0.046355556709072966,0.9987824241551777,-0.005019454406024724
1742955490.9649315,0.6357516427087949,0.05951383234464769,0.39262518601906077,-0.0161932832126063,0.04639310686920491,0.9987792668038472,-0.005043155419810246
1742955490.9697282,0.635705492171954,0.05948123107488107,0.3933228058451038,-0.01630159932193537,0.04643467537793814,0.9987754261732491,-0.005072164679610326
1742955490.9749618,0.6356590154737705,0.05944787327676934,0.3940377805600442,-0.016399641619421434,0.04647752456985644,0.9987716875708528,-0.005099761904619271
1742955490.979583,0.6356165690554862,0.05941373503416341,0.39476340895876144,-0.016507685824844257,0.046521299302683776,0.998767714507689,-0.0051300562361384135
1742955490.9846585,0.6355710398600043,0.05937978928188443,0.39549329984542025,-0.01661857726579627,0.04656482127342629,0.9987636924417659,-0.0051601327041429735
1742955490.9899457,0.6355110075904501,0.05934540242011627,0.3962163700101617,-0.016777077632017037,0.046606825549732285,0.9987588886827341,-0.005197668278759807
1742955490.9945838,0.6354533423660149,0.05931341151986279,0.39693413134041006,-0.016931037849650252,0.046647639495280765,0.9987542072462953,-0.005231748720678214
1742955490.9999423,0.6353915494632096,0.059278408619941374,0.39768417234654957,-0.017100452252475737,0.04668975161456837,0.99874914141186,-0.0052720163128842515
1742955491.004615,0.6353322941938525,0.05924234915632585,0.3984405308933909,-0.017247463808732804,0.04673256227511771,0.9987444084109057,-0.005310299739073207
1742955491.0099854,0.6352614607049889,0.05920210608363061,0.3992070363931087,-0.017432119382092454,0.04677679670349608,0.998738879882946,-0.0053574540750902025
1742955491.0145938,0.6351997120187235,0.059160654647996705,0.3999914469989083,-0.01758757641833705,0.04682261168858258,0.9987337629201799,-0.005402869023701365
1742955491.0198975,0.6351366583250672,0.059117230276451604,0.40078147881240395,-0.017752787327545483,0.0468700306271466,0.9987283545100881,-0.005450932827072805
1742955491.024591,0.6350580904097403,0.059070745900384344,0.4015812203346225,-0.017939478113583356,0.046918855504074,0.998722435630446,-0.005503879685253746
1742955491.0297353,0.634987954937742,0.05902417708411819,0.4023880067096074,-0.01810295439941547,0.046969063679101745,0.9987168526148458,-0.005553233492090229
1742955491.0350418,0.6349125820070999,0.05897563389264925,0.40320313287376636,-0.018287682716889218,0.04702082303305434,0.9987107516912541,-0.005606899181443358
1742955491.0395975,0.6348352144840494,0.05892767333629166,0.40403289980846463,-0.018455072325396605,0.047071338452949196,0.9987050018899405,-0.005658498186480466
1742955491.04491,0.634757172771926,0.05887793274453436,0.40488041042847567,-0.018628883573557495,0.0471234231115748,0.9986990100994214,-0.005712697916590744
1742955491.049672,0.6346757809681391,0.058827059031551575,0.4057299117677899,-0.018805742094955315,0.047176594757313256,0.9986928712579423,-0.005767310458922899
1742955491.054909,0.6345962127907324,0.05877550750827182,0.4065956304164235,-0.018981585405971807,0.047230827060173536,0.9986866621300995,-0.00582230831615911
1742955491.0595882,0.6345187902609598,0.058720147079452265,0.40747486768340535,-0.019152375062062944,0.04728896646869211,0.9986803227412586,-0.0058781926831795155
1742955491.0650144,0.6344331453180009,0.05866228968166618,0.4083548238451841,-0.019344598622923266,0.04734917866675441,0.9986734058615802,-0.005938872665199043
1742955491.0696347,0.6343457821962378,0.058604111793765346,0.4092502725080827,-0.019543633274202058,0.0474099561633336,0.9986662804463983,-0.006000229528119197
1742955491.0747936,0.634262381645968,0.05854655839447194,0.4101478599917629,-0.01973513556354785,0.047472018951122845,0.9986592118332166,-0.006058915880856719
1742955491.079621,0.6341674364920898,0.058485774010091626,0.4110613117738951,-0.01994679014634922,0.04753576503068087,0.9986515846460243,-0.006122833477239585
1742955491.0846581,0.6340799673714719,0.05842664342047967,0.4119916567173101,-0.020142438703313982,0.04759944889430965,0.998644250715515,-0.006183457033809067
1742955491.0896518,0.6339843717985377,0.058365844079608105,0.412936218081699,-0.020345523243271522,0.04766363088736577,0.9986366803760853,-0.006246485573744973
1742955491.0946286,0.633885017208554,0.05830434597225919,0.41388559842393857,-0.020563138918019978,0.047727556936812646,0.9986287545529475,-0.006312543600684102
1742955491.0995803,0.633785642557846,0.058243007044211224,0.4148394017567789,-0.020787451268335495,0.04779099896964818,0.9986206483073763,-0.006379895093592977
1742955491.1046224,0.633671573776278,0.05818174618147683,0.4157803068177394,-0.021047934749510167,0.04785393977058471,0.9986117217131908,-0.006450902900408191
1742955491.1096723,0.6335628809089418,0.05812313534877937,0.41673717907425084,-0.02129447819734279,0.04791509357448542,0.9986031244706857,-0.006518343611346823
1742955491.114598,0.6334506410242295,0.05806449549700083,0.4177204631994237,-0.021534337044403214,0.047973981064161106,0.998594702202939,-0.006587123889624851
1742955491.119603,0.6333314630079347,0.05800366184121788,0.4187190665143022,-0.021781037224027574,0.048034677252721134,0.9985859717991761,-0.0066568103899378615
1742955491.1247904,0.6332198304941338,0.05793974653138872,0.41972568772629937,-0.022015908625577507,0.04809877016197477,0.9985772764138322,-0.006725407513948146
1742955491.129662,0.6330972872982045,0.05787185999422437,0.42073154619015735,-0.02226763650426543,0.048164910967490336,0.9985680024660808,-0.006799865212569603
1742955491.1349163,0.6329699084429743,0.0578035810744344,0.4217356099413333,-0.0225398183105063,0.04823166309191835,0.9985581414372452,-0.006877603893191521
1742955491.139684,0.6328404619734757,0.05773366810715036,0.42273851164905724,-0.022815566777702388,0.04830074102782245,0.9985479906274606,-0.006956920485135492
1742955491.1449757,0.6327003743811133,0.05766100077347091,0.4237630424078345,-0.02310322571810529,0.048372088363106275,0.9985373427673293,-0.007039682377147159
1742955491.1495876,0.632567419498439,0.05758664806316331,0.4248051175629587,-0.0233768297157729,0.048447436486115006,0.9985267433847619,-0.007121269253836926
1742955491.1549733,0.6324225391454906,0.05750703972829773,0.42583907634158047,-0.02367846260007366,0.04852731406076959,0.9985151193110418,-0.007210180732847324
1742955491.1595519,0.632269336260971,0.05742740413153917,0.4268767724749889,-0.02399758070601724,0.04860829229538262,0.9985029003895375,-0.0073012296269944115
1742955491.164614,0.6321215706755193,0.05734716722799896,0.4279204975300457,-0.024308167447180888,0.048692785957472264,0.998490608332938,-0.0073912557782195056
1742955491.1699638,0.6319636690241771,0.057264590824145416,0.42896166992685275,-0.02463760130351947,0.04877832541034513,0.9984776561535904,-0.0074855683955176245
1742955491.1746495,0.631794371212518,0.057179206758939234,0.4300049547924711,-0.02498755329234995,0.048865246906390256,0.9984639623330128,-0.007584572993876931
1742955491.17992,0.6316299939122064,0.057094994817580735,0.43107459617670063,-0.025314709438332344,0.04895077080715382,0.9984507895521803,-0.007681690313093886
1742955491.184552,0.6314555055857681,0.05701241579184852,0.4321496413116101,-0.025654967495609266,0.04903258730632289,0.9984373297023924,-0.0077798895624153165
1742955491.1899798,0.6312729142432302,0.05693201727185748,0.43322938249867876,-0.026012106559331196,0.0491113991423318,0.9984234401740052,-0.007878762449348962
1742955491.1946027,0.6310930810476223,0.05685338442086704,0.4343014492428177,-0.026360864224008553,0.04918942213589426,0.9984096937149882,-0.007974276346071825
1742955491.1998825,0.630898784772645,0.056775821366676055,0.43535146864916213,-0.026753278912265477,0.04926476611245776,0.9983947514754833,-0.008072491160444038
1742955491.2045527,0.6307046337880436,0.05669593295101783,0.43641648183008797,-0.02712622549586688,0.049342547475376995,0.9983800808648173,-0.008166702599473042
1742955491.2095802,0.6305040430852813,0.056611022618290256,0.43749259541229824,-0.027504633848895333,0.049422956935912206,0.9983649423866657,-0.008264880992422903
1742955491.2149608,0.6303115035994779,0.05652488114923323,0.43858892588276094,-0.02785006457443457,0.04950564841031792,0.9983504919863134,-0.00835821926966544
1742955491.2196095,0.630116470674067,0.05643965820133015,0.43968699783862486,-0.02819334854587883,0.049587911357252865,0.9983359939846446,-0.008450873309176583
1742955491.2249146,0.6299091658758165,0.05634732737831337,0.44077003155904626,-0.028569175068446966,0.049674728315728466,0.9983201250530355,-0.008552865996769209
1742955491.229693,0.6297092539099981,0.05625649174728878,0.44184214785813136,-0.028926138592058368,0.04976256610568111,0.9983046257909739,-0.008650990987992593
1742955491.2350197,0.6294924662367231,0.05616552763138638,0.4429221379885928,-0.029305830258992034,0.04985001361110804,0.9982883036423519,-0.008752557722125782
1742955491.2396486,0.6292852879200652,0.05607706077937257,0.44401364758028916,-0.02965734842180132,0.04993648784439519,0.9982727463387386,-0.008849451037600278
1742955491.2449098,0.629071566050762,0.05598506409860973,0.44511049321868584,-0.030014496914613296,0.050025057976074316,0.9982567393981191,-0.008950184114797375
1742955491.2496421,0.6288488656357454,0.05589325307827983,0.44620713021695735,-0.03038419839246283,0.05011329169938567,0.9982402144268364,-0.009051673003566817
1742955491.2546804,0.628628750956398,0.055802874689221744,0.4472954055628893,-0.030753691399434294,0.05020130687694834,0.9982235707712079,-0.009151066054519702
1742955491.259809,0.6283907224684181,0.05571423504349572,0.4483682972838998,-0.031161301462416195,0.05028491377017931,0.9982057761627119,-0.009253603281531244
1742955491.2646205,0.6281510277290425,0.0556252549351487,0.4494569909784281,-0.031552613183098335,0.050368075299426045,0.9981883535578112,-0.009354165569162248
1742955491.2700374,0.6279169075061254,0.05553381015696423,0.4505523446860276,-0.03192835863658943,0.050452352375434883,0.9981712053607517,-0.009454355780409361
1742955491.274585,0.6276698034809741,0.05544574463508952,0.4516626512272771,-0.03231136485512942,0.05053190626285772,0.998153907914038,-0.009553966012846459
1742955491.2799075,0.6274221490189412,0.05536328388485646,0.4527622518727007,-0.0326997303340587,0.050606564859772205,0.9981365445443473,-0.009650993432998248
1742955491.2846136,0.6271730651714528,0.05527907363027841,0.4538384010990099,-0.03309813500945971,0.05068195681708095,0.9981186151307977,-0.00975104309629082
1742955491.2900608,0.6269069579025961,0.05519251867403692,0.45490798364659496,-0.033530731259085095,0.05075792694292818,0.9980992764133935,-0.009856842128584729
1742955491.2945735,0.6266423738506733,0.055101028687597406,0.45598294800353123,-0.03395118049584098,0.05083848265961024,0.9980799017553984,-0.00996372097872052
1742955491.2996013,0.6263813110469665,0.055007985937549374,0.4570771582449407,-0.03434269033022561,0.05092051079013542,0.9980612520098349,-0.010070672187841878
1742955491.3048878,0.6261074016482691,0.05491304354281057,0.4581611434765722,-0.03475805652012048,0.051003771827303965,0.9980414868044972,-0.010182503788411344
1742955491.3095896,0.6258366559385287,0.05481823831249031,0.459236814312656,-0.035171909408845445,0.05108784706155956,0.9980215471101338,-0.010293695888538228
1742955491.314956,0.625559489021649,0.05472389429194072,0.46029860530301847,-0.03559894507028086,0.051171089163016235,0.9980009651617289,-0.010407126405091489
1742955491.319662,0.6252639301517625,0.054629882385220464,0.4613589772883213,-0.036055088750055767,0.05125303636483666,0.997979183001013,-0.010521745826667204
1742955491.3248754,0.6249779077894648,0.054536396181170156,0.46242943737414816,-0.036485178846510605,0.05133486046463906,0.9979581434929384,-0.010635208589487289
1742955491.3295493,0.6246816964785691,0.05444057080072035,0.46350500714390297,-0.03692375590688923,0.05141623649651541,0.9979365608621723,-0.010753016732188843
1742955491.3349574,0.6243742380797537,0.05434478808742251,0.46456624391161666,-0.037387130308891424,0.0514962532626834,0.9979138847976415,-0.01087276024066573
1742955491.339552,0.6240683795244149,0.054247919547925856,0.4656195701167681,-0.03784164966375227,0.05157613832199797,0.997891314958054,-0.010992499160873805
1742955491.344573,0.6237462743533343,0.0541507088695009,0.4666655428309828,-0.03832961350676572,0.051654178230687305,0.9978672835571163,-0.011116249640769946
1742955491.3498504,0.6234184144284788,0.05405537460607091,0.46771520995396293,-0.038809953154522125,0.051729561734202706,0.9978434516080879,-0.011237707141083837
1742955491.3546293,0.6230890642927965,0.05395911648641198,0.46877215805736483,-0.03928310466792262,0.05180509965465308,0.9978196326042512,-0.01136002319265396
1742955491.359885,0.622752402399567,0.05386226636716803,0.46983933254241916,-0.03975881342092745,0.05188080208990939,0.9977954489684181,-0.01148308093590834
1742955491.364571,0.6224127306922618,0.05376405392920988,0.47088085819147874,-0.04024742574928718,0.0519575150465158,0.9977704174531099,-0.01160841962514276
1742955491.3697643,0.6220652021165196,0.053663343721072614,0.4718938087499701,-0.04076717227000445,0.05203594358680446,0.9977436709129057,-0.01174160948839841
1742955491.3746266,0.6217097526437736,0.053560988149250206,0.47291303363423065,-0.041285632824023887,0.05211683708913449,0.9977165448755475,-0.011875516651675147
1742955491.379704,0.62135131834288,0.05345579043364162,0.4739432041906787,-0.0418038537948552,0.05219997175627,0.9976889924185922,-0.01201145966638987
1742955491.3845894,0.6209870043382226,0.05335163889667651,0.4749683009281171,-0.04232385283466047,0.052282149739472414,0.9976611256720987,-0.0121468770690358
1742955491.389754,0.6206131091745575,0.05325058518362528,0.4759891770050097,-0.042861472969330176,0.05236073107257455,0.997632398895993,-0.012281882977427319
1742955491.3945918,0.6202353285720456,0.053151524199472035,0.4769842143488198,-0.04343141090517661,0.05243667872048668,0.9976020549430843,-0.01241963143115121
1742955491.3997548,0.6198452101904964,0.053051642524340976,0.4779721140821611,-0.04401098651971479,0.05251277603839968,0.9975709098046295,-0.012558715295208961
1742955491.4045956,0.6194514619458199,0.05295341349521057,0.47897521068331594,-0.044584981509301715,0.05258681423820484,0.9975397997888801,-0.012694653569628194
1742955491.4096699,0.6190562942220327,0.052853968611342055,0.47997388492198656,-0.04515186116372596,0.05266187028779449,0.997508613635386,-0.012829753483728083
1742955491.414596,0.6186479904586849,0.05275403065067475,0.48096328688011725,-0.04574902599274197,0.05273698945882723,0.9974756706563328,-0.012966225828440014
1742955491.419601,0.6182387645002887,0.05265268815788774,0.4819410520037907,-0.0463399282404966,0.05281212268845679,0.9974426471474724,-0.013101770843964142
1742955491.4245875,0.617821545246236,0.05255066515727659,0.4829084098786588,-0.04694882289325133,0.05288686714548065,0.9974083664791541,-0.01324151765696948
1742955491.4296598,0.6173945062990296,0.052451241239892865,0.4838859664470895,-0.04755144560606488,0.05295865869859134,0.9973741690045933,-0.013379368147135853
1742955491.4345682,0.6169697033054713,0.05235425237902546,0.48486768178446993,-0.04813678474322793,0.05302900758416737,0.9973405286061611,-0.013514596139202808
1742955491.439974,0.6165386317637691,0.05225570227301263,0.48584895361187513,-0.048719863962812984,0.05310082172262711,0.9973065377618877,-0.01365090931854753
1742955491.4447048,0.6161060167361309,0.05215877310401398,0.4868012480009273,-0.04932201579611726,0.05317106434360825,0.997271302836243,-0.013788589981505277
1742955491.4502518,0.6156655802479178,0.05206502960612889,0.48772763902843247,-0.049940479583688885,0.0532377546298827,0.9972350411195078,-0.013927050811038297
1742955491.454656,0.6152175056347664,0.05197294679096021,0.4886639379212355,-0.05055665655070921,0.05330328557434224,0.9971985711090681,-0.014063925605134805
1742955491.4599805,0.6147693003262416,0.051882746766880546,0.48960981276607096,-0.051157524157358115,0.05336662985376438,0.9971626561374703,-0.014196751213069358
1742955491.4645486,0.6143171015750987,0.05179372659024039,0.4905494783078155,-0.05175654251981212,0.05342762303175977,0.9971265858180037,-0.014329035504956825
1742955491.4700098,0.6138600808602233,0.05170667582647792,0.4914731553801891,-0.052370411982146765,0.05348605315242659,0.9970894925291648,-0.014461187880973175
1742955491.4747338,0.6134028109625567,0.051621395391605984,0.49237364815107554,-0.05298512135589779,0.053542359380184,0.9970521022298595,-0.014591028268146006
1742955491.4795825,0.61293158957239,0.05153584263291809,0.4932758258082701,-0.0536193769864984,0.05359797640407869,0.9970132587274335,-0.014723493426201243
1742955491.4849133,0.6124640513578355,0.05145144157904766,0.49417534028676235,-0.05422906339746871,0.0536530968353778,0.9969754234648384,-0.014851225205792134
1742955491.4896019,0.6119902064411687,0.05136535302109293,0.4950716024834273,-0.05484218770257349,0.05370912914565685,0.9969369374537477,-0.0149802081011322
1742955491.494968,0.6115097157998236,0.0512794270840245,0.4959602689193647,-0.05546612108739146,0.05376480064319495,0.9968974531495308,-0.015110378132110209
1742955491.4995728,0.6110300859289024,0.05119136897743837,0.4968303468079191,-0.056086616595991956,0.05382226149293971,0.9968576737997719,-0.015239218913957941
1742955491.5048983,0.6105423822327941,0.05110438467111924,0.4977028281967871,-0.05670629839765326,0.05387833051117943,0.9968176123067676,-0.015367791591480575
1742955491.509688,0.6100555590636896,0.05102060208827996,0.4985746516628397,-0.0573053857877479,0.053931192066158894,0.9967785626236192,-0.015492461909980632
1742955491.5149431,0.6095670936780948,0.05093712308038999,0.499450347245216,-0.057892471737435384,0.05398337849630483,0.9967398856916642,-0.01561591603535584
1742955491.5195498,0.6090821239446015,0.05085537069652795,0.5003075858860987,-0.058470055091799616,0.054033957403810756,0.9967015299789701,-0.015736716380023368
1742955491.5245967,0.6085918249184683,0.05077585151876217,0.5011373725180724,-0.05907411763357416,0.05408223970673076,0.996661350673173,-0.01585913138999061
1742955491.5300395,0.6081005592155209,0.050698665894149,0.501966540471935,-0.059660182491392225,0.0541284717674715,0.9966220462045883,-0.01597711451393481
1742955491.5345724,0.6076099255447885,0.05062115024577693,0.5028061191219237,-0.06022850722858556,0.054175871143763966,0.9965834338084951,-0.016092276448636287
1742955491.539865,0.6071244938470665,0.0505411900562439,0.5036398624688241,-0.06077270116100833,0.05422588866469203,0.9965458355430722,-0.01620584628704808
1742955491.5445783,0.6066402811745811,0.050459880932580144,0.5044684593941512,-0.061319939535109044,0.05427679451566486,0.9965076499765275,-0.016321707348602763
1742955491.5499642,0.6061622641508297,0.050375382087709725,0.5052770295066092,-0.06185710913895622,0.05433153756478451,0.9964695634926295,-0.01643749091638242
1742955491.554585,0.6056816550904828,0.050290231810415226,0.5060903361266331,-0.0623898875454941,0.0543880205644698,0.9964313834123056,-0.016551232648303407
1742955491.5598893,0.6052088590256101,0.05020508675199168,0.5069069268713654,-0.06289327242820945,0.054444885928038325,0.9963947991158077,-0.016661181666471226
1742955491.5645683,0.6047340341620671,0.0501192701144856,0.5077234124700649,-0.06340216879209874,0.05450184581706046,0.9963575499914384,-0.016773382784935207
1742955491.5697234,0.6042632135460668,0.0500347629596045,0.508529365222286,-0.06389801990033679,0.05455764905865311,0.9963209668772863,-0.01688303712956802
1742955491.5749042,0.6037897307483766,0.04994822826078,0.5093239953162313,-0.06441875431456145,0.054615894395659434,0.9962823217605626,-0.01699598538788452
1742955491.5797129,0.6033157430360631,0.049862270300359675,0.5101184667247513,-0.06491520634903068,0.0546738767778122,0.9962450551953507,-0.017104770725159358
1742955491.5848958,0.6028442525935701,0.04977816385333698,0.5109227361751334,-0.06539867236207599,0.05473015810262326,0.9962085085533887,-0.017211360584585424
1742955491.5895717,0.6023732680676429,0.0496962337717426,0.5117307924990399,-0.0658665467626328,0.05478435550923794,0.996172919893221,-0.017314331648021458
1742955491.5949297,0.6019048291388216,0.04961624633889767,0.5125306169511452,-0.06633539341272418,0.05483694608169902,0.9961371440876692,-0.017415943674526695
1742955491.5996282,0.6014433222877104,0.04953942453427541,0.5132986773675462,-0.06680657410034992,0.05488677715124906,0.9961011584301761,-0.01751586495109137
1742955491.604924,0.6009764587529273,0.04946120405180905,0.5140605287608638,-0.06728541758744837,0.054937431080981126,0.9960643504981577,-0.01761706312040647
1742955491.6095834,0.6005109348958153,0.049380947173033304,0.5148371152578454,-0.06775051747740077,0.05499039990891193,0.9960281152454454,-0.0177177013184029
1742955491.6145587,0.6000542072904181,0.04929870179946669,0.5156142563541035,-0.06818450725218378,0.055046810163359175,0.9959936445988525,-0.017815206434691463
1742955491.6199248,0.5995943170862236,0.04921258944135217,0.5163837234978401,-0.06862920900272683,0.055106818191075504,0.9959579899990099,-0.01791514492400537
1742955491.6246457,0.5991416224677104,0.04912506862755379,0.5171332170713351,-0.06907376114272727,0.055168821209340864,0.9959220011334583,-0.018016224529497776
1742955491.6299112,0.5986906863433221,0.04903748422212283,0.5178711984146618,-0.0695066024711584,0.05523123560858135,0.99588660249491,-0.0181167821980341
1742955491.6346257,0.5982384037755316,0.048948227664394474,0.5186189532500853,-0.06993374378956554,0.05529618316540937,0.9958512744358531,-0.01821655322502687
1742955491.639844,0.5977952247523752,0.04886042083630798,0.5193642104700342,-0.07033246195392187,0.05536042292678675,0.9958178807267818,-0.018311657316816127
1742955491.6446214,0.5973513088972672,0.048770781792181875,0.5201039904436829,-0.07072784773265618,0.05542665558814749,0.9957844241977651,-0.018407550911093726
1742955491.6499395,0.5969098159755545,0.04867924184077251,0.5208370036927181,-0.07112494688763905,0.05549550997937992,0.9957505092684433,-0.018504420931086087
1742955491.6545396,0.5964724108377168,0.048587527088319586,0.5215485401980523,-0.07152191121213307,0.05556516845395508,0.9957163842090963,-0.018601357176585724
1742955491.6595852,0.5960279258085232,0.04849699391415107,0.5222694181270647,-0.07191321085228665,0.05563467208791308,0.9956825310469434,-0.0186968108119475
1742955491.664888,0.5955901990383389,0.04840761451082659,0.5229931582466353,-0.07228658523821768,0.055706409588076135,0.9956497474267038,-0.018788985458093307
1742955491.669582,0.5951476475418418,0.04831772425353732,0.5237237943690135,-0.07265901245895434,0.05578187342186844,0.9956166639340213,-0.018881445996702228
1742955491.6749265,0.5947111780589754,0.04822938867113721,0.5244438424776057,-0.07301714122856086,0.05586099121692175,0.9955843240648051,-0.01897104170826071
1742955491.6796641,0.5942786532159389,0.0481406991869362,0.525138551337261,-0.07339220640341432,0.05594630837874097,0.995550189898978,-0.01906342073548698
1742955491.6848795,0.5938397749830501,0.04805250440997127,0.5258245907626548,-0.0737782509094164,0.05603601881428857,0.9955148018834915,-0.019157596902132715
1742955491.6895697,0.5934086991073383,0.047965782145185626,0.5265205690302895,-0.07412739557869653,0.05612869018344269,0.995481941486852,-0.019245870637058994
1742955491.6948912,0.5929747697142945,0.04787754189239574,0.5272267290836121,-0.07448281104039571,0.05622562188309392,0.9954482082455469,-0.019335330462919204
1742955491.6996615,0.5925493053673276,0.04778844209211217,0.5279242027266342,-0.07480463720284664,0.05632842076846628,0.9954165920611545,-0.01942121304240272
1742955491.7045918,0.5921228848488376,0.047696137644208984,0.5286084646149084,-0.07515525162713625,0.05643996585451559,0.9953820668609593,-0.01951305662390278
1742955491.710061,0.5917003257168527,0.04760404123903339,0.5292724679658287,-0.07550368335040121,0.056558816085393544,0.995347137792895,-0.019605341390363958
1742955491.7145834,0.5912744038014001,0.0475107574070483,0.529945288584863,-0.07584311061069221,0.056675942617128605,0.9953128623648332,-0.019696855395642716
1742955491.7199202,0.5908541016597794,0.04741789312237169,0.5306203351751306,-0.07618075355000421,0.05678711329596928,0.9952789508034078,-0.019787032110250957
1742955491.724599,0.5904331557879174,0.047325527911479655,0.5312905094512952,-0.07650772419868802,0.056895195158940336,0.9952459425027028,-0.019875080821730597
1742955491.7299995,0.5900105274793745,0.04723309355836926,0.5319558388672525,-0.07685217166967695,0.05700534676338012,0.9952112853971041,-0.01996575989751233
1742955491.7345881,0.5895959149061756,0.04714087198705472,0.5326094611517213,-0.07717482324943116,0.05712435881315317,0.995177721225858,-0.02005386402451326
1742955491.7399049,0.5891717628195271,0.04704911602727006,0.5332530654090472,-0.07753786832662116,0.05724677276784863,0.9951405732962036,-0.02014758950180394
1742955491.7445288,0.5887536667397052,0.04695912478344495,0.5339055076935976,-0.07785941053307745,0.05738343221436776,0.9951058104443689,-0.02023561016121457
1742955491.7496607,0.5883324301393157,0.046868142536332785,0.5345607947529402,-0.07819885549181618,0.05753096474895576,0.9950688049529839,-0.02032733391925959
1742955491.7548857,0.5879116607874804,0.046776962729342925,0.5352231621231793,-0.07851004485777784,0.057679436217426085,0.9950339095644352,-0.020415051089457553
1742955491.7596014,0.5874945727655096,0.046688726532232605,0.5358779170598253,-0.07883614247866855,0.057824302327555935,0.9949979036869876,-0.020503276760425907
1742955491.764907,0.5870814714155259,0.046601034040347454,0.5365130697820255,-0.07916194267740403,0.05796889005073628,0.9949618081800071,-0.020591135981188058
1742955491.769591,0.5866638182171555,0.046513560525211134,0.5371397977683134,-0.07950666658530098,0.058110382820110766,0.9949242111094245,-0.020680607468914723
1742955491.774877,0.5862499296771079,0.046424373683067906,0.5377763217124999,-0.07983872931101714,0.058250236149513766,0.9948875929585485,-0.02076932034694108
1742955491.7797048,0.5858378684687864,0.04633559017136433,0.5384268400340804,-0.08014453891459751,0.05838870403122565,0.9948531144675209,-0.02085408252583861
1742955491.7848837,0.5854234816878984,0.04624847259355037,0.5390787158665302,-0.08047116747372593,0.058519092204411635,0.9948172771038458,-0.020940206032350025
1742955491.7895906,0.5850173235098536,0.04616440842850907,0.5397256886518085,-0.08076398187957436,0.058647442477348384,0.9947843078772571,-0.021019931564788194
1742955491.7945988,0.5846090885042236,0.04608286318651195,0.5403594698327281,-0.08109293627718482,0.058766145373302534,0.9947487974716344,-0.021102269371938296
1742955491.7999737,0.5842034019015598,0.046003546783712615,0.5409917951357313,-0.08140329448978219,0.058872073837800395,0.9947155303007239,-0.021180093172507006
1742955491.804596,0.5837956685062551,0.045926209872758895,0.5416401473520214,-0.08170528823774444,0.05896932449242712,0.994683411510255,-0.021255011390609053
1742955491.809969,0.5833906953495103,0.0458505684206301,0.5422934683105349,-0.08200351439660392,0.05906295718085011,0.9946517356464574,-0.02132874799769084
1742955491.8147175,0.5829854188204513,0.04577872174843003,0.5429492763780768,-0.0822904869858424,0.059150131745745634,0.9946213560654541,-0.02139849818587726
1742955491.8198593,0.5825796565735667,0.04570632369015436,0.5436057430560045,-0.08259350355523795,0.05923364375590176,0.9945897241118273,-0.02147019583117701
1742955491.824665,0.5821792468699772,0.045635998786961035,0.5442555632375882,-0.08287586847966207,0.0593155837898395,0.9945599101632739,-0.021536876269154823
1742955491.8301053,0.5817736579729815,0.045566391237467134,0.5449008974527128,-0.08319377570096471,0.05939790216995083,0.9945268908382879,-0.021608986601749928
1742955491.8349092,0.5813742156706015,0.04549699376994547,0.5455604209716944,-0.08346481726288116,0.05948497993764646,0.9944975413439499,-0.021674909502244998
1742955491.839649,0.5809691374134907,0.045426931794495765,0.5462243233729352,-0.0837681218766164,0.05957858545437631,0.9944648780463189,-0.021746269676432353
1742955491.8449244,0.5805653759149424,0.04535904437141836,0.5468934680962753,-0.08404243736879591,0.05967866469237455,0.9944342688860641,-0.021813082466408895
1742955491.8497252,0.5801640756679951,0.04529291431931475,0.5475562690710563,-0.08433359197888268,0.05978123188258935,0.9944019444823362,-0.021882010608905624
1742955491.854944,0.5797662414271508,0.0452280623587663,0.5481990824888413,-0.08462791925397166,0.059882897940951745,0.9943693118423937,-0.021950523524991127
1742955491.8596604,0.5793673108704284,0.045162701242722994,0.5488333796014349,-0.08495204736811478,0.05997980219377738,0.9943342418135089,-0.022022455219961726
1742955491.864964,0.5789712511137103,0.04510037824198839,0.5494727704547789,-0.08524733429948492,0.06007287892252753,0.99430187915301,-0.022088782799972066
1742955491.8697,0.5785693887918878,0.04503725948078373,0.5501253736769537,-0.08555969639852011,0.060161624886052,0.9942681559508092,-0.0221574210015615
1742955491.874909,0.5781729002597145,0.04497600703953529,0.5507730342070445,-0.08584775604206434,0.06024529749884915,0.9942368201726308,-0.022221888417352176
1742955491.8797066,0.5777680632733906,0.04491339360359776,0.5514203526896109,-0.08617297304822684,0.060325279961714696,0.9942022752129503,-0.022291596509969258
1742955491.8846347,0.5773657182969932,0.04485173837945795,0.5520598202380078,-0.08648991695546475,0.06040392345170613,0.9941684597175596,-0.02235920391007499
1742955491.8900423,0.5769621559301141,0.04478999984988262,0.5526881999393155,-0.08682931363603309,0.06047850642164677,0.9941327548153381,-0.02242958666068571
1742955491.8946328,0.5765490402118244,0.04472696520470381,0.5533291300273723,-0.08717854174046685,0.06054651515144589,0.9940964364134516,-0.022501032711807176
1742955491.8998513,0.5761382522954447,0.04466349613185956,0.5539813210528154,-0.08750813475178222,0.06060952270686841,0.9940620833498731,-0.022569593607758454
1742955491.9045825,0.5757219459629724,0.044601729198201545,0.554629578765946,-0.08786113312156284,0.06066488499815113,0.9940259752522757,-0.022639645282525496
1742955491.9099636,0.5753038187142799,0.04454397185682672,0.5552785168944646,-0.08821019297866155,0.06071326324656552,0.993990569698332,-0.02270702251300373
1742955491.9145713,0.5748866556659252,0.044488027405863835,0.5559251644892128,-0.0885624035515542,0.06075883785340311,0.9939549400926883,-0.0227736989796563
1742955491.9198794,0.5744653101655582,0.04443393515372049,0.5565651473227653,-0.08892992345276052,0.060801561016046335,0.9939179593212425,-0.022841388561011727
1742955491.9245753,0.5740453377150204,0.04438578360385523,0.5572037576604872,-0.08928830998593763,0.06083805186459586,0.993882133117844,-0.022904903717327667
1742955491.9295597,0.5736222604139334,0.044338787205880345,0.5578583153304677,-0.08964727323501102,0.060872987365544654,0.9938462293218248,-0.022967765966946007
1742955491.9348474,0.5732072546682964,0.04429609355779743,0.5585046655649935,-0.08997897953796288,0.06090373177218665,0.993813066511802,-0.023024064105565182
1742955491.9396431,0.5727844012134693,0.04425444171099748,0.5591635356558239,-0.09032664238296842,0.060931160949200085,0.9937784976502657,-0.0230822206293695
1742955491.9445705,0.572378256601816,0.04421731262719629,0.559809178969565,-0.09063990438195361,0.060954243791556,0.993747358823171,-0.023133843809487097
1742955491.9496434,0.5719708349378971,0.04418292415795611,0.5604371792486521,-0.09097635061711605,0.060971992166747306,0.9937142788716794,-0.023187319080653607
1742955491.9546456,0.5715648730844187,0.04415058040363986,0.5610585370507095,-0.09130975177919069,0.060985155219665875,0.9936816881591585,-0.023238818602089605
1742955491.959713,0.57116454831677,0.04412014842709455,0.5616946663702274,-0.09160349611268795,0.06099624948902377,0.9936529108772452,-0.023284109460810533
1742955491.9645786,0.5707650599880603,0.04409081803213494,0.5623407674896151,-0.09187972270962487,0.06100609441057515,0.9936258293964818,-0.023325611583066796
1742955491.9697495,0.5703720678162486,0.04406468296854052,0.5629846545462748,-0.09213684430912542,0.06101320938465557,0.9936007069808249,-0.02336290411196861
1742955491.9746177,0.569983169592104,0.04403655834819622,0.5636228627269518,-0.09238562689625417,0.06102211786139026,0.9935761642075541,-0.023400918642231355
1742955491.9796846,0.5695988843585191,0.04400999208197152,0.564253533933156,-0.09261619014914932,0.06103054571223636,0.9935533959701761,-0.023434230698996503
1742955491.9846454,0.5692185567573856,0.0439876681248918,0.564875030468575,-0.09285034317812974,0.06103429976824919,0.9935305293704544,-0.02346732265018418
1742955491.989575,0.5688409030005586,0.043966593211727543,0.5655025690431802,-0.09305260462006305,0.06103718092562008,0.9935108150707079,-0.023493310869544936
1742955491.9947307,0.5684662249913356,0.04394593487820731,0.5661388082806327,-0.09324492287573313,0.06103935903101812,0.9934920776335571,-0.023517497450610384
1742955491.9995902,0.568098777807158,0.04392723490649193,0.5667669436689469,-0.0934144902657532,0.061040089808604696,0.9934756370980047,-0.023537182016134275
1742955492.0045474,0.5677311344455621,0.043912228498349776,0.5673931329720023,-0.09359055679210003,0.061036605524870044,0.9934588353990469,-0.02355595111464846
1742955492.0095406,0.5673736849230095,0.043898028335802544,0.5680097344268789,-0.09374591006116655,0.06103337689619289,0.9934440141473195,-0.023571635630802633
1742955492.0145733,0.5670118858848828,0.043883995486662074,0.5686201372118229,-0.09392094821024774,0.061029641776922834,0.9934272910563167,-0.023589313181544287
1742955492.019657,0.5666610105551876,0.04387530622096502,0.5692194831340411,-0.09407589700505262,0.06102261640004115,0.9934128155623705,-0.02359965607444008
1742955492.024637,0.5663066646373525,0.04386800364425308,0.5698285895037628,-0.09423337277782368,0.06101365358513134,0.9933982030270926,-0.023609653823227852
1742955492.0297763,0.5659599773076637,0.04386493642653058,0.5704362853637704,-0.09436761786133151,0.06100100784325382,0.9933861298234115,-0.023614123226352188
1742955492.0345988,0.5656135113593312,0.043864572804706375,0.5710461272621177,-0.09450151320923497,0.06098555094465597,0.9933742768932734,-0.023617209486045804
1742955492.0396059,0.56527058216741,0.04386960740514735,0.5716556083253937,-0.0946253585371352,0.060965567113899985,0.9933637514339289,-0.023615640692363715
1742955492.0447147,0.5649341460911292,0.043881876282638746,0.5722562880882297,-0.09474257545865772,0.060939267816112426,0.9933543474152134,-0.02360911910241947
1742955492.0496078,0.5645999752425931,0.04389910737965788,0.5728466619445448,-0.09486283689890927,0.06090837546936366,0.9933450177458544,-0.023598468015150992
1742955492.0546458,0.5642702352253582,0.04392163325529916,0.5734285896270394,-0.09498153075394612,0.06087218250754896,0.993336221881314,-0.023584666861370042
1742955492.059679,0.5639422127985193,0.043945818744971415,0.5740246225368857,-0.09507755277936483,0.060834054173342623,0.9933298132216755,-0.023566055573924074
1742955492.0646763,0.5636179295229431,0.04397632813342737,0.5746262827343195,-0.09514908734593142,0.060790138529524224,0.9933263019967871,-0.023538648988110342
1742955492.0695972,0.5632974464423202,0.04400816304203479,0.5752381481485251,-0.09520239874673268,0.06074528242847216,0.9933247025206378,-0.02350636717657021
1742955492.0747395,0.5629874297585251,0.044042133221451334,0.5758361622075427,-0.09524286641709089,0.06069905008749472,0.993324530106914,-0.02346912020103146
1742955492.0796068,0.5626741566095581,0.044077321255179554,0.5764339850532723,-0.095283615784927,0.06065277382086796,0.9933244007555274,-0.02342879541199921
1742955492.0847087,0.5623746963108833,0.04411447075749661,0.5770242981009113,-0.0953017767686507,0.06060697512566458,0.9933265616654945,-0.023381783521834922
1742955492.089671,0.5620799245922509,0.044152633037838854,0.577605520088166,-0.09531316934828664,0.06056079345377619,0.9933294871659256,-0.02333066590805093
1742955492.0946975,0.5617852356787797,0.044189741851301784,0.5781956868987516,-0.09531007996633314,0.06051543576453502,0.9933338163279664,-0.023276598341634498
1742955492.0997186,0.5615014855685917,0.04422764319496585,0.5787932909780193,-0.0952691113669969,0.06047064431146056,0.9933419234854364,-0.023214664377352576
1742955492.1046362,0.5612199074597489,0.04426433433924532,0.5793904057912076,-0.09522679079775612,0.06042704540795747,0.9933501441599646,-0.023149980453611368
1742955492.1095676,0.5609467755418728,0.044303744846468145,0.5799837370212405,-0.09516607645794405,0.06038259074485858,0.9933603198146903,-0.02307890041132548
1742955492.1146047,0.5606827619391472,0.0443458333629425,0.5805733915937938,-0.09508292338159466,0.06033736459277905,0.9933728087306196,-0.023002238800771988
1742955492.1195972,0.5604184692239488,0.04439200945323872,0.5811643449458728,-0.09499747023854614,0.0602885818705002,0.9933857671617177,-0.022923462758627732
1742955492.124627,0.5601616714308076,0.0444411488684256,0.5817599836568295,-0.09489116449919419,0.06023915393311936,0.9934008597581732,-0.02283950667442739
1742955492.1296077,0.5599124887797834,0.04449353556635474,0.5823415572251415,-0.09477684000736324,0.060189574121515294,0.9934168473612934,-0.022749354804873397
1742955492.1346462,0.559660752201076,0.0445465259846278,0.5829411440325897,-0.09463591871782792,0.060141683899156376,0.9934353569294623,-0.02265419053152316
1742955492.139589,0.5594173578103968,0.04460209483046607,0.583547452168661,-0.09446943036529953,0.06009602372224816,0.9934562991319491,-0.022551637951203362
1742955492.1445582,0.559177748199087,0.044656666352858664,0.584157377726103,-0.09429302093462445,0.06005484950459725,0.993477871040574,-0.022449075853837496
1742955492.1495776,0.5589419610287043,0.04471412771503012,0.5847789349753323,-0.09407924564443819,0.06001572943324304,0.9935030598810111,-0.02233557177771304
1742955492.1547275,0.5587173243489821,0.04477155648134156,0.5854049019212414,-0.0938450567108445,0.05998115888399525,0.9935299360752057,-0.02221783140338303
1742955492.159649,0.558500208873753,0.04483097250463696,0.5860319256103135,-0.09357973064426607,0.059951824132349854,0.9935595509923609,-0.022091433353421168
1742955492.1645963,0.5582915307796703,0.04489251941012879,0.586645166016208,-0.09331670692704412,0.05992249631074337,0.9935889267405403,-0.021962042317654244
1742955492.1697335,0.5580878151018445,0.04495677996357579,0.5872620163834521,-0.09302795235992412,0.05989294022216854,0.993620838279112,-0.021823508626671376
1742955492.1746187,0.557889255241258,0.04502805536501857,0.5878990244302065,-0.09269568589008492,0.059862806477816034,0.9936570518013674,-0.021670662735157734
1742955492.179649,0.5577003642815729,0.04510500846122678,0.5885506847801195,-0.09232372045297968,0.059832811235532815,0.9936970230119507,-0.021507947334878815
1742955492.1846187,0.5575170822959468,0.045186330366361056,0.5892162751204939,-0.09192528265337685,0.05980401699674288,0.9937393556343027,-0.021338111998744413
1742955492.189589,0.5573425670594304,0.04527403203871612,0.5898710447544969,-0.09150953171086323,0.05977780370111068,0.9937831607469512,-0.021157722148887996
1742955492.1946337,0.557170111159174,0.045366513528955106,0.5905262486443469,-0.0910748657529318,0.05975877409123574,0.9938282615479981,-0.020967696480108815
1742955492.1996648,0.5570079095184327,0.04546108969046616,0.5911922080607845,-0.09060428567787904,0.059750082349231605,0.9938759837770383,-0.02076824372174344
1742955492.204545,0.5568465094167929,0.04555378531103263,0.5918642461810851,-0.0901362923745575,0.05974725808847266,0.9939228917977233,-0.020566942123928855
1742955492.2096188,0.5566853708623263,0.045647535296939025,0.5925496696441327,-0.08964920720532031,0.05974143526096271,0.9939716223901743,-0.020356680560996546
1742955492.2145593,0.5565285115720662,0.045742791419721276,0.593244987385012,-0.08913669014109718,0.05973344968748712,0.9940227160691597,-0.020134681462921532
1742955492.2196133,0.5563787371690322,0.045842026015986026,0.593946069024068,-0.08859793582758296,0.05971931683481684,0.9940764834166052,-0.019898594974276995
1742955492.2245967,0.5562360482501081,0.04594284206039976,0.5946482209292614,-0.08804451539898926,0.059703014926126875,0.9941313905680031,-0.01965938972135955
1742955492.2296648,0.5560954868222795,0.0460422345403523,0.5953513530952453,-0.08748149055524727,0.05968354267654984,0.9941868653406227,-0.019425249753743642
1742955492.234592,0.5559535461752136,0.04614642556654867,0.5960516792102893,-0.08693065026817619,0.05964671384292096,0.9942419054260325,-0.019192838938129
1742955492.2397482,0.5558139847920203,0.046253784012176745,0.5967577703695798,-0.08637534587006813,0.059597743348236226,0.9942977000050913,-0.018960284233345982
1742955492.2446773,0.5556822903020078,0.04636236516007797,0.5974596447450644,-0.08581257867217623,0.0595458109466555,0.9943540338836037,-0.01872306170854467
1742955492.2496197,0.5555566674979883,0.04647245835420658,0.5981528334219565,-0.08524297425350716,0.05949303455365593,0.994410755225966,-0.018478746465533328
1742955492.2547362,0.5554276472038016,0.04658354212921948,0.5988610471711624,-0.08465908122162676,0.05943801428335111,0.9944685938548439,-0.018225758177148586
1742955492.2596583,0.5553062147328487,0.04669128395451572,0.599573416187235,-0.08406388015899892,0.059394409106007975,0.9945263397916934,-0.017970188649508632
1742955492.2646923,0.5551850963367418,0.04679407455151137,0.6002821341192806,-0.08348103570460999,0.059360546301869675,0.994581969258502,-0.017718596059214296
1742955492.2696364,0.5550588472412503,0.04689606485170997,0.6010022605323668,-0.08289925841960198,0.059333835035603764,0.9946366792509912,-0.01746669007021004
1742955492.2746282,0.5549298832398515,0.04699874184512312,0.6017142653069855,-0.08235201306193282,0.05931171861166171,0.9946878005621584,-0.017217589633688753
1742955492.2796009,0.554795176892713,0.04710689989582274,0.6024276794507689,-0.08182144738466016,0.05929475186946868,0.9947369189963948,-0.0169659993568742
1742955492.2847314,0.5546638979657484,0.04722281614754433,0.6031489728770865,-0.08128104304699503,0.05928794651911961,0.9947859569321437,-0.01671021631630727
1742955492.2897592,0.5545266601916601,0.04734255496394947,0.6038501754858605,-0.08077611924112629,0.05928815874191654,0.9948311781046567,-0.01646389577948008
1742955492.2947211,0.5543761080021411,0.0474668965883978,0.6045682320132302,-0.0802829083785065,0.059284767171580086,0.9948751932782024,-0.016227162517192625
1742955492.2996898,0.5542261399736669,0.047592142840073785,0.6053125233584271,-0.0797720757952827,0.05928127085987359,0.994920284257881,-0.01599296160087519
1742955492.3047583,0.5540695650392645,0.04771792282841484,0.6060568079079621,-0.07927787699460703,0.0592777467615424,0.9949637372777338,-0.015758440926281394
1742955492.3096852,0.5539109546512969,0.04783941349567773,0.606802056046644,-0.07878537968032683,0.05927666188120423,0.995006677389267,-0.015519447658325731
1742955492.3145773,0.5537530170856104,0.04795823537766774,0.6075470410788832,-0.0783033736934245,0.059277088615985615,0.9950484528351734,-0.015276941571142871
1742955492.3196218,0.5535818436835493,0.04807492652087838,0.6082922964673612,-0.07785418824954511,0.05928377675635974,0.9950869204809752,-0.015039277681981112
1742955492.324738,0.5534163257589413,0.04818925092009576,0.6090426810759004,-0.07739108603198877,0.059292633650934644,0.9951261076268652,-0.014799774218890378
1742955492.32975,0.5532480186035023,0.04830622924837993,0.6097880390994707,-0.07694536139085192,0.05930110696354476,0.9951636964852881,-0.014560469465883033
1742955492.334699,0.5530714500488099,0.048427847880807,0.6105266876138375,-0.07652440036045118,0.05931509051380654,0.995198735925449,-0.01432522946415138
1742955492.3396401,0.5529006783861047,0.0485516336242424,0.6112780336696213,-0.07607893088692168,0.059334215446410724,0.9952350933930157,-0.014090991145313625
1742955492.3446853,0.5527249446996781,0.048677920898061965,0.6120385005685519,-0.075628075152877,0.059353705942199304,0.9952715325722321,-0.013860313521637541
1742955492.349977,0.5525457828969804,0.04879987593544935,0.6127877011647798,-0.0752029400796991,0.05937508847683612,0.9953054978168476,-0.013641212823435892
1742955492.3546166,0.5523718406308602,0.04891478709305035,0.6135320664288564,-0.07477395987817555,0.05939939671791078,0.9953392393018031,-0.013430014884326881
1742955492.3599002,0.5521919218361435,0.04902332259247288,0.6142731350985203,-0.07435353709206459,0.059431085353358476,0.995371570416128,-0.013226277743639853
1742955492.364573,0.5520124537963922,0.049129332560794756,0.6150099226403029,-0.07394099811896421,0.05946484405046748,0.9954029580155994,-0.01302352843970701
1742955492.3701506,0.5518355266089618,0.049230632798991085,0.6157424340753627,-0.0735155892991918,0.05950460416468566,0.9954347549568958,-0.012818300866393724
1742955492.3748047,0.5516585564509517,0.049327755951681505,0.6164712073234445,-0.07309510673098209,0.0595575311568919,0.9954651654684753,-0.012613888904828814
1742955492.3799257,0.5514817220198447,0.049425254059555494,0.6171917681718541,-0.07268567014587729,0.059620976847160126,0.9954938599807877,-0.012413992741547643
1742955492.3849413,0.5512990108116985,0.04952447781185247,0.6179196561826487,-0.07226386333320972,0.05967647830214114,0.9955236991971299,-0.01221541364325548
1742955492.3895912,0.5511160709634207,0.04962536533020969,0.6186498608597861,-0.07183598156938509,0.059727773190988,0.9955539459538462,-0.012021878278183585
1742955492.3950064,0.5509334674456354,0.049727669899814295,0.6193715905686917,-0.07141651504335696,0.05977352772649486,0.99558362635434,-0.011834259475523183
1742955492.399572,0.5507510601434988,0.04982828089945295,0.620085759663348,-0.07098892618307803,0.05981682243994293,0.9956137359831477,-0.011653704743168992
1742955492.404924,0.5505729253500448,0.0499238016858807,0.6207929003540182,-0.07056078654898199,0.05985928147321957,0.9956435941211811,-0.011483697512379126
1742955492.4095953,0.5503884502829115,0.05000738213837699,0.6214895752669217,-0.07015742326205755,0.05991697733755346,0.9956703908536199,-0.011329808707985087
1742955492.414654,0.5502074772851216,0.0500799506077888,0.6221725224069343,-0.0697561164941192,0.05999134753762418,0.9956957205043737,-0.01118725174272111
1742955492.4195683,0.5500385752898668,0.05014720424264453,0.622840695418123,-0.06934450377798639,0.06007252522237794,0.9957210840999848,-0.011052338573465884
1742955492.424671,0.5498600205434292,0.05021127150302746,0.6235078563689881,-0.06894850560825247,0.06016031436571436,0.9957446736958132,-0.01092634230773277
1742955492.4299579,0.5496823081244024,0.05027144411529967,0.624166215642862,-0.06854867865671285,0.060248440510259745,0.9957682219193018,-0.010809823595809627
1742955492.4345887,0.5495107953975968,0.050335019475277167,0.6248226008191051,-0.06813168818068638,0.06032556940027864,0.9957934204232947,-0.010694044317167323
1742955492.4398916,0.5493368444706082,0.05040153919913381,0.6254854062096635,-0.06770344233451055,0.06039258596585492,0.9958197711346858,-0.010581251044967812
1742955492.444665,0.5491624247239161,0.05046453288341808,0.6261274631547494,-0.06730107901066067,0.06046404365312479,0.9958437774257125,-0.010480226696114783
1742955492.4499485,0.5489878750586736,0.05052645628566969,0.6267511275923692,-0.06691166515429904,0.06054374138320445,0.9958661648790936,-0.010385860321060177
1742955492.4546275,0.5488148664635912,0.05058672336587612,0.6273834749074251,-0.0664955553440975,0.06062642979279177,0.9958899763114096,-0.01029233756344029
1742955492.4598763,0.5486465042652766,0.05064461744009365,0.6280058208042489,-0.0660767754784642,0.06071530614594388,0.9959133635228095,-0.010202141866165405
1742955492.4648948,0.5484751819774892,0.05069516160101999,0.6286074225185335,-0.06568465334852841,0.06080622235286154,0.995934599779396,-0.010119416974922846
1742955492.4698107,0.5483082441493329,0.05073843699556511,0.6292056912946881,-0.06528097905685788,0.06089514184262722,0.9959565167027774,-0.010039537370559919
1742955492.4749506,0.5481474712838396,0.05077631863048994,0.6298070322469903,-0.06484742842513531,0.06097919887022024,0.995980501729524,-0.009959342669005031
1742955492.4796636,0.5479811396854513,0.05081157603811208,0.6304029787272507,-0.06441806706628105,0.0610622437054128,0.9960040480622144,-0.009881865855548878
1742955492.484946,0.5478193259971038,0.050847058244567866,0.6309901906773833,-0.0639893267822064,0.06114759101314619,0.9960271788377124,-0.009808016508794008
1742955492.4897478,0.5476623255060712,0.05088479356277713,0.6315631959950404,-0.06356908025369613,0.06124158804223595,0.9960489931882588,-0.009738742137478724
1742955492.4948764,0.5475047339109657,0.050924415193542766,0.6321205959712536,-0.06316193663177866,0.061341280546651514,0.9960694018822209,-0.009672832874339652
1742955492.4996047,0.5473479856910376,0.05096469271404041,0.6326703925757591,-0.0627464220249674,0.061440706530705894,0.9960901546512256,-0.00960884545457026
1742955492.504655,0.547196249052057,0.05100645175608633,0.6332127387919103,-0.06232181700060181,0.06152960244523831,0.9961119416591739,-0.009544570847603066
1742955492.5095491,0.547047766233439,0.051045642219763286,0.6337450416114153,-0.061896219079536414,0.06160845511145486,0.9961342172348625,-0.009480378490638444
1742955492.5146265,0.5469002261449692,0.05108199112651833,0.6342646770505495,-0.06148047904752177,0.06168558496066495,0.9961557690481879,-0.009419293824978938
1742955492.5198748,0.5467562445716432,0.05111531572277669,0.6347606791246909,-0.061089043484746294,0.061755976930581706,0.996176039567619,-0.009360890494065596
1742955492.5245814,0.5466119999539327,0.05114432360106443,0.6352531718013216,-0.06069682545764657,0.0618342578653109,0.9961956985376857,-0.009303233234883832
1742955492.5299783,0.546464158408433,0.05116918134280113,0.6357517603855376,-0.06029053391240098,0.06192960973526081,0.9962149822035441,-0.009245766154749605
1742955492.534585,0.5463185089910343,0.05119111577945505,0.6362453169371948,-0.05987609334278856,0.06202941436675781,0.9962343014996683,-0.009188129014698582
1742955492.5399349,0.5461818735206936,0.051212778624047064,0.6367178779831147,-0.05946553554394193,0.06212716941600262,0.9962533313538239,-0.009130425468482486
1742955492.5445728,0.5460469818517003,0.051234619783588835,0.6371752159716935,-0.05906154361951913,0.062219210388550224,0.996272139316501,-0.009073496879773567
1742955492.5497518,0.5459084594263328,0.051255770714817635,0.6376259686052896,-0.058661455624411114,0.06229985603417094,0.9962912473481568,-0.009017317760877839
1742955492.554581,0.5457741156237086,0.05127539183237833,0.6380686501979865,-0.05825823433465102,0.062381974703755026,0.9963102749462412,-0.008961216480707652
1742955492.559709,0.5456441121552986,0.05129283668007096,0.6385001298192085,-0.057858930211373866,0.06245821254815252,0.9963292640311773,-0.008905813560693003
1742955492.5649319,0.5455137717818199,0.051307751787611586,0.6389236962535839,-0.05746488157896969,0.06253285024655283,0.9963478665528511,-0.00885205291100723
1742955492.569746,0.5453865845137091,0.05131858880170325,0.6393273863096013,-0.05708714615319885,0.0626162542085402,0.9963647842427602,-0.008802225505672764
1742955492.57488,0.5452646268722198,0.051325910818990815,0.6397057771388135,-0.05673456612669758,0.06272225066609356,0.9963786471424666,-0.008757841991218138
1742955492.5795646,0.5451421729620256,0.0513319936225128,0.6400758504688784,-0.056390279017351545,0.06284132233181558,0.996391066653243,-0.008714753785783938
1742955492.5848773,0.5450164408555797,0.05133597877904455,0.6404490764044664,-0.05604000952552693,0.06295893613328989,0.9964037958526192,-0.008669792606245664
1742955492.5896585,0.5448942609338693,0.051337574275689545,0.640816341318939,-0.05568844597420724,0.06307614444732909,0.9964164829541587,-0.008624933849150038
1742955492.5949266,0.5447749938209617,0.05133759472258581,0.6411645306365735,-0.0553541609549047,0.0631894213923807,0.9964282931128149,-0.008583156374960222
1742955492.5996187,0.5446576578918173,0.05133720221408006,0.6414993621646919,-0.05503142434642987,0.06329263403440752,0.9964399675292446,-0.00854259455364292
1742955492.6046512,0.5445388243181585,0.05133631123101311,0.6418325198252527,-0.05470969914100092,0.06338919186994904,0.9964518984958841,-0.008501362121710284
1742955492.6099637,0.5444248967967654,0.05133607594117392,0.6421481208898638,-0.054400938764229544,0.06347939719315943,0.9964634020427154,-0.008461228221793965
1742955492.6146252,0.5443101269288319,0.05133542360795984,0.6424514876209014,-0.054106708626617483,0.06357521302128667,0.9964736304528855,-0.008423786733923029
1742955492.6198962,0.5441957316024577,0.05133331110797018,0.6427496237296445,-0.053817386775624296,0.06367939921801183,0.9964829439241543,-0.00838841249145071
1742955492.6245756,0.5440786855462284,0.05132917318368402,0.6430512998267769,-0.05352479037425334,0.06379858626142579,0.9964913686765788,-0.00835400260440113
1742955492.6299255,0.5439632530776605,0.05132477268204012,0.643348581199484,-0.053236388747680025,0.06391891882810115,0.9964993922071498,-0.008319859357803458
1742955492.6345642,0.5438519544490908,0.05131994359774612,0.6436234531548402,-0.052971658356150524,0.06403725434835232,0.9965061608083559,-0.008288844160372852
1742955492.6399581,0.543741841667316,0.0513133930489196,0.6438811876533366,-0.05272604817704243,0.06415682316338817,0.9965117266470191,-0.008261025371622013
1742955492.6445656,0.5436337884444999,0.05130473839862512,0.644131071568016,-0.052488419384153225,0.06426812486162721,0.9965173193005945,-0.008234457558361193
1742955492.6496031,0.5435239059712215,0.05129454147191764,0.6443823354903446,-0.05225002333958883,0.06437922413013537,0.9965228933953438,-0.008208136230993299
1742955492.6548922,0.54341426387073,0.05128370846252943,0.6446347439881085,-0.05201009402621398,0.06449011014036465,0.9965284919455173,-0.008181720739623047
1742955492.6596518,0.5433083281124443,0.05127141244905348,0.6448759110579657,-0.05178120080892486,0.06460564767876857,0.9965331247988772,-0.008157739232052747
1742955492.6648948,0.543202337473927,0.05125855540832643,0.6451073758218003,-0.05156336028437653,0.06472423858823388,0.9965369035616641,-0.008135886865454339
1742955492.6696658,0.5431004343860434,0.05124473828999832,0.6453251050965132,-0.05135919274946613,0.06485799963285833,0.9965389036562493,-0.008117062482705027
1742955492.674884,0.543000158859828,0.05122899614550084,0.6455307144384933,-0.05116796444058484,0.06500120878144457,0.9965395366769364,-0.008101488238282401
1742955492.6796114,0.5429003697478405,0.051211861767391724,0.6457309821340596,-0.050982754373459546,0.0651405333049365,0.9965400483837084,-0.008087128330885944
1742955492.6848965,0.5428030862828783,0.051192759912167464,0.6459247256097334,-0.05080365406594989,0.06527868271797624,0.9965402599350942,-0.00807419622302765
1742955492.689632,0.5427071128428499,0.051172059612585426,0.6461128892602135,-0.05063040806159671,0.06540805519227175,0.9965406895959544,-0.008062386439547943
1742955492.694652,0.5426098608351269,0.0511497863596222,0.6463025887914124,-0.05045592846683681,0.06553016822390607,0.9965416106635021,-0.008050748492476698
1742955492.6999516,0.5425167271176917,0.05112720694732549,0.6464822226599889,-0.05029102938825316,0.0656549638534662,0.996541812150459,-0.008040815900713611
1742955492.7046525,0.5424274751979227,0.05110458001149698,0.6466548626726925,-0.050132279111370345,0.06577634680436621,0.9965418772104326,-0.00803204569698997
1742955492.71001,0.5423423358351135,0.05108142362830931,0.6468202097918049,-0.049979922749499806,0.06589446126264861,0.9965417869136686,-0.00802460165814082
1742955492.7146292,0.5422590817969988,0.051055854495685594,0.6469820730718814,-0.04983071676996258,0.06601816568706603,0.9965411201753156,-0.00801855755320651
1742955492.719876,0.5421801468222897,0.05102870562570275,0.647136322476509,-0.04968781179165327,0.06615795414483806,0.9965390153699879,-0.008014818035479923
1742955492.7246377,0.5421031216759898,0.05099948303137832,0.6472872523374285,-0.049547938717521264,0.06630342884827171,0.9965363321065522,-0.008012233360711416
1742955492.7301016,0.5420274400532296,0.0509690236825764,0.6474354867757194,-0.04941050327866779,0.06645034810605316,0.996533385127578,-0.008010351334578397
1742955492.734585,0.5419555677207412,0.050937683861260505,0.6475768418618963,-0.049279219088728635,0.066589150227742,0.9965306280007072,-0.008009437837223361
1742955492.7396157,0.5418893112925617,0.050907565451100846,0.6477075827628525,-0.049157496892976486,0.06672397025205362,0.9965276213900819,-0.008009500586535906
1742955492.7448928,0.5418264253769425,0.05087574645043359,0.6478327699960634,-0.049040577624609394,0.06686192688422053,0.9965241264422942,-0.008010611586918905
1742955492.7495744,0.5417653684102235,0.05084310506263229,0.6479577874192386,-0.04892306073855527,0.0669998370928311,0.9965206319415862,-0.008011621074878315
1742955492.7549193,0.5417054430721222,0.05081048228106686,0.6480822737054102,-0.04880575975487742,0.06713624492126417,0.9965172003673891,-0.008011978816876672
1742955492.7595768,0.5416489114725788,0.05077737349496767,0.6481999239766064,-0.048694719514411504,0.06726832838144668,0.996513720570555,-0.008012552827200684
1742955492.7648966,0.5415939892897561,0.05074386836595656,0.6483121501222955,-0.04858935286589307,0.06739932478522727,0.996510004031817,-0.008013592894401012
1742955492.769688,0.5415396337032932,0.05071109171286158,0.6484217976831269,-0.04848668588777379,0.06753661678997265,0.996505698747952,-0.008014926514981294
1742955492.7749238,0.5414863408835929,0.05067913481114069,0.6485292087193352,-0.0483859912586995,0.06768132400493129,0.996500762151249,-0.008016561783727665
1742955492.779547,0.5414337301171686,0.05064885588321344,0.6486341968780716,-0.048287854934203386,0.06781781583785454,0.9964962352036382,-0.00801748999448315
1742955492.78459,0.5413833551936694,0.050619695173924235,0.6487337986585218,-0.0481949582537236,0.06795088968885098,0.9964916581818674,-0.008018588614459168
1742955492.7899802,0.5413375187555213,0.050591351521033376,0.6488251063572118,-0.048109597151108484,0.06807806140271684,0.9964870892939088,-0.008020292273926389
1742955492.7946446,0.5412957726949351,0.0505637050858286,0.6489127976035455,-0.04802643462037455,0.06820471699753024,0.9964824243781456,-0.0080222230332526
1742955492.800065,0.5412563789855919,0.05053746855836886,0.6489992282932556,-0.047943776158464485,0.06832519197430312,0.9964781433319035,-0.008023236949271213
1742955492.8046372,0.5412208456691973,0.05051104552001527,0.6490793000139633,-0.04786655317182554,0.06844327451842226,0.9964737355193656,-0.008025314992329374
